index,complexity,instruction,generated_query,syntax,jaccard,error
0,simple,How many items on Wikidata have a coordinate location?,"SELECT (COUNT(?item) AS ?count)
WHERE {
  ?item wdt:P625 ?coord .
}",False,0.0,
1,simple,List all subproperties related to location.,"SELECT ?subproperty ?subpropertyLabel WHERE {
  ?subproperty wdt:P1647 wd:P276.
  SERVICE wikibase:label { bd:serviceParam wikibase:language ""[AUTO_LANGUAGE],en"". }
}",True,0.3906,
2,simple,List all organisms named in honor of John Sibthorp.,"SELECT DISTINCT ?organism ?organismLabel WHERE {
  ?organism wdt:P138 wd:Q1707319 .
  SERVICE wikibase:label { bd:serviceParam wikibase:language ""en"". }
}",True,0.0,
3,simple,List politicians who have Mastodon accounts.,"SELECT ?person ?personLabel ?mastodon WHERE {
  ?person wdt:P31 wd:Q5;
          wdt:P106 wd:Q82955;
          wdt:P4033 ?mastodon.
  SERVICE wikibase:label { bd:serviceParam wikibase:language ""[AUTO_LANGUAGE],en"". }
}",True,0.6166,
4,simple,List all phrases that are known as catchphrases.,"SELECT ?phrase ?phraseLabel WHERE {
  ?phrase wdt:P31 wd:Q1126980 .
  SERVICE wikibase:label { bd:serviceParam wikibase:language ""en"". }
}",True,0.0,
5,simple,"List the children of Johann Sebastian Bach with his first wife, Maria Barbara Bach.","SELECT ?child ?childLabel WHERE {
  wd:Q1339 p:P40 ?childStatement .
  ?childStatement ps:P40 ?child ;
                  pq:P3373 wd:Q255144 .
  SERVICE wikibase:label { bd:serviceParam wikibase:language ""en"". }
}",True,0.0,
6,simple,List the Apple M series SoC models in chronological order of their announcement dates.,"SELECT ?soc ?socLabel ?announcementDate WHERE {
  ?soc wdt:P31 wd:Q7397;
       wdt:P361 wd:Q123889067;
       wdt:P577 ?announcementDate.
  SERVICE wikibase:label { bd:serviceParam wikibase:language ""en"". }
}
ORDER BY ?announcementDate",True,0.0,
7,simple,Show me a map of the hometowns of people with Mastodon profiles.,"SELECT DISTINCT ?person ?personLabel ?hometown ?hometownLabel ?coord WHERE {
  ?person wdt:P4033 ?mastodon;
          wdt:P551 ?hometown.
  ?hometown wdt:P625 ?coord.
  SERVICE wikibase:label { bd:serviceParam wikibase:language ""en"". }
}",True,0.0839,
8,simple,List all literary works and their descriptions.,"SELECT ?work ?workLabel ?workDescription WHERE {
  ?work wdt:P31/wdt:P279* wd:Q7725634 .
  SERVICE wikibase:label { bd:serviceParam wikibase:language ""en"". }
}",False,0.0,
9,simple,List botanists whose names start with the letter H.,"SELECT ?botanist ?botanistLabel WHERE {
  ?botanist wdt:P106 wd:Q2374149 .
  ?botanist rdfs:label ?botanistLabel .
  FILTER(LANG(?botanistLabel) = ""en"")
  FILTER(STRSTARTS(?botanistLabel, ""H""))
  SERVICE wikibase:label { bd:serviceParam wikibase:language ""en"". }
}",True,0.1175,
10,simple,List the oldest subway systems in the world.,"SELECT ?subwaySystem ?subwaySystemLabel ?inception WHERE {
  ?subwaySystem wdt:P31/wdt:P279* wd:Q849124;
                wdt:P571 ?inception.
  SERVICE wikibase:label { bd:serviceParam wikibase:language ""en"". }
}
ORDER BY ?inception",True,0.0,
11,simple,Find 3D models of items from specific collections.,"SELECT ?item ?itemLabel ?collection ?collectionLabel ?model WHERE {
  ?item wdt:P3634 ?model;
        wdt:P195 ?collection.
  SERVICE wikibase:label { bd:serviceParam wikibase:language ""en"". }
}
LIMIT 100",True,0.0,
12,simple,List all books on Bengali Wikisource that have been validated.,"SELECT DISTINCT ?book ?bookLabel WHERE {
  ?book wdt:P31 wd:Q7725634;
        wdt:P1957 wd:Q108763064.
  SERVICE wikibase:label { bd:serviceParam wikibase:language ""bn,en"". }
}",True,0.0,
13,simple,Show me all hackerspaces on a map.,"SELECT ?hackerspace ?hackerspaceLabel ?location WHERE {
  ?hackerspace wdt:P31 wd:Q16239032 ;
               wdt:P625 ?location .
  SERVICE wikibase:label { bd:serviceParam wikibase:language ""[AUTO_LANGUAGE],en"". }
}",True,0.0,
14,simple,List the top 20 humans with the highest recorded weight.,"SELECT ?person ?personLabel ?weight WHERE {
  ?person wdt:P31 wd:Q5;
          wdt:P2067 ?weight.
  SERVICE wikibase:label { bd:serviceParam wikibase:language ""en"". }
}
ORDER BY DESC(?weight)
LIMIT 20",False,0.0,
15,simple,Find authors with the full name 'Bill Thompson'.,"SELECT ?author ?authorLabel WHERE {
  ?author wdt:P31 wd:Q5;
          rdfs:label ""Bill Thompson""@en.
  SERVICE wikibase:label { bd:serviceParam wikibase:language ""en"". }
}",True,0.0,
16,simple,What species are commonly found at Fazenda Tamandua?,"SELECT DISTINCT ?species ?speciesLabel WHERE {
  wd:Q5439148 wdt:P168 ?species .
  SERVICE wikibase:label { bd:serviceParam wikibase:language ""en"". }
}",True,0.0,
17,simple,List all chemical elements along with their symbol and atomic number in ascending order of atomic number.,"SELECT ?element ?elementLabel ?symbol ?atomicNumber WHERE {
  ?element wdt:P31 wd:Q11344;
           wdt:P246 ?symbol;
           wdt:P1086 ?atomicNumber.
  SERVICE wikibase:label { bd:serviceParam wikibase:language ""en"". }
}
ORDER BY ASC(?atomicNumber)",True,1.0,
18,simple,List all CDLI item IDs along with their corresponding labels in every language.,"SELECT ?cdliItemID ?label WHERE {
  ?item wdt:P8814 ?cdliItemID .
  ?item rdfs:label ?label .
}",False,0.0,
19,simple,Find the Wikipathways citation corpus with corresponding IDs and references.,"SELECT ?corpus ?corpusLabel ?id ?reference WHERE {
  ?corpus wdt:P31 wd:Q90569589;
          wdt:P2480 ?id;
          wdt:P2860 ?reference.
  SERVICE wikibase:label { bd:serviceParam wikibase:language ""en"". }
}",True,1.0,
20,simple,Find paintings depicting the Pentecost theme.,"SELECT ?painting ?paintingLabel WHERE {
  ?painting wdt:P31 wd:Q3305213;
            wdt:P180 wd:Q1134334.
  SERVICE wikibase:label { bd:serviceParam wikibase:language ""en"". }
}",True,1.0,
21,simple,What are some common phrases related to Redewendung?,"SELECT DISTINCT ?phrase ?phraseLabel WHERE {
  wd:Q804416 wdt:P31/wdt:P279* ?class .
  ?phrase wdt:P31/wdt:P279* ?class .
  FILTER(?phrase != wd:Q804416)
  SERVICE wikibase:label { bd:serviceParam wikibase:language ""en,de"". }
}
LIMIT 50",False,0.0,
22,simple,List all type foundries and their corresponding typefaces.,"SELECT DISTINCT ?foundry ?foundryLabel ?typeface ?typefaceLabel WHERE {
  ?foundry wdt:P31 wd:Q558111.
  ?typeface wdt:P31 wd:Q1516666;
            wdt:P123 ?foundry.
  SERVICE wikibase:label { bd:serviceParam wikibase:language ""en"". }
}",True,0.0,
23,simple,List all hill forts in the Atlas with their names written in Irish.,"SELECT ?hillFort ?hillFortLabelGA WHERE {
  ?hillFort wdt:P31 wd:Q14438244;
            wdt:P131 wd:Q1301356.
  SERVICE wikibase:label { bd:serviceParam wikibase:language ""ga"". ?hillFort rdfs:label ?hillFortLabelGA. }
  FILTER(LANG(?hillFortLabelGA) = ""ga"")
}",False,0.0,
24,simple,Find all items with a 3D model property on Wikidata.,"SELECT ?item ?itemLabel ?model WHERE {
  ?item wdt:P4896 ?model .
  SERVICE wikibase:label { bd:serviceParam wikibase:language ""[AUTO_LANGUAGE],en"". }
}",True,0.0313,
25,simple,Rank countries by their average lifespan.,"SELECT ?country ?countryLabel (AVG(?lifespan) AS ?averageLifespan)
WHERE {
  ?person wdt:P31 wd:Q5;
          wdt:P27 ?country;
          wdt:P569 ?birthDate;
          wdt:P570 ?deathDate.
  BIND((YEAR(?deathDate) - YEAR(?birthDate)) AS ?lifespan)
  FILTER(?lifespan >= 0)
  SERVICE wikibase:label { bd:serviceParam wikibase:language ""en"". }
}
GROUP BY ?country ?countryLabel
ORDER BY DESC(?averageLifespan)",False,0.0,
26,simple,List the streets in Leiden named after famous people or things.,"SELECT DISTINCT ?street ?streetLabel WHERE {
  ?street wdt:P31/wdt:P279* wd:Q79007;
          wdt:P131 wd:Q43631;
          wdt:P138 ?namedAfter.
  SERVICE wikibase:label { bd:serviceParam wikibase:language ""en"". }
}",True,0.5103,
27,simple,List the grandchildren of Johann Sebastian Bach.,"SELECT DISTINCT ?grandchild ?grandchildLabel WHERE {
  wd:Q1339 wdt:P40 ?child .
  ?child wdt:P40 ?grandchild .
  SERVICE wikibase:label { bd:serviceParam wikibase:language ""en"". }
}",True,1.0,
28,simple,List all individuals who studied at the University of Oxford.,"SELECT ?person ?personLabel WHERE {
  ?person wdt:P69 wd:Q34433 .
  SERVICE wikibase:label { bd:serviceParam wikibase:language ""en"". }
}",True,0.0,
29,simple,List websites associated with projects in the Women's & Gender History DH list.,"SELECT DISTINCT ?project ?projectLabel ?website WHERE {
  ?project wdt:P31 wd:Q43229;
           wdt:P361 wd:Q123369710.
  OPTIONAL { ?project wdt:P856 ?website. }
  SERVICE wikibase:label { bd:serviceParam wikibase:language ""en"". }
}",True,0.0,
30,simple,List all monuments in Berlin with their cultural heritage ID and geolocation.,"SELECT ?monument ?monumentLabel ?heritageID ?location WHERE {
  ?monument wdt:P31/wdt:P279* wd:Q4989906;
            wdt:P131* wd:Q64;
            wdt:P1435 ?heritageStatus;
            wdt:P358 ?heritageID;
            wdt:P625 ?location.
  SERVICE wikibase:label { bd:serviceParam wikibase:language ""en"". }
}",False,0.0,
31,simple,Find the UniProt IDs of proteins found in Homo sapiens.,"SELECT DISTINCT ?protein ?proteinLabel ?uniprotID WHERE {
  ?protein wdt:P31 wd:Q8054 ;
           wdt:P703 wd:Q15978631 ;
           wdt:P352 ?uniprotID .
  SERVICE wikibase:label { bd:serviceParam wikibase:language ""en"". }
}",True,0.9995,
32,simple,What are the nodes and predicates related to 'Wikidata' in English?,"SELECT ?predicate ?predicateLabel ?node ?nodeLabel WHERE {
  {
    wd:Q2013 ?predicate ?node .
  }
  UNION
  {
    ?node ?predicate wd:Q2013 .
  }
  SERVICE wikibase:label { bd:serviceParam wikibase:language ""en"". }
}",True,0.0023,
33,simple,Find the base form of the word 'bought' in English.,"SELECT ?baseForm ?baseFormLabel WHERE {
  VALUES ?word { wd:Q5643458 }
  ?word wdt:P5185 ?baseForm .
  SERVICE wikibase:label { bd:serviceParam wikibase:language ""en"". }
}",True,0.0,
34,simple,List all taxons and their eponyms.,"SELECT ?taxon ?taxonLabel ?eponym ?eponymLabel WHERE {
  ?taxon wdt:P31/wdt:P279* wd:Q16521;
         wdt:P138 ?eponym.
  SERVICE wikibase:label { bd:serviceParam wikibase:language ""en"". }
}",False,0.0,
35,simple,List all items that are instances of goats.,"SELECT ?item ?itemLabel WHERE {
  ?item wdt:P31 wd:Q2934 .
  SERVICE wikibase:label { bd:serviceParam wikibase:language ""[AUTO_LANGUAGE],en"". }
}",True,1.0,
36,simple,List all the letters in the Swedish alphabet.,"SELECT DISTINCT ?letter ?letterLabel WHERE {
  VALUES ?alphabet { wd:Q1107160 }
  ?letter wdt:P31 wd:Q9788;
          wdt:P361 ?alphabet.
  SERVICE wikibase:label { bd:serviceParam wikibase:language ""en"". }
}
ORDER BY ?letterLabel",True,0.0,
37,simple,List all colors with their corresponding sRGB hex triplets.,"SELECT ?color ?colorLabel ?hex WHERE {
  ?color wdt:P465 ?hex .
  SERVICE wikibase:label { bd:serviceParam wikibase:language ""en"". }
}
ORDER BY ?colorLabel",True,0.0482,
38,medium,List all countries where a pride parade has taken place.,"SELECT DISTINCT ?country ?countryLabel WHERE {
  ?event wdt:P31/wdt:P279* wd:Q7741014;
         wdt:P17 ?country.
  ?country wdt:P31 wd:Q6256.
  SERVICE wikibase:label { bd:serviceParam wikibase:language ""en"". }
}",True,0.0,
39,medium,What are the longest rivers in the world?,"SELECT ?river ?riverLabel ?length WHERE {
  ?river wdt:P31/wdt:P279* wd:Q4022;
         wdt:P2043 ?length.
  SERVICE wikibase:label { bd:serviceParam wikibase:language ""en"". }
}
ORDER BY DESC(?length)
LIMIT 10",False,0.0,
40,medium,Find properties that can have organizations as values.,"SELECT DISTINCT ?property ?propertyLabel WHERE {
  ?property wikibase:propertyType wikibase:WikibaseItem .
  ?property p:P2302 ?statement .
  ?statement ps:P2302 wd:Q21503250 .
  ?statement pq:P2308 wd:Q43229 .
  SERVICE wikibase:label { bd:serviceParam wikibase:language ""[AUTO_LANGUAGE],en"". }
}",True,0.1214,
41,medium,List all the materials used in paintings along with their labels.,"SELECT DISTINCT ?material ?materialLabel WHERE {
  ?painting wdt:P31/wdt:P279* wd:Q3305213;
            wdt:P186 ?material.
  SERVICE wikibase:label { bd:serviceParam wikibase:language ""en"". }
}",False,0.0,
42,medium,List all US presidents and their spouses in chronological order.,"SELECT ?presidentLabel ?spouseLabel WHERE {
  ?president wdt:P39 wd:Q11696;
             wdt:P26 ?spouse;
             p:P39 ?statement.
  ?statement ps:P39 wd:Q11696;
             pq:P580 ?startTime.
  ?president wdt:P27 wd:Q30.
  SERVICE wikibase:label { bd:serviceParam wikibase:language ""en"". }
}
ORDER BY ?startTime",True,0.5108,
43,medium,List the birthplaces of artists whose works are part of the Europeana 280 project.,"SELECT DISTINCT ?artist ?artistLabel ?birthplace ?birthplaceLabel WHERE {
  ?work wdt:P361 wd:Q23006642 .
  ?work wdt:P170 ?artist .
  ?artist wdt:P19 ?birthplace .
  SERVICE wikibase:label { bd:serviceParam wikibase:language ""en"". }
}",True,1.0,
44,medium,Find books published before 1830 with their places of publication.,"SELECT ?book ?bookLabel ?publicationDate ?place ?placeLabel WHERE {
  ?book wdt:P31 wd:Q571;
        wdt:P577 ?publicationDate;
        wdt:P291 ?place.
  FILTER(?publicationDate < ""1830-01-01T00:00:00Z""^^xsd:dateTime)
  SERVICE wikibase:label { bd:serviceParam wikibase:language ""en"". }
}
ORDER BY ?publicationDate",True,0.007,
45,medium,List the compositions that feature both organ and orchestra.,"SELECT DISTINCT ?composition ?compositionLabel WHERE {
  ?composition wdt:P31/wdt:P279* wd:Q207628;
               wdt:P870 ?instrument1, ?instrument2.
  ?instrument1 wdt:P279* wd:Q82093.
  ?instrument2 wdt:P279* wd:Q42998.
  FILTER(?instrument1 != ?instrument2)
  SERVICE wikibase:label { bd:serviceParam wikibase:language ""en"". }
}",True,0.0,
46,medium,List all masonic lodges with a Wikipedia article but no label.,"SELECT DISTINCT ?lodge WHERE {
  ?article schema:about ?lodge ;
           schema:isPartOf <https://en.wikipedia.org/> .
  ?lodge wdt:P31/wdt:P279* wd:Q1321818 .
  FILTER(NOT EXISTS { ?lodge rdfs:label ?label })
}",True,0.0,
47,medium,List all countries that are part of a free trade area.,"SELECT DISTINCT ?country ?countryLabel ?freeTradeArea ?freeTradeAreaLabel WHERE {
  ?country wdt:P31 wd:Q6256;
           wdt:P463 ?freeTradeArea.
  ?freeTradeArea wdt:P31/wdt:P279* wd:Q2065736.
  SERVICE wikibase:label { bd:serviceParam wikibase:language ""en"". }
}",True,0.0,
48,medium,What are the names of pyramids in Egypt?,"SELECT DISTINCT ?pyramidLabel WHERE {
  ?pyramid wdt:P31/wdt:P279* wd:Q171156 ;
           wdt:P17 wd:Q79 .
  SERVICE wikibase:label { bd:serviceParam wikibase:language ""en"". }
}",True,0.0,
49,medium,Show me a map of national parks in Sweden.,"SELECT ?park ?parkLabel ?coord WHERE {
  ?park wdt:P31/wdt:P279* wd:Q46169;
        wdt:P17 wd:Q34;
        wdt:P625 ?coord.
  SERVICE wikibase:label { bd:serviceParam wikibase:language ""en"". }
}",True,0.1923,
50,medium,List all UK cabinet ministers along with their positions and dates of death.,"SELECT DISTINCT ?minister ?ministerLabel ?position ?positionLabel ?dateOfDeath WHERE {
  ?minister p:P39 ?statement .
  ?statement ps:P39 ?position .
  ?position wdt:P31/wdt:P279* wd:Q83307 .
  ?minister wdt:P31 wd:Q5 .
  OPTIONAL { ?minister wdt:P570 ?dateOfDeath . }
  FILTER EXISTS { ?minister wdt:P27 wd:Q145 }
  SERVICE wikibase:label { bd:serviceParam wikibase:language ""en"". }
}
ORDER BY ?positionLabel ?ministerLabel",True,0.0,
51,medium,List all epic poems with their sitelink counts.,"SELECT ?epicPoem ?epicPoemLabel ?sitelinks WHERE {
  ?epicPoem wdt:P31 wd:Q7725634;
            wikibase:sitelinks ?sitelinks.
  SERVICE wikibase:label { bd:serviceParam wikibase:language ""en"". }
}",False,0.0,
52,medium,List all Western films released before 1925 along with their release dates and locations.,"SELECT ?film ?filmLabel ?releaseDate ?location ?locationLabel WHERE {
  ?film wdt:P31/wdt:P279* wd:Q11424;
        wdt:P577 ?releaseDate;
        wdt:P136 wd:Q4674071;
        wdt:P495 ?location.
  FILTER(?releaseDate < ""1925-01-01T00:00:00Z""^^xsd:dateTime)
  SERVICE wikibase:label { bd:serviceParam wikibase:language ""en"". }
}
ORDER BY ?releaseDate ?filmLabel",True,0.0,
53,medium,What are the names of buildings taller than the Eiffel Tower?,"SELECT ?buildingLabel WHERE {
  wd:Q243 ?heightProp ?eiffelHeight .
  VALUES ?heightProp { wdt:P2048 }
  
  ?building wdt:P31/wdt:P279* wd:Q41176 ;
            ?heightProp ?height .
  FILTER(?height > ?eiffelHeight)
  
  SERVICE wikibase:label { bd:serviceParam wikibase:language ""en"". }
}",False,0.0,
54,medium,Show me a map of countries with their respective sign languages.,"SELECT DISTINCT ?country ?countryLabel ?countryLoc ?signLanguage ?signLanguageLabel WHERE {
  ?country wdt:P31 wd:Q6256;
           wdt:P625 ?countryLoc;
           wdt:P282 ?signLanguage.
  ?signLanguage wdt:P31/wdt:P279* wd:Q34228.
  SERVICE wikibase:label { bd:serviceParam wikibase:language ""en"". }
}",True,0.0,
55,medium,List all things that have a first line.,"SELECT DISTINCT ?item ?itemLabel ?firstLine ?firstLineLabel WHERE {
  ?item wdt:P1382 ?firstLine .
  SERVICE wikibase:label { bd:serviceParam wikibase:language ""en"". }
}",True,0.0014,
56,medium,What are the areas of each state in Malaysia?,"SELECT ?state ?stateLabel ?area ?areaUnitLabel WHERE {
  ?state wdt:P31 wd:Q12443800;
         wdt:P17 wd:Q833;
         p:P2046 ?areaStatement.
  ?areaStatement psn:P2046 ?areaNode.
  ?areaNode wikibase:quantityAmount ?area;
            wikibase:quantityUnit ?areaUnit.
  SERVICE wikibase:label { bd:serviceParam wikibase:language ""en"". }
} ORDER BY ?stateLabel",True,0.0,
57,medium,List all racing car drivers who died in a crash.,"SELECT DISTINCT ?driver ?driverLabel WHERE {
  ?driver wdt:P106 wd:Q10841764;
          wdt:P509 wd:Q1422632.
  SERVICE wikibase:label { bd:serviceParam wikibase:language ""en"". }
}",True,0.0,
58,medium,List all movies featuring Bud Spencer as a cast member.,"SELECT ?movie ?movieLabel WHERE {
  ?movie wdt:P161 wd:Q193960 .
  ?movie wdt:P31 wd:Q11424 .
  SERVICE wikibase:label { bd:serviceParam wikibase:language ""en"". }
}",True,0.0,
59,medium,What are the things named after characters from William Shakespeare's works?,"SELECT DISTINCT ?thing ?thingLabel ?character ?characterLabel ?work ?workLabel WHERE {
  ?thing wdt:P138 ?character .
  ?character wdt:P1441 ?work .
  ?work wdt:P50 wd:Q692 .
  SERVICE wikibase:label { bd:serviceParam wikibase:language ""en"". }
}",True,0.6333,
60,medium,Find all children of Johann Sebastian Bach with his first wife Maria Barbara Bach.,"SELECT DISTINCT ?child ?childLabel WHERE {
  wd:Q1339 p:P40 ?childStatement .
  ?childStatement ps:P40 ?child .
  OPTIONAL { ?childStatement pq:P22 ?mother . }
  FILTER(!BOUND(?mother) || ?mother = wd:Q57487)
  SERVICE wikibase:label { bd:serviceParam wikibase:language ""en"". }
}",True,0.025,
61,medium,List all Church of Scotland synods with their corresponding geoshapes.,"SELECT ?synod ?synodLabel ?geoShape WHERE {
  ?synod wdt:P31 wd:Q2001982;
         wdt:P3896 ?geoShape.
  SERVICE wikibase:label { bd:serviceParam wikibase:language ""en"". }
}",True,0.0,
62,medium,List all suburbs in New Zealand along with their coordinates.,"SELECT ?suburb ?suburbLabel ?coord WHERE {
  ?suburb wdt:P31/wdt:P279* wd:Q17361443;
          wdt:P17 wd:Q664;
          wdt:P625 ?coord.
  SERVICE wikibase:label { bd:serviceParam wikibase:language ""en"". }
}",True,0.0,
63,medium,List the birthplaces of actors from The Matrix movie.,"SELECT DISTINCT ?actor ?actorLabel ?birthplace ?birthplaceLabel WHERE {
  wd:Q8337 wdt:P161 ?actor .
  ?actor wdt:P19 ?birthplace .
  SERVICE wikibase:label { bd:serviceParam wikibase:language ""en"". }
}",True,0.0,
64,medium,What places are within a 1 km radius of the Arc de Triomphe?,"SELECT ?place ?placeLabel ?distance WHERE {
  wd:Q64436 wdt:P625 ?arcCoord .
  SERVICE wikibase:around {
    ?place wdt:P625 ?placeCoord .
    bd:serviceParam wikibase:center ?arcCoord .
    bd:serviceParam wikibase:radius ""1"" .
    bd:serviceParam wikibase:distance ?distance .
  }
  SERVICE wikibase:label { bd:serviceParam wikibase:language ""en"". }
}
ORDER BY ?distance",True,0.5287,
65,medium,List all software developed by the KDE community.,"SELECT ?software ?softwareLabel WHERE {
  ?software wdt:P178 wd:Q51789.
  SERVICE wikibase:label { bd:serviceParam wikibase:language ""en"". }
}",True,0.0,
66,medium,List all places with the most public art installations.,"SELECT ?place ?placeLabel ?count WHERE {
  {
    SELECT ?place (COUNT(?art) AS ?count) WHERE {
      ?art wdt:P31/wdt:P279* wd:Q557141 ;  # public art
           wdt:P131 ?place .
    }
    GROUP BY ?place
  }
  {
    SELECT (MAX(?c) AS ?maxCount) WHERE {
      {
        SELECT ?place (COUNT(?art) AS ?c) WHERE {
          ?art wdt:P31/wdt:P279* wd:Q557141 ;
               wdt:P131 ?place .
        }
        GROUP BY ?place
      }
    }
  }
  FILTER(?count = ?maxCount)
  SERVICE wikibase:label { bd:serviceParam wikibase:language ""en"". }
}
ORDER BY ?placeLabel",True,0.0,
67,medium,List all French municipalities with their corresponding banners.,"SELECT ?municipality ?municipalityLabel ?banner WHERE {
  ?municipality wdt:P31/wdt:P279* wd:Q484170 ;
                wdt:P17 wd:Q142 ;
                wdt:P94 ?banner .
  SERVICE wikibase:label { bd:serviceParam wikibase:language ""en"". }
}",True,0.0328,
68,medium,"List all paintings by Ferdinand Georg Waldmüller in the Belvedere, Vienna.","SELECT ?painting ?paintingLabel WHERE {
  ?painting wdt:P31 wd:Q3305213;
            wdt:P170 wd:Q107194;
            wdt:P276 wd:Q206722.
  SERVICE wikibase:label { bd:serviceParam wikibase:language ""en"". }
}",True,0.0,
69,medium,How many words are listed on Wikidata in languages spoken in India?,"SELECT (COUNT(DISTINCT ?lexeme) AS ?count) WHERE {
  ?language wdt:P31 wd:Q34770;
            wdt:P17 wd:Q668.
  ?lexeme dct:language ?language.
}",True,0.0,
70,medium,List all images used in more than 10 items.,"SELECT ?image (COUNT(DISTINCT ?item) AS ?itemCount) WHERE {
  ?item wdt:P18 ?image .
}
GROUP BY ?image
HAVING (COUNT(DISTINCT ?item) > 10)
ORDER BY DESC(?itemCount)",False,0.0,
71,medium,List all politicians who were members of the Whig party.,"SELECT DISTINCT ?politician ?politicianLabel WHERE {
  ?politician wdt:P102 wd:Q171171;
              wdt:P31 wd:Q82955.
  SERVICE wikibase:label { bd:serviceParam wikibase:language ""en"". }
}",True,0.0,
72,medium,"Find parks in Oslo, Norway that are missing images on Wikidata.","SELECT ?park ?parkLabel WHERE {
  ?park wdt:P31/wdt:P279* wd:Q22698;
        wdt:P131 wd:Q585;
        wdt:P17 wd:Q20.
  FILTER NOT EXISTS { ?park wdt:P18 ?image. }
  SERVICE wikibase:label { bd:serviceParam wikibase:language ""en"". }
}",True,0.0,
73,medium,"Show me a map of people's birthplaces, categorized by century.","SELECT ?person ?personLabel ?birthplace ?birthplaceLabel ?coord ?centuryLabel WHERE {
  ?person wdt:P31 wd:Q5;
          wdt:P19 ?birthplace;
          wdt:P569 ?dob.
  ?birthplace wdt:P625 ?coord.

  BIND(YEAR(?dob) AS ?year)
  BIND(
    IF(?year > 0,
      CONCAT(
        STR(1 + FLOOR((?year - 1) / 100)),
        ""th century""
      ),
      CONCAT(
        STR(1 + FLOOR((1 - ?year) / 100)),
        ""th century BCE""
      )
    ) AS ?centuryLabel
  )

  SERVICE wikibase:label { bd:serviceParam wikibase:language ""[AUTO_LANGUAGE],en"". }
}",False,0.0,
74,medium,Find research papers on backward contact tracing and list their DOIs.,"SELECT ?paper ?paperLabel ?doi WHERE {
  ?paper wdt:P31 wd:Q13442814;
         wdt:P356 ?doi.
  {
    ?paper rdfs:label ?label.
    FILTER(LANG(?label) = ""en"")
    FILTER(CONTAINS(LCASE(?label), ""backward contact tracing""))
  }
  UNION
  {
    ?paper schema:description ?desc.
    FILTER(LANG(?desc) = ""en"")
    FILTER(CONTAINS(LCASE(?desc), ""backward contact tracing""))
  }
  SERVICE wikibase:label { bd:serviceParam wikibase:language ""en"". }
}",True,0.0,
75,medium,List the notable alumni of University of Reading who have won awards.,"SELECT DISTINCT ?alumnus ?alumnusLabel ?award ?awardLabel WHERE {
  ?alumnus wdt:P69 wd:Q49116;
           wdt:P166 ?award.
  SERVICE wikibase:label { bd:serviceParam wikibase:language ""en"". }
}
ORDER BY ?alumnusLabel ?awardLabel",True,0.0085,
76,medium,List all music genres.,"SELECT DISTINCT ?genre ?genreLabel WHERE {
  ?genre wdt:P31 wd:Q188451.
  SERVICE wikibase:label { bd:serviceParam wikibase:language ""en"". }
}",True,0.8823,
77,medium,List all museums in Tunisia along with their coordinates and images.,"SELECT ?museum ?museumLabel ?coord ?image WHERE {
  ?museum wdt:P31/wdt:P279* wd:Q33506;
          wdt:P17 wd:Q948;
          wdt:P625 ?coord.
  OPTIONAL { ?museum wdt:P18 ?image. }
  SERVICE wikibase:label { bd:serviceParam wikibase:language ""en"". }
}",True,0.9762,
78,medium,Show me a list of archives on Wikidata along with their coordinates.,"SELECT ?archive ?archiveLabel ?coord WHERE {
  ?archive wdt:P31/wdt:P279* wd:Q166118.
  ?archive wdt:P625 ?coord.
  SERVICE wikibase:label { bd:serviceParam wikibase:language ""en"". }
}",True,0.5463,
79,medium,Find images of ancient Egyptian rulers.,"SELECT ?ruler ?rulerLabel ?image WHERE {
  ?ruler wdt:P31 wd:Q5;
         wdt:P18 ?image;
         wdt:P27 wd:Q11768.
  {
    ?ruler wdt:P39 ?position.
    ?position wdt:P279* wd:Q1995964.
  }
  UNION
  {
    ?ruler wdt:P106 ?occupation.
    ?occupation wdt:P279* wd:Q1995964.
  }
  SERVICE wikibase:label { bd:serviceParam wikibase:language ""en"". }
}",True,0.0,
80,medium,Find locations on iNaturalist and show them on a map.,"SELECT ?location ?locationLabel ?coord WHERE {
  ?location wdt:P3151 ?iNaturalistID;
            wdt:P625 ?coord.
  SERVICE wikibase:label { bd:serviceParam wikibase:language ""en"". }
}",False,0.0,
81,medium,What are the cathedrals in Paris?,"SELECT DISTINCT ?cathedral ?cathedralLabel WHERE {
  ?cathedral wdt:P31/wdt:P279* wd:Q2977;
             wdt:P131 wd:Q90.
  SERVICE wikibase:label { bd:serviceParam wikibase:language ""en"". }
}",True,0.0,
82,medium,"Show me a list of railway stations in France, sorted by the number of tracks they have.","SELECT ?station ?stationLabel ?tracks WHERE {
  ?station wdt:P31/wdt:P279* wd:Q55488;
           wdt:P17 wd:Q142;
           wdt:P1103 ?tracks.
  SERVICE wikibase:label { bd:serviceParam wikibase:language ""en"". }
}
ORDER BY DESC(?tracks) ?stationLabel",True,0.3943,
83,medium,List the birds that are native to a region in France.,"SELECT DISTINCT ?bird ?birdLabel ?region ?regionLabel WHERE {
  ?bird wdt:P31/wdt:P279* wd:Q5113.
  ?bird wdt:P183 ?region.
  ?region wdt:P31/wdt:P279* wd:Q82794.
  ?region wdt:P17 wd:Q142.
  SERVICE wikibase:label { bd:serviceParam wikibase:language ""en"". }
}",True,0.0,
84,medium,List all universities in Mexico along with their founding dates.,"SELECT ?university ?universityLabel ?foundingDate WHERE {
  ?university wdt:P31/wdt:P279* wd:Q3918;
              wdt:P17 wd:Q96;
              wdt:P571 ?foundingDate.
  SERVICE wikibase:label { bd:serviceParam wikibase:language ""en"". }
}
ORDER BY ?universityLabel",True,0.612,
85,medium,Find the places where people named Michael or its variants were born.,"SELECT DISTINCT ?person ?personLabel ?birthPlace ?birthPlaceLabel WHERE {
  VALUES ?givenName {
    wd:Q1445522   # Michael
    wd:Q12496859  # Michel
    wd:Q1805772   # Miguel
    wd:Q12308941  # Mikhail
    wd:Q4925477   # Michele
  }
  ?person wdt:P31 wd:Q5;
          wdt:P735 ?givenName;
          wdt:P19 ?birthPlace.
  SERVICE wikibase:label { bd:serviceParam wikibase:language ""en"". }
}",True,0.0002,
86,medium,Find properties with missing labels or descriptions in Spanish.,"SELECT DISTINCT ?property ?propertyLabel ?propertyDescription WHERE {
  ?property a wikibase:Property .
  FILTER(NOT EXISTS { ?property rdfs:label ?labelEs FILTER(LANG(?labelEs) = ""es"") } ||
         NOT EXISTS { ?property schema:description ?descEs FILTER(LANG(?descEs) = ""es"") })
  SERVICE wikibase:label { bd:serviceParam wikibase:language ""en"". }
}",True,0.9455,
87,medium,How many statements are supported by a reference with a DOI?,"SELECT (COUNT(DISTINCT ?statement) AS ?count) WHERE {
  ?item ?p ?statement .
  ?property wikibase:claim ?p ;
            wikibase:statementProperty ?ps .
  ?statement ?ps ?value ;
             prov:wasDerivedFrom ?ref .
  ?ref pr:P356 ?doi .
}",False,0.0,
88,medium,Find images of architectural drawings depicting cathedrals in France.,"SELECT DISTINCT ?image ?cathedral ?cathedralLabel WHERE {
  ?cathedral wdt:P31/wdt:P279* wd:Q2977;      # instance of / subclass of cathedral
             wdt:P17 wd:Q142;                 # country: France
             wdt:P18 ?image.                  # image
  SERVICE wikibase:label { bd:serviceParam wikibase:language ""en"". }
}",True,0.0,
89,medium,What are the most common ingredients used in a sandwich?,"SELECT ?ingredientLabel (COUNT(DISTINCT ?sandwich) AS ?count) WHERE {
  ?sandwich wdt:P31/wdt:P279* wd:Q28803.
  ?sandwich p:P186 ?statement.
  ?statement ps:P186 ?ingredient.
  SERVICE wikibase:label { bd:serviceParam wikibase:language ""en"". }
}
GROUP BY ?ingredient ?ingredientLabel
ORDER BY DESC(?count)
LIMIT 20",True,0.0172,
90,medium,List all items with an inventory number but no collection.,"SELECT ?item ?itemLabel ?inventoryNumber WHERE {
  ?item wdt:P217 ?inventoryNumber .
  FILTER NOT EXISTS { ?item wdt:P195 ?collection . }
  SERVICE wikibase:label { bd:serviceParam wikibase:language ""[AUTO_LANGUAGE],en"". }
}",False,0.0,
91,medium,Find the addresses of city halls in Spain.,"SELECT DISTINCT ?cityHall ?cityHallLabel ?address WHERE {
  ?cityHall wdt:P31/wdt:P279* wd:Q25550691;
            wdt:P17 wd:Q29;
            wdt:P6375 ?address.
  SERVICE wikibase:label { bd:serviceParam wikibase:language ""en"". }
}",True,0.0,
92,medium,List all cities and towns in Denmark along with their population and OSM relation IDs.,"SELECT ?place ?placeLabel ?population ?osmRelationId WHERE {
  ?place wdt:P31/wdt:P279* ?type ;
         wdt:P17 wd:Q35 ;
         wdt:P1082 ?population ;
         wdt:P402 ?osmRelationId .
  VALUES ?type { wd:Q515 wd:Q3957 }
  SERVICE wikibase:label { bd:serviceParam wikibase:language ""en"". }
}
ORDER BY ?placeLabel",True,0.0,
93,medium,What country shares a border with all municipalities in the Basque Country?,"SELECT DISTINCT ?country WHERE {
  wd:Q3995 wdt:P150 ?municipality .            # Basque Country -> contains municipality
  ?municipality wdt:P47 ?country .            # municipality shares border with country
  ?country wdt:P31 wd:Q6256 .                 # country

  FILTER NOT EXISTS {
    wd:Q3995 wdt:P150 ?m2 .
    FILTER NOT EXISTS { ?m2 wdt:P47 ?country }
  }
}",True,0.0,
94,medium,Find photographs of restoration works in French National Archives from the 19th century.,"SELECT ?work ?workLabel ?image WHERE {
  ?work wdt:P31/wdt:P279* wd:Q125191;
        wdt:P195 wd:Q1191732;
        wdt:P18 ?image.
  FILTER EXISTS {
    ?work wdt:P170 ?creator.
  }
  FILTER EXISTS {
    ?work wdt:P136 ?genre.
  }
  FILTER(?workDate >= ""1801-01-01T00:00:00Z""^^xsd:dateTime && ?workDate < ""1901-01-01T00:00:00Z""^^xsd:dateTime)
  ?work wdt:P571 ?workDate.
  SERVICE wikibase:label { bd:serviceParam wikibase:language ""en"". }
}",True,0.0,
95,medium,Show a line graph of COVID-19 cases over time for each state in India.,"SELECT ?date ?stateLabel (SUM(?cases) AS ?cases)
WHERE {
  ?state wdt:P31/wdt:P279* wd:Q35657;
         wdt:P17 wd:Q668.
  ?state p:P1603 ?statement.
  ?statement ps:P1603 ?cases;
             pq:P585 ?date.
  SERVICE wikibase:label { bd:serviceParam wikibase:language ""en"". }
}
GROUP BY ?date ?stateLabel
ORDER BY ?date",False,0.0,
96,medium,List all databases and digital libraries without an official URL.,"SELECT DISTINCT ?item ?itemLabel WHERE {
  {
    ?item wdt:P31/wdt:P279* wd:Q8513.
  }
  UNION
  {
    ?item wdt:P31/wdt:P279* wd:Q1622272.
  }
  FILTER NOT EXISTS { ?item wdt:P856 ?officialURL. }
  SERVICE wikibase:label { bd:serviceParam wikibase:language ""en"". }
}",True,0.0478,
97,medium,Show me a map of Slovenian cultural monuments with different colours for each type.,"SELECT ?monument ?monumentLabel ?coord ?type ?typeLabel WHERE {
  ?monument wdt:P1435 wd:Q4989906;
            wdt:P625 ?coord;
            wdt:P31 ?type.
  ?type wdt:P279* wd:Q839954.
  SERVICE wikibase:label { bd:serviceParam wikibase:language ""en,sl"". }
}",True,0.0,
98,medium,List French-speaking female writers with their signatures.,"SELECT ?writer ?writerLabel ?signature WHERE {
  ?writer wdt:P31 wd:Q5;
          wdt:P21 wd:Q6581072;
          wdt:P106 wd:Q36180;
          wdt:P103 wd:Q150;
          wdt:P109 ?signature.
  SERVICE wikibase:label { bd:serviceParam wikibase:language ""en"". }
}",True,0.3216,
99,medium,List artworks that feature the Moon as a subject.,"SELECT DISTINCT ?artwork ?artworkLabel WHERE {
  ?artwork wdt:P31/wdt:P279* wd:Q838948 ;
           wdt:P180 wd:Q405 .
  SERVICE wikibase:label { bd:serviceParam wikibase:language ""en"". }
}",False,0.0,
100,medium,"Find all grandchildren of Johann Sebastian Bach where the parent is his first wife, Maria Barbara Bach.","SELECT DISTINCT ?grandchild ?grandchildLabel WHERE {
  wd:Q1339 p:P40 ?childStatement .
  ?childStatement ps:P40 ?child ;
                  pq:P1038 wd:Q57194 .
  ?child wdt:P40 ?grandchild .

  SERVICE wikibase:label { bd:serviceParam wikibase:language ""en"". }
}",True,0.0,
101,medium,List all five-letter English words that start with the letter F.,"SELECT ?word ?wordLabel WHERE {
  ?word wdt:P31 wd:Q1860;
        wdt:P407 wd:Q1860;
        rdfs:label ?wordLabel.
  FILTER(LANG(?wordLabel) = ""en"")
  FILTER(REGEX(?wordLabel, ""^F....$"", ""i""))
}",True,0.0,
102,medium,Show me a map of remarkable trees in Bulgaria.,"SELECT ?tree ?treeLabel ?coord WHERE {
  ?tree wdt:P31 wd:Q757163;
        wdt:P17 wd:Q219;
        wdt:P625 ?coord.
  SERVICE wikibase:label { bd:serviceParam wikibase:language ""en"". }
}",True,1.0,
103,medium,List the inventors who are members of the Republican Party.,"SELECT DISTINCT ?inventor ?inventorLabel WHERE {
  ?inventor wdt:P31 wd:Q5;
            wdt:P106 wd:Q205375;
            wdt:P102 wd:Q29468.
  SERVICE wikibase:label { bd:serviceParam wikibase:language ""en"". }
}",True,0.0457,
104,medium,List all websites without an official webpage.,"SELECT DISTINCT ?website ?websiteLabel WHERE {
  ?website wdt:P31 wd:Q35127 .
  FILTER NOT EXISTS { ?website wdt:P856 ?officialWebsite . }
  SERVICE wikibase:label { bd:serviceParam wikibase:language ""[AUTO_LANGUAGE],en"". }
}",True,0.4154,
105,medium,List all external links mentioned in the Wikipedia article about Ashmolean Museum.,"SELECT DISTINCT ?externalLink WHERE {
  wd:Q636617 schema:about ?article ;
              schema:isPartOf <https://en.wikipedia.org/> .
  ?article schema:mentions ?externalLink .
  FILTER(isIRI(?externalLink))
  FILTER(STRSTARTS(STR(?externalLink), ""http""))
}",True,0.0,
106,medium,What organisms live in the vagina?,"SELECT DISTINCT ?organism ?organismLabel WHERE {
  ?organism wdt:P703 wd:Q5880 .
  SERVICE wikibase:label { bd:serviceParam wikibase:language ""en"". }
}",True,0.0,
107,medium,Find paintings with RKDimages links and display them in an ImageGrid.,"SELECT ?painting ?paintingLabel ?rkdimages ?image WHERE {
  ?painting wdt:P31 wd:Q3305213;
            wdt:P6500 ?rkdimages.
  OPTIONAL { ?painting wdt:P18 ?image. }
  SERVICE wikibase:label { bd:serviceParam wikibase:language ""[AUTO_LANGUAGE],en"". }
}
LIMIT 200",True,0.0,
108,medium,Find film directors who have collaborated with Jean-François Stévenin the most.,"SELECT ?director ?directorLabel (COUNT(DISTINCT ?film) AS ?filmCount) WHERE {
  VALUES ?actor { wd:Q318028 }
  ?film wdt:P161 ?actor ;
        wdt:P57 ?director .
  FILTER(?director != ?actor)
  SERVICE wikibase:label { bd:serviceParam wikibase:language ""en"". }
}
GROUP BY ?director ?directorLabel
ORDER BY DESC(?filmCount)
LIMIT 10",True,0.0,
109,medium,List all Wikidata properties with their IDs and descriptions.,"SELECT ?property ?propertyId ?propertyDescription WHERE {
  ?property a wikibase:Property .
  BIND(STRAFTER(STR(?property), ""http://www.wikidata.org/entity/"") AS ?propertyId)
  SERVICE wikibase:label { bd:serviceParam wikibase:language ""en"". }
} ORDER BY ?propertyId",True,0.0,
110,medium,List all caves with prehistoric art and their coordinates.,"SELECT ?cave ?caveLabel ?coord WHERE {
  ?cave wdt:P31/wdt:P279* wd:Q35509;
        wdt:P1435 wd:Q67310672;
        wdt:P625 ?coord.
  SERVICE wikibase:label { bd:serviceParam wikibase:language ""en"". }
}",True,0.0,
111,medium,Find a list of women who are computational biologists or bioinformaticians.,"SELECT DISTINCT ?person ?personLabel WHERE {
  VALUES ?occupation {
    wd:Q723757   # computational biologist
    wd:Q864503   # bioinformatician
  }
  ?person wdt:P31 wd:Q5;
          wdt:P21 wd:Q6581072;
          wdt:P106 ?occupation.
  SERVICE wikibase:label { bd:serviceParam wikibase:language ""en"". }
}",True,0.0003,
112,medium,List all US states with the letter A in their name.,"SELECT ?state ?stateLabel WHERE {
  ?state wdt:P31 wd:Q35657;
         wdt:P17 wd:Q30;
         rdfs:label ?stateLabel.
  FILTER(LANG(?stateLabel) = ""en"")
  FILTER(CONTAINS(LCASE(?stateLabel), ""a""))
}
ORDER BY ?stateLabel",True,0.6667,
113,medium,"List all people in the Dictionary of Welsh Biography, categorized by their birthplace and gender.","SELECT ?person ?personLabel ?birthplace ?birthplaceLabel ?gender ?genderLabel WHERE {
  ?person wdt:P1343 wd:Q1138524;
          wdt:P31 wd:Q5;
          wdt:P19 ?birthplace;
          wdt:P21 ?gender.
  SERVICE wikibase:label { bd:serviceParam wikibase:language ""en"". }
}
ORDER BY ?birthplaceLabel ?genderLabel ?personLabel",True,0.0002,
114,medium,List all weather satellites with their launch dates.,"SELECT ?satellite ?satelliteLabel ?launchDate WHERE {
  ?satellite wdt:P31 wd:Q26540 ;
             wdt:P31 wd:Q483242 ;
             wdt:P619 ?launchDate .
  SERVICE wikibase:label { bd:serviceParam wikibase:language ""en"". }
}
ORDER BY ?launchDate",True,0.0,
115,medium,Show me hillforts with their protection status on a map.,"SELECT ?hillfort ?hillfortLabel ?coord ?status ?statusLabel WHERE {
  ?hillfort wdt:P31/wdt:P279* wd:Q751454;
            wdt:P625 ?coord;
            wdt:P1435 ?status.
  SERVICE wikibase:label { bd:serviceParam wikibase:language ""en"". }
}",True,0.0,
116,medium,List all viaducts in the UK with their heritage designations.,"SELECT ?viaduct ?viaductLabel ?heritageDesignation ?heritageDesignationLabel WHERE {
  VALUES ?country { wd:Q145 }
  ?viaduct wdt:P31/wdt:P279* wd:Q774124;
           wdt:P17 ?country;
           wdt:P1435 ?heritageDesignation.
  SERVICE wikibase:label { bd:serviceParam wikibase:language ""en"". }
} ORDER BY ?viaductLabel",True,0.0,
117,medium,List all humans who received the Theatre World Award in 2016.,"SELECT DISTINCT ?person ?personLabel WHERE {
  ?person wdt:P31 wd:Q5;
          p:P166 ?awardStatement.
  ?awardStatement ps:P166 wd:Q7775540;
                  pq:P585 ?date.
  FILTER(YEAR(?date) = 2016)
  SERVICE wikibase:label { bd:serviceParam wikibase:language ""en"". }
}",True,0.0,
118,medium,"List all synthesizers manufactured by ARP Instruments, Inc.","SELECT ?synthesizer ?synthesizerLabel WHERE {
  ?synthesizer wdt:P31/wdt:P279* wd:Q1638294;
               wdt:P176 wd:Q704555.
  SERVICE wikibase:label { bd:serviceParam wikibase:language ""en"". }
}",True,0.0,
119,medium,List all libraries in Austria along with their coordinates.,"SELECT ?library ?libraryLabel ?coord WHERE {
  ?library wdt:P31/wdt:P279* wd:Q7075 ;
           wdt:P17 wd:Q40 ;
           wdt:P625 ?coord .
  SERVICE wikibase:label { bd:serviceParam wikibase:language ""en"". }
}",True,0.9803,
120,medium,List all places where people named Desiree were born.,"SELECT DISTINCT ?place ?placeLabel WHERE {
  ?person wdt:P31 wd:Q5;
          wdt:P735 wd:Q1617869;
          wdt:P19 ?place.
  SERVICE wikibase:label { bd:serviceParam wikibase:language ""en"". }
}",True,0.0,
121,medium,List all the house cats that held the position of Chief Mouser to the Cabinet Office.,"SELECT DISTINCT ?cat ?catLabel WHERE {
  ?cat p:P39 ?statement .
  ?statement ps:P39 wd:Q4771238 .
  ?cat wdt:P31 wd:Q146 .
  SERVICE wikibase:label { bd:serviceParam wikibase:language ""en"". }
}",True,0.0,
122,medium,Find items published in A Compendium of Irish Biography without page numbers.,"SELECT DISTINCT ?item ?itemLabel WHERE {
  ?item p:P1343 ?statement .
  ?statement ps:P1343 wd:Q105977910 .
  FILTER NOT EXISTS { ?statement pq:P304 ?pageNumber . }
  SERVICE wikibase:label { bd:serviceParam wikibase:language ""en"". }
}",True,0.0,
123,medium,What are the most popular literary works written in German?,"SELECT ?work ?workLabel ?authorLabel ?inception ?sitelinks WHERE {
  ?work wdt:P31/wdt:P279* wd:Q7725634;
        wdt:P407 wd:Q188;
        wikibase:sitelinks ?sitelinks.
  OPTIONAL { ?work wdt:P50 ?author. }
  OPTIONAL { ?work wdt:P571 ?inception. }
  SERVICE wikibase:label { bd:serviceParam wikibase:language ""en"". }
}
ORDER BY DESC(?sitelinks)
LIMIT 25",False,0.0,
124,medium,Show me the latest heatwaves that have occurred.,"SELECT ?heatwave ?heatwaveLabel ?start ?end WHERE {
  ?heatwave wdt:P31 wd:Q25288065 .
  OPTIONAL { ?heatwave wdt:P580 ?start. }
  OPTIONAL { ?heatwave wdt:P582 ?end. }
  SERVICE wikibase:label { bd:serviceParam wikibase:language ""en"". }
}
ORDER BY DESC(COALESCE(?end, ?start))
LIMIT 10",True,0.0,
125,medium,Show me the list of countries with multiple official languages.,"SELECT ?country ?countryLabel (COUNT(DISTINCT ?language) AS ?officialLanguageCount)
WHERE {
  ?country wdt:P31 wd:Q6256;
           wdt:P37 ?language.
  FILTER NOT EXISTS { ?country wdt:P31 wd:Q3024240. }  # exclude former countries
  SERVICE wikibase:label { bd:serviceParam wikibase:language ""[AUTO_LANGUAGE],en"". }
}
GROUP BY ?country ?countryLabel
HAVING (COUNT(DISTINCT ?language) > 1)
ORDER BY DESC(?officialLanguageCount) ?countryLabel",True,0.875,
126,medium,List Czech buildings that serve as both a place of worship and a fire station.,"SELECT DISTINCT ?building ?buildingLabel WHERE {
  ?building wdt:P31 ?instanceOf;
            wdt:P17 wd:Q213.
  VALUES ?instanceOf { wd:Q1370598 wd:Q1125381 }
  ?building wdt:P31 wd:Q11315.
  SERVICE wikibase:label { bd:serviceParam wikibase:language ""en"". }
}",True,1.0,
127,medium,List all Mexican presidents with their signature images on Wikidata.,"SELECT ?president ?presidentLabel ?signature WHERE {
  ?president wdt:P39 wd:Q30461;
             wdt:P109 ?signature.
  ?president wdt:P27 wd:Q96.
  SERVICE wikibase:label { bd:serviceParam wikibase:language ""en"". }
}",False,0.0,
128,medium,List all megaliths in the Basque Country with their coordinates.,"SELECT ?megalith ?megalithLabel ?coord WHERE {
  ?megalith wdt:P31/wdt:P279* wd:Q1175156;
            wdt:P131* wd:Q3995;
            wdt:P625 ?coord.
  SERVICE wikibase:label { bd:serviceParam wikibase:language ""en"". }
}",True,0.0,
129,medium,What are the names of spacecraft and their inspirations?,"SELECT DISTINCT ?spacecraftLabel ?inspirationLabel WHERE {
  ?spacecraft wdt:P31 wd:Q40218 .
  ?spacecraft wdt:P941 ?inspiration .
  SERVICE wikibase:label { bd:serviceParam wikibase:language ""en"". }
}",True,0.0,
130,medium,List all National Trust properties in the UK along with their coordinates.,"SELECT DISTINCT ?property ?propertyLabel ?coord WHERE {
  ?property wdt:P31/wdt:P279* wd:Q623401 ;
            wdt:P137 wd:Q623566 ;
            wdt:P625 ?coord .
  ?property wdt:P17 wd:Q145 .
  SERVICE wikibase:label { bd:serviceParam wikibase:language ""en"". }
}",True,0.0,
131,medium,Show me the top 50 longest cars in the world.,"SELECT ?car ?carLabel ?length WHERE {
  ?car wdt:P31/wdt:P279* wd:Q1420;
       wdt:P2043 ?length.
  SERVICE wikibase:label { bd:serviceParam wikibase:language ""en"". }
}
ORDER BY DESC(?length)
LIMIT 50",True,1.0,
132,medium,Find paintings that are taller than they are wide and show me the images.,"SELECT ?painting ?paintingLabel ?image ?height ?width WHERE {
  ?painting wdt:P31 wd:Q3305213;
            wdt:P18 ?image;
            p:P2048 ?heightStatement;
            p:P2049 ?widthStatement.
  ?heightStatement psn:P2048 ?heightNode.
  ?heightNode wikibase:quantityAmount ?height.
  ?widthStatement psn:P2049 ?widthNode.
  ?widthNode wikibase:quantityAmount ?width.
  FILTER(?height > ?width)
  SERVICE wikibase:label { bd:serviceParam wikibase:language ""[AUTO_LANGUAGE],en"". }
}",False,0.0,
133,medium,List the hometowns of all current US Senators.,"SELECT DISTINCT ?senator ?senatorLabel ?hometown ?hometownLabel WHERE {
  ?senator p:P39 ?statement .
  ?statement ps:P39 wd:Q4416090 ;
             pq:P2937 ?district .
  FILTER NOT EXISTS { ?statement pq:P582 ?endTime . }
  ?district wdt:P17 wd:Q30 .
  OPTIONAL { ?senator wdt:P19 ?hometown . }
  SERVICE wikibase:label { bd:serviceParam wikibase:language ""en"". }
}",True,0.0,
134,medium,List all the settlements along the Way of Saint James in Basque Country.,"SELECT DISTINCT ?settlement ?settlementLabel WHERE {
  ?settlement wdt:P31/wdt:P279* wd:Q486972;
              wdt:P131* wd:Q3995;
              wdt:P1435 wd:Q11684322.
  SERVICE wikibase:label { bd:serviceParam wikibase:language ""en"". }
}",True,1.0,
135,medium,"What are the English, Welsh and Scottish counties that share borders?","SELECT DISTINCT ?county1 ?county1Label ?county2 ?county2Label ?countryLabel WHERE {
  VALUES ?country { wd:Q21 wd:Q25 wd:Q22 }  # England, Wales, Scotland
  
  ?county1 wdt:P31/wdt:P279* wd:Q47168 ;
           wdt:P17 wd:Q145 ;
           wdt:P131 ?country ;
           wdt:P47 ?county2 .
  
  ?county2 wdt:P31/wdt:P279* wd:Q47168 ;
           wdt:P17 wd:Q145 ;
           wdt:P131 ?country .
  
  FILTER(?county1 != ?county2)
  FILTER(STR(?county1) < STR(?county2))
  
  SERVICE wikibase:label { bd:serviceParam wikibase:language ""en"". }
}",True,0.0,
136,medium,List Indian people who died in 1959 and whose work is now public domain.,"SELECT DISTINCT ?person ?personLabel ?deathDate WHERE {
  ?person wdt:P31 wd:Q5;
          wdt:P27 wd:Q668;
          wdt:P570 ?deathDate.
  FILTER(YEAR(?deathDate) = 1959)

  {
    ?work wdt:P50 ?person;
          wdt:P6216 wd:Q19652.
  }
  UNION
  {
    ?work wdt:P170 ?person;
          wdt:P6216 wd:Q19652.
  }

  SERVICE wikibase:label { bd:serviceParam wikibase:language ""en"". }
}
ORDER BY ?personLabel",True,0.0113,
137,medium,"List the top 100 lexemes with their corresponding lemmas, ordered by frequency of compound parts.","SELECT ?lexeme ?lemma (COUNT(?part) AS ?compoundPartCount) WHERE {
  ?lexeme dct:language wd:Q1860;
          wikibase:lemma ?lemma;
          ontolex:lexicalForm ?form.
  ?form ontolex:representation ?representation.
  ?lexeme wikibase:lexicalCategory ?category.
  OPTIONAL { ?lexeme wdt:P5238 ?part. }
}
GROUP BY ?lexeme ?lemma
ORDER BY DESC(?compoundPartCount)
LIMIT 100",True,0.0,
138,medium,List all humans without children.,"SELECT ?human ?humanLabel WHERE {
  ?human wdt:P31 wd:Q5 .
  FILTER NOT EXISTS { ?human wdt:P40 ?child . }
  SERVICE wikibase:label { bd:serviceParam wikibase:language ""en"". }
}",False,0.0,
139,medium,List all rivers in Antarctica.,"SELECT ?river ?riverLabel WHERE {
  ?river wdt:P31/wdt:P279* wd:Q4022;
         wdt:P17 wd:Q51.
  SERVICE wikibase:label { bd:serviceParam wikibase:language ""en"". }
}",True,0.0,
140,medium,Show me a map of libraries located in Austria.,"SELECT DISTINCT ?library ?libraryLabel ?coord WHERE {
  ?library wdt:P31/wdt:P279* wd:Q7075;
           wdt:P17 wd:Q40;
           wdt:P625 ?coord.
  SERVICE wikibase:label { bd:serviceParam wikibase:language ""en"". }
}",True,0.5875,
141,medium,List all politicians who died from cancer.,"SELECT DISTINCT ?politician ?politicianLabel WHERE {
  ?politician wdt:P31 wd:Q5;
              wdt:P106 wd:Q82955;
              wdt:P509 ?causeOfDeath.
  ?causeOfDeath wdt:P279* wd:Q12078.
  SERVICE wikibase:label { bd:serviceParam wikibase:language ""en"". }
}",True,0.9794,
142,medium,List the most popular heritage sites based on their sitelinks.,"SELECT ?site ?siteLabel ?sitelinks WHERE {
  ?site wdt:P1435 ?heritageStatus;
        wikibase:sitelinks ?sitelinks.
  SERVICE wikibase:label { bd:serviceParam wikibase:language ""[AUTO_LANGUAGE],en"". }
}
ORDER BY DESC(?sitelinks)
LIMIT 100",False,0.0,
143,medium,List Belgian artists who died in 1949 and will have their work enter the public domain in 2020.,"SELECT ?artist ?artistLabel WHERE {
  ?artist wdt:P31 wd:Q5;
          wdt:P27 wd:Q31;
          wdt:P106 wd:Q483501;
          wdt:P570 ?deathDate.
  FILTER(YEAR(?deathDate) = 1949)
  SERVICE wikibase:label { bd:serviceParam wikibase:language ""en"". }
}",True,0.0138,
144,medium,List the top magic schools by student enrollment.,"SELECT ?school ?schoolLabel ?studentCount WHERE {
  {
    SELECT ?school (COUNT(DISTINCT ?student) AS ?studentCount) WHERE {
      ?student wdt:P69 ?school.
      ?school wdt:P31/wdt:P279* wd:Q2385804.
    }
    GROUP BY ?school
  }
  SERVICE wikibase:label { bd:serviceParam wikibase:language ""en"". }
}
ORDER BY DESC(?studentCount)
LIMIT 10",True,0.0,
145,medium,List the countries of origin for people affiliated with Ghana's top 3 traditional universities.,"SELECT DISTINCT ?country ?countryLabel WHERE {
  {
    SELECT ?university WHERE {
      ?university wdt:P31/wdt:P279* wd:Q3918 ;
                  wdt:P17 wd:Q117 ;
                  wdt:P31 ?type .
      VALUES ?type { wd:Q3918 wd:Q189004 wd:Q2385804 }
      OPTIONAL { ?university wdt:P1128 ?students }
    }
    ORDER BY DESC(?students)
    LIMIT 3
  }

  ?person wdt:P108|wdt:P1416|wdt:P463 ?university ;
          wdt:P27 ?country .

  SERVICE wikibase:label { bd:serviceParam wikibase:language ""en"". }
}",False,0.0,
146,medium,List all male Americans born between 1875 and 1930 with exact dates of death but only year-specific birthdates.,"SELECT ?person ?personLabel ?birthDate ?deathDate WHERE {
  ?person wdt:P31 wd:Q5;
          wdt:P27 wd:Q30;
          wdt:P21 wd:Q6581097;
          p:P569 ?birthStmt;
          p:P570 ?deathStmt.

  ?birthStmt ps:P569 ?birthDate;
             wikibase:timePrecision ?birthPrecision.
  ?deathStmt ps:P570 ?deathDate;
             wikibase:timePrecision ?deathPrecision.

  FILTER(?birthDate >= ""1875-01-01T00:00:00Z""^^xsd:dateTime &&
         ?birthDate <  ""1931-01-01T00:00:00Z""^^xsd:dateTime)
  FILTER(?birthPrecision = 9)
  FILTER(?deathPrecision = 11)

  SERVICE wikibase:label { bd:serviceParam wikibase:language ""en"". }
}",True,1.0,
147,medium,List the French towns that have a street in Paris named after them.,"SELECT DISTINCT ?town ?townLabel WHERE {
  ?street wdt:P31/wdt:P279* wd:Q79007;
          wdt:P131 wd:Q90;
          wdt:P138 ?town.
  ?town wdt:P31/wdt:P279* wd:Q3957;
        wdt:P17 wd:Q142.
  SERVICE wikibase:label { bd:serviceParam wikibase:language ""en"". }
}",True,0.0,
148,medium,Show me a map of German states with links to iNaturalist observations.,"SELECT ?state ?stateLabel ?coord ?iNaturalist WHERE {
  ?state wdt:P31 wd:Q1221156;
         wdt:P17 wd:Q183;
         wdt:P625 ?coord;
         wdt:P3151 ?iNaturalist.
  SERVICE wikibase:label { bd:serviceParam wikibase:language ""en"". }
}",True,0.0,
149,medium,What are the Alpine peaks with an elevation above 1500 meters?,"SELECT ?peak ?peakLabel ?elevation WHERE {
  ?peak wdt:P31/wdt:P279* wd:Q8502;
        wdt:P17 ?country;
        wdt:P2044 ?elevation.
  VALUES ?country {
    wd:Q40    # Austria
    wd:Q38    # Italy
    wd:Q183   # Germany
    wd:Q142   # France
    wd:Q39    # Switzerland
    wd:Q55    # Netherlands? (not Alpine, omitted usually)
    wd:Q215   # Slovenia
    wd:Q228   # Andorra? (not Alpine)
    wd:Q31    # Belgium? (not Alpine)
    wd:Q213   # Czech Republic? (not Alpine)
    wd:Q221   # North Macedonia? (not Alpine)
    wd:Q225   # Bosnia and Herzegovina? (not Alpine)
    wd:Q224   # Croatia
    wd:Q219   # Bulgaria? (not Alpine)
    wd:Q41    # Greece? (not Alpine)
    wd:Q218   # Romania? (not Alpine)
    wd:Q45    # Portugal? (not Alpine)
    wd:Q217   # Moldova? (not Alpine)
    wd:Q214   # Slovakia
    wd:Q28    # Hungary? (not Alpine)
    wd:Q36    # Poland? (not Alpine)
    wd:Q241   # Cuba? (not Alpine)
    wd:Q229   # Cyprus? (not Alpine)
    wd:Q43    # Turkey? (not Alpine)
    wd:Q238   # San Marino
    wd:Q347   # Liechtenstein
    wd:Q233   # Malta? (not Alpine)
    wd:Q32    # Luxembourg? (not Alpine)
    wd:Q237   # Vatican City
    wd:Q403   # Serbia? (not Alpine)
    wd:Q20    # Norway? (not Alpine)
    wd:Q211   # Latvia? (not Alpine)
    wd:Q212   # Ukraine? (not Alpine)
    wd:Q236   # Montenegro
    wd:Q227   # Azerbaijan? (not Alpine)
    wd:Q222   # Albania? (not Alpine)
    wd:Q34    # Sweden? (not Alpine)
    wd:Q35    # Denmark? (not Alpine)
    wd:Q33    # Finland? (not Alpine)
  }
  FILTER(?elevation > 1500)
  SERVICE wikibase:label { bd:serviceParam wikibase:language ""en"". }
}
ORDER BY DESC(?elevation)",False,0.0,
150,medium,Show me the locations of Pablo Picasso's artworks on a map.,"SELECT DISTINCT ?artwork ?artworkLabel ?location ?locationLabel ?coord WHERE {
  ?artwork wdt:P170 wd:Q5593 .
  ?artwork wdt:P31/wdt:P279* wd:Q838948 .
  ?artwork wdt:P276 ?location .
  ?location wdt:P625 ?coord .
  SERVICE wikibase:label { bd:serviceParam wikibase:language ""en"". }
}",False,0.0,
151,medium,Find scientific statements related to the DOI 10.10.21/JA01577A030.,"SELECT ?statement ?statementLabel WHERE {
  VALUES ?doi { ""10.10.21/JA01577A030"" }

  ?work wdt:P356 ?doi .
  ?statement prov:wasDerivedFrom/pr:P248 ?work .

  SERVICE wikibase:label { bd:serviceParam wikibase:language ""en"". }
}",True,1.0,
152,medium,List all Hebrew nouns that can be both masculine and feminine.,"SELECT DISTINCT ?noun ?nounLabel WHERE {
  ?noun wdt:P31 wd:Q1084;
        wdt:P5185 wd:Q499327;
        wdt:P5185 wd:Q1775415.
  SERVICE wikibase:label { bd:serviceParam wikibase:language ""en,he"". }
}",True,0.0,
153,medium,List all winners of the FSF Award for the Advancement of Free Software along with their images.,"SELECT DISTINCT ?winner ?winnerLabel ?image WHERE {
  wd:Q5448399 p:P1346 ?awardStatement .
  ?awardStatement ps:P1346 ?winner .
  OPTIONAL { ?winner wdt:P18 ?image . }
  SERVICE wikibase:label { bd:serviceParam wikibase:language ""en"". }
}",True,0.0,
154,medium,Find images of languages and their dialects.,"SELECT DISTINCT ?language ?languageLabel ?languageImage ?dialect ?dialectLabel ?dialectImage WHERE {
  {
    ?language wdt:P31 wd:Q34770 .
  }
  UNION
  {
    ?language wdt:P31 wd:Q1288568 .
  }
  ?language wdt:P18 ?languageImage .
  ?dialect wdt:P31 wd:Q33215 ;
           wdt:P279* ?language .
  OPTIONAL { ?dialect wdt:P18 ?dialectImage . }
  SERVICE wikibase:label { bd:serviceParam wikibase:language ""en"". }
}",True,0.0,
155,medium,"Show me a map of parishes in New South Wales, Australia, organized by county.","SELECT ?parish ?parishLabel ?county ?countyLabel ?coord WHERE {
  ?parish wdt:P31 wd:Q1149652;
          wdt:P131 ?county;
          wdt:P625 ?coord.
  ?county wdt:P31 wd:Q735428.
  ?county wdt:P131* wd:Q3224.
  SERVICE wikibase:label { bd:serviceParam wikibase:language ""en"". }
}",True,0.0,
156,medium,List all organizations with their geographic locations.,"SELECT ?organization ?organizationLabel ?location ?locationLabel WHERE {
  ?organization wdt:P31/wdt:P279* wd:Q43229;
                wdt:P276 ?location.
  SERVICE wikibase:label { bd:serviceParam wikibase:language ""en"". }
}",False,0.0,
157,medium,List all French watercraft whose name begins with the letter A.,"SELECT ?watercraft ?watercraftLabel WHERE {
  ?watercraft wdt:P31/wdt:P279* wd:Q1229765;
              wdt:P495 wd:Q142;
              rdfs:label ?watercraftLabel.
  FILTER(LANG(?watercraftLabel) = ""en"")
  FILTER(STRSTARTS(?watercraftLabel, ""A""))
}
ORDER BY ?watercraftLabel",True,0.0507,
158,medium,List Indian films that are remakes of other Indian movies.,"SELECT DISTINCT ?film ?filmLabel ?original ?originalLabel WHERE {
  ?film wdt:P31 wd:Q11424;
        wdt:P495 wd:Q668;
        wdt:P144 ?original.
  ?original wdt:P31 wd:Q11424;
            wdt:P495 wd:Q668.
  SERVICE wikibase:label { bd:serviceParam wikibase:language ""en"". }
}",True,1.0,
159,medium,List the countries with the most metal bands.,"SELECT ?country ?countryLabel (COUNT(DISTINCT ?band) AS ?metalBands) WHERE {
  ?band wdt:P31/wdt:P279* wd:Q215380;
        wdt:P136/wdt:P279* wd:Q38848;
        wdt:P495 ?country.
  ?country wdt:P31 wd:Q6256.
  SERVICE wikibase:label { bd:serviceParam wikibase:language ""en"". }
}
GROUP BY ?country ?countryLabel
ORDER BY DESC(?metalBands)",True,0.4651,
160,medium,List all popes who had a parent that was also a pope.,"SELECT DISTINCT ?pope ?popeLabel ?parent ?parentLabel WHERE {
  ?pope wdt:P31 wd:Q5;
        wdt:P39 wd:Q19546;
        wdt:P22|wdt:P25 ?parent.
  ?parent wdt:P39 wd:Q19546.
  SERVICE wikibase:label { bd:serviceParam wikibase:language ""en"". }
}",True,1.0,
161,medium,List all locations with the name 'Earth' in any language.,"SELECT DISTINCT ?location ?locationLabel WHERE {
  ?location rdfs:label ?label .
  FILTER(LCASE(STR(?label)) = ""earth"")
  ?location wdt:P31/wdt:P279* wd:Q17334923 .
  SERVICE wikibase:label { bd:serviceParam wikibase:language ""[AUTO_LANGUAGE],en"". }
}",False,0.0,
162,medium,List scientific papers where an animal is credited as a co-author.,"SELECT DISTINCT ?paper ?paperLabel ?animal ?animalLabel WHERE {
  ?paper wdt:P31/wdt:P279* wd:Q13442814;
         p:P50 ?authorStmt.
  ?authorStmt ps:P50 ?animal.
  ?animal wdt:P31/wdt:P279* wd:Q729.
  SERVICE wikibase:label { bd:serviceParam wikibase:language ""en"". }
}",True,0.0,
163,medium,List all archaeological sites without coordinates.,"SELECT ?site ?siteLabel WHERE {
  ?site wdt:P31/wdt:P279* wd:Q839954 .
  FILTER NOT EXISTS { ?site wdt:P625 ?coordinate . }
  SERVICE wikibase:label { bd:serviceParam wikibase:language ""en"". }
}",False,0.0,
164,medium,List national flags that have inscriptions on them.,"SELECT DISTINCT ?flag ?flagLabel WHERE {
  ?flag wdt:P31 wd:Q14659;
        wdt:P180 ?depicted.
  ?depicted wdt:P31/wdt:P279* wd:Q179700.
  SERVICE wikibase:label { bd:serviceParam wikibase:language ""en"". }
}",True,0.0,
165,medium,Find individuals with both UK National Archives and US NARA IDs.,"SELECT ?person ?personLabel ?ukNationalArchivesId ?usNaraId WHERE {
  ?person wdt:P1014 ?ukNationalArchivesId;
          wdt:P1225 ?usNaraId.
  SERVICE wikibase:label { bd:serviceParam wikibase:language ""en"". }
}",True,0.0,
166,medium,List countries with featured articles on Russian Wikipedia.,"SELECT DISTINCT ?country ?countryLabel WHERE {
  ?article schema:about ?country ;
           schema:isPartOf <https://ru.wikipedia.org/> .
  ?country wdt:P31 wd:Q6256 .
  ?article wikibase:badge wd:Q17437796 .
  SERVICE wikibase:label { bd:serviceParam wikibase:language ""en"". }
}",False,0.0,
167,medium,List all fortifications related to the Dutch East India Company (VOC) and the Dutch West India Company (WIC).,"SELECT DISTINCT ?fortification ?fortificationLabel ?relatedCompany ?relatedCompanyLabel WHERE {
  VALUES ?relatedCompany { wd:Q40888 wd:Q188693 }
  ?fortification wdt:P31/wdt:P279* wd:Q5783996 .
  {
    ?fortification wdt:P127 ?relatedCompany .
  }
  UNION
  {
    ?fortification wdt:P361 ?relatedCompany .
  }
  UNION
  {
    ?fortification wdt:P138 ?relatedCompany .
  }
  UNION
  {
    ?fortification wdt:P1441 ?relatedCompany .
  }
  UNION
  {
    ?fortification wdt:P921 ?relatedCompany .
  }
  SERVICE wikibase:label { bd:serviceParam wikibase:language ""en"". }
}",True,0.0,
168,medium,List all movies directed by Jean-Luc Godard in chronological order.,"SELECT ?movie ?movieLabel ?publicationDate WHERE {
  ?movie wdt:P31 wd:Q11424;
         wdt:P57 wd:Q2001;
         wdt:P577 ?publicationDate.
  SERVICE wikibase:label { bd:serviceParam wikibase:language ""en"". }
}
ORDER BY ?publicationDate",True,0.014,
169,medium,Show me a map of the birthplaces of artists featured in Europeana 280.,"SELECT DISTINCT ?artist ?artistLabel ?birthplace ?birthplaceLabel ?coord WHERE {
  VALUES ?collection { wd:Q104730342 }
  ?artist wdt:P31 wd:Q5 ;
          wdt:P106 wd:Q483501 ;
          wdt:P19 ?birthplace .
  ?collection wdt:P527 ?artist .
  ?birthplace wdt:P625 ?coord .
  SERVICE wikibase:label { bd:serviceParam wikibase:language ""en"". }
}",True,1.0,
170,medium,List the people who have both a warship and a microarchitecture named after them.,"SELECT DISTINCT ?person ?personLabel ?warship ?warshipLabel ?microarchitecture ?microarchitectureLabel WHERE {
  ?warship wdt:P31/wdt:P279* wd:Q11446;
           wdt:P138 ?person.
  ?microarchitecture wdt:P31/wdt:P279* wd:Q1054164;
                     wdt:P138 ?person.
  SERVICE wikibase:label { bd:serviceParam wikibase:language ""en"". }
}",True,1.0,
171,medium,List all types of food in English.,"SELECT DISTINCT ?food ?foodLabel WHERE {
  ?food wdt:P31/wdt:P279* wd:Q2095 .
  SERVICE wikibase:label { bd:serviceParam wikibase:language ""en"". }
}
ORDER BY ?foodLabel",True,0.0019,
172,medium,List all female artists.,"SELECT DISTINCT ?artist ?artistLabel WHERE {
  ?artist wdt:P31 wd:Q5;
          wdt:P21 wd:Q6581072;
          wdt:P106 wd:Q483501.
  SERVICE wikibase:label { bd:serviceParam wikibase:language ""en"". }
}",True,0.0,
173,medium,List all paintings that are classified as still life and were created by female artists.,"SELECT DISTINCT ?painting ?paintingLabel ?artist ?artistLabel WHERE {
  ?painting wdt:P31 wd:Q3305213;
            wdt:P136 wd:Q170571;
            wdt:P170 ?artist.
  ?artist wdt:P21 wd:Q6581072.
  SERVICE wikibase:label { bd:serviceParam wikibase:language ""en"". }
}",True,0.2242,
174,medium,List all articles about Wikidata instances.,"SELECT ?article ?articleLabel WHERE {
  ?article wdt:P31 wd:Q13442814 .
  SERVICE wikibase:label { bd:serviceParam wikibase:language ""en"". }
}",True,1.0,
175,medium,Find statements with a specific value assigned to property P1343 and retrieve their references.,"SELECT ?item ?statement ?reference ?refProp ?refValue WHERE {
  ?item p:P1343 ?statement .
  ?statement ps:P1343 wd:Q42 ;
             prov:wasDerivedFrom ?reference .
  ?reference ?pr ?refValue .
  ?refProp wikibase:reference ?pr .
}",True,0.0,
176,medium,Show me a map of lakes and rivers in France.,"SELECT DISTINCT ?item ?itemLabel ?coord WHERE {
  VALUES ?class { wd:Q23397 wd:Q4022 }
  ?item wdt:P31/wdt:P279* ?class ;
        wdt:P17 wd:Q142 ;
        wdt:P625 ?coord .
  SERVICE wikibase:label { bd:serviceParam wikibase:language ""en"". }
}",False,0.0,
177,medium,Find paintings of ships created by Charles Heaphy.,"SELECT ?painting ?paintingLabel WHERE {
  ?painting wdt:P31 wd:Q3305213;
            wdt:P170 wd:Q2952504.
  ?painting wdt:P180 wd:Q11446.
  SERVICE wikibase:label { bd:serviceParam wikibase:language ""en"". }
}",True,0.0,
178,medium,Show me a map of images from the Wicipics project in Wales.,"SELECT DISTINCT ?item ?itemLabel ?coord ?image WHERE {
  ?item wdt:P18 ?image;
        wdt:P625 ?coord;
        wdt:P195 ?collection.
  ?collection rdfs:label ?collectionLabel.
  FILTER(LANG(?collectionLabel) = ""en"")
  FILTER(CONTAINS(LCASE(?collectionLabel), ""wicipics""))

  ?item wdt:P131* wd:Q25.

  SERVICE wikibase:label { bd:serviceParam wikibase:language ""en"". }
}",True,0.0,
179,medium,List all poets from the Kingdom of Great Britain with known birth and death years.,"SELECT ?poet ?poetLabel ?birthYear ?deathYear WHERE {
  ?poet wdt:P31 wd:Q5;
        wdt:P106 wd:Q49757;
        wdt:P27 wd:Q161885;
        wdt:P569 ?birthDate;
        wdt:P570 ?deathDate.
  BIND(YEAR(?birthDate) AS ?birthYear)
  BIND(YEAR(?deathDate) AS ?deathYear)
  SERVICE wikibase:label { bd:serviceParam wikibase:language ""en"". }
}
ORDER BY ?birthYear ?poetLabel",True,0.7324,
180,medium,List all coups d'etat that occurred in the 21st century.,"SELECT ?coup ?coupLabel ?date WHERE {
  ?coup wdt:P31/wdt:P279* wd:Q45382;
        wdt:P585 ?date.
  FILTER(YEAR(?date) >= 2001 && YEAR(?date) <= 2100)
  SERVICE wikibase:label { bd:serviceParam wikibase:language ""en"". }
}
ORDER BY ?date",True,0.8883,
181,medium,List all Wikidata entities with multiple Electronic Enlightenment IDs.,"SELECT ?item ?itemLabel (COUNT(DISTINCT ?eeid) AS ?idCount) WHERE {
  ?item wdt:P1315 ?eeid .
  SERVICE wikibase:label { bd:serviceParam wikibase:language ""en"". }
}
GROUP BY ?item ?itemLabel
HAVING (COUNT(DISTINCT ?eeid) > 1)",False,0.0,
182,medium,List German movie titles that imply someone or something doesn't answer.,"SELECT ?film ?filmLabel WHERE {
  ?film wdt:P31 wd:Q11424;
        wdt:P1476 ?title.
  FILTER(LANG(?title) = ""de"")
  FILTER(REGEX(STR(?title), ""antwortet nicht"", ""i""))
  SERVICE wikibase:label { bd:serviceParam wikibase:language ""de,en"". }
}",True,0.0,
183,medium,List all female artists.,"SELECT ?artist ?artistLabel WHERE {
  ?artist wdt:P31 wd:Q5;
          wdt:P21 wd:Q6581072;
          wdt:P106 wd:Q483501.
  SERVICE wikibase:label { bd:serviceParam wikibase:language ""en"". }
}",True,0.0,
184,medium,List all biological taxa named after metal music bands.,"SELECT DISTINCT ?taxon ?taxonLabel ?namedAfter ?namedAfterLabel WHERE {
  ?taxon wdt:P31/wdt:P279* wd:Q16521;
         wdt:P138 ?namedAfter.
  ?namedAfter wdt:P31/wdt:P279* wd:Q215380.
  SERVICE wikibase:label { bd:serviceParam wikibase:language ""en"". }
}",False,0.0,
185,medium,List authors with their Project Gutenberg IDs and Electronic Enlightenment IDs.,"SELECT ?author ?authorLabel ?gutenbergId ?electronicEnlightenmentId WHERE {
  ?author wdt:P31 wd:Q5;
          wdt:P1938 ?gutenbergId;
          wdt:P5373 ?electronicEnlightenmentId.
  SERVICE wikibase:label { bd:serviceParam wikibase:language ""en"". }
}",True,0.0,
186,medium,List all artworks created by Ferdinand Bauer that do not have a 'depicts' property.,"SELECT ?artwork ?artworkLabel WHERE {
  ?artwork wdt:P170 wd:Q5879 .
  FILTER NOT EXISTS { ?artwork wdt:P180 ?depicts . }
  SERVICE wikibase:label { bd:serviceParam wikibase:language ""en"". }
}",True,0.0,
187,medium,List the notable people whose doctoral advisor was a University of Bristol alum.,"SELECT DISTINCT ?person ?personLabel ?advisor ?advisorLabel WHERE {
  ?person wdt:P184 ?advisor .
  ?advisor wdt:P69 wd:Q187816 .
  SERVICE wikibase:label { bd:serviceParam wikibase:language ""en"". }
}",True,0.0,
188,medium,List the top software titles with their dependency counts.,"SELECT ?software ?softwareLabel (COUNT(DISTINCT ?dependency) AS ?dependencyCount)
WHERE {
  ?software wdt:P31 wd:Q7397 .
  ?software wdt:P1547 ?dependency .
  SERVICE wikibase:label { bd:serviceParam wikibase:language ""en"". }
}
GROUP BY ?software ?softwareLabel
ORDER BY DESC(?dependencyCount)
LIMIT 100",True,0.0,
189,medium,List all tram bridges located in France.,"SELECT DISTINCT ?bridge ?bridgeLabel WHERE {
  ?bridge wdt:P31/wdt:P279* wd:Q12280.      # bridge
  ?bridge wdt:P31/wdt:P279* wd:Q282142.     # tramway bridge
  ?bridge wdt:P17 wd:Q142.                  # France
  SERVICE wikibase:label { bd:serviceParam wikibase:language ""en"". }
}",True,0.0,
190,medium,List all works with languages spoken in a specific country.,"SELECT DISTINCT ?work ?workLabel ?language ?languageLabel ?country ?countryLabel WHERE {
  ?country wdt:P31 wd:Q6256;
           wdt:P37 ?language.
  ?work wdt:P31/wdt:P279* wd:Q386724;
        wdt:P407 ?language.
  SERVICE wikibase:label { bd:serviceParam wikibase:language ""en"". }
}",False,0.0,
191,medium,"List the children of Johann Sebastian Bach with his first wife, Maria Barbara Bach.","SELECT ?child ?childLabel WHERE {
  wd:Q1339 p:P40 ?childStatement .
  ?childStatement ps:P40 ?child ;
                  pq:P3373 wd:Q231492 .
  SERVICE wikibase:label { bd:serviceParam wikibase:language ""en"". }
}",True,0.0,
192,medium,List all lexemes that describe a color.,"SELECT ?lexeme ?lexemeLabel WHERE {
  ?lexeme dct:language ?language;
          wikibase:lexicalCategory ?category;
          ontolex:sense ?sense.
  ?sense ontolex:reference wd:Q1075.
  SERVICE wikibase:label { bd:serviceParam wikibase:language ""[AUTO_LANGUAGE],en"". }
}",True,0.0,
193,medium,List all individuals buried in Pere-Lachaise cemetery who were born in a Ukrainian city.,"SELECT DISTINCT ?person ?personLabel ?birthplace ?birthplaceLabel WHERE {
  ?person wdt:P119 wd:Q311 ;
          wdt:P19 ?birthplace .
  ?birthplace wdt:P31/wdt:P279* wd:Q515 .
  ?birthplace wdt:P17 wd:Q212 .
  SERVICE wikibase:label { bd:serviceParam wikibase:language ""en"". }
}",True,0.2346,
194,medium,List all films shot in Austria.,"SELECT ?film ?filmLabel WHERE {
  ?film wdt:P31 wd:Q11424;
        wdt:P915 wd:Q40.
  SERVICE wikibase:label { bd:serviceParam wikibase:language ""en"". }
}",True,0.2165,
195,medium,List all entities that have received the Commander of the Legion of Honour award without any references.,"SELECT DISTINCT ?entity ?entityLabel WHERE {
  ?entity p:P166 ?awardStatement .
  ?awardStatement ps:P166 wd:Q191790 ;
                  prov:wasDerivedFrom ?ref .
  FILTER NOT EXISTS { ?awardStatement prov:wasDerivedFrom ?anyRef }
  SERVICE wikibase:label { bd:serviceParam wikibase:language ""en"". }
}",True,0.0,
196,medium,"List the Jameel items in Ashmolean Museum with their URLs, ordered by the number of statements.","SELECT ?item ?itemLabel ?url ?statements WHERE {
  ?item wdt:P195 wd:Q636400;
        wdt:P195i ?collectionStatement.
  ?collectionStatement pq:P195 wd:Q7647497.
  OPTIONAL { ?item wdt:P973 ?url. }
  ?item wikibase:statements ?statements.
  SERVICE wikibase:label { bd:serviceParam wikibase:language ""en"". }
}
ORDER BY DESC(?statements)",True,0.0,
197,medium,List all album covers that show a specific location.,"SELECT DISTINCT ?albumCover ?albumCoverLabel ?location ?locationLabel WHERE {
  ?albumCover wdt:P31 wd:Q478798;
              wdt:P180 ?location.
  ?location wdt:P31/wdt:P279* wd:Q17334923.
  SERVICE wikibase:label { bd:serviceParam wikibase:language ""en"". }
}",True,0.0,
198,medium,Find locations that have something named after them.,"SELECT DISTINCT ?location ?locationLabel ?namedThing ?namedThingLabel WHERE {
  ?namedThing wdt:P138 ?location .
  SERVICE wikibase:label { bd:serviceParam wikibase:language ""en"". }
}",False,0.0,
199,medium,Show a bubble chart of occupations held by people affiliated with the University of Clermont.,"SELECT ?occupation ?occupationLabel (COUNT(DISTINCT ?person) AS ?count) WHERE {
  ?person wdt:P1416 wd:Q1787675;
          wdt:P106 ?occupation.
  SERVICE wikibase:label { bd:serviceParam wikibase:language ""en"". }
}
GROUP BY ?occupation ?occupationLabel
ORDER BY DESC(?count)",True,0.0,
200,medium,Show me a list of nuclear weapons tests with their coordinates.,"SELECT ?test ?testLabel ?coord WHERE {
  ?test wdt:P31 wd:Q1054456;
        wdt:P625 ?coord.
  SERVICE wikibase:label { bd:serviceParam wikibase:language ""en"". }
}",True,0.0,
201,medium,List the number of UK parliament seats where members switched to other seats each year from 1830 to 1910.,"SELECT ?year (COUNT(DISTINCT ?seat) AS ?numberOfSeats)
WHERE {
  ?person p:P39 ?ps1, ?ps2 .
  ?ps1 ps:P39 ?position1 ;
       pq:P768 ?seat ;
       pq:P580 ?start1 .
  ?ps2 ps:P39 ?position2 ;
       pq:P768 ?otherSeat ;
       pq:P580 ?start2 .
  FILTER(?seat != ?otherSeat)
  FILTER(YEAR(?start1) = ?year)
  FILTER(YEAR(?start2) = ?year)
  FILTER(?year >= 1830 && ?year <= 1910)
  
  ?position1 wdt:P279* wd:Q16707842 .
  ?position2 wdt:P279* wd:Q16707842 .
  
  ?seat wdt:P17 wd:Q145 .
  ?otherSeat wdt:P17 wd:Q145 .
}
GROUP BY ?year
ORDER BY ?year",True,0.0,
202,medium,List the paintings in the Louvre's Paintings Department created by female artists.,"SELECT DISTINCT ?painting ?paintingLabel ?artist ?artistLabel WHERE {
  ?painting wdt:P31 wd:Q3305213;
            wdt:P195 wd:Q19675;
            wdt:P170 ?artist.
  ?artist wdt:P21 wd:Q6581072.
  ?painting p:P195 ?collectionStatement.
  ?collectionStatement ps:P195 wd:Q19675;
                       pq:P1951 wd:Q672747.
  SERVICE wikibase:label { bd:serviceParam wikibase:language ""en"". }
}",True,0.0,
203,medium,Find the GADM ID of a specific administrative area and get its corresponding GBIF dataset link.,"SELECT ?adminArea ?adminAreaLabel ?gadmID ?gbifDataset WHERE {
  ?adminArea wdt:P3257 ?gadmID;
             wdt:P2750 ?gbifDataset.
  SERVICE wikibase:label { bd:serviceParam wikibase:language ""[AUTO_LANGUAGE],en"". }
}",True,0.0,
204,medium,What is the maximum population of cities in each country?,"SELECT ?country ?countryLabel (MAX(?population) AS ?maxPopulation)
WHERE {
  ?city wdt:P31/wdt:P279* wd:Q515 ;
        wdt:P17 ?country ;
        wdt:P1082 ?population .
  SERVICE wikibase:label { bd:serviceParam wikibase:language ""en"". }
}
GROUP BY ?country ?countryLabel
ORDER BY ?countryLabel",True,0.6498,
205,medium,List all the birthplaces of Liverpool football players on a map.,"SELECT DISTINCT ?player ?playerLabel ?birthplace ?birthplaceLabel ?coord WHERE {
  ?player wdt:P31 wd:Q5;
          wdt:P106 wd:Q937857;
          wdt:P27 ?country;
          wdt:P19 ?birthplace.
  VALUES ?team { wd:Q18656 wd:Q1139181 }
  ?player p:P54 ?membership.
  ?membership ps:P54 ?team.
  
  ?birthplace wdt:P625 ?coord.
  
  SERVICE wikibase:label { bd:serviceParam wikibase:language ""en"". }
}",True,0.0516,
206,medium,Show me a list of parliament buildings from each country with their corresponding images.,"SELECT ?country ?countryLabel ?parliamentBuilding ?parliamentBuildingLabel ?image WHERE {
  ?parliamentBuilding wdt:P31/wdt:P279* wd:Q41176 ;
                      wdt:P17 ?country ;
                      wdt:P18 ?image .
  SERVICE wikibase:label { bd:serviceParam wikibase:language ""[AUTO_LANGUAGE],en"". }
}",False,0.0,
207,medium,"List the children of Johann Sebastian Bach with his first wife, Maria Barbara Bach.","SELECT ?child ?childLabel WHERE {
  wd:Q1339 p:P40 ?childStatement .
  ?childStatement ps:P40 ?child ;
                  pq:P3373 wd:Q57487 .
  SERVICE wikibase:label { bd:serviceParam wikibase:language ""en"". }
}",True,0.0,
208,medium,List scientists who died by burning.,"SELECT DISTINCT ?scientist ?scientistLabel WHERE {
  ?scientist wdt:P106 wd:Q901;
             wdt:P509 wd:Q1131296.
  SERVICE wikibase:label { bd:serviceParam wikibase:language ""en"". }
}",True,1.0,
209,medium,List the institutions where UNR faculty members earned their degrees.,"SELECT DISTINCT ?institution ?institutionLabel WHERE {
  ?faculty wdt:P108 wd:Q6456477;
           p:P69 ?educationStatement.
  ?educationStatement ps:P69 ?institution.
  FILTER EXISTS { ?faculty wdt:P31 wd:Q5. }
  SERVICE wikibase:label { bd:serviceParam wikibase:language ""en"". }
}",True,0.0,
210,medium,"List all places in Ghana with names ending in 'li', 'ti', or 'om'.","SELECT DISTINCT ?place ?placeLabel WHERE {
  ?place wdt:P31/wdt:P279* wd:Q618123 .
  ?place wdt:P17 wd:Q117 .
  SERVICE wikibase:label { bd:serviceParam wikibase:language ""en"". }
  FILTER(
    REGEX(LCASE(STR(?placeLabel)), ""(li|ti|om)$"")
  )
}",True,1.0,
211,medium,Find people who have been infected with COVID-19.,"SELECT DISTINCT ?person ?personLabel WHERE {
  ?person wdt:P1050 wd:Q84263196 .
  SERVICE wikibase:label { bd:serviceParam wikibase:language ""en"". }
}",True,0.8176,
212,medium,List all French National Assembly members born outside of France.,"SELECT DISTINCT ?member ?memberLabel ?birthPlace ?birthPlaceLabel WHERE {
  ?member wdt:P31 wd:Q5;
          p:P39 ?statement.
  ?statement ps:P39 wd:Q3044918.
  FILTER NOT EXISTS { ?statement pq:P582 ?endTime. }

  ?member wdt:P27 wd:Q142;
          wdt:P19 ?birthPlace.

  FILTER(?birthPlace != wd:Q142)
  FILTER NOT EXISTS { ?birthPlace wdt:P17 wd:Q142. }

  SERVICE wikibase:label { bd:serviceParam wikibase:language ""en"". }
}",True,0.4144,
213,medium,List all the suffragettes around the world along with their birthplaces and coordinates.,"SELECT DISTINCT ?suffragette ?suffragetteLabel ?birthplace ?birthplaceLabel ?coord WHERE {
  ?suffragette wdt:P31 wd:Q5;
               wdt:P106 wd:Q15296811;
               wdt:P19 ?birthplace.
  OPTIONAL { ?birthplace wdt:P625 ?coord. }
  SERVICE wikibase:label { bd:serviceParam wikibase:language ""en"". }
}",True,0.0044,
214,medium,List the top 10 botanists who have authored the most taxons.,"SELECT ?botanist ?botanistLabel (COUNT(DISTINCT ?taxon) AS ?taxonCount) WHERE {
  ?taxon wdt:P31 wd:Q16521;
         wdt:P405 ?botanist.
  ?botanist wdt:P106 wd:Q2374149.
  SERVICE wikibase:label { bd:serviceParam wikibase:language ""en"". }
}
GROUP BY ?botanist ?botanistLabel
ORDER BY DESC(?taxonCount)
LIMIT 10",True,1.0,
215,medium,List the years when pride parades started.,"SELECT DISTINCT ?item ?itemLabel ?startYear WHERE {
  ?item wdt:P31/wdt:P279* wd:Q1631129;
        wdt:P571 ?startDate.
  BIND(YEAR(?startDate) AS ?startYear)
  SERVICE wikibase:label { bd:serviceParam wikibase:language ""en"". }
}
ORDER BY ?startYear ?itemLabel",True,0.0,
216,medium,What are the key initiatives promoting open access to research in Japan?,"SELECT DISTINCT ?initiative ?initiativeLabel ?initiativeDescription WHERE {
  {
    ?initiative wdt:P31/wdt:P279* wd:Q43229.
  }
  UNION
  {
    ?initiative wdt:P31 wd:Q1668024.
  }
  UNION
  {
    ?initiative wdt:P31 wd:Q4830453.
  }
  ?initiative (wdt:P17|wdt:P495|wdt:P159/wdt:P17) wd:Q17.
  OPTIONAL {
    ?initiative schema:description ?initiativeDescription.
    FILTER(LANG(?initiativeDescription) = ""en"")
  }
  SERVICE wikibase:label { bd:serviceParam wikibase:language ""en"". }
} LIMIT 50",False,0.0,
217,medium,List museums named after a specific person or thing.,"SELECT DISTINCT ?museum ?museumLabel ?namesake ?namesakeLabel WHERE {
  ?museum wdt:P31/wdt:P279* wd:Q33506;
          wdt:P138 ?namesake.
  SERVICE wikibase:label { bd:serviceParam wikibase:language ""en"". }
}",True,0.7858,
218,medium,List all movie titles that contain the word 'it'.,"SELECT ?movie ?movieLabel WHERE {
  ?movie wdt:P31 wd:Q11424 .
  ?movie rdfs:label ?movieLabel .
  FILTER(LANG(?movieLabel) = ""en"")
  FILTER(CONTAINS(LCASE(?movieLabel), ""it""))
}",True,0.0,
219,medium,List all the songs composed by Charlie Parker.,"SELECT ?song ?songLabel WHERE {
  ?song wdt:P31/wdt:P279* wd:Q7366;
        wdt:P86 wd:Q10026.
  SERVICE wikibase:label { bd:serviceParam wikibase:language ""en"". }
}",True,0.0,
220,medium,"List all books written by Arthur Conan Doyle, including their titles, illustrators, publishers, and publication dates if available.","SELECT ?book ?bookLabel ?illustratorLabel ?publisherLabel ?publicationDate WHERE {
  ?book wdt:P50 wd:Q35610.
  ?book wdt:P31/wdt:P279* wd:Q571.

  OPTIONAL { ?book wdt:P110 ?illustrator. }
  OPTIONAL { ?book wdt:P123 ?publisher. }
  OPTIONAL { ?book wdt:P577 ?publicationDate. }

  SERVICE wikibase:label { bd:serviceParam wikibase:language ""en"". }
}
ORDER BY ?bookLabel ?publicationDate",True,0.0,
221,medium,List bodies of water with the most rivers flowing into them.,"SELECT ?bodyOfWater ?bodyOfWaterLabel (COUNT(DISTINCT ?river) AS ?riverCount) WHERE {
  ?river wdt:P31/wdt:P279* wd:Q4022;
         wdt:P403 ?bodyOfWater.
  SERVICE wikibase:label { bd:serviceParam wikibase:language ""en"". }
}
GROUP BY ?bodyOfWater ?bodyOfWaterLabel
ORDER BY DESC(?riverCount)
LIMIT 100",False,0.0,
222,medium,List all the paintings in the Suter Art Gallery.,"SELECT ?painting ?paintingLabel WHERE {
  ?painting wdt:P31/wdt:P279* wd:Q3305213 .
  ?painting wdt:P195 wd:Q7641967 .
  SERVICE wikibase:label { bd:serviceParam wikibase:language ""en"". }
}",True,0.0,
223,medium,List all Indian districts that share a border with another district.,"SELECT DISTINCT ?district ?districtLabel ?neighbor ?neighborLabel WHERE {
  ?district wdt:P31/wdt:P279* wd:Q1149652;
            wdt:P17 wd:Q668;
            wdt:P47 ?neighbor.
  ?neighbor wdt:P31/wdt:P279* wd:Q1149652;
            wdt:P17 wd:Q668.
  FILTER(?district != ?neighbor)
  SERVICE wikibase:label { bd:serviceParam wikibase:language ""en"". }
}",True,1.0,
224,medium,List the inventors who died as a result of their own creations.,"SELECT DISTINCT ?inventor ?inventorLabel ?creation ?creationLabel ?causeLabel WHERE {
  ?inventor wdt:P31 wd:Q5;
            wdt:P106 wd:Q205375;
            wdt:P509 ?cause.
  ?cause wdt:P31/wdt:P279* ?creation.
  ?inventor wdt:P61 ?creation.
  SERVICE wikibase:label { bd:serviceParam wikibase:language ""en"". }
}",True,0.0,
225,medium,Find war memorials with their geographical coordinates.,"SELECT ?warMemorial ?warMemorialLabel ?coord WHERE {
  ?warMemorial wdt:P31 wd:Q4989906;
               wdt:P625 ?coord.
  SERVICE wikibase:label { bd:serviceParam wikibase:language ""en"". }
}",True,0.0037,
226,medium,List items that have Toki Pona as a language of work or name.,"SELECT ?item ?itemLabel WHERE {
  ?item wdt:P407 wd:Q36738 .
  SERVICE wikibase:label { bd:serviceParam wikibase:language ""[AUTO_LANGUAGE],en"". }
}",True,0.0,
227,medium,List the number of musical compositions on Wikidata by language in descending order.,"SELECT ?language ?languageLabel (COUNT(DISTINCT ?composition) AS ?count) WHERE {
  ?composition wdt:P31 wd:Q207628;
               wdt:P407 ?language.
  SERVICE wikibase:label { bd:serviceParam wikibase:language ""en"". }
}
GROUP BY ?language ?languageLabel
ORDER BY DESC(?count)",True,0.0,
228,medium,How many musicians are there in each country according to Wikidata?,"SELECT ?country ?countryLabel (COUNT(DISTINCT ?musician) AS ?musicianCount) WHERE {
  ?musician wdt:P31 wd:Q5;
            wdt:P106 wd:Q639669.
  ?musician wdt:P27 ?country.
  SERVICE wikibase:label { bd:serviceParam wikibase:language ""en"". }
}
GROUP BY ?country ?countryLabel
ORDER BY DESC(?musicianCount)",True,0.5678,
229,medium,List the influential people born between 1590 and 1750 who were influenced by other humans.,"SELECT ?person ?personLabel ?birthDate ?influencedBy ?influencedByLabel WHERE {
  ?person wdt:P31 wd:Q5;
          wdt:P569 ?birthDate;
          wdt:P737 ?influencedBy.
  ?influencedBy wdt:P31 wd:Q5.
  FILTER(?birthDate >= ""1590-01-01T00:00:00Z""^^xsd:dateTime &&
         ?birthDate < ""1751-01-01T00:00:00Z""^^xsd:dateTime)
  SERVICE wikibase:label { bd:serviceParam wikibase:language ""en"". }
}",True,0.8034,
230,medium,How many items are not linked to any statements?,"SELECT (COUNT(*) AS ?count)
WHERE {
  ?item ?p ?o .
  FILTER(STRSTARTS(STR(?item), ""http://www.wikidata.org/entity/Q""))
  FILTER NOT EXISTS {
    ?item ?anyPredicate ?anyValue .
    FILTER(STRSTARTS(STR(?anyPredicate), ""http://www.wikidata.org/prop/""))
  }
}",False,0.0,
231,medium,What nationalities are represented among authors who have published papers related to Australian fauna?,"SELECT DISTINCT ?nationalityLabel WHERE {
  ?paper wdt:P31 wd:Q13442814;
         wdt:P921 ?topic;
         wdt:P50 ?author.
  ?topic wdt:P361* wd:Q5090.
  ?author wdt:P27 ?nationality.
  SERVICE wikibase:label { bd:serviceParam wikibase:language ""en"". }
}",True,0.0,
232,medium,List all the collections that have photos taken by Carleton Watkins.,"SELECT DISTINCT ?collection ?collectionLabel WHERE {
  ?photo wdt:P170 wd:Q5043710.
  ?photo wdt:P195 ?collection.
  SERVICE wikibase:label { bd:serviceParam wikibase:language ""en"". }
}",True,0.0,
233,medium,Find the coordinates of places where people named Antoine were born.,"SELECT DISTINCT ?person ?personLabel ?place ?placeLabel ?coord WHERE {
  ?person wdt:P31 wd:Q5;
          rdfs:label ?name;
          wdt:P19 ?place.
  FILTER(LANG(?name) = ""en"")
  FILTER(STRSTARTS(LCASE(STR(?name)), ""antoine""))
  ?place wdt:P625 ?coord.
  SERVICE wikibase:label { bd:serviceParam wikibase:language ""en"". }
}",False,0.0,
234,medium,List the birthplaces of famous art historians.,"SELECT DISTINCT ?artHistorian ?artHistorianLabel ?birthplace ?birthplaceLabel WHERE {
  ?artHistorian wdt:P106 wd:Q1792450;
                wdt:P19 ?birthplace.
  OPTIONAL { ?artHistorian wdt:P1412 ?notability. }
  SERVICE wikibase:label { bd:serviceParam wikibase:language ""en"". }
}
LIMIT 100",True,0.0037,
235,medium,List all items with official names containing a slash.,"SELECT ?item ?itemLabel ?officialName WHERE {
  ?item p:P1448 ?statement .
  ?statement ps:P1448 ?officialName .
  FILTER(CONTAINS(STR(?officialName), ""/""))
  SERVICE wikibase:label { bd:serviceParam wikibase:language ""[AUTO_LANGUAGE],en"". }
}",False,0.0,
236,medium,List mathematicians who have siblings that are actors or musicians.,"SELECT DISTINCT ?mathematician ?mathematicianLabel ?sibling ?siblingLabel WHERE {
  ?mathematician wdt:P106 wd:Q170790;
                 wdt:P3373 ?sibling.
  ?sibling wdt:P106 ?occupation.
  VALUES ?occupation { wd:Q33999 wd:Q177220 }
  SERVICE wikibase:label { bd:serviceParam wikibase:language ""en"". }
}",True,0.2147,
237,medium,List the women who have received awards from Women in Technology International.,"SELECT DISTINCT ?woman ?womanLabel WHERE {
  ?woman wdt:P31 wd:Q5;
         wdt:P21 wd:Q6581072;
         p:P166 ?awardStatement.
  ?awardStatement ps:P166 ?award.
  ?award pq:P1027 wd:Q7942809.
  SERVICE wikibase:label { bd:serviceParam wikibase:language ""en"". }
}",True,1.0,
238,medium,List the actors who have worked with Shah Rukh Khan in multiple films.,"SELECT DISTINCT ?actor ?actorLabel (COUNT(DISTINCT ?film) AS ?filmCount) WHERE {
  VALUES ?srk { wd:Q1327 }
  ?film wdt:P161 ?srk ;
        wdt:P161 ?actor .
  FILTER(?actor != ?srk)

  SERVICE wikibase:label { bd:serviceParam wikibase:language ""en"". }
}
GROUP BY ?actor ?actorLabel
HAVING(COUNT(DISTINCT ?film) > 1)
ORDER BY DESC(?filmCount) ?actorLabel",True,0.0,
239,medium,List all 355 municipalities in the Netherlands along with their geo coordinates and provinces.,"SELECT ?municipality ?municipalityLabel ?coord ?province ?provinceLabel WHERE {
  ?municipality wdt:P31 wd:Q2039348;
                wdt:P17 wd:Q55;
                wdt:P625 ?coord;
                wdt:P131 ?province.
  ?province wdt:P31 wd:Q134390.
  SERVICE wikibase:label { bd:serviceParam wikibase:language ""en"". }
}
ORDER BY ?municipalityLabel",True,0.2934,
240,medium,What language do the labels of Q137 and Q12518 have in common?,"SELECT DISTINCT ?languageLabel WHERE {
  VALUES ?item { wd:Q137 wd:Q12518 }

  ?item rdfs:label ?label .
  BIND(LANG(?label) AS ?lang)

  FILTER(?lang != """")

  {
    SELECT ?lang
    WHERE {
      VALUES ?item2 { wd:Q137 wd:Q12518 }
      ?item2 rdfs:label ?label2 .
      BIND(LANG(?label2) AS ?lang)
      FILTER(?lang != """")
    }
    GROUP BY ?lang
    HAVING(COUNT(DISTINCT ?item2) = 2)
  }

  SERVICE wikibase:label { bd:serviceParam wikibase:language ""en"". }
  ?language wdt:P218 ?lang .
}",True,0.0,
241,medium,What are the UK parliamentary constituencies that share a border with each other?,"SELECT DISTINCT ?constituency ?constituencyLabel ?neighbor ?neighborLabel WHERE {
  ?constituency wdt:P31 wd:Q27971968 .
  ?neighbor wdt:P31 wd:Q27971968 .
  ?constituency wdt:P47 ?neighbor .
  FILTER(?constituency != ?neighbor)
  SERVICE wikibase:label { bd:serviceParam wikibase:language ""en"". }
}",True,0.9756,
242,medium,List all groups of fictional characters from the Marvel universe.,"SELECT DISTINCT ?group ?groupLabel WHERE {
  ?group wdt:P31 wd:Q16334295;
         wdt:P1441 wd:Q5869.
  SERVICE wikibase:label { bd:serviceParam wikibase:language ""en"". }
}",True,1.0,
243,medium,Show me the locations of libraries in India on a map.,"SELECT ?library ?libraryLabel ?coord WHERE {
  ?library wdt:P31/wdt:P279* wd:Q7075;
           wdt:P17 wd:Q668;
           wdt:P625 ?coord.
  SERVICE wikibase:label { bd:serviceParam wikibase:language ""en"". }
}",True,0.4537,
244,medium,Show me the tram lines in Vienna.,"SELECT DISTINCT ?line ?lineLabel WHERE {
  ?line wdt:P31/wdt:P279* wd:Q728937 ;
        wdt:P131 wd:Q1741 .
  SERVICE wikibase:label { bd:serviceParam wikibase:language ""en"". }
}",True,0.0208,
245,medium,List Mexican writers born between 1800 and 1900.,"SELECT ?writer ?writerLabel ?birthDate WHERE {
  ?writer wdt:P31 wd:Q5;
          wdt:P27 wd:Q96;
          wdt:P106 wd:Q36180;
          wdt:P569 ?birthDate.
  FILTER(?birthDate >= ""1800-01-01T00:00:00Z""^^xsd:dateTime &&
         ?birthDate < ""1901-01-01T00:00:00Z""^^xsd:dateTime)
  SERVICE wikibase:label { bd:serviceParam wikibase:language ""en"". }
}
ORDER BY ?birthDate",True,0.7638,
246,medium,"List all National Film Award winners from the 1990s, organized by award category.","SELECT ?awardCategory ?awardCategoryLabel ?winner ?winnerLabel ?year WHERE {
  VALUES ?year { 1990 1991 1992 1993 1994 1995 1996 1997 1998 1999 }

  ?winner p:P166 ?awardStatement .
  ?awardStatement ps:P166 ?awardCategory ;
                  pq:P585 ?date .

  ?awardCategory wdt:P31/wdt:P279* wd:Q4220917 .
  FILTER(YEAR(?date) = ?year)

  SERVICE wikibase:label { bd:serviceParam wikibase:language ""en"". }
}
ORDER BY ?awardCategoryLabel ?year ?winnerLabel",True,0.0178,
247,medium,Find hills in the UK with horse figures drawn on them.,"SELECT DISTINCT ?hill ?hillLabel WHERE {
  ?hill wdt:P31/wdt:P279* wd:Q54050 .
  ?hill wdt:P17 wd:Q145 .
  ?figure wdt:P31/wdt:P279* wd:Q188640 .
  ?figure wdt:P131* ?hill .
  SERVICE wikibase:label { bd:serviceParam wikibase:language ""en"". }
}",True,0.0,
248,medium,List Tex-Mex singers who are also musicians.,"SELECT DISTINCT ?person ?personLabel WHERE {
  ?person wdt:P31 wd:Q5;
          wdt:P106 wd:Q177220;
          wdt:P106 wd:Q639669.
  SERVICE wikibase:label { bd:serviceParam wikibase:language ""en"". }
}",False,0.0,
249,medium,List all athletes born in a specific location who play for Real Sociedad.,"SELECT DISTINCT ?athlete ?athleteLabel ?birthPlace ?birthPlaceLabel WHERE {
  ?athlete wdt:P31 wd:Q5;
           wdt:P106 wd:Q2066131;
           wdt:P19 ?birthPlace;
           wdt:P54 wd:Q10313.
  SERVICE wikibase:label { bd:serviceParam wikibase:language ""en"". }
}",True,0.0,
250,medium,List all individuals born on a river.,"SELECT DISTINCT ?person ?personLabel ?river ?riverLabel WHERE {
  ?person wdt:P31 wd:Q5;
          wdt:P19 ?river.
  ?river wdt:P31/wdt:P279* wd:Q4022.
  SERVICE wikibase:label { bd:serviceParam wikibase:language ""[AUTO_LANGUAGE],en"". }
}",True,0.9863,
251,medium,Find the locations of boundary stones near Radibor.,"SELECT DISTINCT ?boundaryStone ?boundaryStoneLabel ?location ?locationLabel WHERE {
  ?boundaryStone wdt:P31/wdt:P279* wd:Q2319498 .
  ?boundaryStone wdt:P131* wd:Q1435830 .
  OPTIONAL { ?boundaryStone wdt:P276 ?location . }
  SERVICE wikibase:label { bd:serviceParam wikibase:language ""en"". }
}",True,0.0,
252,medium,List all paintings by Rembrandt in the Louvre or Rijksmuseum.,"SELECT DISTINCT ?painting ?paintingLabel ?museum ?museumLabel WHERE {
  VALUES ?museum { wd:Q19675 wd:Q190804 }
  ?painting wdt:P31/wdt:P279* wd:Q3305213 ;
            wdt:P170 wd:Q5598 ;
            wdt:P195 ?museum .
  SERVICE wikibase:label { bd:serviceParam wikibase:language ""en"". }
}",True,0.2535,
253,medium,Show a map of countries by the year they joined the United Nations.,"SELECT ?country ?countryLabel ?coord ?joined WHERE {
  ?country wdt:P31 wd:Q6256;
           wdt:P625 ?coord;
           p:P463 ?membershipStmt.
  ?membershipStmt ps:P463 wd:Q1065;
                  pq:P580 ?joined.
  SERVICE wikibase:label { bd:serviceParam wikibase:language ""en"". }
}
ORDER BY ?joined",True,0.0014,
254,medium,What jobs did UK Prime Ministers have before becoming politicians?,"SELECT ?primeMinister ?primeMinisterLabel ?occupation ?occupationLabel WHERE {
  ?primeMinister p:P39 ?statement.
  ?statement ps:P39 wd:Q14211.
  ?statement pq:P17 wd:Q145.

  ?primeMinister wdt:P106 ?occupation.

  FILTER(?occupation != wd:Q82955)  # exclude ""politician""
  SERVICE wikibase:label { bd:serviceParam wikibase:language ""en"". }
}
ORDER BY ?primeMinisterLabel ?occupationLabel",True,0.0,
255,medium,What are the laws in Indonesia that apply to indigenous people?,"SELECT DISTINCT ?law ?lawLabel WHERE {
  ?law wdt:P31 wd:Q7748;
       wdt:P1001 wd:Q252.
  {
    ?law wdt:P921 ?topic.
    VALUES ?topic {
      wd:Q103817
      wd:Q329319
      wd:Q15265344
      wd:Q2472587
    }
  }
  UNION
  {
    ?law wdt:P921 ?topic .
    ?topic (wdt:P279*|wdt:P361*) wd:Q103817 .
  }
  SERVICE wikibase:label { bd:serviceParam wikibase:language ""en"". }
}",True,0.0,
256,medium,List all the authors who have received a Nobel Prize and cited Egon Willighagen's work.,"SELECT DISTINCT ?author ?authorLabel WHERE {
  ?author wdt:P31 wd:Q5;
          wdt:P166 ?nobelPrize;
          wdt:P2860 ?citedWork.
  ?nobelPrize wdt:P31/wdt:P279* wd:Q7191.
  ?citedWork wdt:P50 wd:Q5381426.
  SERVICE wikibase:label { bd:serviceParam wikibase:language ""en"". }
}",True,1.0,
257,medium,List documents from the Boyer collection organized by decade.,"SELECT ?decadeLabel (COUNT(?document) AS ?documentCount) WHERE {
  ?document wdt:P195 wd:Q49401771 .
  ?document wdt:P31/wdt:P279* wd:Q49848 .
  ?document wdt:P571 ?date .
  BIND(YEAR(?date) AS ?year)
  BIND(CONCAT(STR(FLOOR(?year / 10) * 10), ""s"") AS ?decadeLabel)
  SERVICE wikibase:label { bd:serviceParam wikibase:language ""en"". }
}
GROUP BY ?decadeLabel
ORDER BY ?decadeLabel",True,0.0,
258,medium,List all items in the History of Science Museum with their descriptions.,"SELECT ?item ?itemLabel ?itemDescription WHERE {
  wd:Q1807880 wdt:P527 ?item .
  SERVICE wikibase:label { bd:serviceParam wikibase:language ""en"". }
}",True,0.0,
259,medium,List all items with their CBDB and VIAF IDs.,"SELECT ?item ?itemLabel ?cbdb ?viaf WHERE {
  ?item wdt:P497 ?cbdb ;
        wdt:P214 ?viaf .
  SERVICE wikibase:label { bd:serviceParam wikibase:language ""en"". }
}",True,0.8046,
260,complex,List the top film directors by their number of films and sitelinks.,"SELECT ?director ?directorLabel (COUNT(DISTINCT ?film) AS ?filmCount) ?sitelinks
WHERE {
  ?film wdt:P31 wd:Q11424;
        wdt:P57 ?director.
  ?director wikibase:sitelinks ?sitelinks.
  SERVICE wikibase:label { bd:serviceParam wikibase:language ""[AUTO_LANGUAGE],en"". }
}
GROUP BY ?director ?directorLabel ?sitelinks
ORDER BY DESC(?filmCount) DESC(?sitelinks)
LIMIT 100",False,0.0,
261,complex,List the countries with their corresponding number of coronavirus cases.,"SELECT ?countryLabel ?cases WHERE {
  ?country wdt:P31 wd:Q3624078;
           p:P1603 ?statement.
  ?statement ps:P1603 ?cases.
  SERVICE wikibase:label { bd:serviceParam wikibase:language ""en"". }
}
ORDER BY DESC(?cases)",True,0.0,
262,complex,List all doctoral theses with their authors and institutions.,"SELECT DISTINCT ?thesis ?thesisLabel ?author ?authorLabel ?institution ?institutionLabel WHERE {
  ?thesis wdt:P31 wd:Q1266946 .
  OPTIONAL { ?thesis wdt:P50 ?author . }
  OPTIONAL { ?thesis wdt:P1027 ?institution . }
  SERVICE wikibase:label { bd:serviceParam wikibase:language ""en"". }
}",True,1.0,
263,complex,What are the parent taxa of Asterophryinae?,"SELECT DISTINCT ?parentTaxon ?parentTaxonLabel WHERE {
  wd:Q2864686 wdt:P171 ?parentTaxon .
  SERVICE wikibase:label { bd:serviceParam wikibase:language ""en"". }
}",True,0.0,
264,complex,Find the CIViC citation corpus and extract PubMed IDs.,"SELECT DISTINCT ?pubmed_id WHERE {
  ?citation_corpus wdt:P31 wd:Q112026683 .
  ?citation_corpus rdfs:label ""CIViC citation corpus""@en .
  ?citation_corpus wdt:P698 ?pubmed_id .
}",True,1.0,
265,complex,List all instruments created by Antonio Stradivari.,"SELECT DISTINCT ?instrument ?instrumentLabel WHERE {
  ?instrument wdt:P170 wd:Q316219 .
  SERVICE wikibase:label { bd:serviceParam wikibase:language ""en"". }
}",True,0.0,
266,complex,Find scholarly articles with 'Zika' in their title.,"SELECT ?article ?articleLabel WHERE {
  ?article wdt:P31 wd:Q13442814 ;
           rdfs:label ?articleLabel .
  FILTER(LANG(?articleLabel) = ""en"")
  FILTER(CONTAINS(LCASE(?articleLabel), ""zika""))
}",True,1.0,
267,complex,List all items that have a description in English but no English label.,"SELECT ?item ?itemDescription WHERE {
  ?item schema:description ?itemDescription .
  FILTER(LANG(?itemDescription) = ""en"")
  FILTER NOT EXISTS {
    ?item rdfs:label ?itemLabel .
    FILTER(LANG(?itemLabel) = ""en"")
  }
}",False,0.0,
268,complex,"What are the ingredients in a sandwich, excluding bread?","SELECT DISTINCT ?ingredient ?ingredientLabel WHERE {
  ?sandwich wdt:P31/wdt:P279* wd:Q28803.
  ?sandwich p:P527 ?partStatement.
  ?partStatement ps:P527 ?ingredient.
  OPTIONAL { ?partStatement pq:P518 ?appliesToPart. }

  FILTER NOT EXISTS {
    ?ingredient wdt:P279* wd:Q7802.
  }

  SERVICE wikibase:label { bd:serviceParam wikibase:language ""en"". }
}",True,0.6132,
269,complex,List all Law & Order episodes along with their season and episode numbers.,"SELECT ?episode ?episodeLabel ?seasonNumber ?episodeNumber WHERE {
  ?episode wdt:P31 wd:Q21191270;
           wdt:P179 wd:Q1400;
           wdt:P4908 ?seasonNumber;
           wdt:P1545 ?episodeNumber.
  SERVICE wikibase:label { bd:serviceParam wikibase:language ""en"". }
}
ORDER BY ?seasonNumber ?episodeNumber",True,1.0,
270,complex,List all images used by multiple churches.,"SELECT ?image (COUNT(DISTINCT ?church) AS ?churchCount) WHERE {
  ?church wdt:P31/wdt:P279* wd:Q16970;
          wdt:P18 ?image.
}
GROUP BY ?image
HAVING (COUNT(DISTINCT ?church) > 1)
ORDER BY DESC(?churchCount) ?image",True,0.3847,
271,complex,List all virtual conferences along with their environment and other details.,"SELECT ?conference ?conferenceLabel ?conferenceDescription ?environment ?environmentLabel ?instanceOf ?instanceOfLabel ?officialWebsite ?startTime ?endTime WHERE {
  ?conference wdt:P31 wd:Q2020153 .
  OPTIONAL { ?conference wdt:P2283 ?environment . }
  OPTIONAL { ?conference wdt:P31 ?instanceOf . }
  OPTIONAL { ?conference wdt:P856 ?officialWebsite . }
  OPTIONAL { ?conference wdt:P580 ?startTime . }
  OPTIONAL { ?conference wdt:P582 ?endTime . }
  SERVICE wikibase:label { bd:serviceParam wikibase:language ""en"". }
}",True,0.0038,
272,complex,What is the average lifespan of people in different professions?,"SELECT ?professionLabel (AVG(?lifespanYears) AS ?averageLifespanYears) WHERE {
  ?person wdt:P31 wd:Q5;
          wdt:P106 ?profession;
          wdt:P569 ?birthDate;
          wdt:P570 ?deathDate.
  BIND((YEAR(?deathDate) - YEAR(?birthDate)) AS ?lifespanYears)
  SERVICE wikibase:label { bd:serviceParam wikibase:language ""en"". }
}
GROUP BY ?professionLabel
ORDER BY DESC(?averageLifespanYears)",False,0.0,
273,complex,List the identifiers present on Penelope Cruz's item but not on Sean Connery's.,"SELECT DISTINCT ?identifierProp ?identifierPropLabel WHERE {
  VALUES ?person { wd:Q25089 wd:Q882 }
  ?identifierProp wikibase:propertyType ?ptype .
  FILTER(?ptype IN (wikibase:ExternalId, wikibase:String, wikibase:Url))

  wd:Q25089 ?p1 ?v1 .
  ?identifierProp wikibase:directClaim ?p1 .

  FILTER NOT EXISTS {
    wd:Q882 ?p2 ?v2 .
    ?identifierProp wikibase:directClaim ?p2 .
  }

  SERVICE wikibase:label { bd:serviceParam wikibase:language ""en"". }
} ORDER BY ?identifierPropLabel",True,0.0253,
274,complex,List all trans artists with their occupation and image.,"SELECT DISTINCT ?artist ?artistLabel ?occupationLabel ?image WHERE {
  ?artist wdt:P31 wd:Q5;
          wdt:P21 wd:Q1052281;
          wdt:P106 ?occupation.
  VALUES ?occupation {
    wd:Q483501        # artist
    wd:Q1028181       # painter
    wd:Q1281618       # sculptor
    wd:Q33231         # photographer
    wd:Q177220        # singer
    wd:Q639669        # musician
    wd:Q36834         # composer
    wd:Q753110        # graphic designer
    wd:Q266569        # actor
    wd:Q2490358       # film director
    wd:Q36180         # writer
    wd:Q1930187       # journalist
    wd:Q15949613      # visual artist
    wd:Q10800557      # film producer
    wd:Q1792450       # drag queen
  }
  OPTIONAL { ?artist wdt:P18 ?image. }
  SERVICE wikibase:label { bd:serviceParam wikibase:language ""en"". }
}
ORDER BY ?artistLabel",True,0.0,
275,complex,What are the places near Papa Stour?,"SELECT ?place ?placeLabel WHERE {
  wd:Q3368656 wdt:P206 ?bodyOfWater .
  ?place wdt:P706 ?bodyOfWater .
  FILTER(?place != wd:Q3368656)
  SERVICE wikibase:label { bd:serviceParam wikibase:language ""en"". }
}",True,0.0,
276,complex,List the longest English words in alphabetical order.,"SELECT ?word ?wordLabel WHERE {
  ?word wdt:P31 wd:Q1084;
        rdfs:label ?wordLabel.
  FILTER(LANG(?wordLabel) = ""en"")
  BIND(STRLEN(?wordLabel) AS ?len)
  {
    SELECT (MAX(?l) AS ?maxLen) WHERE {
      ?w wdt:P31 wd:Q1084;
         rdfs:label ?lab.
      FILTER(LANG(?lab) = ""en"")
      BIND(STRLEN(?lab) AS ?l)
    }
  }
  FILTER(?len = ?maxLen)
  BIND(?wordLabel AS ?word)
}
ORDER BY ?wordLabel",True,0.0,
277,complex,List all Welsh journals and newspapers with their publication dates and places.,"SELECT ?item ?itemLabel ?inception ?place ?placeLabel WHERE {
  VALUES ?type { wd:Q5633421 wd:Q11032 }  # journal, newspaper
  ?item wdt:P31 ?type ;
        wdt:P495 wd:Q25 .
  OPTIONAL { ?item wdt:P571 ?inception . }
  OPTIONAL { ?item wdt:P291 ?place . }
  SERVICE wikibase:label { bd:serviceParam wikibase:language ""en"". }
}
ORDER BY ?itemLabel",True,0.0138,
278,complex,List economists by their fields of work and nationalities.,"SELECT ?economist ?economistLabel ?field ?fieldLabel ?country ?countryLabel WHERE {
  ?economist wdt:P106 wd:Q188094;
             wdt:P101 ?field;
             wdt:P27 ?country.
  SERVICE wikibase:label { bd:serviceParam wikibase:language ""en"". }
}
ORDER BY ?economistLabel ?fieldLabel ?countryLabel",True,0.1346,
279,complex,List the top animals depicted in artworks.,"SELECT ?animal ?animalLabel (COUNT(DISTINCT ?artwork) AS ?count) WHERE {
  ?artwork wdt:P31/wdt:P279* wd:Q838948 ;
           wdt:P180 ?animal .
  ?animal wdt:P31/wdt:P279* wd:Q729 .
  SERVICE wikibase:label { bd:serviceParam wikibase:language ""en"". }
}
GROUP BY ?animal ?animalLabel
ORDER BY DESC(?count)
LIMIT 20",False,0.0,
280,complex,List the European regions with a population density of less than 30 people per square kilometer.,"SELECT ?region ?regionLabel ?density WHERE {
  ?region wdt:P31 wd:Q82794;
          wdt:P2046 ?area;
          wdt:P1082 ?population;
          wdt:P17 ?country.
  ?country wdt:P30 wd:Q46.
  BIND((?population / ?area) AS ?density)
  FILTER(?density < 30)
  SERVICE wikibase:label { bd:serviceParam wikibase:language ""en"". }
}
ORDER BY ?density",True,0.0,
281,complex,List all restaurants in Luxembourg that have a Michelin star.,"SELECT DISTINCT ?restaurant ?restaurantLabel WHERE {
  ?restaurant wdt:P31/wdt:P279* wd:Q11707;
              wdt:P131* wd:Q32;
              wdt:P166 ?award.
  ?award wdt:P31 wd:Q28464773.
  SERVICE wikibase:label { bd:serviceParam wikibase:language ""en"". }
}",True,0.0,
282,complex,What properties are most commonly used in references?,"SELECT ?property ?propertyLabel (COUNT(*) AS ?count) WHERE {
  ?statement ?refPred ?reference .
  FILTER(STRSTARTS(STR(?refPred), STR(prov:wasDerivedFrom)))
  ?reference ?pr ?value .
  FILTER(STRSTARTS(STR(?pr), STR(pr:)))
  BIND(IRI(REPLACE(STR(?pr), STR(pr:), STR(wdt:))) AS ?property)
  SERVICE wikibase:label { bd:serviceParam wikibase:language ""en"". }
}
GROUP BY ?property ?propertyLabel
ORDER BY DESC(?count)
LIMIT 100",False,0.0,
283,complex,List all WikiProjects focused on women.,"SELECT ?wikiproject ?wikiprojectLabel WHERE {
  ?wikiproject wdt:P31 wd:Q16695773;
               wdt:P921 wd:Q467.
  SERVICE wikibase:label { bd:serviceParam wikibase:language ""en"". }
}",True,0.0,
284,complex,Find pictures of theatres in Carthalia from the outside and inside.,"SELECT DISTINCT ?theatre ?theatreLabel ?image ?viewTypeLabel WHERE {
  {
    ?theatre wdt:P31/wdt:P279* wd:Q24354;
             wdt:P131* wd:Q1734631.
    VALUES ?prop { wdt:P18 wdt:P2716 }
    ?theatre ?prop ?image.
    BIND(""outside"" AS ?viewType)
  }
  UNION
  {
    ?theatre wdt:P31/wdt:P279* wd:Q24354;
             wdt:P131* wd:Q1734631;
             p:P18 ?imageStmt.
    ?imageStmt ps:P18 ?image;
               pq:P518 wd:Q500011524.
    BIND(wd:Q500011524 AS ?viewType)
  }
  SERVICE wikibase:label { bd:serviceParam wikibase:language ""en"". }
}",True,0.0,
285,complex,List the countries with their number of citizens having a specific blood type.,"SELECT ?country ?countryLabel ?bloodType ?bloodTypeLabel (COUNT(DISTINCT ?person) AS ?numberOfCitizens)
WHERE {
  ?person wdt:P27 ?country;
          wdt:P1853 ?bloodType.
  SERVICE wikibase:label { bd:serviceParam wikibase:language ""en"". }
}
GROUP BY ?country ?countryLabel ?bloodType ?bloodTypeLabel
ORDER BY ?countryLabel ?bloodTypeLabel",True,0.336,
286,complex,What artworks are commonly depicted in both the Ashmolean Museum and the Cleveland Museum of Art?,"SELECT DISTINCT ?artwork ?artworkLabel WHERE {
  {
    SELECT ?artwork (COUNT(DISTINCT ?museum) AS ?museumCount) WHERE {
      VALUES ?museum { wd:Q636400 wd:Q657415 }
      ?artwork wdt:P180 ?museum .
    }
    GROUP BY ?artwork
    HAVING(?museumCount = 2)
  }
  SERVICE wikibase:label { bd:serviceParam wikibase:language ""en"". }
}",True,1.0,
287,complex,"List the movies featuring Jean-Paul Belmondo, ranked by their number of sitelinks.","SELECT ?movie ?movieLabel ?sitelinks WHERE {
  ?movie wdt:P161 wd:Q312555 .
  ?movie wikibase:sitelinks ?sitelinks .
  SERVICE wikibase:label { bd:serviceParam wikibase:language ""[AUTO_LANGUAGE],en"". }
}
ORDER BY DESC(?sitelinks) ?movieLabel",True,0.0,
288,complex,List male actors who played the same character in a trilogy of movies when they were young and again decades later.,"SELECT DISTINCT ?actor ?actorLabel ?character ?characterLabel WHERE {
  ?actor wdt:P31 wd:Q5;
         wdt:P21 wd:Q6581097;
         p:P161 ?cast1, ?cast2.
  
  ?cast1 ps:P161 ?actor;
         pq:P453 ?character;
         pq:P1545 ?ord1.
  ?cast2 ps:P161 ?actor;
         pq:P453 ?character;
         pq:P1545 ?ord2.
  
  FILTER(?cast1 != ?cast2)
  FILTER(?ord1 != ?ord2)
  
  ?film1 p:P161 ?cast1;
         wdt:P31 wd:Q11424.
  ?film2 p:P161 ?cast2;
         wdt:P31 wd:Q11424.
  
  ?film1 wdt:P179 ?series.
  ?film2 wdt:P179 ?series.
  
  ?series wdt:P31/wdt:P279* wd:Q24856.
  
  FILTER(?film1 != ?film2)
  
  ?film1 wdt:P577 ?date1.
  ?film2 wdt:P577 ?date2.
  BIND(YEAR(?date1) AS ?y1)
  BIND(YEAR(?date2) AS ?y2)
  FILTER(ABS(?y2 - ?y1) >= 20)
  
  SERVICE wikibase:label { bd:serviceParam wikibase:language ""en"". }
}",True,0.0,
289,complex,Find churches in the Czech Republic dedicated to St. Wenceslas or St. Cyril and Methodius.,"SELECT ?church ?churchLabel ?dedicationLabel ?locationLabel WHERE {
  VALUES ?dedicationTarget { wd:Q43416 wd:Q749496 wd:Q178882 }
  ?church wdt:P31/wdt:P279* wd:Q16970 ;
          wdt:P17 wd:Q213 ;
          wdt:P138 ?dedicationTarget .
  OPTIONAL { ?church wdt:P131 ?location . }
  SERVICE wikibase:label { bd:serviceParam wikibase:language ""en"". }
}",True,0.0,
290,complex,Show me a map of all Wikidata items located in Ukraine.,"SELECT ?item ?itemLabel ?coord WHERE {
  ?item wdt:P17 wd:Q212 ;
        wdt:P625 ?coord .
  SERVICE wikibase:label { bd:serviceParam wikibase:language ""[AUTO_LANGUAGE],en"". }
}",True,0.0937,
291,complex,List photographers born before the first photograph was taken.,"SELECT DISTINCT ?photographer ?photographerLabel ?birthDate WHERE {
  {
    SELECT (MIN(?photoDate) AS ?firstPhotoDate) WHERE {
      ?photo wdt:P31/wdt:P279* wd:Q125191 ;
             wdt:P577 ?photoDate .
    }
  }
  ?photographer wdt:P31 wd:Q5 ;
                wdt:P106 wd:Q33231 ;
                wdt:P569 ?birthDate .
  FILTER(?birthDate < ?firstPhotoDate)
  SERVICE wikibase:label { bd:serviceParam wikibase:language ""en"". }
}
ORDER BY ?birthDate",True,0.0,
292,complex,List all grammatical features and their subclasses.,"SELECT ?feature ?featureLabel ?subclass ?subclassLabel WHERE {
  ?feature wdt:P31 wd:Q980357.
  OPTIONAL { ?subclass wdt:P279 ?feature. }
  SERVICE wikibase:label { bd:serviceParam wikibase:language ""en"". }
}
ORDER BY ?featureLabel ?subclassLabel",True,0.0139,
293,complex,List famous Latin American female musicians who don't have a Wikipedia article in Spanish.,"SELECT DISTINCT ?person ?personLabel WHERE {
  ?person wdt:P31 wd:Q5;
          wdt:P21 wd:Q6581072;
          wdt:P27 ?country;
          wdt:P106 ?occupation.
  VALUES ?country {
    wd:Q414  # Argentina
    wd:Q298  # Chile
    wd:Q419  # Peru
    wd:Q736  # Ecuador
    wd:Q774  # Guatemala
    wd:Q783  # Honduras
    wd:Q786  # Dominican Republic
    wd:Q739  # Colombia
    wd:Q750  # Bolivia
    wd:Q717  # Venezuela
    wd:Q77   # Uruguay
    wd:Q96   # Mexico
    wd:Q241  # Cuba
    wd:Q800  # Costa Rica
    wd:Q804  # Panama
    wd:Q811  # Nicaragua
    wd:Q733  # Paraguay
    wd:Q29   # Brazil
    wd:Q734  # Guyana
    wd:Q730  # Suriname
    wd:Q574  # East Timor
    wd:Q155  # Brazil? (omit if needed)
    wd:Q736  # Ecuador
    wd:Q45   # Portugal? (not Latin America, harmless if removed)
    wd:Q792  # El Salvador
    wd:Q805  # Yemen? (not Latin America, harmless if removed)
    wd:Q717  # Venezuela
    wd:Q77   # Uruguay
    wd:Q750  # Bolivia
    wd:Q739  # Colombia
    wd:Q419  # Peru
  }
  VALUES ?occupation {
    wd:Q177220   # singer
    wd:Q639669   # musician
    wd:Q753110   # songwriter
    wd:Q36834    # composer
    wd:Q488205   # singer-songwriter
    wd:Q2405480  # recording artist
  }

  ?person wdt:P27 ?country.
  ?person wdt:P106 ?occupation.

  OPTIONAL { ?person wdt:P166 ?award. }
  OPTIONAL { ?person wdt:P800 ?notableWork. }
  OPTIONAL { ?person wdt:P1411 ?nominatedFor. }
  FILTER(BOUND(?award) || BOUND(?notableWork) || BOUND(?nominatedFor))

  FILTER NOT EXISTS {
    ?article schema:about ?person;
             schema:isPartOf <https://es.wikipedia.org/>.
  }

  SERVICE wikibase:label { bd:serviceParam wikibase:language ""en"". }
}
LIMIT 100",False,0.0,
294,complex,List the events where most video games were announced.,"SELECT ?event ?eventLabel ?announcedGamesCount WHERE {
  {
    SELECT ?event (COUNT(DISTINCT ?game) AS ?announcedGamesCount) WHERE {
      ?game wdt:P31/wdt:P279* wd:Q7889;
            p:P577 ?pubStmt.
      ?pubStmt ps:P577 ?date;
               pq:P291 ?event.
    }
    GROUP BY ?event
  }
  {
    SELECT (MAX(?count) AS ?maxCount) WHERE {
      {
        SELECT ?event (COUNT(DISTINCT ?game) AS ?count) WHERE {
          ?game wdt:P31/wdt:P279* wd:Q7889;
                p:P577 ?pubStmt.
          ?pubStmt ps:P577 ?date;
                   pq:P291 ?event.
        }
        GROUP BY ?event
      }
    }
  }
  FILTER(?announcedGamesCount = ?maxCount)
  SERVICE wikibase:label { bd:serviceParam wikibase:language ""en"". }
}",True,0.0,
295,complex,Find the century when archaeological objects in St Raymond museum were discovered.,"SELECT DISTINCT ?discoveryCenturyLabel WHERE {
  ?object wdt:P195 wd:Q3403983;
          wdt:P31/wdt:P279* wd:Q220659;
          p:P575 ?discoveryStatement.
  ?discoveryStatement ps:P575 ?discoveryDate.
  OPTIONAL { ?discoveryStatement pq:P4241 ?discoveryCentury. }
  BIND(
    IF(BOUND(?discoveryCentury),
       ?discoveryCentury,
       IF(YEAR(?discoveryDate) < 0,
          IRI(CONCAT(""http://www.wikidata.org/entity/Q"", STR(100 + FLOOR((ABS(YEAR(?discoveryDate)) - 1) / 100)))),
          IRI(CONCAT(""http://www.wikidata.org/entity/Q"", STR(101 + FLOOR((YEAR(?discoveryDate) - 1) / 100))))
       )
    ) AS ?discoveryCenturyEntity
  )
  SERVICE wikibase:label { bd:serviceParam wikibase:language ""en"". ?discoveryCenturyEntity rdfs:label ?discoveryCenturyLabel. }
}",True,0.0,
296,complex,List all statues in the UK that depict women or nobles.,"SELECT DISTINCT ?statue ?statueLabel WHERE {
  ?statue wdt:P31/wdt:P279* wd:Q860861.
  ?statue wdt:P17 wd:Q145.
  {
    ?statue wdt:P180 ?subject.
    ?subject wdt:P21 wd:Q6581072.
  }
  UNION
  {
    ?statue wdt:P180 ?subject.
    ?subject wdt:P31/wdt:P279* wd:Q4175034.
  }
  SERVICE wikibase:label { bd:serviceParam wikibase:language ""en"". }
}",False,0.0,
297,complex,List all cricket teams with their number of players and gender.,"SELECT ?team ?teamLabel ?numberOfPlayers ?gender ?genderLabel WHERE {
  ?team wdt:P31/wdt:P279* wd:Q12973014.
  OPTIONAL { ?team wdt:P1128 ?numberOfPlayers. }
  OPTIONAL { ?team wdt:P21 ?gender. }
  SERVICE wikibase:label { bd:serviceParam wikibase:language ""en"". }
}",True,0.0,
298,complex,Find entities related to Percy Bysshe Shelley and their corresponding images.,"SELECT ?entity ?entityLabel ?image WHERE {
  VALUES ?person { wd:Q9334 }
  {
    ?entity ?p ?person .
  }
  UNION
  {
    ?person ?p ?entity .
  }
  ?entity wdt:P18 ?image .
  FILTER(?entity != ?person)
  SERVICE wikibase:label { bd:serviceParam wikibase:language ""en"". }
}",True,0.0,
299,complex,What are the most common characteristics of objects in a specific collection?,"SELECT ?property ?propertyLabel ?value ?valueLabel (COUNT(?item) AS ?count) WHERE {
  {
    SELECT ?item WHERE {
      ?item wdt:P195 ?collection .
      ?collection rdfs:label ?collectionLabel .
      FILTER(LANG(?collectionLabel) = ""en"")
    }
    LIMIT 1000
  }
  ?item ?p ?value .
  ?property wikibase:directClaim ?p .
  FILTER(STRSTARTS(STR(?p), STR(wdt:)))
  FILTER(!isLiteral(?value))
  SERVICE wikibase:label { bd:serviceParam wikibase:language ""en"". }
}
GROUP BY ?property ?propertyLabel ?value ?valueLabel
ORDER BY DESC(?count)
LIMIT 50",False,0.0,
300,complex,List all Swiss films along with their duration in minutes and release date.,"SELECT ?film ?filmLabel ?durationMinutes ?releaseDate WHERE {
  ?film wdt:P31 wd:Q11424 ;
        wdt:P495 wd:Q39 ;
        wdt:P2047 ?durationMinutes ;
        wdt:P577 ?releaseDate .
  SERVICE wikibase:label { bd:serviceParam wikibase:language ""en"". }
}
ORDER BY ?filmLabel",True,0.0,
301,complex,List all members of the Illuminati Order along with their birth dates.,"SELECT ?member ?memberLabel ?birthDate WHERE {
  wd:Q1533086 wdt:P527 ?member .
  OPTIONAL { ?member wdt:P569 ?birthDate . }
  SERVICE wikibase:label { bd:serviceParam wikibase:language ""en"". }
}",True,1.0,
302,complex,List all Czech art collections with their sizes.,"SELECT ?collection ?collectionLabel ?size WHERE {
  ?collection wdt:P31/wdt:P279* wd:Q2668072;
              wdt:P17 wd:Q213;
              wdt:P2047 ?size.
  SERVICE wikibase:label { bd:serviceParam wikibase:language ""en"". }
}",True,0.0,
303,complex,List airports named after famous poets.,"SELECT DISTINCT ?airport ?airportLabel ?poet ?poetLabel WHERE {
  ?airport wdt:P31/wdt:P279* wd:Q1248784;
           wdt:P138 ?poet.
  ?poet wdt:P106/wdt:P279* wd:Q49757.
  SERVICE wikibase:label { bd:serviceParam wikibase:language ""en"". }
}",True,0.543,
304,complex,"Show me a map of Italian cities with schools, highlighting areas with high school density.","SELECT ?city ?cityLabel ?cityCoord (COUNT(DISTINCT ?school) AS ?schoolCount)
WHERE {
  ?city wdt:P31/wdt:P279* wd:Q486972;
        wdt:P17 wd:Q38;
        wdt:P625 ?cityCoord.
  ?school wdt:P31/wdt:P279* wd:Q3914;
          wdt:P131* ?city.
  SERVICE wikibase:label { bd:serviceParam wikibase:language ""en,it"". }
}
GROUP BY ?city ?cityLabel ?cityCoord
ORDER BY DESC(?schoolCount)",False,0.0,
305,complex,Show me hillforts in the UK without images on a map.,"SELECT DISTINCT ?hillfort ?hillfortLabel ?coord WHERE {
  ?hillfort wdt:P31/wdt:P279* wd:Q744794;
            wdt:P625 ?coord;
            wdt:P17 wd:Q145.
  FILTER NOT EXISTS { ?hillfort wdt:P18 ?image. }
  SERVICE wikibase:label { bd:serviceParam wikibase:language ""en"". }
}",True,0.0,
306,complex,List all pathways with their corresponding gene and metabolite counts.,"SELECT ?pathway ?pathwayLabel
       (COUNT(DISTINCT ?gene) AS ?geneCount)
       (COUNT(DISTINCT ?metabolite) AS ?metaboliteCount)
WHERE {
  ?pathway wdt:P31/wdt:P279* wd:Q4915012 .
  OPTIONAL { ?pathway wdt:P527 ?gene . ?gene wdt:P31 wd:Q7187 . }
  OPTIONAL { ?pathway wdt:P527 ?metabolite . ?metabolite wdt:P31/wdt:P279* wd:Q11173 . }
  SERVICE wikibase:label { bd:serviceParam wikibase:language ""en"". }
}
GROUP BY ?pathway ?pathwayLabel
ORDER BY ?pathwayLabel",False,0.0,
307,complex,Find authors with works published online during the Early Modern period.,"SELECT DISTINCT ?author ?authorLabel ?work ?workLabel ?publicationDate WHERE {
  ?work wdt:P50 ?author;
        wdt:P577 ?publicationDate.
  FILTER(?publicationDate >= ""1500-01-01T00:00:00Z""^^xsd:dateTime &&
         ?publicationDate <  ""1800-01-01T00:00:00Z""^^xsd:dateTime)
  ?work wdt:P953 ?onlineAccess.
  SERVICE wikibase:label { bd:serviceParam wikibase:language ""en"". }
}
LIMIT 100",False,0.0,
308,complex,Find artworks featuring individuals from the Electronic Enlightenment database.,"SELECT DISTINCT ?artwork ?artworkLabel ?person ?personLabel ?eeid WHERE {
  ?person wdt:P1938 ?eeid .
  ?artwork p:P180 ?depictionStatement .
  ?depictionStatement ps:P180 ?person .
  SERVICE wikibase:label { bd:serviceParam wikibase:language ""en"". }
}",True,0.0962,
309,complex,List the types of notable things that have an Instagram account.,"SELECT DISTINCT ?type ?typeLabel WHERE {
  ?item wdt:P2003 ?instagramAccount;
        wdt:P31 ?type.
  SERVICE wikibase:label { bd:serviceParam wikibase:language ""en"". }
}
ORDER BY ?typeLabel",False,0.0,
310,complex,What organizations were founded by University of Oxford alumni?,"SELECT DISTINCT ?organization ?organizationLabel WHERE {
  ?organization wdt:P112 ?founder .
  ?founder wdt:P69 wd:Q34433 .
  SERVICE wikibase:label { bd:serviceParam wikibase:language ""en"". }
}",True,0.1516,
311,complex,"List politicians who have accounts on GitHub, CPAN, or Wikimedia.","SELECT DISTINCT ?politician ?politicianLabel ?platform ?username WHERE {
  VALUES ?platformProperty {
    wd:P2037   # GitHub username
    wd:P3384   # CPAN author ID
    wd:P4175   # Wikimedia username
  }

  ?politician wdt:P31 wd:Q5;
              wdt:P106 wd:Q82955;
              ?platformProperty ?username.

  BIND(
    IF(?platformProperty = wd:P2037, ""GitHub"",
      IF(?platformProperty = wd:P3384, ""CPAN"", ""Wikimedia"")
    ) AS ?platform
  )

  SERVICE wikibase:label { bd:serviceParam wikibase:language ""en"". }
}",True,0.0,
312,complex,List the countries with the most colorful flags.,"SELECT ?country ?countryLabel ?colors
WHERE {
  ?country wdt:P31 wd:Q6256;
           wdt:P163 ?flag.
  ?flag wdt:P462 ?color.
  SERVICE wikibase:label { bd:serviceParam wikibase:language ""en"". }
}
GROUP BY ?country ?countryLabel
ORDER BY DESC(COUNT(DISTINCT ?color))
LIMIT 10",False,0.0,
313,complex,Find online travel stories with French texts and map the locations mentioned.,"SELECT DISTINCT ?story ?storyLabel ?text ?location ?locationLabel ?coord WHERE {
  ?story wdt:P31/wdt:P279* wd:Q7725634;
         wdt:P407 wd:Q150;
         wdt:P953 ?text.
  OPTIONAL {
    ?story (wdt:P840|wdt:P921|wdt:P276|wdt:P131|wdt:P17) ?location.
    ?location wdt:P625 ?coord.
  }
  SERVICE wikibase:label { bd:serviceParam wikibase:language ""fr,en"". }
}",True,0.0,
314,complex,List all statues and monuments dedicated to slave owners or traders.,"SELECT DISTINCT ?item ?itemLabel WHERE {
  {
    ?item wdt:P31/wdt:P279* wd:Q860861 .
  }
  UNION
  {
    ?item wdt:P31/wdt:P279* wd:Q4989906 .
  }
  ?item wdt:P825 ?person .
  {
    ?person wdt:P106 wd:Q3314323 .
  }
  UNION
  {
    ?person wdt:P106 wd:Q1370738 .
  }
  SERVICE wikibase:label { bd:serviceParam wikibase:language ""en"". }
}",True,0.0,
315,complex,List all town halls located in communes that share a border with Paris.,"SELECT DISTINCT ?townHall ?townHallLabel ?commune ?communeLabel WHERE {
  wd:Q90 wdt:P47 ?commune .
  ?townHall wdt:P31/wdt:P279* wd:Q2555067 ;
            wdt:P131 ?commune .
  SERVICE wikibase:label { bd:serviceParam wikibase:language ""en"". }
}",True,0.0,
316,complex,What are the geographic coordinates of Ordnance Survey Old Series preparatory drawings?,"SELECT DISTINCT ?item ?itemLabel ?coord WHERE {
  ?item wdt:P31 wd:Q3305213;
        wdt:P625 ?coord.
  SERVICE wikibase:label { bd:serviceParam wikibase:language ""en"". }
}",True,0.0,
317,complex,List the political parties of world leaders and their alignments.,"SELECT DISTINCT ?leader ?leaderLabel ?country ?countryLabel ?officeLabel ?party ?partyLabel ?alignment ?alignmentLabel WHERE {
  VALUES ?office {
    wd:Q844944  # President
    wd:Q14211   # Prime Minister
    wd:Q48352   # Head of state
    wd:Q2285706 # Head of government
    wd:Q11696   # Monarch
  }

  ?country wdt:P31 wd:Q3624078.  # sovereign state
  ?country p:P6|p:P35 ?statement .
  ?statement ps:P6|ps:P35 ?leader .
  ?statement pq:P39 ?office .

  OPTIONAL { ?leader wdt:P102 ?party . }
  OPTIONAL { ?party wdt:P1387 ?alignment . }

  SERVICE wikibase:label { bd:serviceParam wikibase:language ""en"". }
}",True,0.0,
318,complex,List the people who received the most letters.,"SELECT ?person ?personLabel (COUNT(?letter) AS ?lettersReceived)
WHERE {
  ?letter wdt:P31/wdt:P279* wd:Q191118;
          wdt:P6259 ?person.
  ?person wdt:P31 wd:Q5.
  SERVICE wikibase:label { bd:serviceParam wikibase:language ""en"". }
}
GROUP BY ?person ?personLabel
ORDER BY DESC(?lettersReceived)
LIMIT 10",True,0.0,
319,complex,List Wikipedia articles about people without pictures on Wikidata.,"SELECT DISTINCT ?article ?articleLabel WHERE {
  ?article schema:about ?person ;
           schema:isPartOf <https://en.wikipedia.org/> .
  ?person wdt:P31 wd:Q5 .
  FILTER NOT EXISTS { ?person wdt:P18 ?image }
  SERVICE wikibase:label { bd:serviceParam wikibase:language ""en"". }
}",False,0.0,
320,complex,How many successful election petitions were there in each UK parliamentary term since 1859?,"SELECT ?term ?termLabel (COUNT(DISTINCT ?petition) AS ?successfulPetitions)
WHERE {
  ?petition wdt:P31 wd:Q2044804;
            wdt:P17 wd:Q145;
            p:P991 ?petitionStatement.
  ?petitionStatement ps:P991 ?outcome.
  VALUES ?outcome {
    wd:Q108436481
    wd:Q27166054
    wd:Q111490490
  }

  ?petition p:P39 ?positionStatement.
  ?positionStatement ps:P39 ?mpPosition;
                     pq:P2937 ?term.
  ?mpPosition wdt:P279* wd:Q16707842.

  ?term wdt:P31 wd:Q15238777.
  FILTER(YEAR(?term) >= 1859)
  
  SERVICE wikibase:label { bd:serviceParam wikibase:language ""en"". }
}
GROUP BY ?term ?termLabel
ORDER BY ?term",True,0.0,
321,complex,List all characters from the Marvel Universe.,"SELECT DISTINCT ?character ?characterLabel WHERE {
  ?character wdt:P31 wd:Q95074;
             wdt:P1080 wd:Q210803 .
  SERVICE wikibase:label { bd:serviceParam wikibase:language ""en"". }
}",True,0.0,
322,complex,"Show me a map of medical facilities in Kalimpong district, India, with different colors for each type.","SELECT ?facility ?facilityLabel ?coord ?type ?typeLabel ?rgb WHERE {
  VALUES ?district { wd:Q635956 }
  ?facility wdt:P131 ?district ;
            wdt:P625 ?coord ;
            wdt:P31 ?type .
  VALUES (?type ?rgb) {
    (wd:Q16917 ""#e41a1c"")      # hospital
    (wd:Q875538 ""#377eb8"")     # clinic
    (wd:Q1803701 ""#4daf4a"")    # health center
    (wd:Q3302848 ""#984ea3"")    # nursing home
    (wd:Q2590631 ""#ff7f00"")    # medical laboratory
    (wd:Q2601396 ""#ffff33"")    # pharmacy
  }
  SERVICE wikibase:label { bd:serviceParam wikibase:language ""en"". }
}",True,0.0,
323,complex,What are the canals within an 800km radius of Glasgow?,"SELECT ?canal ?canalLabel ?distance WHERE {
  wd:Q4093 wdt:P625 ?glasgowLoc .
  ?canal wdt:P31/wdt:P279* wd:Q503111;
         wdt:P625 ?canalLoc .
  SERVICE wikibase:around {
    ?canal wdt:P625 ?canalLoc .
    bd:serviceParam wikibase:center ?glasgowLoc .
    bd:serviceParam wikibase:radius ""800"" .
    bd:serviceParam wikibase:distance ?distance .
  }
  SERVICE wikibase:label { bd:serviceParam wikibase:language ""en"". }
}
ORDER BY ?distance",True,1.0,
324,complex,List all hillforts with their Atlas of Hillforts ID and a link to their Wikipedia page.,"SELECT ?hillfort ?hillfortLabel ?atlasId ?wikipedia WHERE {
  ?hillfort wdt:P31/wdt:P279* wd:Q1402592;
            wdt:P7208 ?atlasId.
  ?wikipedia schema:about ?hillfort;
             schema:isPartOf <https://en.wikipedia.org/>.
  SERVICE wikibase:label { bd:serviceParam wikibase:language ""en"". }
}",True,0.0,
325,complex,List the top 500 paintings according to their importance on Wikidata.,"SELECT ?painting ?paintingLabel ?importance WHERE {
  ?painting wdt:P31/wdt:P279* wd:Q3305213;
            wikibase:statements ?importance.
  SERVICE wikibase:label { bd:serviceParam wikibase:language ""en"". }
}
ORDER BY DESC(?importance)
LIMIT 500",False,0.0,
326,complex,List all buildings with coordinates and at least one sitelink.,"SELECT ?building ?buildingLabel ?coord WHERE {
  ?building wdt:P31/wdt:P279* wd:Q41176 ;
            wdt:P625 ?coord .
  FILTER(EXISTS { ?article schema:about ?building ; schema:isPartOf [ wikibase:wikiGroup ""wikipedia"" ] })
  SERVICE wikibase:label { bd:serviceParam wikibase:language ""[AUTO_LANGUAGE],en"". }
}",False,0.0,
327,complex,List public spaces named after women.,"SELECT DISTINCT ?place ?placeLabel ?woman ?womanLabel WHERE {
  ?place wdt:P31/wdt:P279* wd:Q2944404;
         wdt:P138 ?woman.
  ?woman wdt:P21 wd:Q6581072.
  SERVICE wikibase:label { bd:serviceParam wikibase:language ""en"". }
}",True,0.0,
328,complex,List the longest rivers for each of the 7 continents.,"SELECT ?continent ?continentLabel ?river ?riverLabel ?length WHERE {
  VALUES ?continent {
    wd:Q15       # Africa
    wd:Q46       # Europe
    wd:Q48       # Asia
    wd:Q49       # North America
    wd:Q18       # South America
    wd:Q51       # Antarctica
    wd:Q538      # Oceania
  }

  {
    SELECT ?continent (MAX(?len) AS ?maxLen) WHERE {
      VALUES ?continent {
        wd:Q15
        wd:Q46
        wd:Q48
        wd:Q49
        wd:Q18
        wd:Q51
        wd:Q538
      }
      ?river wdt:P31/wdt:P279* wd:Q4022;
             wdt:P30 ?continent;
             wdt:P2043 ?len.
    }
    GROUP BY ?continent
  }

  ?river wdt:P31/wdt:P279* wd:Q4022;
         wdt:P30 ?continent;
         wdt:P2043 ?length.
  FILTER(?length = ?maxLen)

  SERVICE wikibase:label { bd:serviceParam wikibase:language ""en"". }
}
ORDER BY ?continentLabel ?riverLabel",False,0.0,
329,complex,Find the route of The Antartic Circumpolar Voyage expedition.,"SELECT ?routeLabel WHERE {
  wd:Q7715089 wdt:P1696 ?route .
  SERVICE wikibase:label { bd:serviceParam wikibase:language ""en"". }
}",True,0.0,
330,complex,List cities with more Wikipedia sitelinks than their country.,"SELECT ?city ?cityLabel ?country ?countryLabel ?cityLinks ?countryLinks WHERE {
  ?city wdt:P31/wdt:P279* wd:Q515;
        wdt:P17 ?country.
  ?country wdt:P31 wd:Q6256.
  ?city wikibase:sitelinks ?cityLinks.
  ?country wikibase:sitelinks ?countryLinks.
  FILTER(?cityLinks > ?countryLinks)
  SERVICE wikibase:label { bd:serviceParam wikibase:language ""en"". }
}
ORDER BY DESC(?cityLinks)",True,0.0105,
331,complex,List the latest research papers related to COVID-19.,"SELECT ?paper ?paperLabel ?publicationDate WHERE {
  ?paper wdt:P31 wd:Q13442814;
         wdt:P921 wd:Q84263196;
         wdt:P577 ?publicationDate.
  SERVICE wikibase:label { bd:serviceParam wikibase:language ""en"". }
}
ORDER BY DESC(?publicationDate)
LIMIT 10",True,1.0,
332,complex,List the languages of poems and their first lines.,"SELECT DISTINCT ?poem ?poemLabel ?languageLabel ?firstLine WHERE {
  ?poem wdt:P31 wd:Q5185279;
        wdt:P407 ?language;
        wdt:P1922 ?firstLine.
  SERVICE wikibase:label { bd:serviceParam wikibase:language ""en"". }
}",True,1.0,
333,complex,List all colors with multiple RGB values.,"SELECT ?color ?colorLabel (COUNT(DISTINCT ?rgb) AS ?rgbCount)
WHERE {
  ?color wdt:P462 ?rgb .
  FILTER(DATATYPE(?rgb) = xsd:string || DATATYPE(?rgb) = rdf:langString || !BOUND(DATATYPE(?rgb)))
  SERVICE wikibase:label { bd:serviceParam wikibase:language ""en"". }
}
GROUP BY ?color ?colorLabel
HAVING (COUNT(DISTINCT ?rgb) > 1)",False,0.0,
334,complex,"List the occupations of people born in New Zealand, ranked by popularity.","SELECT ?occupation ?occupationLabel (COUNT(DISTINCT ?person) AS ?count) WHERE {
  ?person wdt:P31 wd:Q5;
          wdt:P27 wd:Q664;
          wdt:P106 ?occupation.
  SERVICE wikibase:label { bd:serviceParam wikibase:language ""en"". }
}
GROUP BY ?occupation ?occupationLabel
ORDER BY DESC(?count)",True,0.3204,
335,complex,List all fibulas in Musée Saint-Raymond along with their dates and materials.,"SELECT DISTINCT ?fibula ?fibulaLabel ?date ?materialLabel WHERE {
  ?fibula wdt:P31/wdt:P279* wd:Q617318 ;
          wdt:P195 wd:Q1951274 .
  OPTIONAL { ?fibula wdt:P571 ?date . }
  OPTIONAL { ?fibula wdt:P186 ?material . }
  SERVICE wikibase:label { bd:serviceParam wikibase:language ""en"". }
}
ORDER BY ?fibulaLabel ?date ?materialLabel",True,0.0,
336,complex,Find individuals with Electronic Enlightenment IDs but no Wikipedia articles in any language.,"SELECT ?item ?itemLabel ?eeid WHERE {
  ?item wdt:P5376 ?eeid .
  FILTER NOT EXISTS {
    ?article schema:about ?item ;
             schema:isPartOf ?wiki .
    FILTER(REGEX(STR(?wiki), ""^https://[a-z-]+\\.wikipedia\\.org/$""))
  }
  SERVICE wikibase:label { bd:serviceParam wikibase:language ""en"". }
}",True,0.0,
337,complex,Show me a map of places where accused witches lived.,"SELECT DISTINCT ?person ?personLabel ?residence ?residenceLabel ?coord WHERE {
  ?person wdt:P31 wd:Q5;
          wdt:P1830 wd:Q5437502;
          wdt:P551 ?residence.
  ?residence wdt:P625 ?coord.
  SERVICE wikibase:label { bd:serviceParam wikibase:language ""[AUTO_LANGUAGE],en"". }
}",True,0.0,
338,complex,What are the COVID-19 cases in different Indian states?,"SELECT ?state ?stateLabel ?cases ?date WHERE {
  ?state wdt:P31 wd:Q12443800;
         p:P1603 ?statement.
  ?statement ps:P1603 ?cases.
  OPTIONAL { ?statement pq:P585 ?date. }
  ?state wdt:P17 wd:Q668.
  SERVICE wikibase:label { bd:serviceParam wikibase:language ""en"". }
}
ORDER BY ?stateLabel DESC(?date)",True,0.0,
339,complex,Find paintings with 'portrait' in their name that do not depict anything.,"SELECT ?painting ?paintingLabel WHERE {
  ?painting wdt:P31/wdt:P279* wd:Q3305213 .
  ?painting rdfs:label ?paintingLabel .
  FILTER(LANG(?paintingLabel) = ""en"")
  FILTER(CONTAINS(LCASE(?paintingLabel), ""portrait""))
  FILTER NOT EXISTS { ?painting wdt:P180 ?depicts }
}",True,0.0,
340,complex,List all countries with an average player weight above 80 kilos in the FIFA World Cup 2022.,"SELECT ?country ?countryLabel (AVG(?weightKg) AS ?avgWeight)
WHERE {
  ?player wdt:P31 wd:Q5;
          wdt:P54 ?team;
          p:P106 ?stmt.
  ?stmt ps:P106 wd:Q937857;
        pq:P642 wd:Q19317.
  ?player wdt:P2067 ?weightVal.
  BIND(
    IF(DATATYPE(?weightVal) = xsd:decimal || DATATYPE(?weightVal) = xsd:double || DATATYPE(?weightVal) = xsd:float || DATATYPE(?weightVal) = xsd:integer,
       xsd:decimal(?weightVal),
       xsd:decimal(?weightVal)
    ) AS ?weightKg
  )
  ?team wdt:P31 wd:Q6979593;
        wdt:P17 ?country.
  FILTER EXISTS {
    ?team p:P3450 ?participationStmt.
    ?participationStmt ps:P3450 wd:Q284163;
                       pq:P585 ?date.
    FILTER(YEAR(?date) = 2022)
  }
  SERVICE wikibase:label { bd:serviceParam wikibase:language ""en"". }
}
GROUP BY ?country ?countryLabel
HAVING (AVG(?weightKg) > 80)
ORDER BY DESC(?avgWeight)",True,0.0,
341,complex,Find items in the UK with coordinates near 1 degree 50 west longitude.,"SELECT ?item ?itemLabel ?coord WHERE {
  ?item wdt:P625 ?coord .
  FILTER(geof:longitude(?coord) > -1.9 && geof:longitude(?coord) < -1.7)
  ?item wdt:P17 wd:Q145 .
  SERVICE wikibase:label { bd:serviceParam wikibase:language ""en"". }
}",True,0.0,
342,complex,What languages are used in Wikidata lexemes?,"SELECT DISTINCT ?language ?languageLabel WHERE {
  ?lexeme wikibase:lexicalCategory ?category;
          dct:language ?language.
  SERVICE wikibase:label { bd:serviceParam wikibase:language ""en"". }
} ORDER BY ?languageLabel",False,0.0,
343,complex,List the awards with the highest percentage of female recipients.,"SELECT ?award ?awardLabel ?femaleRecipients ?totalRecipients ?femalePercentage WHERE {
  {
    SELECT ?award (COUNT(DISTINCT ?female) AS ?femaleRecipients) (COUNT(DISTINCT ?recipient) AS ?totalRecipients)
           ((100.0 * COUNT(DISTINCT ?female)) / COUNT(DISTINCT ?recipient) AS ?femalePercentage)
    WHERE {
      ?recipient p:P166 ?awardStmt .
      ?awardStmt ps:P166 ?award .
      OPTIONAL { ?recipient wdt:P21 ?sex . }
      BIND(IF(BOUND(?sex) && ?sex = wd:Q6581072, ?recipient, UNDEF) AS ?female)
    }
    GROUP BY ?award
    HAVING(COUNT(DISTINCT ?recipient) > 0)
  }
  SERVICE wikibase:label { bd:serviceParam wikibase:language ""en"". }
}
ORDER BY DESC(?femalePercentage) DESC(?femaleRecipients)
LIMIT 100",False,0.0,
344,complex,List the names of fictional characters created by French authors.,"SELECT DISTINCT ?characterLabel WHERE {
  ?character wdt:P31 wd:Q95074;
             wdt:P170 ?author.
  ?author wdt:P27 wd:Q142.
  SERVICE wikibase:label { bd:serviceParam wikibase:language ""en"". }
}",True,0.0,
345,complex,List names similar to Filaret.,"SELECT DISTINCT ?item ?itemLabel WHERE {
  VALUES ?name {""Filaret""}
  ?item rdfs:label ?label .
  FILTER(LANG(?label) = ""en"")
  FILTER(CONTAINS(LCASE(?label), LCASE(?name)))
  SERVICE wikibase:label { bd:serviceParam wikibase:language ""en"". }
}",False,0.0,
346,complex,List the most cited Danish authors.,"SELECT ?author ?authorLabel (COUNT(?work) AS ?workCount) WHERE {
  ?author wdt:P31 wd:Q5;
          wdt:P27 wd:Q35.
  ?work wdt:P50 ?author.
}
GROUP BY ?author ?authorLabel
ORDER BY DESC(?workCount)
LIMIT 20",True,1.0,
347,complex,List all World Snooker Champions along with their total number of wins.,"SELECT ?champion ?championLabel (COUNT(?item) AS ?totalWins) WHERE {
  ?item wdt:P31 wd:Q5;
        p:P1346 ?statement.
  ?statement ps:P1346 ?champion;
             pq:P3450 wd:Q184384.
  SERVICE wikibase:label { bd:serviceParam wikibase:language ""en"". }
}
GROUP BY ?champion ?championLabel
ORDER BY DESC(?totalWins) ?championLabel",True,0.0,
348,complex,List all economists along with their birthplaces and years.,"SELECT ?economist ?economistLabel ?birthplace ?birthplaceLabel ?year WHERE {
  ?economist wdt:P106 wd:Q188094;
             wdt:P19 ?birthplace;
             wdt:P569 ?birthDate.
  BIND(YEAR(?birthDate) AS ?year)
  SERVICE wikibase:label { bd:serviceParam wikibase:language ""en"". }
}",False,0.0,
349,complex,List all artworks falsely attributed to Johannes Vermeer.,"SELECT ?artwork ?artworkLabel WHERE {
  ?artwork wdt:P31/wdt:P279* wd:Q838948 ;
           p:P1774 ?attributionStatement .
  ?attributionStatement ps:P1774 wd:Q5598 ;
                        pq:P1480 wd:Q5432618 .
  SERVICE wikibase:label { bd:serviceParam wikibase:language ""en"". }
}",True,1.0,
350,complex,List all fictional spaceship captains from the Star Trek universe.,"SELECT DISTINCT ?captain ?captainLabel WHERE {
  ?captain wdt:P31 wd:Q95074;
           wdt:P106 wd:Q2659245;
           wdt:P1441 wd:Q25456.
  SERVICE wikibase:label { bd:serviceParam wikibase:language ""en"". }
}",True,1.0,
351,complex,List the people buried at Pere Lachaise Cemetery along with their birthplace and date of birth.,"SELECT ?person ?personLabel ?birthplace ?birthplaceLabel ?dateOfBirth WHERE {
  ?person wdt:P119 wd:Q311 .
  OPTIONAL { ?person wdt:P19 ?birthplace . }
  OPTIONAL { ?person wdt:P569 ?dateOfBirth . }
  SERVICE wikibase:label { bd:serviceParam wikibase:language ""en"". }
}",True,0.4302,
352,complex,List all Swedish forms without examples.,"SELECT ?form ?formLabel WHERE {
  ?form wdt:P31 wd:Q1049839;
        wdt:P407 wd:Q9027.
  FILTER NOT EXISTS { ?form p:P5831 ?exampleStmt. }
  SERVICE wikibase:label { bd:serviceParam wikibase:language ""en"". }
}",True,0.0,
353,complex,What are the subclasses of malware?,"SELECT ?subclass ?subclassLabel WHERE {
  ?subclass wdt:P279 wd:Q14001 .
  SERVICE wikibase:label { bd:serviceParam wikibase:language ""en"". }
}",True,0.1821,
354,complex,What percentage of Nobel Prize winners are women?,"SELECT (ROUND((100 * ?women / ?total) * 100) / 100 AS ?percentageWomen)
WHERE {
  {
    SELECT (COUNT(DISTINCT ?person) AS ?total)
    WHERE {
      ?person wdt:P166 ?award .
      ?award wdt:P31/wdt:P279* wd:Q7191 .
    }
  }
  {
    SELECT (COUNT(DISTINCT ?woman) AS ?women)
    WHERE {
      ?woman wdt:P166 ?award .
      ?award wdt:P31/wdt:P279* wd:Q7191 .
      ?woman wdt:P21 wd:Q6581072 .
    }
  }
}",True,0.0,
355,complex,List all Wikipedia articles about controversies with the most language versions.,"SELECT ?article ?articleLabel ?sitelinksCount WHERE {
  ?article schema:about ?item ;
           schema:isPartOf <https://en.wikipedia.org/> .
  ?item wdt:P31/wdt:P279* wd:Q7417751 ;
        wikibase:sitelinks ?sitelinksCount .
  SERVICE wikibase:label { bd:serviceParam wikibase:language ""en"". }
}
ORDER BY DESC(?sitelinksCount)",True,0.0,
356,complex,List all science fiction movies and series featuring an actor born in Liverpool.,"SELECT DISTINCT ?work ?workLabel WHERE {
  {
    ?work wdt:P31 wd:Q11424 .
  }
  UNION
  {
    ?work wdt:P31/wdt:P279* wd:Q5398426 .
  }
  ?work wdt:P136 wd:Q24925 .
  ?work wdt:P161 ?actor .
  ?actor wdt:P19 ?birthPlace .
  ?birthPlace wdt:P131* wd:Q24826 .
  SERVICE wikibase:label { bd:serviceParam wikibase:language ""en"". }
}",True,0.0,
357,complex,List all government agencies operating in Scotland.,"SELECT ?agency ?agencyLabel WHERE {
  ?agency wdt:P31/wdt:P279* wd:Q327333;   # instance of/subclass of government agency
          wdt:P17 wd:Q145.                # country = United Kingdom
  OPTIONAL { ?agency wdt:P131* wd:Q22. }  # located in the administrative territorial entity Scotland
  SERVICE wikibase:label { bd:serviceParam wikibase:language ""en"". }
}",False,0.0,
358,complex,List all manuscript collections with their official websites.,"SELECT DISTINCT ?collection ?collectionLabel ?officialWebsite WHERE {
  ?collection wdt:P31/wdt:P279* wd:Q2604588;
              wdt:P856 ?officialWebsite.
  SERVICE wikibase:label { bd:serviceParam wikibase:language ""en"". }
}",True,1.0,
359,complex,List all infectious diseases with their minimum and maximum incubation periods in humans.,"SELECT ?disease ?diseaseLabel ?minIncubation ?maxIncubation WHERE {
  ?disease wdt:P31/wdt:P279* wd:Q18123741.
  ?disease p:P3488 ?minStmt, ?maxStmt.

  ?minStmt ps:P3488 ?minIncubation;
           pq:P642 wd:Q5;
           wikibase:rank wd:PreferredRank.
  ?maxStmt ps:P3488 ?maxIncubation;
           pq:P642 wd:Q5;
           wikibase:rank wd:NormalRank.

  FILTER(?minIncubation <= ?maxIncubation)

  SERVICE wikibase:label { bd:serviceParam wikibase:language ""en"". }
}",True,0.0,
360,complex,Find the railway stations between Dibrugarh and Scottish Highlands with the fewest stops.,"SELECT ?station ?stationLabel WHERE {
  {
    SELECT ?route1 ?route2 (MIN(?totalStops) AS ?minStops) WHERE {
      ?route1 wdt:P31/wdt:P279* wd:Q728937;
              p:P527 ?st1.
      ?st1 ps:P527 wd:Q5273608;
           pq:P1545 ?idx1.
      
      ?route2 wdt:P31/wdt:P279* wd:Q728937;
              p:P527 ?st2.
      ?st2 ps:P527 wd:Q1993464;
           pq:P1545 ?idx2.
      
      FILTER(?route1 = ?route2)
      BIND(xsd:integer(?idx2) - xsd:integer(?idx1) - 1 AS ?totalStops)
      FILTER(?totalStops >= 0)
    }
    GROUP BY ?route1 ?route2
    ORDER BY ?minStops
    LIMIT 1
  }
  
  ?route1 p:P527 ?midStmt.
  ?midStmt ps:P527 ?station;
           pq:P1545 ?midIdx.
  
  ?route1 p:P527 ?startStmt.
  ?startStmt ps:P527 wd:Q5273608;
             pq:P1545 ?startIdx.
  
  ?route1 p:P527 ?endStmt.
  ?endStmt ps:P527 wd:Q1993464;
           pq:P1545 ?endIdx.
  
  FILTER(xsd:integer(?midIdx) > xsd:integer(?startIdx) && xsd:integer(?midIdx) < xsd:integer(?endIdx))
  
  SERVICE wikibase:label { bd:serviceParam wikibase:language ""en"". }
} ORDER BY xsd:integer(?midIdx)",True,0.0,
361,complex,Show me a map of people buried in Pere Lachaise Cemetery organized by their place of birth.,"SELECT ?person ?personLabel ?birthplace ?birthplaceLabel ?coord WHERE {
  ?person wdt:P119 wd:Q311 ;
          wdt:P19 ?birthplace .
  ?birthplace wdt:P625 ?coord .
  SERVICE wikibase:label { bd:serviceParam wikibase:language ""en"". }
}",True,0.3764,
362,complex,List plant genera named after female botanists.,"SELECT DISTINCT ?genus ?genusLabel ?person ?personLabel WHERE {
  ?genus wdt:P31 wd:Q16521;
         wdt:P105 wd:Q34740;
         wdt:P138 ?person.
  ?person wdt:P31 wd:Q5;
          wdt:P21 wd:Q6581072;
          wdt:P106 wd:Q2374149.
  SERVICE wikibase:label { bd:serviceParam wikibase:language ""en"". }
}",True,0.7017,
363,complex,List the languages with the most examples in Wikidata's lexicographical data.,"SELECT ?language ?languageLabel (COUNT(?lexeme) AS ?lexemeCount) WHERE {
  ?lexeme dct:language ?language .
  SERVICE wikibase:label { bd:serviceParam wikibase:language ""en"". }
}
GROUP BY ?language ?languageLabel
ORDER BY DESC(?lexemeCount)
LIMIT 100",False,0.0,
364,complex,List the top scorers in the 2018 FIFA World Cup.,"SELECT ?player ?playerLabel ?goals WHERE {
  VALUES ?tournament { wd:Q170645 }
  ?player p:P1344 ?participationStatement .
  ?participationStatement ps:P1344 ?tournament ;
                          pq:P1352 ?ranking .
  ?ranking ps:P1352 wd:Q5404515 ;
           pq:P1114 ?goals .
  SERVICE wikibase:label { bd:serviceParam wikibase:language ""en"". }
}
ORDER BY DESC(?goals) ?playerLabel",True,1.0,
365,complex,Show the workplaces of Philip de László on a map.,"SELECT DISTINCT ?workplace ?workplaceLabel ?coord WHERE {
  wd:Q718318 p:P108 ?employmentStatement .
  ?employmentStatement ps:P108 ?workplace .
  ?workplace wdt:P625 ?coord .
  SERVICE wikibase:label { bd:serviceParam wikibase:language ""en"". }
}",True,0.0,
366,complex,List the universities attended by creators of popular programming languages.,"SELECT DISTINCT ?language ?languageLabel ?creator ?creatorLabel ?university ?universityLabel WHERE {
  ?language wdt:P31 wd:Q9143;
            wdt:P170 ?creator.
  ?language wdt:P popularity.
  ?creator wdt:P69 ?university.
  
  SERVICE wikibase:label { bd:serviceParam wikibase:language ""en"". }
}",False,0.0,
367,complex,List the female Oxford University alumni who are not from the United Kingdom.,"SELECT DISTINCT ?person ?personLabel WHERE {
  ?person wdt:P31 wd:Q5;
          wdt:P21 wd:Q6581072;
          wdt:P69 wd:Q34433;
          wdt:P27 ?country.
  FILTER(?country != wd:Q145)
  SERVICE wikibase:label { bd:serviceParam wikibase:language ""en"". }
}",True,0.1313,
368,complex,"List people born in Czechia who died in Germany, grouped by decade of birth.","SELECT ?birthDecade (COUNT(DISTINCT ?person) AS ?count) WHERE {
  ?person wdt:P31 wd:Q5;
          wdt:P19 ?birthPlace;
          wdt:P20 ?deathPlace;
          wdt:P569 ?birthDate.
  ?birthPlace wdt:P17 wd:Q213.
  ?deathPlace wdt:P17 wd:Q183.
  BIND((YEAR(?birthDate) - (YEAR(?birthDate) MOD 10)) AS ?birthDecade)
}
GROUP BY ?birthDecade
ORDER BY ?birthDecade",False,0.0,
369,complex,List the names of English monarchs and their causes of death.,"SELECT DISTINCT ?monarchLabel ?causeOfDeathLabel WHERE {
  ?monarch wdt:P31 wd:Q5;
           wdt:P27 wd:Q145;
           wdt:P39 ?position;
           wdt:P509 ?causeOfDeath.
  ?position wdt:P279* wd:Q18810062.
  SERVICE wikibase:label { bd:serviceParam wikibase:language ""en"". }
}
ORDER BY ?monarchLabel",True,0.0,
370,complex,What are the most common subjects depicted in both the Cleveland Museum of Art and Ashmolean Museum collections?,"SELECT ?subjectLabel (COUNT(DISTINCT ?artwork) AS ?count) WHERE {
  VALUES ?collection { wd:Q657415 wd:Q635257 }
  ?artwork wdt:P195 ?collection ;
           wdt:P180 ?subject .
  SERVICE wikibase:label { bd:serviceParam wikibase:language ""en"". }
}
GROUP BY ?subject ?subjectLabel
ORDER BY DESC(?count)
LIMIT 50",True,0.0681,
371,complex,List the number of music albums by language in descending order.,"SELECT ?languageLabel (COUNT(DISTINCT ?album) AS ?numberOfAlbums) WHERE {
  ?album wdt:P31 wd:Q482994 ;
         wdt:P407 ?language .
  SERVICE wikibase:label { bd:serviceParam wikibase:language ""en"". }
}
GROUP BY ?languageLabel
ORDER BY DESC(?numberOfAlbums)",False,0.0,
372,complex,List the capitals of two countries that are not bordering and are less than 200 km apart.,"SELECT DISTINCT ?country1Label ?capital1Label ?country2Label ?capital2Label ?distance WHERE {
  ?country1 wdt:P31 wd:Q3624078;
            wdt:P36 ?capital1.
  ?country2 wdt:P31 wd:Q3624078;
            wdt:P36 ?capital2.
  FILTER(?country1 != ?country2)
  FILTER(STR(?country1) < STR(?country2))
  FILTER NOT EXISTS { ?country1 wdt:P47 ?country2 }
  FILTER NOT EXISTS { ?country2 wdt:P47 ?country1 }

  ?capital1 wdt:P625 ?coord1.
  ?capital2 wdt:P625 ?coord2.

  BIND(geof:distance(?coord1, ?coord2) AS ?distance)
  FILTER(?distance < 200)

  SERVICE wikibase:label { bd:serviceParam wikibase:language ""en"". }
}
ORDER BY ?distance",False,0.0,
373,complex,What are the artworks in the Khalili Collections that have images?,"SELECT DISTINCT ?artwork ?artworkLabel ?image WHERE {
  ?artwork wdt:P195 wd:Q6406104;
           wdt:P31/wdt:P279* wd:Q838948;
           wdt:P18 ?image.
  SERVICE wikibase:label { bd:serviceParam wikibase:language ""en"". }
}",True,0.0,
374,complex,List all individuals with multiple social media accounts that differ only in capitalization.,"SELECT ?person ?personLabel ?property ?propertyLabel ?handle1 ?handle2 WHERE {
  VALUES ?property {
    wdt:P2002  # Twitter/X username
    wdt:P3458  # Reddit username
    wdt:P2397  # YouTube channel ID
    wdt:P2003  # Instagram username
    wdt:P3185  # VK ID
    wdt:P7085  # TikTok username
    wdt:P3985  # Facebook username
    wdt:P2572  # Bluesky username
  }

  ?person ?property ?handle1, ?handle2 .
  FILTER(?handle1 != ?handle2)
  FILTER(LCASE(STR(?handle1)) = LCASE(STR(?handle2)))

  SERVICE wikibase:label { bd:serviceParam wikibase:language ""en"". }
}
ORDER BY ?person ?property ?handle1 ?handle2",False,0.0,
375,complex,What are the first letters of free software names?,"SELECT DISTINCT ?software ?softwareLabel (UCASE(SUBSTR(?softwareLabel, 1, 1)) AS ?firstLetter) WHERE {
  ?software wdt:P31/wdt:P279* wd:Q341;
            rdfs:label ?softwareLabel.
  FILTER(LANG(?softwareLabel) = ""en"")
}
ORDER BY ?firstLetter ?softwareLabel",True,0.0,
376,complex,List the countries with their number of demonstrations.,"SELECT ?country ?countryLabel (COUNT(?demonstration) AS ?numberOfDemonstrations) WHERE {
  ?demonstration wdt:P31/wdt:P279* wd:Q273120 .
  ?demonstration wdt:P17 ?country .
  SERVICE wikibase:label { bd:serviceParam wikibase:language ""en"". }
}
GROUP BY ?country ?countryLabel
ORDER BY DESC(?numberOfDemonstrations)",True,0.3779,
377,complex,What museums are near Cesis?,"SELECT DISTINCT ?museum ?museumLabel ?location ?distance WHERE {
  wd:Q81175 wdt:P625 ?cesisCoord .

  SERVICE wikibase:around {
    ?museum wdt:P31/wdt:P279* wd:Q33506 ;
            wdt:P625 ?location .
    bd:serviceParam wikibase:center ?cesisCoord .
    bd:serviceParam wikibase:radius ""25"" .
    bd:serviceParam wikibase:distance ?distance .
  }

  SERVICE wikibase:label { bd:serviceParam wikibase:language ""en"". }
}
ORDER BY ?distance",False,0.0,
378,complex,List all Nobel Prize categories by gender of the winners.,"SELECT ?categoryLabel ?genderLabel (COUNT(DISTINCT ?winner) AS ?winnerCount) WHERE {
  ?winner wdt:P166 ?nobelPrize .
  ?nobelPrize wdt:P31 wd:Q7191 .
  ?winner wdt:P21 ?gender .
  ?nobelPrize wdt:P361 ?category .
  
  SERVICE wikibase:label { bd:serviceParam wikibase:language ""en"". }
}
GROUP BY ?categoryLabel ?genderLabel
ORDER BY ?categoryLabel ?genderLabel",True,0.0909,
379,complex,List artists who died in concentration camps during World War II.,"SELECT DISTINCT ?artist ?artistLabel ?deathPlace ?deathPlaceLabel WHERE {
  ?artist wdt:P31 wd:Q5;
          wdt:P106 ?occupation;
          wdt:P20 ?deathPlace.
  ?occupation wdt:P279* wd:Q483501.
  ?deathPlace wdt:P31/wdt:P279* wd:Q39614.

  VALUES ?campClass { wd:Q39614 wd:Q16917 }
  ?deathPlace wdt:P31/wdt:P279* ?campClass.

  ?artist wdt:P570 ?dateOfDeath.
  FILTER(?dateOfDeath >= ""1939-09-01T00:00:00Z""^^xsd:dateTime && ?dateOfDeath <= ""1945-09-02T23:59:59Z""^^xsd:dateTime)

  SERVICE wikibase:label { bd:serviceParam wikibase:language ""en"". }
}",True,0.0,
380,complex,"List databases with a SPARQL endpoint, ranked by the number of IDs known to Wikidata.","SELECT ?database ?databaseLabel ?sparqlEndpoint (COUNT(?idStatement) AS ?numberOfIDs) WHERE {
  ?database p:P1687 ?idStatement ;
            wdt:P5305 ?sparqlEndpoint .
  SERVICE wikibase:label { bd:serviceParam wikibase:language ""[AUTO_LANGUAGE],en"". }
}
GROUP BY ?database ?databaseLabel ?sparqlEndpoint
ORDER BY DESC(?numberOfIDs)",True,0.0,
381,complex,How many French words are linked to a single dictionary?,"SELECT (COUNT(?word) AS ?count)
WHERE {
  ?word wdt:P31 wd:Q1084;
        wdt:P407 wd:Q150;
        wdt:P5191 ?dictionary.
  FILTER NOT EXISTS {
    ?word wdt:P5191 ?otherDictionary.
    FILTER(?otherDictionary != ?dictionary)
  }
}",True,0.0476,
382,complex,List all open-source research software categorized by field.,"SELECT ?field ?fieldLabel ?software ?softwareLabel WHERE {
  ?software wdt:P31 wd:Q7397;          # instance of software
            wdt:P31 wd:Q1058914;       # instance of research software
            wdt:P275 wd:Q334661;       # copyright license: open-source license
            wdt:P2579 ?field.          # studied by / field
  SERVICE wikibase:label { bd:serviceParam wikibase:language ""en"". }
}
ORDER BY ?fieldLabel ?softwareLabel",True,0.0,
383,complex,"List people who died in 2018, ranked by the number of Wikipedia pages they are mentioned on.","SELECT ?person ?personLabel ?mentionCount WHERE {
  {
    SELECT ?person (COUNT(DISTINCT ?article) AS ?mentionCount) WHERE {
      ?person wdt:P31 wd:Q5;
              wdt:P570 ?deathDate.
      FILTER(YEAR(?deathDate) = 2018)

      ?article schema:about ?topic;
               schema:isPartOf ?site.
      FILTER(REGEX(STR(?site), ""^https://[a-z]+\\.wikipedia\\.org/$""))

      ?article schema:mentions ?person.
    }
    GROUP BY ?person
  }
  SERVICE wikibase:label { bd:serviceParam wikibase:language ""en"". }
}
ORDER BY DESC(?mentionCount)
LIMIT 100",True,0.0,
384,complex,List all individuals born in Wales who have held the position of head of government.,"SELECT DISTINCT ?person ?personLabel ?birthPlaceLabel ?positionLabel WHERE {
  ?person wdt:P31 wd:Q5;
          wdt:P19 ?birthPlace;
          p:P39 ?statement.
  ?statement ps:P39 ?position.
  ?position wdt:P279* wd:Q2285706.
  ?birthPlace wdt:P131* wd:Q25.
  
  SERVICE wikibase:label { bd:serviceParam wikibase:language ""en"". }
}",False,0.0,
385,complex,What are the properties that connect a church to its patron saint?,"SELECT DISTINCT ?property ?propertyLabel WHERE {
  VALUES ?churchClass { wd:Q16970 wd:Q108325 wd:Q24398318 }
  ?church wdt:P31/wdt:P279* ?churchClass .
  ?church ?p ?saint .
  ?saint wdt:P31/wdt:P279* wd:Q43115 .
  ?property wikibase:directClaim ?p .
  SERVICE wikibase:label { bd:serviceParam wikibase:language ""en"". }
}",True,0.1818,
386,complex,What are the longest rivers in France that do not have a department named after them?,"SELECT ?river ?riverLabel ?length WHERE {
  {
    SELECT ?river (MAX(?len) AS ?length) WHERE {
      ?river wdt:P31/wdt:P279* wd:Q4022;
             wdt:P17 wd:Q142;
             wdt:P2043 ?len.
      FILTER NOT EXISTS {
        ?dept wdt:P31 wd:Q6465;
              wdt:P17 wd:Q142;
              rdfs:label ?deptLabel.
        FILTER(LANG(?deptLabel) = ""fr"")
        ?river rdfs:label ?riverLabelFr.
        FILTER(LANG(?riverLabelFr) = ""fr"")
        FILTER(LCASE(?deptLabel) = LCASE(CONCAT(STR(?riverLabelFr), "" "", ""department"")) || LCASE(?deptLabel) = LCASE(?riverLabelFr))
      }
    }
    GROUP BY ?river
  }
  {
    SELECT (MAX(?length2) AS ?maxLength) WHERE {
      ?river2 wdt:P31/wdt:P279* wd:Q4022;
              wdt:P17 wd:Q142;
              wdt:P2043 ?length2.
      FILTER NOT EXISTS {
        ?dept2 wdt:P31 wd:Q6465;
               wdt:P17 wd:Q142;
               rdfs:label ?deptLabel2.
        FILTER(LANG(?deptLabel2) = ""fr"")
        ?river2 rdfs:label ?riverLabelFr2.
        FILTER(LANG(?riverLabelFr2) = ""fr"")
        FILTER(LCASE(?deptLabel2) = LCASE(CONCAT(STR(?riverLabelFr2), "" "", ""department"")) || LCASE(?deptLabel2) = LCASE(?riverLabelFr2))
      }
    }
  }
  FILTER(?length = ?maxLength)
  SERVICE wikibase:label { bd:serviceParam wikibase:language ""en,fr"". }
}",False,0.0,
387,complex,List all biological pathways with their corresponding protein structures in the PDB database.,"SELECT DISTINCT ?pathway ?pathwayLabel ?protein ?proteinLabel ?pdbId WHERE {
  ?protein wdt:P638 ?pathway ;
           wdt:P638 ?pathway ;
           wdt:P638 ?pathway .
  ?protein wdt:P638 ?pathway .
  ?protein wdt:P638 ?pathway .
  ?protein wdt:P638 ?pathway .
  ?protein wdt:P638 ?pathway .
  ?protein wdt:P638 ?pathway .
  ?protein wdt:P638 ?pathway .
  ?protein wdt:P638 ?pathway .
  ?protein wdt:P638 ?pathway .
  ?protein wdt:P638 ?pathway .
  ?protein wdt:P638 ?pathway .
  ?protein wdt:P638 ?pathway .
  ?protein wdt:P638 ?pathway .
  ?protein wdt:P638 ?pathway .
  ?protein wdt:P638 ?pathway .
  ?protein wdt:P638 ?pathway .
  ?protein wdt:P638 ?pathway .
  ?protein wdt:P638 ?pathway .
  ?protein wdt:P638 ?pathway .
  ?protein wdt:P638 ?pathway .
  ?protein wdt:P638 ?pathway .
  ?protein wdt:P638 ?pathway .
  ?protein wdt:P638 ?pathway .
  ?protein wdt:P638 ?pathway .
  ?protein wdt:P638 ?pathway .
  ?protein wdt:P638 ?pathway .
  ?protein wdt:P638 ?pathway .
  ?protein wdt:P638 ?pathway .
  ?protein wdt:P638 ?pathway .
  ?protein wdt:P638 ?pathway .
  ?protein wdt:P638 ?pathway .
  ?protein wdt:P638 ?pathway .
  ?protein wdt:P638 ?pathway .
  ?protein wdt:P638 ?pathway .
  ?protein wdt:P638 ?pathway .
  ?protein wdt:P638 ?pathway .
  ?protein wdt:P638 ?pathway .
  ?protein wdt:P638 ?pathway .
  ?protein wdt:P638 ?pathway .
  ?protein wdt:P638 ?pathway ;
           wdt:P638 ?pathway ;
           wdt:P638 ?pathway ;
           wdt:P638 ?pathway ;
           wdt:P638 ?pathway ;
           wdt:P638 ?pathway ;
           wdt:P638 ?pathway ;
           wdt:P638 ?pathway ;
           wdt:P638 ?pathway ;
           wdt:P638 ?pathway ;
           wdt:P638 ?pathway ;
           wdt:P638 ?pathway ;
           wdt:P638 ?pathway ;
           wdt:P638 ?pathway ;
           wdt:P638 ?pathway ;
           wdt:P638 ?pathway ;
           wdt:P638 ?pathway ;
           wdt:P638 ?pathway ;
           wdt:P638 ?pathway ;
           wdt:P638 ?pathway ;
           wdt:P638 ?pathway ;
           wdt:P638 ?pathway ;
           wdt:P638 ?pathway ;
           wdt:P638 ?pathway ;
           wdt:P638 ?pathway ;
           wdt:P638 ?pathway ;
           wdt:P638 ?pathway ;
           wdt:P638 ?pathway ;
           wdt:P638 ?pathway ;
           wdt:P638 ?pathway ;
           wdt:P638 ?pathway ;
           wdt:P638 ?pathway ;
           wdt:P638 ?pathway ;
           wdt:P638 ?pathway ;
           wdt:P638 ?pathway ;
           wdt:P638 ?pathway ;
           wdt:P638 ?pathway ;
           wdt:P638 ?pathway ;
           wdt:P638 ?pathway ;
           wdt:P638 ?pathway ;
           wdt:P638 ?pathway ;
           wdt:P638 ?pathway ;
           wdt:P638 ?pathway ;
           wdt:P638 ?pathway ;
           wdt:P638 ?pathway ;
           wdt:P638 ?pathway ;
           wdt:P638 ?pathway ;
           wdt:P638 ?pathway ;
           wdt:P638 ?pathway ;
           wdt:P638 ?pathway ;
           wdt:P638 ?pathway ;
           wdt:P638 ?pathway ;
           wdt:P638 ?pathway ;
           wdt:P638 ?pathway ;
           wdt:P638 ?pathway ;
           wdt:P638 ?pathway ;
           wdt:P638 ?pathway ;
           wdt:P638 ?pathway ;
           wdt:P638 ?pathway ;
           wdt:P638 ?pathway ;
           wdt:P638 ?pathway ;
           wdt",False,0.0,
388,complex,List the properties used in instances of public libraries along with their frequency.,"SELECT ?property ?propertyLabel (COUNT(*) AS ?frequency) WHERE {
  ?library wdt:P31 wd:Q7075 .
  ?library ?p ?value .
  FILTER(STRSTARTS(STR(?p), STR(p:)) || STRSTARTS(STR(?p), STR(ps:)) || STRSTARTS(STR(?p), STR(pq:)) )
  BIND(
    IRI(
      REPLACE(
        REPLACE(
          REPLACE(STR(?p), STR(p:), STR(wd:)),
          STR(ps:), STR(wd:)
        ),
        STR(pq:), STR(wd:)
      )
    ) AS ?property
  )
  SERVICE wikibase:label { bd:serviceParam wikibase:language ""[AUTO_LANGUAGE],en"". }
}
GROUP BY ?property ?propertyLabel
ORDER BY DESC(?frequency)",False,0.0,
389,complex,What scenes are depicted in Mediterranean Scenes drawings?,"SELECT DISTINCT ?scene ?sceneLabel WHERE {
  wd:Q68275853 wdt:P180 ?scene .
  SERVICE wikibase:label { bd:serviceParam wikibase:language ""en"". }
}",True,0.0,
390,complex,List all stages of the Tour de France.,"SELECT DISTINCT ?stage ?stageLabel WHERE {
  ?stage wdt:P31 wd:Q507370 ;
         wdt:P361 wd:Q43670 .
  SERVICE wikibase:label { bd:serviceParam wikibase:language ""en"". }
}",True,1.0,
391,complex,List the most populous first-level country subdivisions without a legislative body.,"SELECT ?subdivision ?subdivisionLabel ?country ?countryLabel ?population WHERE {
  ?subdivision wdt:P31/wdt:P279* wd:Q10864048 ;
               wdt:P17 ?country ;
               wdt:P1082 ?population .
  FILTER NOT EXISTS { ?subdivision wdt:P194 ?legislativeBody . }
  SERVICE wikibase:label { bd:serviceParam wikibase:language ""en"". }
}
ORDER BY DESC(?population)",True,0.1089,
392,complex,List the types of properties with their frequency and an example property for each type.,"SELECT ?propertyTypeLabel (COUNT(?prop) AS ?frequency) (SAMPLE(?prop) AS ?exampleProperty) (SAMPLE(?propLabel) AS ?examplePropertyLabel) WHERE {
  ?prop wikibase:propertyType ?propertyType .
  SERVICE wikibase:label { bd:serviceParam wikibase:language ""en"". }
} GROUP BY ?propertyType ?propertyTypeLabel
ORDER BY DESC(?frequency)",True,0.5443,
393,complex,List song titles that are also female given names.,"SELECT DISTINCT ?songTitle WHERE {
  ?song wdt:P31/wdt:P279* wd:Q7366;
        rdfs:label ?songTitle.
  ?givenName wdt:P31 wd:Q11879590;
             rdfs:label ?songTitle.
  FILTER(LANG(?songTitle) = ""en"")
}",True,0.0367,
394,complex,List all external identifiers from Wikidata.,"SELECT DISTINCT ?property ?propertyLabel ?formatterURL WHERE {
  ?property wikibase:propertyType wikibase:ExternalId .
  OPTIONAL { ?property wdt:P1630 ?formatterURL . }
  SERVICE wikibase:label { bd:serviceParam wikibase:language ""en"". }
}
ORDER BY ?propertyLabel",True,0.0,
395,complex,List mathematicians born in years that are prime numbers.,"SELECT ?person ?personLabel ?birthYear WHERE {
  ?person wdt:P31 wd:Q5;
          wdt:P106 wd:Q170790;
          wdt:P569 ?birthDate.
  BIND(YEAR(?birthDate) AS ?birthYear)
  FILTER(
    ?birthYear > 1 &&
    ?birthYear IN (
      2, 3, 5, 7, 11, 13, 17, 19, 23, 29, 31, 37, 41, 43, 47, 53, 59, 61, 67, 71, 73, 79, 83, 89, 97,
      101, 103, 107, 109, 113, 127, 131, 137, 139, 149, 151, 157, 163, 167, 173, 179, 181, 191, 193, 197, 199,
      211, 223, 227, 229, 233, 239, 241, 251, 257, 263, 269, 271, 277, 281, 283, 293, 307, 311, 313, 317, 331,
      337, 347, 349, 353, 359, 367, 373, 379, 383, 389, 397, 401, 409, 419, 421, 431, 433, 439, 443, 449, 457,
      461, 463, 467, 479, 487, 491, 499, 503, 509, 521, 523, 541, 547, 557, 563, 569, 571, 577, 587, 593, 599,
      601, 607, 613, 617, 619, 631, 641, 643, 647, 653, 659, 661, 673, 677, 683, 691, 701, 709, 719, 727, 733,
      739, 743, 751, 757, 761, 769, 773, 787, 797, 809, 811, 821, 823, 827, 829, 839, 853, 857, 859, 863, 877,
      881, 883, 887, 907, 911, 919, 929, 937, 941, 947, 953, 967, 971, 977, 983, 991, 997, 1009, 1013, 1019,
      1021, 1031, 1033, 1039, 1049, 1051, 1061, 1063, 1069, 1087, 1091, 1093, 1097, 1103, 1109, 1117, 1123,
      1129, 1151, 1153, 1163, 1171, 1181, 1187, 1193, 1201, 1213, 1217, 1223, 1229, 1231, 1237, 1249, 1259,
      1277, 1279, 1283, 1289, 1291, 1297, 1301, 1303, 1307, 1319, 1321, 1327, 1361, 1367, 1373, 1381, 1399,
      1409, 1423, 1427, 1429, 1433, 1439, 1447, 1451, 1453, 1459, 1471, 1481, 1483, 1487, 1489, 1493, 1499,
      1511, 1523, 1531, 1543, 1549, 1553, 1559, 1567, 1571, 1579, 1583, 1597, 1601, 1607, 1609, 1613, 1619,
      1621, 1627, 1637, 1657, 1663, 1667, 1669, 1693, 1697, 1699, 1709, 1721, 1723, 1733, 1741, 1747, 1753,
      1759, 1777,",False,0.0,
396,complex,"Show me the relationships between Elsa Lanchester, Charles Laughton, and other notable individuals.","SELECT ?person ?personLabel ?relatedPerson ?relatedPersonLabel ?relationshipType WHERE {
  VALUES ?person { wd:Q232278 wd:Q29576 }  # Elsa Lanchester, Charles Laughton
  
  ?person ?prop ?relatedPerson .
  
  VALUES ?prop {
    wdt:P22   # father
    wdt:P25   # mother
    wdt:P26   # spouse
    wdt:P40   # child
    wdt:P3373 # sibling
    wdt:P451  # unmarried partner
    wdt:P1038 # relative
    wdt:P3342 # significant person
    wdt:P157  # killed by
    wdt:P3448 # stepparent
  }
  
  FILTER(?relatedPerson != ?person)
  
  BIND(
    IF(?prop = wdt:P22, ""father"",
    IF(?prop = wdt:P25, ""mother"",
    IF(?prop = wdt:P26, ""spouse"",
    IF(?prop = wdt:P40, ""child"",
    IF(?prop = wdt:P3373, ""sibling"",
    IF(?prop = wdt:P451, ""unmarried partner"",
    IF(?prop = wdt:P1038, ""relative"",
    IF(?prop = wdt:P3342, ""significant person"",
    IF(?prop = wdt:P157, ""killed by"",
    IF(?prop = wdt:P3448, ""stepparent"", ""other""))))))))))
    AS ?relationshipType
  )
  
  SERVICE wikibase:label { bd:serviceParam wikibase:language ""en"". }
}
ORDER BY ?personLabel ?relationshipType ?relatedPersonLabel",True,0.0,
397,complex,Find PubMed references related to renal cell carcinoma variants.,"SELECT DISTINCT ?variant ?variantLabel ?pubmedID WHERE {
  ?variant wdt:P31/wdt:P279* wd:Q1962970.
  ?variant p:P698 ?pubmedStmt.
  ?pubmedStmt ps:P698 ?pubmedID.
  SERVICE wikibase:label { bd:serviceParam wikibase:language ""en"". }
}",True,1.0,
398,complex,What are the official songs of each U.S. state?,"SELECT ?state ?stateLabel ?song ?songLabel WHERE {
  ?state wdt:P31 wd:Q35657;
         p:P2853 ?statement.
  ?statement ps:P2853 ?song;
             pq:P518 wd:Q853149.
  SERVICE wikibase:label { bd:serviceParam wikibase:language ""en"". }
}
ORDER BY ?stateLabel ?songLabel",True,0.0,
399,complex,What are the most common last names among humans?,"SELECT ?lastNameLabel (COUNT(?person) AS ?count) WHERE {
  ?person wdt:P31 wd:Q5;
          wdt:P734 ?lastName.
  SERVICE wikibase:label { bd:serviceParam wikibase:language ""en"". }
}
GROUP BY ?lastName ?lastNameLabel
ORDER BY DESC(?count)
LIMIT 100",False,0.0,
400,complex,"List all Basque people with known birthplaces on Wikipedia, grouped by the century they died in.","SELECT ?deathCentury (GROUP_CONCAT(DISTINCT ?personLabel; separator="", "") AS ?people) WHERE {
  ?person wdt:P31 wd:Q5;
          wdt:P27 wd:Q29;
          wdt:P569 ?birthDate;
          wdt:P570 ?deathDate;
          wdt:P19 ?birthplace.
  ?person wdt:P172 wd:Q806.
  FILTER EXISTS {
    ?article schema:about ?person;
             schema:isPartOf <https://en.wikipedia.org/>.
  }
  BIND(CONCAT(
    STR(1 + FLOOR((YEAR(?deathDate) - 1) / 100)),
    IF((1 + FLOOR((YEAR(?deathDate) - 1) / 100)) % 10 = 1 && (1 + FLOOR((YEAR(?deathDate) - 1) / 100)) != 11, ""st century"",
      IF((1 + FLOOR((YEAR(?deathDate) - 1) / 100)) % 10 = 2 && (1 + FLOOR((YEAR(?deathDate) - 1) / 100)) != 12, ""nd century"",
        IF((1 + FLOOR((YEAR(?deathDate) - 1) / 100)) % 10 = 3 && (1 + FLOOR((YEAR(?deathDate) - 1) / 100)) != 13, ""rd century"", ""th century"")
      )
    )
  ) AS ?deathCentury)
  SERVICE wikibase:label { bd:serviceParam wikibase:language ""en"". }
}
GROUP BY ?deathCentury
ORDER BY xsd:integer(STRBEFORE(?deathCentury, "" ""))",False,0.0,
401,complex,What are the top companies by revenue in USD?,"SELECT ?company ?companyLabel ?revenueUSD WHERE {
  ?company wdt:P31/wdt:P279* wd:Q783794 ;
           p:P2139 ?revStmt .
  ?revStmt ps:P2139 ?revenue ;
           pq:P3005 wd:Q4917 .
  BIND(xsd:decimal(?revenue) AS ?revenueUSD)
  SERVICE wikibase:label { bd:serviceParam wikibase:language ""en"". }
}
ORDER BY DESC(?revenueUSD)
LIMIT 10",True,1.0,
402,complex,What are the most gender-imbalanced occupations in the US?,"SELECT ?occupation ?occupationLabel ?maleCount ?femaleCount ?imbalanceRatio WHERE {
  {
    SELECT ?occupation
           (SUM(?male) AS ?maleCount)
           (SUM(?female) AS ?femaleCount)
           (IF((SUM(?male) + SUM(?female)) > 0,
               ABS(SUM(?male) - SUM(?female)) / (SUM(?male) + SUM(?female)),
               0) AS ?imbalanceRatio)
    WHERE {
      ?person wdt:P31 wd:Q5;
              wdt:P27 wd:Q30;
              wdt:P106 ?occupation;
              wdt:P21 ?gender.
      VALUES ?genderMale { wd:Q6581097 }
      VALUES ?genderFemale { wd:Q6581072 }
      BIND(IF(?gender = ?genderMale, 1, 0) AS ?male)
      BIND(IF(?gender = ?genderFemale, 1, 0) AS ?female)
    }
    GROUP BY ?occupation
    HAVING ((SUM(?male) + SUM(?female)) >= 50)
  }
  SERVICE wikibase:label { bd:serviceParam wikibase:language ""en"". }
}
ORDER BY DESC(?imbalanceRatio) DESC(?maleCount + ?femaleCount)
LIMIT 25",False,0.0,
403,complex,"List all artworks from the Musée Saint-Raymond in Toulouse, France.","SELECT DISTINCT ?artwork ?artworkLabel WHERE {
  ?artwork wdt:P31/wdt:P279* wd:Q838948 ;
           wdt:P195 wd:Q6933269 .
  SERVICE wikibase:label { bd:serviceParam wikibase:language ""en"". }
}",True,1.0,
404,complex,What is the count of Twitter IDs versus Facebook IDs for non-human entities?,"SELECT ?propertyLabel (COUNT(DISTINCT ?item) AS ?count) WHERE {
  VALUES ?property { wdt:P2002 wdt:P2013 }
  ?item ?property ?id .
  FILTER NOT EXISTS { ?item wdt:P31 wd:Q5 }
  SERVICE wikibase:label { bd:serviceParam wikibase:language ""en"". 
    ?property rdfs:label ?propertyLabel .
  }
}
GROUP BY ?propertyLabel
ORDER BY ?propertyLabel",False,0.0,
405,complex,Show me a map of people buried at Norra Begravningsplatsen cemetery.,"SELECT DISTINCT ?person ?personLabel ?coord WHERE {
  ?person wdt:P119 wd:Q17029347 .
  ?person wdt:P625 ?coord .
  SERVICE wikibase:label { bd:serviceParam wikibase:language ""[AUTO_LANGUAGE],en"". }
}",True,0.0,
406,complex,"Show me a map of sports teams, categorized by sport.","SELECT ?team ?teamLabel ?coord ?sportLabel WHERE {
  ?team wdt:P31/wdt:P279* wd:Q12973014;
        wdt:P625 ?coord;
        wdt:P641 ?sport.
  SERVICE wikibase:label { bd:serviceParam wikibase:language ""[AUTO_LANGUAGE],en"". }
}",True,0.0039,
407,complex,List all the Chairs of the US Federal Reserve along with their tenure.,"SELECT ?chair ?chairLabel ?start ?end WHERE {
  ?chair p:P39 ?statement .
  ?statement ps:P39 wd:Q15031 .
  OPTIONAL { ?statement pq:P580 ?start . }
  OPTIONAL { ?statement pq:P582 ?end . }
  SERVICE wikibase:label { bd:serviceParam wikibase:language ""en"". }
}
ORDER BY ?start",True,0.0,
408,complex,List the numbers from 0 to 20 in alphabetical order.,"SELECT ?number ?numberLabel WHERE {
  VALUES (?number ?numberLabel) {
    (0 ""zero"")
    (1 ""one"")
    (2 ""two"")
    (3 ""three"")
    (4 ""four"")
    (5 ""five"")
    (6 ""six"")
    (7 ""seven"")
    (8 ""eight"")
    (9 ""nine"")
    (10 ""ten"")
    (11 ""eleven"")
    (12 ""twelve"")
    (13 ""thirteen"")
    (14 ""fourteen"")
    (15 ""fifteen"")
    (16 ""sixteen"")
    (17 ""seventeen"")
    (18 ""eighteen"")
    (19 ""nineteen"")
    (20 ""twenty"")
  }
}
ORDER BY ?numberLabel",True,0.0,
409,complex,List cities situated near multiple rivers.,"SELECT DISTINCT ?city ?cityLabel (COUNT(DISTINCT ?river) AS ?riverCount) WHERE {
  ?city wdt:P31/wdt:P279* wd:Q515 ;
        wdt:P206 ?river .
  ?river wdt:P31/wdt:P279* wd:Q4022 .
  SERVICE wikibase:label { bd:serviceParam wikibase:language ""en"". }
}
GROUP BY ?city ?cityLabel
HAVING (COUNT(DISTINCT ?river) > 1)
ORDER BY DESC(?riverCount) ?cityLabel",False,0.0,
410,complex,List all GLAM institutions in Wales along with their coordinates and types.,"SELECT DISTINCT ?institution ?institutionLabel ?coord ?type ?typeLabel WHERE {
  VALUES ?glamType {
    wd:Q33506      # museum
    wd:Q7075       # library
    wd:Q166118     # archive
    wd:Q13219688   # art gallery
  }

  ?institution wdt:P31/wdt:P279* ?glamType ;
               wdt:P131* wd:Q25 ;
               wdt:P625 ?coord ;
               wdt:P31 ?type .

  SERVICE wikibase:label { bd:serviceParam wikibase:language ""en"". }
}
ORDER BY ?institutionLabel",False,0.0,
411,complex,List people who have received military honors from two different countries.,"SELECT DISTINCT ?person ?personLabel (COUNT(DISTINCT ?country) AS ?countryCount) WHERE {
  ?person wdt:P31 wd:Q5 .
  ?person p:P141 ?awardStmt .
  ?awardStmt ps:P141 ?award .
  ?award wdt:P31/wdt:P279* wd:Q618779 .
  ?award wdt:P17 ?country .
}
GROUP BY ?person ?personLabel
HAVING (COUNT(DISTINCT ?country) >= 2)
SERVICE wikibase:label { bd:serviceParam wikibase:language ""en"". }",False,0.0,
412,complex,What occupations were most common among accused witches in Scotland?,"SELECT ?occupationLabel (COUNT(DISTINCT ?person) AS ?count) WHERE {
  ?person wdt:P106 ?occupation;
          wdt:P31 ?instance.
  VALUES ?instance { wd:Q5 }
  
  ?person p:P31 ?statement.
  ?statement ps:P31 wd:Q5.
  
  {
    ?person wdt:P27 wd:Q22.
  }
  UNION
  {
    ?person wdt:P495 wd:Q22.
  }
  UNION
  {
    ?person wdt:P19 ?birthPlace.
    ?birthPlace wdt:P131* wd:Q22.
  }
  UNION
  {
    ?person wdt:P20 ?deathPlace.
    ?deathPlace wdt:P131* wd:Q22.
  }
  
  {
    ?person wdt:P1830 ?crime.
    ?crime rdfs:label ?crimeLabel.
    FILTER(LANG(?crimeLabel) = ""en"")
    FILTER(CONTAINS(LCASE(?crimeLabel), ""witch""))
  }
  UNION
  {
    ?person wdt:P921 ?topic.
    ?topic rdfs:label ?topicLabel.
    FILTER(LANG(?topicLabel) = ""en"")
    FILTER(CONTAINS(LCASE(?topicLabel), ""witch""))
  }
  UNION
  {
    ?person schema:description ?desc.
    FILTER(LANG(?desc) = ""en"")
    FILTER(CONTAINS(LCASE(?desc), ""accused witch""))
  }
  
  SERVICE wikibase:label { bd:serviceParam wikibase:language ""en"". }
}
GROUP BY ?occupationLabel
ORDER BY DESC(?count)",False,0.0,
413,complex,List all economists with a Project Gutenberg ID and their corresponding birth and death years.,"SELECT ?economist ?economistLabel ?gutenbergID ?birthYear ?deathYear WHERE {
  ?economist wdt:P106 wd:Q188094 ;
             wdt:P2034 ?gutenbergID ;
             wdt:P569 ?birthDate .
  OPTIONAL { ?economist wdt:P570 ?deathDate . }
  BIND(YEAR(?birthDate) AS ?birthYear)
  BIND(YEAR(?deathDate) AS ?deathYear)
  SERVICE wikibase:label { bd:serviceParam wikibase:language ""en"". }
}
ORDER BY ?economistLabel",True,0.0,
414,complex,List all the stations in Amsterdam Metro along with their coordinates.,"SELECT DISTINCT ?station ?stationLabel ?coord WHERE {
  ?station wdt:P31 wd:Q928830 ;
           wdt:P131 wd:Q727 ;
           wdt:P625 ?coord .
  SERVICE wikibase:label { bd:serviceParam wikibase:language ""en"". }
}",True,0.0,
415,complex,List all the materials used in paintings along with their labels.,"SELECT DISTINCT ?material ?materialLabel WHERE {
  ?painting wdt:P31/wdt:P279* wd:Q3305213;
            wdt:P186 ?material.
  SERVICE wikibase:label { bd:serviceParam wikibase:language ""en"". }
}",False,0.0,
416,complex,What lakes are near Berlin?,"SELECT DISTINCT ?lake ?lakeLabel WHERE {
  wd:Q64 wdt:P206 ?lake .
  ?lake wdt:P31/wdt:P279* wd:Q23397 .
  SERVICE wikibase:label { bd:serviceParam wikibase:language ""en"". }
}",True,0.0,
417,complex,List all Wikidata properties in numerical order.,"SELECT ?property ?propertyLabel WHERE {
  ?property a wikibase:Property .
  SERVICE wikibase:label { bd:serviceParam wikibase:language ""en"". }
}
ORDER BY xsd:integer(REPLACE(STR(?property), ""^.*P"", """"))",True,0.669,
418,complex,Find all National Trust properties in the UK without an official website on Wikidata.,"SELECT ?property ?propertyLabel WHERE {
  ?property wdt:P31/wdt:P279* wd:Q35120;
            wdt:P137 wd:Q15243209.
  FILTER NOT EXISTS { ?property wdt:P856 ?website. }
  SERVICE wikibase:label { bd:serviceParam wikibase:language ""en"". }
}",True,1.0,
419,complex,"Find cathedrals in Paris, France and show their images.","SELECT DISTINCT ?cathedral ?cathedralLabel ?image WHERE {
  ?cathedral wdt:P31/wdt:P279* wd:Q2977;
             wdt:P131* wd:Q90;
             wdt:P18 ?image.
  SERVICE wikibase:label { bd:serviceParam wikibase:language ""en"". }
}",False,0.0,
420,complex,List the names of programming languages along with their creation years and images of their inventors.,"SELECT DISTINCT ?programmingLanguageLabel ?creationYear ?inventorImage WHERE {
  ?programmingLanguage wdt:P31 wd:Q9143;
                       wdt:P571 ?inception;
                       wdt:P170 ?inventor.
  BIND(YEAR(?inception) AS ?creationYear)
  ?inventor wdt:P18 ?inventorImage.
  SERVICE wikibase:label { bd:serviceParam wikibase:language ""en"". }
}
ORDER BY ?creationYear ?programmingLanguageLabel",True,0.0376,
421,complex,"What are the professions of people whose works are kept in the Musee de Bretagne, categorized by gender?","SELECT ?genderLabel ?professionLabel (COUNT(DISTINCT ?person) AS ?count) WHERE {
  ?work wdt:P195 wd:Q1957763 ;
        wdt:P170 ?person .
  ?person wdt:P21 ?gender ;
          wdt:P106 ?profession .
  SERVICE wikibase:label { bd:serviceParam wikibase:language ""en"". }
}
GROUP BY ?genderLabel ?professionLabel
ORDER BY ?genderLabel DESC(?count) ?professionLabel",True,0.0,
422,complex,What is the average height of male figure skaters in each discipline?,"SELECT ?disciplineLabel (AVG(?heightValue) AS ?averageHeight)
WHERE {
  ?skater wdt:P31 wd:Q5;
          wdt:P21 wd:Q6581097;
          wdt:P106 wd:Q131286;
          wdt:P413 ?discipline;
          p:P2048 ?heightStmt.
  ?heightStmt ps:P2048 ?height.
  ?height wikibase:quantityAmount ?heightValue.
  SERVICE wikibase:label { bd:serviceParam wikibase:language ""en"". }
}
GROUP BY ?disciplineLabel
ORDER BY ?disciplineLabel",True,0.0,
423,complex,What materials are used to make the items in the Ashmolean Museum collection?,"SELECT DISTINCT ?material ?materialLabel WHERE {
  ?item wdt:P195 wd:Q636400 ;
        wdt:P186 ?material .
  SERVICE wikibase:label { bd:serviceParam wikibase:language ""en"". }
}",True,0.5184,
424,complex,List the occupations of authors who have written scholarly articles.,"SELECT DISTINCT ?occupation ?occupationLabel WHERE {
  ?article wdt:P31 wd:Q13442814;
           wdt:P50 ?author.
  ?author wdt:P106 ?occupation.
  SERVICE wikibase:label { bd:serviceParam wikibase:language ""en"". }
}",True,1.0,
425,complex,Show me a map of Indian cities with their sister cities.,"SELECT DISTINCT ?city ?cityLabel ?coord ?sister ?sisterLabel ?sisterCoord WHERE {
  ?city wdt:P31/wdt:P279* wd:Q515 ;
        wdt:P17 wd:Q668 ;
        wdt:P190 ?sister ;
        wdt:P625 ?coord .
  OPTIONAL { ?sister wdt:P625 ?sisterCoord . }
  SERVICE wikibase:label { bd:serviceParam wikibase:language ""en"". }
}",True,0.1786,
426,complex,List the number of punk bands from each region in Indonesia.,"SELECT ?region ?regionLabel (COUNT(DISTINCT ?band) AS ?numberOfPunkBands) WHERE {
  ?band wdt:P31 wd:Q215380;
        wdt:P136 wd:Q83840;
        wdt:P495 wd:Q252;
        wdt:P131 ?region.
  ?region wdt:P31/wdt:P279* wd:Q82794.
  SERVICE wikibase:label { bd:serviceParam wikibase:language ""en"". }
}
GROUP BY ?region ?regionLabel
ORDER BY DESC(?numberOfPunkBands)",True,0.0,
427,complex,List all museums in Barcelona along with their coordinates.,"SELECT ?museum ?museumLabel ?coord WHERE {
  ?museum wdt:P31/wdt:P279* wd:Q33506;
          wdt:P131 wd:Q1492;
          wdt:P625 ?coord.
  SERVICE wikibase:label { bd:serviceParam wikibase:language ""en"". }
}",True,0.2534,
428,complex,"List all ancient Greek pottery items stored in Museum St-Raymond, France.","SELECT ?item ?itemLabel WHERE {
  ?item wdt:P31/wdt:P279* wd:Q838948 ;      # instance of / subclass of pottery
        wdt:P1705 ?nativeName ;
        wdt:P195 wd:Q3330164 .              # Museum Saint-Raymond
  FILTER(CONTAINS(LCASE(STR(?nativeName)), ""greek"") || CONTAINS(LCASE(STR(?nativeName)), ""grec""))
  SERVICE wikibase:label { bd:serviceParam wikibase:language ""en"". }
}",True,0.0,
429,complex,List people who share their birthday with the day their mother passed away.,"SELECT DISTINCT ?person ?personLabel ?mother ?motherLabel ?birthDate ?motherDeathDate WHERE {
  ?person wdt:P31 wd:Q5;
          wdt:P569 ?birthDate;
          wdt:P25 ?mother.
  ?mother wdt:P570 ?motherDeathDate.

  FILTER(
    MONTH(?birthDate) = MONTH(?motherDeathDate) &&
    DAY(?birthDate) = DAY(?motherDeathDate)
  )

  SERVICE wikibase:label { bd:serviceParam wikibase:language ""en"". }
}",True,0.0,
430,complex,List all people employed by Coventry University without a UID.,"SELECT DISTINCT ?person ?personLabel WHERE {
  ?person wdt:P108 wd:Q5108221.
  ?person wdt:P31 wd:Q5.
  FILTER(NOT EXISTS { ?person wdt:P553 ?uid. })
  SERVICE wikibase:label { bd:serviceParam wikibase:language ""en"". }
}",True,0.0,
431,complex,List people who have received economics awards but are not classified as economists.,"SELECT DISTINCT ?person ?personLabel WHERE {
  ?person wdt:P166 ?award .
  ?award wdt:P31/wdt:P279* wd:Q11448906 .
  FILTER NOT EXISTS { ?person wdt:P106 wd:Q188094. }
  SERVICE wikibase:label { bd:serviceParam wikibase:language ""en"". }
}",True,0.0055,
432,complex,"List cities with a population of over 1 million where no person in Wikidata was born, lived or died.","SELECT ?city ?cityLabel ?population WHERE {
  ?city wdt:P31/wdt:P279* wd:Q515 ;
        wdt:P1082 ?population .
  FILTER(?population > 1000000)

  FILTER NOT EXISTS {
    ?person wdt:P31 wd:Q5 .
    {
      ?person wdt:P19 ?city
    }
    UNION
    {
      ?person wdt:P20 ?city
    }
    UNION
    {
      ?person p:P551 ?resStmt .
      ?resStmt ps:P551 ?city .
    }
  }

  SERVICE wikibase:label { bd:serviceParam wikibase:language ""en"". }
}",False,0.0,
433,complex,How many lakes in the UK have a 'UK Lakes Portal ID'?,"SELECT (COUNT(DISTINCT ?lake) AS ?count)
WHERE {
  ?lake wdt:P6496 ?ukLakesPortalID ;
        wdt:P31/wdt:P279* wd:Q23397 ;
        wdt:P17 wd:Q145 .
}",True,0.0,
434,complex,List all individuals who are both parents and children of the same person.,"SELECT DISTINCT ?person ?personLabel WHERE {
  ?person wdt:P40 ?samePerson .
  ?samePerson wdt:P40 ?person .
  SERVICE wikibase:label { bd:serviceParam wikibase:language ""[AUTO_LANGUAGE],en"". }
}",True,0.5502,
435,complex,List all countries whose capital city names can be formed using only the letters of the country's name.,"SELECT ?country ?countryLabel ?capital ?capitalLabel WHERE {
  ?country wdt:P31 wd:Q6256;
           wdt:P36 ?capital.
  
  SERVICE wikibase:label { bd:serviceParam wikibase:language ""en"". }

  FILTER(LANG(?countryLabel) = ""en"")
  FILTER(LANG(?capitalLabel) = ""en"")
  
  BIND(LCASE(REPLACE(?countryLabel, ""[^A-Za-z]"", """")) AS ?countryName)
  BIND(LCASE(REPLACE(?capitalLabel, ""[^A-Za-z]"", """")) AS ?capitalName)

  FILTER(STRLEN(?capitalName) > 0)

  FILTER NOT EXISTS {
    VALUES ?letter { ""a"" ""b"" ""c"" ""d"" ""e"" ""f"" ""g"" ""h"" ""i"" ""j"" ""k"" ""l"" ""m""
                     ""n"" ""o"" ""p"" ""q"" ""r"" ""s"" ""t"" ""u"" ""v"" ""w"" ""x"" ""y"" ""z"" }
    BIND(STRLEN(REPLACE(?capitalName, CONCAT(""[^"", ?letter, ""]""), """")) AS ?capCount)
    BIND(STRLEN(REPLACE(?countryName, CONCAT(""[^"", ?letter, ""]""), """")) AS ?countryCount)
    FILTER(?capCount > ?countryCount)
  }
}
ORDER BY ?countryLabel",True,1.0,
436,complex,List all African countries with their official languages and English names.,"SELECT DISTINCT ?country ?countryLabel ?englishName ?officialLanguage ?officialLanguageLabel WHERE {
  ?country wdt:P31 wd:Q6256;
           wdt:P30 wd:Q15;
           wdt:P37 ?officialLanguage.
  OPTIONAL {
    ?country rdfs:label ?englishName.
    FILTER(LANG(?englishName) = ""en"")
  }
  SERVICE wikibase:label { bd:serviceParam wikibase:language ""en"". }
}
ORDER BY ?countryLabel ?officialLanguageLabel",True,0.4948,
437,complex,List all female actresses under 70 years old who are descendants of the first king of Navarre.,"SELECT DISTINCT ?person ?personLabel WHERE {
  ?firstKing wdt:P31 wd:Q5;
             wdt:P39 wd:Q205888;
             wdt:P642 wd:Q47588.
  ?person wdt:P31 wd:Q5;
          wdt:P21 wd:Q6581072;
          wdt:P106 wd:Q33999;
          wdt:P40* ?firstKing;
          wdt:P569 ?birthDate.
  FILTER(?birthDate > NOW() - ""P70Y""^^xsd:duration)
  SERVICE wikibase:label { bd:serviceParam wikibase:language ""en"". }
}",True,1.0,
438,complex,List all saints' feast days by month and day.,"SELECT ?saint ?saintLabel ?month ?day WHERE {
  ?saint wdt:P31/wdt:P279* wd:Q43115;
         p:P841 ?feastStatement.
  ?feastStatement ps:P841 ?feastDay.
  ?feastDay wdt:P585 ?date.
  BIND(MONTH(?date) AS ?month)
  BIND(DAY(?date) AS ?day)
  SERVICE wikibase:label { bd:serviceParam wikibase:language ""[AUTO_LANGUAGE],en"". }
}
ORDER BY ?month ?day ?saintLabel",True,1.0,
439,complex,Find a list of diplomatic missions operated by the United Kingdom.,"SELECT DISTINCT ?mission ?missionLabel WHERE {
  ?mission wdt:P137 ?operator .
  ?operator wdt:P17 wd:Q145 .
  ?operator wdt:P31/wdt:P279* wd:Q45295908 .
  SERVICE wikibase:label { bd:serviceParam wikibase:language ""en"". }
}
ORDER BY ?missionLabel",True,0.0,
440,complex,List the most famous people in the world.,"SELECT ?person ?personLabel ?score WHERE {
  {
    SELECT ?person (COUNT(DISTINCT ?sitelink) AS ?score) WHERE {
      ?person wdt:P31 wd:Q5 .
      ?sitelink schema:about ?person ;
                schema:isPartOf ?wiki .
      FILTER(CONTAINS(STR(?wiki), ""wikipedia.org""))
    }
    GROUP BY ?person
    ORDER BY DESC(?score)
    LIMIT 100
  }
  SERVICE wikibase:label { bd:serviceParam wikibase:language ""en"". }
}
ORDER BY DESC(?score)",False,0.0,
441,complex,List all SARS-CoV-2 proteins with their corresponding research output counts.,"SELECT ?protein ?proteinLabel (COUNT(?work) AS ?researchOutputCount) WHERE {
  ?protein wdt:P31 wd:Q8054 ;
           wdt:P703 wd:Q82069695 .
  OPTIONAL { ?work wdt:P921 ?protein . }
  SERVICE wikibase:label { bd:serviceParam wikibase:language ""en"". }
}
GROUP BY ?protein ?proteinLabel
ORDER BY DESC(?researchOutputCount) ?proteinLabel",True,0.0694,
442,complex,What are the scheduled sections of the Antonine Wall in Scotland?,"SELECT DISTINCT ?section ?sectionLabel WHERE {
  ?section wdt:P1435 wd:Q23712 ;
           wdt:P361 wd:Q541269 ;
           wdt:P131 wd:Q22 .
  SERVICE wikibase:label { bd:serviceParam wikibase:language ""en"". }
}",True,0.0,
443,complex,"Show me a map of Scotland with markers for people accused of witchcraft, including their occupations.","SELECT DISTINCT ?person ?personLabel ?coord ?occupationLabel WHERE {
  ?person wdt:P31 wd:Q5;
          wdt:P1344 wd:Q4777461;
          wdt:P27 wd:Q145.
  ?person p:P1830 ?coordStmt.
  ?coordStmt ps:P1830 ?coord.
  OPTIONAL { ?person wdt:P106 ?occupation. }
  SERVICE wikibase:label { bd:serviceParam wikibase:language ""en"". }
}",True,0.0,
444,complex,List languages with less than 10 lexemes without statements or senses.,"SELECT ?language ?languageLabel (COUNT(DISTINCT ?lexeme) AS ?lexemeCount)
WHERE {
  ?lexeme dct:language ?language .

  FILTER NOT EXISTS { ?lexeme ?p ?statement . FILTER(?p != dct:language) }
  FILTER NOT EXISTS { ?lexeme ontolex:sense ?sense }

  SERVICE wikibase:label { bd:serviceParam wikibase:language ""[AUTO_LANGUAGE],en"". }
}
GROUP BY ?language ?languageLabel
HAVING (COUNT(DISTINCT ?lexeme) < 10)
ORDER BY ?lexemeCount ?languageLabel",False,0.0,
445,complex,List all institutions that have contributed to every #vBIB conference.,"SELECT ?institution ?institutionLabel WHERE {
  {
    SELECT ?conferenceSeries WHERE {
      VALUES ?conferenceSeriesLabel { ""#vBIB"" }
      ?conferenceSeries rdfs:label ?conferenceSeriesLabel .
      FILTER(LANG(?conferenceSeriesLabel) = ""en"")
    }
  }
  {
    SELECT ?institution (COUNT(DISTINCT ?event) AS ?instEventCount) WHERE {
      {
        SELECT ?event WHERE {
          ?event wdt:P179 ?conferenceSeries .
        }
      }
      ?work wdt:P1433 ?event ;
            wdt:P50 ?author .
      ?author wdt:P108 ?institution .
    }
    GROUP BY ?institution
  }
  {
    SELECT (COUNT(DISTINCT ?allEvent) AS ?totalEventCount) WHERE {
      ?allEvent wdt:P179 ?conferenceSeries .
    }
  }
  FILTER(?instEventCount = ?totalEventCount)
  SERVICE wikibase:label { bd:serviceParam wikibase:language ""en"". }
}",False,0.0,
446,complex,Find all small monuments in Borovnice municipality with links to their Commons categories.,"SELECT ?monument ?monumentLabel ?commonsCategory WHERE {
  ?monument wdt:P131 wd:Q2317860;
            wdt:P31 wd:Q174782;
            wdt:P31/wdt:P279* wd:Q811979;
            wdt:P373 ?commonsCategory.
  SERVICE wikibase:label { bd:serviceParam wikibase:language ""en"". }
}",True,0.0,
447,complex,List all Italian ministers who served in multiple cabinets since 1990.,"SELECT DISTINCT ?minister ?ministerLabel (COUNT(DISTINCT ?cabinet) AS ?cabinetCount) WHERE {
  ?statement ps:P39 ?position;
             pq:P2937 ?cabinet.
  ?minister p:P39 ?statement;
            wdt:P27 wd:Q38.
  ?position wdt:P279* wd:Q83307.
  ?cabinet wdt:P31 wd:Q640506.
  FILTER EXISTS {
    ?statement pq:P580 ?start.
    FILTER(YEAR(?start) >= 1990)
  }
  SERVICE wikibase:label { bd:serviceParam wikibase:language ""en"". }
}
GROUP BY ?minister ?ministerLabel
HAVING (COUNT(DISTINCT ?cabinet) > 1)
ORDER BY DESC(?cabinetCount) ?ministerLabel",True,0.0,
448,complex,What museums are near the Museum of Modern Art?,"SELECT DISTINCT ?museum ?museumLabel WHERE {
  wd:Q188740 ?p ?statement .
  VALUES ?p { wdt:P625 p:P625 }
  
  wd:Q188740 wdt:P625 ?coord .
  
  SERVICE wikibase:around {
    ?museum wdt:P625 ?location .
    bd:serviceParam wikibase:center ?coord .
    bd:serviceParam wikibase:radius ""5"" .
    bd:serviceParam wikibase:distance ?distance .
  }
  
  ?museum wdt:P31/wdt:P279* wd:Q33506 .
  FILTER(?museum != wd:Q188740)
  
  SERVICE wikibase:label { bd:serviceParam wikibase:language ""en"". }
}
ORDER BY ?distance",False,0.0,
449,complex,List the siblings who have received the Israel Prize.,"SELECT DISTINCT ?sibling ?siblingLabel WHERE {
  ?recipient wdt:P166 wd:Q1087685 .
  {
    ?recipient wdt:P3373 ?sibling .
  }
  UNION
  {
    ?sibling wdt:P3373 ?recipient .
  }
  ?sibling wdt:P166 wd:Q1087685 .
  SERVICE wikibase:label { bd:serviceParam wikibase:language ""en"". }
}",True,0.0,
450,complex,List the names of female activists from Latin America born between 1900 and 1999.,"SELECT DISTINCT ?personLabel WHERE {
  ?person wdt:P31 wd:Q5;
          wdt:P21 wd:Q6581072;
          wdt:P106 wd:Q15253558;
          wdt:P569 ?birthDate;
          wdt:P27 ?country.
  ?country wdt:P361* wd:Q18.
  FILTER(YEAR(?birthDate) >= 1900 && YEAR(?birthDate) <= 1999)
  SERVICE wikibase:label { bd:serviceParam wikibase:language ""en"". }
}",True,1.0,
451,complex,List the Twitter usernames of scientists working at Dutch universities.,"SELECT DISTINCT ?scientist ?scientistLabel ?twitter WHERE {
  ?scientist wdt:P31 wd:Q5;
             wdt:P106/wdt:P279* wd:Q901;
             wdt:P108 ?employer;
             wdt:P2002 ?twitter.
  ?employer wdt:P31/wdt:P279* wd:Q3918;
            wdt:P17 wd:Q55.
  SERVICE wikibase:label { bd:serviceParam wikibase:language ""en"". }
}",True,0.4259,
452,complex,Find French occupation-related words with their grammatical gender.,"SELECT DISTINCT ?word ?wordLabel ?gender ?genderLabel WHERE {
  ?word wdt:P31 wd:Q1084;
        wdt:P407 wd:Q150;
        wdt:P5185 ?occupation;
        wdt:P5185 ?occupation;
        wdt:P5185 ?occupation.
  ?occupation wdt:P31/wdt:P279* wd:Q12737077.
  OPTIONAL { ?word wdt:P5185 ?occupation. }
  OPTIONAL { ?word wdt:P5185 ?occupation. }
  OPTIONAL { ?word wdt:P5185 ?occupation. }
  OPTIONAL { ?word wdt:P5185 ?occupation. }
  OPTIONAL { ?word wdt:P5185 ?occupation. }
  OPTIONAL { ?word wdt:P5185 ?occupation. }
  OPTIONAL { ?word wdt:P5185 ?occupation. }
  OPTIONAL { ?word wdt:P5185 ?occupation. }
  OPTIONAL { ?word wdt:P5185 ?occupation. }
  OPTIONAL { ?word wdt:P5185 ?occupation. }
  OPTIONAL { ?word wdt:P5185 ?occupation. }
  OPTIONAL { ?word wdt:P5185 ?occupation. }
  OPTIONAL { ?word wdt:P5185 ?occupation. }
  OPTIONAL { ?word wdt:P5185 ?occupation. }
  OPTIONAL { ?word wdt:P5185 ?occupation. }
  OPTIONAL { ?word wdt:P5185 ?occupation. }
  OPTIONAL { ?word wdt:P5185 ?occupation. }
  OPTIONAL { ?word wdt:P5185 ?occupation. }
  OPTIONAL { ?word wdt:P5185 ?occupation. }
  OPTIONAL { ?word wdt:P5185 ?occupation. }
  OPTIONAL { ?word wdt:P5185 ?occupation. }
  OPTIONAL { ?word wdt:P5185 ?occupation. }
  OPTIONAL { ?word wdt:P5185 ?occupation. }
  OPTIONAL { ?word wdt:P5185 ?occupation. }
  OPTIONAL { ?word wdt:P5185 ?occupation. }
  OPTIONAL { ?word wdt:P5187 ?gender. }
  SERVICE wikibase:label { bd:serviceParam wikibase:language ""fr,en"". }
}",True,0.0,
453,complex,"Find Swedish words with examples that show both a form and a sense, along with their sources.","SELECT ?word ?wordLabel ?form ?sense ?source WHERE {
  ?word dct:language wd:Q9027;
        wikibase:lexicalCategory ?lexCat;
        ontolex:lexicalForm ?formEntity;
        ontolex:sense ?senseEntity.
  ?formEntity ontolex:representation ?form.
  ?senseEntity skos:definition ?sense.
  OPTIONAL { ?formEntity prov:wasDerivedFrom/pr:P248 ?sourceForm. }
  OPTIONAL { ?senseEntity prov:wasDerivedFrom/pr:P248 ?sourceSense. }
  BIND(COALESCE(?sourceForm, ?sourceSense) AS ?source)
  SERVICE wikibase:label { bd:serviceParam wikibase:language ""en,sv"". }
} LIMIT 100",True,0.0003,
454,complex,List all composers along with their most frequently used tonalities.,"SELECT ?composer ?composerLabel ?tonality ?tonalityLabel (COUNT(?work) AS ?workCount) WHERE {
  {
    SELECT ?composer (MAX(?count) AS ?maxCount) WHERE {
      {
        SELECT ?composer ?tonality (COUNT(?work) AS ?count) WHERE {
          ?work wdt:P86 ?composer;
                wdt:P826 ?tonality.
          ?composer wdt:P106 wd:Q36834.
        }
        GROUP BY ?composer ?tonality
      }
    }
    GROUP BY ?composer
  }
  {
    SELECT ?composer ?tonality (COUNT(?work) AS ?workCount) WHERE {
      ?work wdt:P86 ?composer;
            wdt:P826 ?tonality.
      ?composer wdt:P106 wd:Q36834.
    }
    GROUP BY ?composer ?tonality
  }
  FILTER(?workCount = ?maxCount)
  SERVICE wikibase:label { bd:serviceParam wikibase:language ""[AUTO_LANGUAGE],en"". }
}
GROUP BY ?composer ?composerLabel ?tonality ?tonalityLabel ?workCount
ORDER BY ?composerLabel ?tonalityLabel",True,0.0,
455,complex,"List all humans who died on August 25, 2001, according to the English Wikipedia.","SELECT ?person ?personLabel ?enwiki WHERE {
  ?person wdt:P31 wd:Q5;
          wdt:P570 ?deathDate.
  FILTER(?deathDate >= ""2001-08-25T00:00:00Z""^^xsd:dateTime &&
         ?deathDate <  ""2001-08-26T00:00:00Z""^^xsd:dateTime)

  ?enwiki schema:about ?person;
          schema:isPartOf <https://en.wikipedia.org/>.

  SERVICE wikibase:label { bd:serviceParam wikibase:language ""en"". }
}",True,0.4045,
456,complex,What are the historical monuments in Loire-Atlantique?,"SELECT DISTINCT ?monument ?monumentLabel WHERE {
  ?monument wdt:P1435 wd:Q916333;
            wdt:P131* wd:Q12130.
  SERVICE wikibase:label { bd:serviceParam wikibase:language ""en"". }
}",True,1.0,
457,complex,List famous painters who died before 1800.,"SELECT DISTINCT ?painter ?painterLabel ?deathDate WHERE {
  ?painter wdt:P31 wd:Q5;
           wdt:P106 wd:Q1028181;
           wdt:P570 ?deathDate.
  FILTER(?deathDate < ""1800-01-01T00:00:00Z""^^xsd:dateTime)
  ?painter wdt:P1412 ?lang.  # loose proxy to help surface notable historical figures
  SERVICE wikibase:label { bd:serviceParam wikibase:language ""en"". }
}
ORDER BY ?deathDate",True,0.3251,
458,complex,List all railway stations in the Netherlands with their connections.,"SELECT ?station ?stationLabel ?connectedTo ?connectedToLabel WHERE {
  ?station wdt:P31/wdt:P279* wd:Q55488;
           wdt:P17 wd:Q55.
  OPTIONAL { ?station wdt:P197 ?connectedTo. }
  SERVICE wikibase:label { bd:serviceParam wikibase:language ""en"". }
}",True,0.1322,
459,complex,Find the original creator of items with 'house cat' as an instance.,"SELECT DISTINCT ?item ?itemLabel ?creator ?creatorLabel WHERE {
  ?item wdt:P31 wd:Q146.
  OPTIONAL { ?item wdt:P170 ?creator. }
  SERVICE wikibase:label { bd:serviceParam wikibase:language ""en"". }
}",True,0.0,
460,complex,Show me a map of railway stations in Wales.,"SELECT DISTINCT ?station ?stationLabel ?coord WHERE {
  ?station wdt:P31/wdt:P279* wd:Q55488;
           wdt:P625 ?coord;
           wdt:P131* wd:Q25.
  SERVICE wikibase:label { bd:serviceParam wikibase:language ""en"". }
}",False,0.0,
461,complex,Find the publication dates for specific games.,"SELECT ?game ?gameLabel ?publicationDate WHERE {
  VALUES ?game {
    wd:Q7889
    wd:Q17633526
    wd:Q2176159
  }
  ?game wdt:P577 ?publicationDate .
  SERVICE wikibase:label { bd:serviceParam wikibase:language ""en"". }
}",True,0.0,
462,complex,What are some popular items with more than 20 site links?,"SELECT ?item ?itemLabel ?sitelinks WHERE {
  ?item wikibase:sitelinks ?sitelinks .
  FILTER(?sitelinks > 20)
  SERVICE wikibase:label { bd:serviceParam wikibase:language ""en"". }
}
ORDER BY DESC(?sitelinks)
LIMIT 100",False,0.0,
463,complex,List all natural numbers from 1 to 2000.,"SELECT ?number WHERE {
  VALUES ?number {
    1 2 3 4 5 6 7 8 9 10
    11 12 13 14 15 16 17 18 19 20
    21 22 23 24 25 26 27 28 29 30
    31 32 33 34 35 36 37 38 39 40
    41 42 43 44 45 46 47 48 49 50
    51 52 53 54 55 56 57 58 59 60
    61 62 63 64 65 66 67 68 69 70
    71 72 73 74 75 76 77 78 79 80
    81 82 83 84 85 86 87 88 89 90
    91 92 93 94 95 96 97 98 99 100
    101 102 103 104 105 106 107 108 109 110
    111 112 113 114 115 116 117 118 119 120
    121 122 123 124 125 126 127 128 129 130
    131 132 133 134 135 136 137 138 139 140
    141 142 143 144 145 146 147 148 149 150
    151 152 153 154 155 156 157 158 159 160
    161 162 163 164 165 166 167 168 169 170
    171 172 173 174 175 176 177 178 179 180
    181 182 183 184 185 186 187 188 189 190
    191 192 193 194 195 196 197 198 199 200
    201 202 203 204 205 206 207 208 209 210
    211 212 213 214 215 216 217 218 219 220
    221 222 223 224 225 226 227 228 229 230
    231 232 233 234 235 236 237 238 239 240
    241 242 243 244 245 246 247 248 249 250
    251 252 253 254 255 256 257 258 259 260
    261 262 263 264 265 266 267 268 269 270
    271 272 273 274 275 276 277 278 279 280
    281 282 283 284 285 286 287 288 289 290
    291 292 293 294 295 296 297 298 299 300
    301 302 303 304 305 306 307 308 309 310
    311 312 313 314 315 316 317 318 319 320
    321 322 323 324 325 326 327 328 329 330
    331 332 333 334 335 336 337 338 339 340
    341 342 343 344 345 346 347 348 349 350
    351 352 353 354 355 356 357 358 359 360
    361 362 363 364 365 366 367 368 369 370
    371 372 373 374 375 376 377 378 379 380
    381 382 383 384 385 386 387 388 389 390
    391 392 393 394 395 396 397 398 399 400
    401 402 403 404 405 406 407 408 409 410
    411 412 413 414 415 416 417 418 419 420
    421 422 423 424 425 426 427 428 429 430
    431 432 433 434 435 436 437 438 439 440
    441 442 443 444 445 446 447 448 449 450
    451 452 453 454 455 456 457 458 459 460",False,0.0,
464,complex,List all the departments in France.,"SELECT DISTINCT ?department ?departmentLabel WHERE {
  ?department wdt:P31 wd:Q6465 ;
              wdt:P17 wd:Q142 .
  SERVICE wikibase:label { bd:serviceParam wikibase:language ""en"". }
}",True,0.4179,
465,complex,List twins who were born in different places.,"SELECT DISTINCT ?person ?personLabel ?coTwin ?coTwinLabel ?birthPlace ?birthPlaceLabel ?coTwinBirthPlace ?coTwinBirthPlaceLabel WHERE {
  ?person wdt:P3373 ?coTwin .
  FILTER(?person != ?coTwin)

  ?person wdt:P19 ?birthPlace .
  ?coTwin wdt:P19 ?coTwinBirthPlace .
  FILTER(?birthPlace != ?coTwinBirthPlace)

  FILTER(STR(?person) < STR(?coTwin))

  SERVICE wikibase:label { bd:serviceParam wikibase:language ""[AUTO_LANGUAGE],en"". }
}",False,0.0,
466,complex,List the common descendants of George Washington and George W. Bush.,"SELECT DISTINCT ?descendant ?descendantLabel WHERE {
  VALUES ?ancestor { wd:Q23 wd:Q207 }
  
  ?descendant wdt:P22|wdt:P25+ ?ancestor .
  
  {
    SELECT ?descendant WHERE {
      ?descendant wdt:P22|wdt:P25+ wd:Q23 .
      ?descendant wdt:P22|wdt:P25+ wd:Q207 .
    }
  }
  
  SERVICE wikibase:label { bd:serviceParam wikibase:language ""en"". }
}",True,0.0,
467,complex,List all places with an elevation of less than 10 meters above sea level.,"SELECT ?place ?placeLabel ?elevation WHERE {
  ?place wdt:P31/wdt:P279* wd:Q618123 ;
         wdt:P2044 ?elevation .
  FILTER(?elevation < 10)
  SERVICE wikibase:label { bd:serviceParam wikibase:language ""en"". }
}",False,0.0,
468,complex,What are the nearby places that have been written about?,"SELECT ?place ?placeLabel ?article ?articleLabel ?coord ?distance WHERE {
  VALUES ?origin { wd:Q60 }  # Example origin: New York City
  
  ?place wdt:P31/wdt:P279* wd:Q17334923;  # nearby place / location
         wdt:P625 ?coord.
  
  ?article schema:about ?place;
           schema:isPartOf <https://en.wikipedia.org/>.
  
  SERVICE wikibase:around {
    ?place wdt:P625 ?coord.
    bd:serviceParam wikibase:center ?originLocation.
    bd:serviceParam wikibase:radius ""10"".
    bd:serviceParam wikibase:distance ?distance.
  }
  
  ?origin wdt:P625 ?originLocation.
  
  SERVICE wikibase:label { bd:serviceParam wikibase:language ""en"". }
}
ORDER BY ?distance",False,0.0,
469,complex,List the ages of US presidents when they started their term.,"SELECT ?president ?presidentLabel ?startDate ?birthDate ?ageAtStart WHERE {
  ?president wdt:P31 wd:Q5;
             wdt:P39 wd:Q11696;
             wdt:P27 wd:Q30;
             p:P39 ?statement.
  ?statement ps:P39 wd:Q11696;
             pq:P580 ?startDate.
  ?president wdt:P569 ?birthDate.

  BIND(YEAR(?startDate) - YEAR(?birthDate) -
       IF((MONTH(?startDate) < MONTH(?birthDate)) ||
          (MONTH(?startDate) = MONTH(?birthDate) && DAY(?startDate) < DAY(?birthDate)),
          1, 0) AS ?ageAtStart)

  SERVICE wikibase:label { bd:serviceParam wikibase:language ""en"". }
}
ORDER BY ?startDate",True,0.5443,
470,complex,List all the awards and nominations received by Rafael Nadal.,"SELECT DISTINCT ?award ?awardLabel ?receivedAsLabel ?pointInTime WHERE {
  VALUES ?person { wd:Q10816 }  # Rafael Nadal

  {
    ?person p:P166 ?statement .
    ?statement ps:P166 ?award .
    OPTIONAL { ?statement pq:P1686 ?receivedAs . }
    OPTIONAL { ?statement pq:P585 ?pointInTime . }
  }
  UNION
  {
    ?award p:P1411 ?statement .
    ?statement ps:P1411 ?person .
    OPTIONAL { ?statement pq:P585 ?pointInTime . }
  }

  SERVICE wikibase:label { bd:serviceParam wikibase:language ""en"". }
}
ORDER BY ?pointInTime ?awardLabel",True,1.0,
471,complex,List the ages of musicians at the time of their death.,"SELECT ?musician ?musicianLabel ?ageAtDeath WHERE {
  ?musician wdt:P31 wd:Q5;
            wdt:P106 wd:Q639669;
            wdt:P569 ?birthDate;
            wdt:P570 ?deathDate.
  BIND(YEAR(?deathDate) - YEAR(?birthDate) -
       IF((MONTH(?deathDate) < MONTH(?birthDate)) ||
          ((MONTH(?deathDate) = MONTH(?birthDate)) && (DAY(?deathDate) < DAY(?birthDate))),
          1, 0) AS ?ageAtDeath)
  SERVICE wikibase:label { bd:serviceParam wikibase:language ""en"". }
}",True,0.0014,
472,complex,"List detention centers in Uruguay, Argentina, and Chile that were used for torture.","SELECT DISTINCT ?detentionCenter ?detentionCenterLabel ?countryLabel WHERE {
  VALUES ?country { wd:Q77 wd:Q414 wd:Q298 }  # Uruguay, Argentina, Chile

  ?detentionCenter wdt:P31/wdt:P279* wd:Q55004534;  # detention center
                   wdt:P17 ?country.

  {
    ?detentionCenter wdt:P366 wd:Q191965.          # use: torture
  }
  UNION
  {
    ?detentionCenter wdt:P31/wdt:P279* wd:Q8454.   # torture center / related type
  }

  SERVICE wikibase:label { bd:serviceParam wikibase:language ""en"". }
}",True,0.0,
473,complex,List countries named after a specific person.,"SELECT DISTINCT ?country ?countryLabel ?person ?personLabel WHERE {
  ?country wdt:P31 wd:Q6256;
           wdt:P138 ?person.
  ?person wdt:P31 wd:Q5.
  SERVICE wikibase:label { bd:serviceParam wikibase:language ""en"". }
}",True,0.5862,
474,complex,List all the winners of the Erich Fried Prize along with their images.,"SELECT ?winner ?winnerLabel ?image WHERE {
  wd:Q5380314 p:P1346 ?awardStatement .
  ?awardStatement ps:P1346 ?winner .
  OPTIONAL { ?winner wdt:P18 ?image . }
  SERVICE wikibase:label { bd:serviceParam wikibase:language ""en"". }
}",True,0.0,
475,complex,List all historical Chinese states with their corresponding artifacts and collections.,"SELECT DISTINCT ?state ?stateLabel ?artifact ?artifactLabel ?collection ?collectionLabel WHERE {
  ?state wdt:P31/wdt:P279* wd:Q3024240.
  ?artifact wdt:P495 ?state;
            wdt:P195 ?collection.
  SERVICE wikibase:label { bd:serviceParam wikibase:language ""en"". }
}",False,0.0,
476,complex,List all European countries whose ISO 2-letter code contains a letter not present in their native language name.,"SELECT DISTINCT ?country ?countryLabel ?iso2 ?nativeName WHERE {
  ?country wdt:P31 wd:Q6256;
           wdt:P297 ?iso2;
           wdt:P37 ?lang;
           rdfs:label ?nativeName.
  ?country wdt:P30 wd:Q46.
  FILTER(LANG(?nativeName) = SUBSTR(STR(?lang), STRLEN(STR(?lang)) - 1))
  FILTER(REGEX(?iso2, ""^[A-Z]{2}$""))
  BIND(LCASE(?iso2) AS ?isoLower)
  FILTER(
    !CONTAINS(LCASE(?nativeName), SUBSTR(?isoLower,1,1)) ||
    !CONTAINS(LCASE(?nativeName), SUBSTR(?isoLower,2,1))
  )
  SERVICE wikibase:label { bd:serviceParam wikibase:language ""en"". }
}",True,0.0,
477,complex,List all current US Supreme Court justices along with their date of birth.,"SELECT ?justice ?justiceLabel ?dateOfBirth WHERE {
  ?justice wdt:P39 wd:Q15205753;
           wdt:P569 ?dateOfBirth.
  SERVICE wikibase:label { bd:serviceParam wikibase:language ""en"". }
}
ORDER BY ?justiceLabel",True,0.0,
478,complex,What are the most common first names among people born in Auvergne?,"SELECT ?firstNameLabel (COUNT(DISTINCT ?person) AS ?count) WHERE {
  ?person wdt:P31 wd:Q5;
          wdt:P19 ?place;
          wdt:P735 ?firstName.
  ?place wdt:P131* wd:Q183382.
  SERVICE wikibase:label { bd:serviceParam wikibase:language ""en"". }
}
GROUP BY ?firstNameLabel
ORDER BY DESC(?count)
LIMIT 100",True,0.0,
479,complex,What materials were used in the most paintings?,"SELECT ?materialLabel (COUNT(DISTINCT ?painting) AS ?paintingCount) WHERE {
  ?painting wdt:P31/wdt:P279* wd:Q3305213;
            wdt:P186 ?material.
  SERVICE wikibase:label { bd:serviceParam wikibase:language ""en"". }
}
GROUP BY ?material ?materialLabel
ORDER BY DESC(?paintingCount)
LIMIT 1",False,0.0,
480,complex,"What are the names of stars, galaxies, star clusters and nebulae inspired by?","SELECT DISTINCT ?inspiration ?inspirationLabel WHERE {
  VALUES ?class { wd:Q523 wd:Q318 wd:Q204107 wd:Q6999 }  # star, galaxy, star cluster, nebula
  ?object wdt:P31 ?class;
          wdt:P138 ?inspiration.
  SERVICE wikibase:label { bd:serviceParam wikibase:language ""en"". }
}",False,0.0,
481,complex,What properties are most commonly qualified?,"SELECT ?property ?propertyLabel (COUNT(?statement) AS ?qualifiedStatements)
WHERE {
  ?item ?p ?statement .
  ?property wikibase:claim ?p .
  ?statement ?qualifierProp ?qualifierValue .
  FILTER(STRSTARTS(STR(?qualifierProp), STR(pq:)))
  
  SERVICE wikibase:label { bd:serviceParam wikibase:language ""en"". }
}
GROUP BY ?property ?propertyLabel
ORDER BY DESC(?qualifiedStatements)
LIMIT 100",False,0.0,
482,complex,What are the most common election days in different countries?,"SELECT ?country ?countryLabel ?dayLabel (COUNT(?election) AS ?electionCount) WHERE {
  {
    SELECT ?country ?day (COUNT(?election) AS ?count) WHERE {
      ?election wdt:P31/wdt:P279* wd:Q40231;
                wdt:P17 ?country;
                wdt:P585 ?date.
      BIND(WEEKDAY(?date) AS ?weekdayNum)
      BIND(
        IF(?weekdayNum = 0, wd:Q127,
        IF(?weekdayNum = 1, wd:Q128,
        IF(?weekdayNum = 2, wd:Q129,
        IF(?weekdayNum = 3, wd:Q130,
        IF(?weekdayNum = 4, wd:Q131,
        IF(?weekdayNum = 5, wd:Q132, wd:Q133))))))
        AS ?day
      )
    }
    GROUP BY ?country ?day
  }
  {
    SELECT ?country (MAX(?count2) AS ?maxCount) WHERE {
      {
        SELECT ?country ?day2 (COUNT(?election2) AS ?count2) WHERE {
          ?election2 wdt:P31/wdt:P279* wd:Q40231;
                     wdt:P17 ?country;
                     wdt:P585 ?date2.
        BIND(WEEKDAY(?date2) AS ?weekdayNum2)
        BIND(
          IF(?weekdayNum2 = 0, wd:Q127,
          IF(?weekdayNum2 = 1, wd:Q128,
          IF(?weekdayNum2 = 2, wd:Q129,
          IF(?weekdayNum2 = 3, wd:Q130,
          IF(?weekdayNum2 = 4, wd:Q131,
          IF(?weekdayNum2 = 5, wd:Q132, wd:Q133))))))
          AS ?day2
        )
        }
        GROUP BY ?country ?day2
      }
    }
    GROUP BY ?country
  }
  FILTER(?count = ?maxCount)
  BIND(?count AS ?electionCount)
  SERVICE wikibase:label { bd:serviceParam wikibase:language ""en"". }
}
ORDER BY DESC(?electionCount) ?countryLabel ?dayLabel",False,0.0,
483,complex,List all pairs of churches in the UK that are almost adjacent to each other.,"SELECT DISTINCT ?church1 ?church1Label ?church2 ?church2Label ?location1 ?location2 ?distanceKm WHERE {
  VALUES ?uk { wd:Q145 }
  ?church1 wdt:P31/wdt:P279* wd:Q16970 ;
           wdt:P17 ?uk ;
           wdt:P625 ?location1 .
  ?church2 wdt:P31/wdt:P279* wd:Q16970 ;
           wdt:P17 ?uk ;
           wdt:P625 ?location2 .
  FILTER(?church1 != ?church2)
  FILTER(STR(?church1) < STR(?church2))
  BIND(geof:distance(?location1, ?location2) AS ?distance)
  BIND(?distance / 1000 AS ?distanceKm)
  FILTER(?distance < 0.1)
  SERVICE wikibase:label { bd:serviceParam wikibase:language ""en"". }
}
ORDER BY ?distanceKm ?church1Label ?church2Label",False,0.0,
484,complex,What are the most common Roman praenomina?,"SELECT ?praenomenLabel (COUNT(?person) AS ?count) WHERE {
  ?person wdt:P735 ?praenomen .
  ?praenomen wdt:P31 wd:Q202444 .
  SERVICE wikibase:label { bd:serviceParam wikibase:language ""en"". }
}
GROUP BY ?praenomen ?praenomenLabel
ORDER BY DESC(?count)
LIMIT 50",False,0.0,
485,complex,Find the artist born between 1880 and 1944 with a given name starting with 'D' and family name starting with 'K'.,"SELECT ?artist ?artistLabel ?givenNameLabel ?familyNameLabel ?birthDate WHERE {
  ?artist wdt:P31 wd:Q5;
          wdt:P106 wd:Q483501;
          wdt:P569 ?birthDate;
          wdt:P735 ?givenName;
          wdt:P734 ?familyName.
  FILTER(?birthDate >= ""1880-01-01T00:00:00Z""^^xsd:dateTime && ?birthDate <= ""1944-12-31T23:59:59Z""^^xsd:dateTime)
  ?givenName rdfs:label ?givenNameLabel.
  FILTER(LANG(?givenNameLabel) = ""en"")
  FILTER(STRSTARTS(?givenNameLabel, ""D""))
  ?familyName rdfs:label ?familyNameLabel.
  FILTER(LANG(?familyNameLabel) = ""en"")
  FILTER(STRSTARTS(?familyNameLabel, ""K""))
  SERVICE wikibase:label { bd:serviceParam wikibase:language ""en"". }
}",True,0.0743,
486,complex,List all landlocked countries that share a border with a coastal country.,"SELECT DISTINCT ?country ?countryLabel WHERE {
  ?country wdt:P31 wd:Q3624078;
           wdt:P206 ?water.
}",True,0.1298,
487,complex,Show me words that describe people from a certain place on the map.,"SELECT DISTINCT ?word ?wordLabel ?place ?placeLabel ?coordinates WHERE {
  ?word wdt:P31 wd:Q1084;
        wdt:P17 ?place.
  ?place wdt:P625 ?coordinates.
  SERVICE wikibase:label { bd:serviceParam wikibase:language ""en"". }
}",True,0.0017,
488,complex,List the top drama schools by student population.,"SELECT ?school ?schoolLabel ?students WHERE {
  {
    SELECT ?school (MAX(?enrollment) AS ?students) WHERE {
      ?school wdt:P31/wdt:P279* wd:Q2385804;
              wdt:P2196 ?enrollment.
    }
    GROUP BY ?school
    ORDER BY DESC(?students)
    LIMIT 10
  }
  SERVICE wikibase:label { bd:serviceParam wikibase:language ""en"". }
}
ORDER BY DESC(?students)",True,0.0,
489,complex,List the members of scholarly societies who died before 1800.,"SELECT DISTINCT ?person ?personLabel ?society ?societyLabel ?deathDate WHERE {
  ?person p:P463 ?membershipStatement .
  ?membershipStatement ps:P463 ?society .
  ?membershipStatement pq:P3831 wd:Q178706 .
  ?person wdt:P31 wd:Q5 ;
          wdt:P570 ?deathDate .
  FILTER(?deathDate < ""1800-01-01T00:00:00Z""^^xsd:dateTime)

  SERVICE wikibase:label { bd:serviceParam wikibase:language ""en"". }
}
ORDER BY ?deathDate ?personLabel",True,0.0,
490,complex,Find cemeteries in France that are close to churches.,"SELECT ?cemetery ?cemeteryLabel ?church ?churchLabel ?distance WHERE {
  ?cemetery wdt:P31/wdt:P279* wd:Q39614;
            wdt:P625 ?cemeteryLocation;
            wdt:P17 wd:Q142.
  ?church wdt:P31/wdt:P279* wd:Q16970;
          wdt:P625 ?churchLocation;
          wdt:P17 wd:Q142.

  SERVICE wikibase:around {
    ?church wdt:P625 ?churchLocation .
    bd:serviceParam wikibase:center ?cemeteryLocation .
    bd:serviceParam wikibase:radius ""1"" .
    bd:serviceParam wikibase:distance ?distance .
  }

  SERVICE wikibase:label { bd:serviceParam wikibase:language ""en"". }
}
ORDER BY ?distance",False,0.0,
491,complex,What are the screenwriting credits of Donald P. Bellisario?,"SELECT DISTINCT ?work ?workLabel WHERE {
  wd:Q529565 p:P58 ?statement .
  ?statement ps:P58 wd:Q529565 .
  ?statement pq:P3831 wd:Q28389 .
  BIND(wd:Q529565 AS ?person)
  ?work p:P58 ?workStatement .
  ?workStatement ps:P58 ?person .
  ?workStatement pq:P3831 wd:Q28389 .
  SERVICE wikibase:label { bd:serviceParam wikibase:language ""en"". }
}",True,0.0,
492,complex,List all Twitter handles of current UK Members of Parliament.,"SELECT DISTINCT ?mp ?mpLabel ?twitter WHERE {
  ?mp p:P39 ?statement .
  ?statement ps:P39 wd:Q16707842 .
  ?statement pq:P2937 wd:Q7168566 .
  FILTER NOT EXISTS { ?statement pq:P582 ?endTime . }
  ?mp wdt:P2002 ?twitter .
  SERVICE wikibase:label { bd:serviceParam wikibase:language ""en"". }
}",True,0.0,
493,complex,List all Tour de France stage winners by nationality from 1903 to 2022.,"SELECT ?year ?stageNumber ?stageLabel ?winnerLabel ?winnerNationalityLabel WHERE {
  {
    SELECT ?edition ?year ?stage ?stageNumber ?winner ?winnerNationality WHERE {
      ?edition wdt:P31 wd:Q15991247;
               wdt:P361 wd:Q33814;
               wdt:P585 ?date.
      BIND(YEAR(?date) AS ?year)
      FILTER(?year >= 1903 && ?year <= 2022)

      ?stage wdt:P31/wdt:P279* wd:Q15254495;
             wdt:P361 ?edition;
             p:P1346 ?winnerStatement.
      ?winnerStatement ps:P1346 ?winner.
      OPTIONAL { ?winner wdt:P27 ?winnerNationality. }

      OPTIONAL { ?stage wdt:P1545 ?stageNumberString. }
      BIND(xsd:integer(?stageNumberString) AS ?stageNumber)
    }
  }
  SERVICE wikibase:label { bd:serviceParam wikibase:language ""en"". }
}
ORDER BY ?year ?stageNumber ?stageLabel ?winnerLabel",True,1.0,
494,complex,List US companies founded by people or their parents born outside the US.,"SELECT DISTINCT ?company ?companyLabel ?founder ?founderLabel ?birthPlace ?birthPlaceLabel ?parent ?parentLabel ?parentBirthPlace ?parentBirthPlaceLabel WHERE {
  ?company wdt:P31/wdt:P279* wd:Q4830453;
           wdt:P17 wd:Q30;
           wdt:P112 ?founder.

  {
    ?founder wdt:P19 ?birthPlace.
    FILTER NOT EXISTS { ?birthPlace wdt:P17 wd:Q30. }
  }
  UNION
  {
    ?founder (wdt:P22|wdt:P25) ?parent.
    ?parent wdt:P19 ?parentBirthPlace.
    FILTER NOT EXISTS { ?parentBirthPlace wdt:P17 wd:Q30. }
  }

  SERVICE wikibase:label { bd:serviceParam wikibase:language ""en"". }
}",True,0.0409,
495,complex,List all railway incidents with their locations and number of injured people.,"SELECT ?incident ?incidentLabel ?location ?locationLabel ?injured WHERE {
  ?incident wdt:P31/wdt:P279* wd:Q1435473 ;
            wdt:P276 ?location ;
            wdt:P1339 ?injured .
  SERVICE wikibase:label { bd:serviceParam wikibase:language ""en"". }
}",True,0.0,
496,complex,List all winners of the Theatre World Award with their pictures and a timeline.,"SELECT ?winner ?winnerLabel ?picture ?awardReceived ?awardReceivedLabel ?pointInTime WHERE {
  ?winner p:P166 ?awardStatement .
  ?awardStatement ps:P166 wd:Q7785697 .
  OPTIONAL { ?awardStatement pq:P585 ?pointInTime . }
  OPTIONAL { ?winner wdt:P18 ?picture . }
  OPTIONAL { ?awardStatement pq:P1686 ?awardReceived . }

  SERVICE wikibase:label { bd:serviceParam wikibase:language ""en"". }
}
ORDER BY ?pointInTime ?winnerLabel",True,0.0,
497,complex,What are the most common last names among humans?,"SELECT ?lastName ?lastNameLabel (COUNT(?person) AS ?count) WHERE {
  ?person wdt:P31 wd:Q5;
          wdt:P734 ?lastName.
  SERVICE wikibase:label { bd:serviceParam wikibase:language ""en"". }
}
GROUP BY ?lastName ?lastNameLabel
ORDER BY DESC(?count)
LIMIT 100",False,0.0,
498,complex,What are the key events in Robert Louis Stevenson's life?,"SELECT ?event ?eventLabel ?date ?placeLabel WHERE {
  {
    BIND(wd:Q188415 AS ?person)
    ?person p:P793 ?statement .
    ?statement ps:P793 ?event .
    OPTIONAL { ?statement pq:P585 ?date . }
    OPTIONAL { ?statement pq:P276 ?place . }
  }
  UNION
  {
    BIND(wd:Q188415 AS ?person)
    VALUES ?prop { p:P569 p:P570 }
    ?person ?prop ?statement .
    ?statement ?ps ?eventValue .
    FILTER(?ps IN (ps:P569, ps:P570))
    BIND(IF(?ps = ps:P569, wd:Q1190554, wd:Q মৃত্যু) AS ?event)
    OPTIONAL { ?statement pq:P276 ?place . }
    BIND(?eventValue AS ?date)
  }
  SERVICE wikibase:label { bd:serviceParam wikibase:language ""en"". }
}
ORDER BY ?date",False,0.0,
499,complex,List all artworks with titles that have a rhyming pattern.,"SELECT DISTINCT ?artwork ?artworkLabel ?title WHERE {
  ?artwork wdt:P31/wdt:P279* wd:Q838948 ;  # instance of / subclass of artwork
           rdfs:label ?title .
  FILTER(LANG(?title) = ""en"")
  
  BIND(LCASE(STR(?title)) AS ?t)
  BIND(REPLACE(?t, ""[^a-z ]"", """") AS ?cleanTitle)
  FILTER(CONTAINS(?cleanTitle, "" ""))
  
  BIND(STRAFTER(?cleanTitle, "" "") AS ?rest)
  BIND(STRBEFORE(?cleanTitle, "" "") AS ?firstWord)
  BIND(IF(CONTAINS(?rest, "" ""), STRBEFORE(?rest, "" ""), ?rest) AS ?secondWord)
  
  FILTER(STRLEN(?firstWord) > 2 && STRLEN(?secondWord) > 2)
  FILTER(STRENDS(?firstWord, SUBSTR(?secondWord, STRLEN(?secondWord) - 1)))
  
  SERVICE wikibase:label { bd:serviceParam wikibase:language ""en"". }
}",False,0.0,
500,complex,List the names of film composers who have worked on more than 100 films.,"SELECT ?composerLabel (COUNT(DISTINCT ?film) AS ?filmCount) WHERE {
  ?film wdt:P31 wd:Q11424;
        wdt:P86 ?composer.
  ?composer wdt:P106/wdt:P279* wd:Q36834.
  SERVICE wikibase:label { bd:serviceParam wikibase:language ""en"". }
}
GROUP BY ?composer ?composerLabel
HAVING (COUNT(DISTINCT ?film) > 100)
ORDER BY DESC(?filmCount)",False,0.0,
501,complex,List the UK Parliament members with mythical ancestors.,"SELECT DISTINCT ?member ?memberLabel ?ancestor ?ancestorLabel WHERE {
  ?member wdt:P39 wd:Q16707842;
          wdt:P22|wdt:P25|wdt:P40|wdt:P3373|wdt:P1038+ ?ancestor .
  ?ancestor wdt:P31/wdt:P279* wd:Q4271324 .
  SERVICE wikibase:label { bd:serviceParam wikibase:language ""en"". }
}",True,1.0,
502,complex,List the properties used to link preprints and articles.,"SELECT DISTINCT ?property ?propertyLabel WHERE {
  VALUES ?item { wd:Q580922 wd:Q13442814 }
  ?item ?p ?statement .
  ?property wikibase:claim ?p .
  SERVICE wikibase:label { bd:serviceParam wikibase:language ""en"". }
}",True,0.0,
503,complex,List the top educational institutions attended by US senators.,"SELECT ?institution ?institutionLabel (COUNT(DISTINCT ?senator) AS ?senatorCount) WHERE {
  ?senator wdt:P39 wd:Q4416090;
           wdt:P27 wd:Q30;
           wdt:P69 ?institution.
  SERVICE wikibase:label { bd:serviceParam wikibase:language ""en"". }
}
GROUP BY ?institution ?institutionLabel
ORDER BY DESC(?senatorCount)
LIMIT 20",True,0.0,
504,complex,List all authors of academic papers connected to Paul Erdos.,"SELECT DISTINCT ?author ?authorLabel WHERE {
  {
    SELECT DISTINCT ?paper WHERE {
      wd:Q173746 ^wdt:P50 ?paper .
    }
  }
  ?paper wdt:P50 ?author .
  SERVICE wikibase:label { bd:serviceParam wikibase:language ""en"". }
}",False,0.0,
505,complex,List female dancers and choreographers with an English Wikipedia article but not a French one.,"SELECT DISTINCT ?person ?personLabel ?enArticle WHERE {
  ?person wdt:P31 wd:Q5;
          wdt:P21 wd:Q6581072;
          wdt:P106 ?occupation.
  VALUES ?occupation { wd:Q5716684 wd:Q2490358 }
  FILTER EXISTS {
    ?enArticle schema:about ?person;
               schema:isPartOf <https://en.wikipedia.org/>.
  }
  FILTER NOT EXISTS {
    ?frArticle schema:about ?person;
               schema:isPartOf <https://fr.wikipedia.org/>.
  }
  SERVICE wikibase:label { bd:serviceParam wikibase:language ""en"". }
}",True,0.0,
506,complex,List the universities attended by UK ambassadors.,"SELECT DISTINCT ?ambassador ?ambassadorLabel ?university ?universityLabel WHERE {
  ?ambassador wdt:P39 ?position .
  ?position ps:P39 wd:Q1892274 .
  OPTIONAL { ?ambassador wdt:P69 ?university . }
  SERVICE wikibase:label { bd:serviceParam wikibase:language ""en"". }
}",True,0.0,
507,complex,List all lighthouses in South America along with their coordinates.,"SELECT ?lighthouse ?lighthouseLabel ?coord WHERE {
  ?lighthouse wdt:P31/wdt:P279* wd:Q39715 ;
              wdt:P625 ?coord ;
              wdt:P17 ?country .
  ?country wdt:P30 wd:Q18 .
  SERVICE wikibase:label { bd:serviceParam wikibase:language ""en"". }
}",True,0.8108,
508,complex,List languages with overlapping lexemes.,"SELECT DISTINCT ?language ?languageLabel WHERE {
  ?lexeme1 dct:language ?language .
  ?lexeme2 dct:language ?language .
  FILTER(?lexeme1 != ?lexeme2)
  ?lexeme1 wikibase:lemma ?lemma .
  ?lexeme2 wikibase:lemma ?lemma .
  SERVICE wikibase:label { bd:serviceParam wikibase:language ""[AUTO_LANGUAGE],en"". }
}",False,0.0,
509,complex,List the main subjects of each episode in The West Wing TV series.,"SELECT ?episode ?episodeLabel ?subject ?subjectLabel WHERE {
  ?episode wdt:P31 wd:Q21191270;
           wdt:P179 wd:Q216269;
           wdt:P921 ?subject.
  SERVICE wikibase:label { bd:serviceParam wikibase:language ""en"". }
}
ORDER BY ?episodeLabel ?subjectLabel",True,0.0,
510,complex,"List all people with their birth and death years, along with their places of birth and death.","SELECT ?person ?personLabel ?birthYear ?deathYear ?birthPlace ?birthPlaceLabel ?deathPlace ?deathPlaceLabel WHERE {
  ?person wdt:P31 wd:Q5;
          wdt:P569 ?birthDate;
          wdt:P570 ?deathDate;
          wdt:P19 ?birthPlace;
          wdt:P20 ?deathPlace.
  BIND(YEAR(?birthDate) AS ?birthYear)
  BIND(YEAR(?deathDate) AS ?deathYear)
  SERVICE wikibase:label { bd:serviceParam wikibase:language ""en"". }
}",False,0.0,
511,complex,Show me a map of French municipalities with homonymous names connected by lines based on their distance.,"SELECT ?name ?municipality ?municipalityLabel ?coord ?otherMunicipality ?otherMunicipalityLabel ?otherCoord ?distance WHERE {
  {
    SELECT ?name ?municipality ?otherMunicipality ?coord ?otherCoord
           (geof:distance(?coord, ?otherCoord) AS ?distance)
    WHERE {
      ?municipality wdt:P31/wdt:P279* wd:Q484170;
                    rdfs:label ?name;
                    wdt:P625 ?coord;
                    wdt:P17 wd:Q142.
      FILTER(LANG(?name) = ""fr"")
      
      ?otherMunicipality wdt:P31/wdt:P279* wd:Q484170;
                         rdfs:label ?name;
                         wdt:P625 ?otherCoord;
                         wdt:P17 wd:Q142.
      
      FILTER(?municipality != ?otherMunicipality)
      FILTER(STR(?municipality) < STR(?otherMunicipality))
    }
  }
  SERVICE wikibase:label { bd:serviceParam wikibase:language ""fr,en"". }
} ORDER BY ?name ?distance",True,0.0199,
512,complex,Show me a map of places with their standard English and Welsh spellings.,"SELECT DISTINCT ?place ?placeLabel ?welshLabel ?coord WHERE {
  ?place wdt:P625 ?coord .
  OPTIONAL {
    ?place rdfs:label ?placeLabel .
    FILTER(LANG(?placeLabel) = ""en"")
  }
  OPTIONAL {
    ?place rdfs:label ?welshLabel .
    FILTER(LANG(?welshLabel) = ""cy"")
  }
  FILTER(BOUND(?placeLabel) && BOUND(?welshLabel))
  SERVICE wikibase:label { bd:serviceParam wikibase:language ""en"". }
}",False,0.0,
513,complex,What are the most common properties used in maps?,"SELECT ?property ?propertyLabel ?count WHERE {
  {
    SELECT ?property (COUNT(*) AS ?count) WHERE {
      ?map wdt:P31/wdt:P279* wd:Q4006 .
      ?map ?p ?value .
      ?property wikibase:directClaim ?p .
      FILTER(STRSTARTS(STR(?p), STR(wdt:)))
    }
    GROUP BY ?property
    ORDER BY DESC(?count)
    LIMIT 50
  }
  SERVICE wikibase:label { bd:serviceParam wikibase:language ""en"". }
}
ORDER BY DESC(?count)",True,0.0683,
514,complex,Find museums within a 20-kilometer radius from your current location.,"SELECT ?museum ?museumLabel ?location ?distance WHERE {
  SERVICE wikibase:around {
    ?museum wdt:P31/wdt:P279* wd:Q33506;
            wdt:P625 ?location.
    bd:serviceParam wikibase:center ""Point(0 0)""^^geo:wktLiteral;
                    wikibase:radius ""20"";
                    wikibase:distance ?distance.
  }
  SERVICE wikibase:label { bd:serviceParam wikibase:language ""[AUTO_LANGUAGE],en"". }
}
ORDER BY ?distance",False,0.0,
515,complex,Find people from Uppsala University with missing images in Wikidata.,"SELECT ?person ?personLabel WHERE {
  ?person wdt:P69 wd:Q168394 .
  ?person wdt:P31 wd:Q5 .
  FILTER NOT EXISTS { ?person wdt:P18 ?image . }
  SERVICE wikibase:label { bd:serviceParam wikibase:language ""en"". }
}",True,0.0,
516,complex,What places are near the coordinates 48.87 latitude and 2.29 longitude?,"SELECT ?place ?placeLabel ?location ?distance WHERE {
  SERVICE wikibase:around {
    ?place wdt:P625 ?location .
    bd:serviceParam wikibase:center ""Point(2.29 48.87)""^^geo:wktLiteral .
    bd:serviceParam wikibase:radius ""10"" .
    bd:serviceParam wikibase:distance ?distance .
  }
  SERVICE wikibase:label { bd:serviceParam wikibase:language ""en"". }
}
ORDER BY ?distance",False,0.0,
517,complex,What languages are spoken in France?,"SELECT DISTINCT ?language ?languageLabel WHERE {
  wd:Q142 wdt:P37 ?language .
  SERVICE wikibase:label { bd:serviceParam wikibase:language ""en"". }
}",True,0.1,
518,complex,Find hillforts with design plans in the UK and show their locations on a map.,"SELECT ?hillfort ?hillfortLabel ?coord ?plan WHERE {
  ?hillfort wdt:P31/wdt:P279* wd:Q40218;
            wdt:P17 wd:Q145;
            wdt:P625 ?coord;
            wdt:P1325 ?plan.
  SERVICE wikibase:label { bd:serviceParam wikibase:language ""en"". }
}",True,0.0,
519,complex,List countries with the most citizens whose first name starts with X or Q.,"SELECT ?country ?countryLabel (COUNT(DISTINCT ?person) AS ?citizens)
WHERE {
  ?person wdt:P31 wd:Q5;
          wdt:P27 ?country;
          wdt:P735 ?givenName.
  ?givenName rdfs:label ?givenNameLabel.
  FILTER(LANG(?givenNameLabel) = ""en"")
  FILTER(REGEX(?givenNameLabel, ""^[XQ]"", ""i""))
  SERVICE wikibase:label { bd:serviceParam wikibase:language ""en"". }
}
GROUP BY ?country ?countryLabel
ORDER BY DESC(?citizens)
LIMIT 100",False,0.0,
520,complex,List all women born in the United Kingdom.,"SELECT DISTINCT ?person ?personLabel WHERE {
  ?person wdt:P31 wd:Q5;
          wdt:P21 wd:Q6581072;
          wdt:P19 ?birthPlace.
  ?birthPlace wdt:P17 wd:Q145.
  SERVICE wikibase:label { bd:serviceParam wikibase:language ""en"". }
}",True,0.0,
521,complex,"Show me a map of medical facilities in Murshidabad district, India, with different colors for each type.","SELECT ?facility ?facilityLabel ?coord ?typeLabel WHERE {
  VALUES ?type {
    wd:Q16917      # hospital
    wd:Q875538     # clinic
    wd:Q2590631    # health center
    wd:Q4287745    # medical college
    wd:Q1059324    # nursing home
    wd:Q7075       # sanatorium
    wd:Q1774898    # dispensary
    wd:Q1244766    # pharmacy
  }

  ?facility wdt:P31/wdt:P279* ?type ;
            wdt:P131* wd:Q1940572 ;
            wdt:P625 ?coord .

  SERVICE wikibase:label { bd:serviceParam wikibase:language ""en"". }
}",True,0.0,
522,complex,List the graves of famous people in Pere Lachaise Cemetery who died between 1800 and 1849.,"SELECT DISTINCT ?grave ?graveLabel ?person ?personLabel ?deathDate WHERE {
  ?person wdt:P119 wd:Q311 ;
          wdt:P570 ?deathDate .
  FILTER(?deathDate >= ""1800-01-01T00:00:00Z""^^xsd:dateTime &&
         ?deathDate < ""1850-01-01T00:00:00Z""^^xsd:dateTime)

  ?grave wdt:P31/wdt:P279* wd:Q29642950 ;
         wdt:P361 wd:Q311 ;
         wdt:P547 ?person .

  SERVICE wikibase:label { bd:serviceParam wikibase:language ""en"". }
}",True,0.0,
523,complex,List all Italian politicians between 50 and 80 years old who have held ministerial positions.,"SELECT DISTINCT ?person ?personLabel ?age WHERE {
  ?person wdt:P31 wd:Q5;
          wdt:P27 wd:Q38;
          wdt:P106 wd:Q82955;
          p:P39 ?statement.
  ?statement ps:P39 ?position.
  ?position wdt:P279* wd:Q83307.
  ?person wdt:P569 ?birthDate.

  BIND(YEAR(NOW()) - YEAR(?birthDate) - IF((MONTH(NOW()) < MONTH(?birthDate)) || ((MONTH(NOW()) = MONTH(?birthDate)) && (DAY(NOW()) < DAY(?birthDate))), 1, 0) AS ?age)
  FILTER(?age >= 50 && ?age <= 80)

  SERVICE wikibase:label { bd:serviceParam wikibase:language ""en"". }
}
ORDER BY ?personLabel",True,0.3643,
524,complex,List all U.S. Presidents in chronological order.,"SELECT ?president ?presidentLabel ?start WHERE {
  ?president p:P39 ?statement .
  ?statement ps:P39 wd:Q11696 ;
             pq:P580 ?start .
  ?president wdt:P31 wd:Q5 .
  SERVICE wikibase:label { bd:serviceParam wikibase:language ""en"". }
}
ORDER BY ?start",True,0.2387,
525,complex,Show me the images related to Jean Fusoris and his astrolabe.,"SELECT DISTINCT ?item ?itemLabel ?image WHERE {
  VALUES ?item { wd:Q61763686 wd:Q4505691 }
  ?item wdt:P18 ?image .
  SERVICE wikibase:label { bd:serviceParam wikibase:language ""en"". }
}",True,0.0,
526,complex,List the number of men and women who have received art prizes.,"SELECT ?genderLabel (COUNT(DISTINCT ?person) AS ?count) WHERE {
  ?person wdt:P31 wd:Q5;
          wdt:P21 ?gender;
          p:P166 ?awardStatement.
  ?awardStatement ps:P166 ?award.
  ?award wdt:P31/wdt:P279* wd:Q618779.
  SERVICE wikibase:label { bd:serviceParam wikibase:language ""en"". }
}
GROUP BY ?genderLabel
ORDER BY DESC(?count)",False,0.0,
527,complex,Show me a map of Wales with the percentage of Welsh speakers in each region.,"SELECT ?region ?regionLabel ?coord ?percent WHERE {
  ?region wdt:P31/wdt:P279* wd:Q82794;
          wdt:P17 wd:Q145;
          wdt:P625 ?coord.
  FILTER(CONTAINS(LCASE(?regionLabel), ""wales"")) # placeholder to bias toward Welsh regions
  OPTIONAL { ?region wdt:P1098 ?population. }
  OPTIONAL { ?region p:P1098 ?popStmt. ?popStmt ps:P1098 ?population. }
  OPTIONAL { ?region wdt:P1082 ?totalPopulation. }
  OPTIONAL { ?region wdt:P2937 ?welshSpeakers. }
  BIND(
    IF(BOUND(?welshSpeakers) && BOUND(?totalPopulation) && ?totalPopulation > 0,
       (100 * ?welshSpeakers / ?totalPopulation),
       ?percent
    ) AS ?percent
  )
  SERVICE wikibase:label { bd:serviceParam wikibase:language ""en"". }
}",False,0.0,
528,complex,List languages by their geographical usage.,"SELECT ?language ?languageLabel ?country ?countryLabel WHERE {
  ?language wdt:P31 wd:Q34770;
            wdt:P17 ?country.
  SERVICE wikibase:label { bd:serviceParam wikibase:language ""en"". }
}
ORDER BY ?countryLabel ?languageLabel",True,0.0107,
529,complex,List all street names in Berlin that have multiple occurrences.,"SELECT ?streetName (COUNT(?street) AS ?count) WHERE {
  ?street wdt:P31/wdt:P279* wd:Q79007;
          rdfs:label ?streetName;
          wdt:P131* wd:Q64.
  FILTER(LANG(?streetName) = ""en"")
}
GROUP BY ?streetName
HAVING (COUNT(?street) > 1)
ORDER BY DESC(?count) ?streetName",False,0.0,
530,complex,List all famous people born in January of a leap year.,"SELECT ?person ?personLabel ?dateOfBirth WHERE {
  ?person wdt:P31 wd:Q5;
          wdt:P569 ?dateOfBirth.
  
  FILTER(MONTH(?dateOfBirth) = 1)
  FILTER(
    ((YEAR(?dateOfBirth) % 4 = 0) && (YEAR(?dateOfBirth) % 100 != 0)) ||
    (YEAR(?dateOfBirth) % 400 = 0)
  )
  
  ?person wdt:P106 ?occupation.
  
  SERVICE wikibase:label { bd:serviceParam wikibase:language ""en"". }
}",False,0.0,
531,complex,List authors affiliated with Coventry University who need items.,"SELECT DISTINCT ?author ?authorLabel WHERE {
  ?author wdt:P31 wd:Q5;
          wdt:P108 wd:Q49014.
  FILTER NOT EXISTS { ?author wdt:P31 wd:Q13442814. }
  SERVICE wikibase:label { bd:serviceParam wikibase:language ""en"". }
}",True,0.0,
532,complex,List the Danish monarchs along with their places and dates of death.,"SELECT ?monarch ?monarchLabel ?placeOfDeath ?placeOfDeathLabel ?dateOfDeath WHERE {
  ?monarch wdt:P31 wd:Q5;
           wdt:P39 wd:Q208610;
           wdt:P570 ?dateOfDeath.
  OPTIONAL { ?monarch wdt:P20 ?placeOfDeath. }
  SERVICE wikibase:label { bd:serviceParam wikibase:language ""en"". }
}
ORDER BY ?dateOfDeath",True,0.0,
533,complex,What is the most specific taxonomic group that includes both Alocasia cuprea and Codiaeum variegatum?,"SELECT ?group ?groupLabel WHERE {
  wd:Q4715940 wdt:P171* ?group .
  wd:Q1417301 wdt:P171* ?group .
  FILTER NOT EXISTS {
    wd:Q4715940 wdt:P171* ?child .
    wd:Q1417301 wdt:P171* ?child .
    ?child wdt:P171 ?group .
    FILTER(?child != ?group)
  }
  SERVICE wikibase:label { bd:serviceParam wikibase:language ""en"". }
}",True,1.0,
534,complex,Find the Wikipathways pathway with ID WP28 and list its parts.,"SELECT ?part ?partLabel WHERE {
  ?pathway wdt:P2410 ""WP28"";
           wdt:P527 ?part.
  SERVICE wikibase:label { bd:serviceParam wikibase:language ""en"". }
}",False,0.0,
535,complex,List Rabindranath Tagore's poems written each month.,"SELECT ?monthLabel (GROUP_CONCAT(DISTINCT ?poemLabel; separator="", "") AS ?poems) WHERE {
  wd:Q7245 p:P800 ?statement .
  ?statement ps:P800 ?poem .
  ?statement pq:P585 ?date .
  BIND(MONTH(?date) AS ?monthNum)
  VALUES (?monthNum ?monthLabel) {
    (1 ""January"")
    (2 ""February"")
    (3 ""March"")
    (4 ""April"")
    (5 ""May"")
    (6 ""June"")
    (7 ""July"")
    (8 ""August"")
    (9 ""September"")
    (10 ""October"")
    (11 ""November"")
    (12 ""December"")
  }
  SERVICE wikibase:label { bd:serviceParam wikibase:language ""en"". }
}
GROUP BY ?monthNum ?monthLabel
ORDER BY ?monthNum",True,1.0,
536,complex,Show me a map of restaurants in Switzerland that have received Michelin stars.,"SELECT ?restaurant ?restaurantLabel ?coord WHERE {
  ?restaurant wdt:P31/wdt:P279* wd:Q11707;      # instance of restaurant (or subclass)
              wdt:P131* wd:Q39;                 # located in Switzerland
              wdt:P625 ?coord;                  # coordinates for map
              p:P166 ?awardStmt.               # award received
  ?awardStmt ps:P166 wd:Q28389.                # Michelin star
  SERVICE wikibase:label { bd:serviceParam wikibase:language ""[AUTO_LANGUAGE],en"". }
}",False,0.0,
537,complex,List the birthplaces of famous economists.,"SELECT DISTINCT ?economist ?economistLabel ?birthplace ?birthplaceLabel WHERE {
  ?economist wdt:P106 wd:Q188094;
             wdt:P19 ?birthplace.
  OPTIONAL { ?economist wdt:P106 ?occupation. }
  SERVICE wikibase:label { bd:serviceParam wikibase:language ""en"". }
}",True,0.4272,
538,complex,List famous individuals who passed away between 1969 and 1970.,"SELECT DISTINCT ?person ?personLabel ?deathDate WHERE {
  ?person wdt:P31 wd:Q5;
          wdt:P570 ?deathDate.
  FILTER(?deathDate >= ""1969-01-01T00:00:00Z""^^xsd:dateTime &&
         ?deathDate <  ""1971-01-01T00:00:00Z""^^xsd:dateTime)
  ?person wikibase:sitelinks ?sitelinks.
  FILTER(?sitelinks > 50)
  SERVICE wikibase:label { bd:serviceParam wikibase:language ""en"". }
}
ORDER BY ?deathDate",True,0.0058,
539,complex,List the longest-serving heads of government in France.,"SELECT ?headOfGovernment ?headOfGovernmentLabel ?positionLabel ?start ?end ?durationDays WHERE {
  {
    SELECT ?headOfGovernment ?position ?start ?end
           ((COALESCE(?end, NOW()) - ?start) AS ?duration)
           (xsd:decimal((COALESCE(?end, NOW()) - ?start) / 86400) AS ?durationDays)
    WHERE {
      VALUES ?country { wd:Q142 }  # France
      ?statement ps:P6 ?headOfGovernment ;
                 pq:P580 ?start .
      wd:Q142 p:P6 ?statement .
      OPTIONAL { ?statement pq:P582 ?end . }
      OPTIONAL { ?statement pq:P39 ?position . }
    }
    ORDER BY DESC(?duration)
    LIMIT 10
  }
  SERVICE wikibase:label { bd:serviceParam wikibase:language ""[AUTO_LANGUAGE],en"". }
} ORDER BY DESC(?durationDays)",True,0.0473,
540,complex,Show me the tramway routes in France on a map.,"SELECT DISTINCT ?route ?routeLabel ?coord WHERE {
  ?route wdt:P31/wdt:P279* wd:Q2175765 ;
         wdt:P17 wd:Q142 ;
         wdt:P625 ?coord .
  SERVICE wikibase:label { bd:serviceParam wikibase:language ""en"". }
}",True,0.0,
541,complex,What are the most popular chess openings based on their site links?,"SELECT ?opening ?openingLabel (COUNT(?site) AS ?siteLinks) WHERE {
  ?opening wdt:P31 wd:Q23038190.
  ?site schema:about ?opening .
  FILTER(SUBSTR(STR(?site), 1, 25) = ""https://"")
  SERVICE wikibase:label { bd:serviceParam wikibase:language ""[AUTO_LANGUAGE],en"". }
}
GROUP BY ?opening ?openingLabel
ORDER BY DESC(?siteLinks)
LIMIT 50",True,0.0,
542,complex,List the most famous paintings from each country.,"SELECT ?country ?countryLabel ?painting ?paintingLabel WHERE {
  {
    SELECT ?country ?painting (COUNT(?article) AS ?sitelinks) WHERE {
      ?painting wdt:P31/wdt:P279* wd:Q3305213;
                wdt:P17 ?country.
      ?article schema:about ?painting;
               schema:isPartOf ?wiki.
      FILTER(CONTAINS(STR(?wiki), ""wikipedia.org""))
    }
    GROUP BY ?country ?painting
  }
  {
    SELECT ?country (MAX(?count) AS ?maxSitelinks) WHERE {
      {
        SELECT ?country ?painting (COUNT(?article) AS ?count) WHERE {
          ?painting wdt:P31/wdt:P279* wd:Q3305213;
                    wdt:P17 ?country.
          ?article schema:about ?painting;
                   schema:isPartOf ?wiki.
          FILTER(CONTAINS(STR(?wiki), ""wikipedia.org""))
        }
        GROUP BY ?country ?painting
      }
    }
    GROUP BY ?country
  }
  FILTER(?sitelinks = ?maxSitelinks)
  SERVICE wikibase:label { bd:serviceParam wikibase:language ""en"". }
}
ORDER BY ?countryLabel ?paintingLabel",True,0.0,
543,complex,List South African women who have Wikipedia pages but not Wikiquote pages.,"SELECT DISTINCT ?person ?personLabel WHERE {
  ?person wdt:P31 wd:Q5;
          wdt:P21 wd:Q6581072;
          wdt:P27 wd:Q258.
  FILTER EXISTS {
    ?article schema:about ?person;
             schema:isPartOf <https://en.wikipedia.org/>.
  }
  FILTER NOT EXISTS {
    ?quotePage schema:about ?person;
               schema:isPartOf <https://en.wikiquote.org/>.
  }
  SERVICE wikibase:label { bd:serviceParam wikibase:language ""en"". }
}",True,0.5261,
544,complex,Find public spaces with table tennis tables near my current location.,"SELECT ?place ?placeLabel ?coord ?distance WHERE {
  SERVICE wikibase:around {
    ?place wdt:P625 ?coord .
    bd:serviceParam wikibase:center ""Point({{LONGITUDE}} {{LATITUDE}})""^^geo:wktLiteral .
    bd:serviceParam wikibase:radius ""5"" .
    bd:serviceParam wikibase:distance ?distance .
  }
  ?place wdt:P31/wdt:P279* wd:Q17350442 .
  ?place wdt:P31/wdt:P279* wd:Q33146843 .
  SERVICE wikibase:label { bd:serviceParam wikibase:language ""[AUTO_LANGUAGE],en"". }
}
ORDER BY ?distance",False,0.0,
545,complex,Find movies with video links on YouTube.,"SELECT ?movie ?movieLabel ?youtubeVideo WHERE {
  ?movie wdt:P31 wd:Q11424;
         wdt:P1651 ?youtubeVideo.
  SERVICE wikibase:label { bd:serviceParam wikibase:language ""en"". }
}",True,0.0,
546,complex,What are the top 100 most translated concepts in the Lexeme namespace?,"SELECT ?lexeme ?lexemeLabel (COUNT(DISTINCT ?translation) AS ?translationCount) WHERE {
  ?lexeme wikibase:lexicalCategory ?category .
  ?translation ontolex:sense ?sense .
  ?sense ontolex:isLexicalizedSenseOf ?lexeme .
  SERVICE wikibase:label { bd:serviceParam wikibase:language ""[AUTO_LANGUAGE],en"". }
}
GROUP BY ?lexeme ?lexemeLabel
ORDER BY DESC(?translationCount)
LIMIT 100",True,0.0,
547,complex,List the moons of planets in our solar system and their namesakes.,"SELECT ?planet ?planetLabel ?moon ?moonLabel ?namesake ?namesakeLabel WHERE {
  VALUES ?planet {
    wd:Q3133   # Mercury
    wd:Q308    # Venus
    wd:Q2      # Earth
    wd:Q111    # Mars
    wd:Q319    # Jupiter
    wd:Q193    # Saturn
    wd:Q324    # Uranus
    wd:Q332    # Neptune
  }
  ?moon wdt:P31 wd:Q2537;
        wdt:P397 ?planet.
  OPTIONAL { ?moon wdt:P138 ?namesake. }
  SERVICE wikibase:label { bd:serviceParam wikibase:language ""en"". }
}
ORDER BY ?planetLabel ?moonLabel",True,0.0093,
548,complex,List monuments named after a person without any other connection.,"SELECT DISTINCT ?monument ?monumentLabel ?person ?personLabel WHERE {
  ?monument wdt:P31/wdt:P279* wd:Q4989906;
            rdfs:label ?monumentLabel.
  FILTER(LANG(?monumentLabel) = ""en"")

  ?person rdfs:label ?personLabel.
  FILTER(LANG(?personLabel) = ""en"")

  FILTER(CONTAINS(LCASE(?monumentLabel), LCASE(?personLabel)))

  FILTER NOT EXISTS { ?monument ?p ?person. FILTER(?p != rdfs:label) }
  FILTER NOT EXISTS { ?person ?p2 ?monument }
}
LIMIT 100",False,0.0,
549,complex,What languages are spoken in the Netherlands?,"SELECT DISTINCT ?language ?languageLabel WHERE {
  wd:Q55 wdt:P37 ?language .
  SERVICE wikibase:label { bd:serviceParam wikibase:language ""en"". }
}",True,0.0,
550,complex,List all parties that had members elected in the February 1974 UK general election.,"SELECT DISTINCT ?party ?partyLabel WHERE {
  ?election wdt:P31 wd:Q15283424;
            rdfs:label ""February 1974 United Kingdom general election""@en.
  ?person p:P39 ?statement.
  ?statement ps:P39 wd:Q16707842;
             pq:P2715 ?election;
             pq:P4100 ?party.
  SERVICE wikibase:label { bd:serviceParam wikibase:language ""en"". }
}",True,0.0,
551,complex,What is the latest Twitter follower count for different programming languages?,"SELECT ?language ?languageLabel ?followers ?date WHERE {
  VALUES ?language {
    wd:Q28865   # Python
    wd:Q251     # Java
    wd:Q9143    # JavaScript
    wd:Q2407    # C++
    wd:Q15777   # C
    wd:Q188531  # Ruby
    wd:Q2370    # C#
    wd:Q80993   # PHP
    wd:Q206904  # Go
    wd:Q161053  # Perl
    wd:Q34029   # Scala
    wd:Q165436  # Rust
    wd:Q4833830 # Kotlin
    wd:Q1860    # Haskell
    wd:Q633318  # Swift
    wd:Q230492  # TypeScript
    wd:Q132874  # R
    wd:Q1645070 # Dart
    wd:Q207316  # Julia
    wd:Q7288    # Lua
  }

  ?language p:P8687 ?statement .
  ?statement ps:P8687 ?followers .
  OPTIONAL { ?statement pq:P585 ?date . }

  FILTER NOT EXISTS {
    ?language p:P8687 ?statement2 .
    OPTIONAL { ?statement2 pq:P585 ?date2 . }
    FILTER(
      (?date2 > ?date) ||
      (!BOUND(?date) && BOUND(?date2))
    )
  }

  SERVICE wikibase:label { bd:serviceParam wikibase:language ""en"". }
}
ORDER BY ?languageLabel",True,0.0286,
552,complex,List all languages with their corresponding unique language codes used in lemmas.,"SELECT ?language ?languageLabel ?code WHERE {
  ?language wdt:P31 wd:Q34770;
            wdt:P305 ?code.
  SERVICE wikibase:label { bd:serviceParam wikibase:language ""en"". }
}
ORDER BY ?languageLabel",True,0.0,
553,complex,What types of items are exhibited at the Ashmolean Museum?,"SELECT DISTINCT ?type ?typeLabel WHERE {
  wd:Q639959 p:P195 ?statement .
  ?statement ps:P195 wd:Q639959 .
  ?statement pq:P31 ?type .
  SERVICE wikibase:label { bd:serviceParam wikibase:language ""en"". }
}",True,0.0,
554,complex,Show me a chart of astrolabes' diameters over time.,"SELECT ?astrolabe ?astrolabeLabel ?date ?diameter WHERE {
  ?astrolabe wdt:P31 wd:Q813672;
             wdt:P571 ?date;
             p:P2386 ?diameterStatement.
  ?diameterStatement ps:P2386 ?diameter.
  FILTER(datatype(?date) = xsd:dateTime || datatype(?date) = xsd:date)
  SERVICE wikibase:label { bd:serviceParam wikibase:language ""en"". }
}
ORDER BY ?date",True,0.0,
555,complex,How many alphabets use a specific letter?,"SELECT ?alphabet ?alphabetLabel (COUNT(DISTINCT ?writingSystem) AS ?numberOfWritingSystems)
WHERE {
  ?writingSystem wdt:P31/wdt:P279* wd:Q9779;
                 wdt:P282 ?alphabet.
  ?alphabet wdt:P31/wdt:P279* wd:Q9779.
  SERVICE wikibase:label { bd:serviceParam wikibase:language ""en"". }
}
GROUP BY ?alphabet ?alphabetLabel
ORDER BY DESC(?numberOfWritingSystems)",True,0.003,
556,complex,List the modern-day descendants of the Achaemenid dynasty.,"SELECT DISTINCT ?descendant ?descendantLabel WHERE {
  wd:Q842717 p:P40 ?childStmt .
  ?childStmt ps:P40 ?child .
  ?child (wdt:P40|wdt:P22|wdt:P25)+ ?descendant .
  FILTER(?descendant != wd:Q842717)
  SERVICE wikibase:label { bd:serviceParam wikibase:language ""en"". }
}",True,0.0,
557,complex,What are the most common first names of current French members of Parliament?,"SELECT ?firstNameLabel (COUNT(?person) AS ?count) WHERE {
  ?person wdt:P31 wd:Q5;
          wdt:P27 wd:Q142;
          p:P39 ?statement.
  ?statement ps:P39 ?position;
             pq:P580 ?start.
  FILTER(NOT EXISTS { ?statement pq:P582 ?end. })
  ?position wdt:P279* wd:Q16707842.
  ?person wdt:P735 ?firstName.
  SERVICE wikibase:label { bd:serviceParam wikibase:language ""en,fr"". }
}
GROUP BY ?firstNameLabel
ORDER BY DESC(?count)
LIMIT 20",True,0.0096,
558,complex,"List all works written by Voltaire, including their publication dates.","SELECT ?work ?workLabel ?publicationDate WHERE {
  ?work wdt:P50 wd:Q9068;
        wdt:P577 ?publicationDate.
  SERVICE wikibase:label { bd:serviceParam wikibase:language ""en"". }
}
ORDER BY ?publicationDate ?workLabel",True,0.1719,
559,complex,What are the key dates in Honoré de Balzac's life?,"SELECT DISTINCT ?eventLabel ?date WHERE {
  VALUES ?person { wd:Q9711 }
  {
    ?person p:P569 ?stmt .
    ?stmt ps:P569 ?date .
    BIND(""birth""@en AS ?eventLabel)
  }
  UNION
  {
    ?person p:P570 ?stmt .
    ?stmt ps:P570 ?date .
    BIND(""death""@en AS ?eventLabel)
  }
  UNION
  {
    ?person p:P1196 ?stmt .
    ?stmt ps:P1196 ?date .
    BIND(""manner of death date""@en AS ?eventLabel)
  }
  UNION
  {
    ?person p:P26 ?stmt .
    ?stmt pq:P580 ?date .
    BIND(""marriage/start of spouse relationship""@en AS ?eventLabel)
  }
  UNION
  {
    ?person p:P39 ?stmt .
    ?stmt pq:P580 ?date .
    BIND(""start of position held""@en AS ?eventLabel)
  }
  UNION
  {
    ?person p:P39 ?stmt .
    ?stmt pq:P582 ?date .
    BIND(""end of position held""@en AS ?eventLabel)
  }
  UNION
  {
    ?person p:P551 ?stmt .
    ?stmt pq:P580 ?date .
    BIND(""start of residence""@en AS ?eventLabel)
  }
  UNION
  {
    ?person p:P551 ?stmt .
    ?stmt pq:P582 ?date .
    BIND(""end of residence""@en AS ?eventLabel)
  }
  SERVICE wikibase:label { bd:serviceParam wikibase:language ""en"". }
}
ORDER BY ?date",True,0.0575,
560,complex,What are the properties associated with file formats?,"SELECT ?property ?propertyLabel WHERE {
  ?property wikibase:propertyType ?type .
  ?type wdt:P31 wd:Q235557 .
  SERVICE wikibase:label { bd:serviceParam wikibase:language ""en"". }
}",True,1.0,
561,complex,List the top 10 Wikipedia language editions with the most articles about films.,"SELECT ?languageEdition ?languageEditionLabel ?articleCount WHERE {
  {
    SELECT ?languageEdition (COUNT(?article) AS ?articleCount) WHERE {
      ?article schema:about ?film ;
               schema:isPartOf ?languageEdition .
      ?film wdt:P31/wdt:P279* wd:Q11424 .
      FILTER(REGEX(STR(?languageEdition), ""^https://[a-z-]+\\.wikipedia\\.org/$""))
    }
    GROUP BY ?languageEdition
    ORDER BY DESC(?articleCount)
    LIMIT 10
  }
  SERVICE wikibase:label { bd:serviceParam wikibase:language ""en"". }
}
ORDER BY DESC(?articleCount)",True,0.0,
562,complex,What topics on English Wikipedia link to the University of Virginia?,"SELECT DISTINCT ?topic ?topicLabel WHERE {
  ?topic schema:about ?item ;
         schema:isPartOf <https://en.wikipedia.org/> .
  ?article schema:about wd:Q213439 ;
           schema:isPartOf <https://en.wikipedia.org/> .
  ?topic ?p ?article .
  FILTER(STRSTARTS(STR(?topic), ""https://en.wikipedia.org/wiki/""))
  SERVICE wikibase:label { bd:serviceParam wikibase:language ""en"". }
}",True,0.0,
563,complex,"List all German cities with a population of more than 50,000.","SELECT ?city ?cityLabel ?population WHERE {
  ?city wdt:P31/wdt:P279* wd:Q515 ;
        wdt:P17 wd:Q183 ;
        wdt:P1082 ?population .
  FILTER(?population > 50000)
  SERVICE wikibase:label { bd:serviceParam wikibase:language ""en"". }
}
ORDER BY DESC(?population)",True,0.4833,
564,complex,"List countries with their ISO codes, flag features, and fertility rates.","SELECT ?country ?countryLabel ?iso2 ?iso3 ?flag ?fertilityRate WHERE {
  ?country wdt:P31 wd:Q3624078 .
  OPTIONAL { ?country wdt:P297 ?iso2 . }
  OPTIONAL { ?country wdt:P298 ?iso3 . }
  OPTIONAL { ?country wdt:P41 ?flag . }
  OPTIONAL { ?country wdt:P4841 ?fertilityRate . }
  SERVICE wikibase:label { bd:serviceParam wikibase:language ""en"". }
}",True,0.0,
565,complex,List the types of literary works with their counts.,"SELECT ?type ?typeLabel (COUNT(?work) AS ?count) WHERE {
  ?work wdt:P31/wdt:P279* wd:Q7725634 .
  ?work wdt:P31 ?type .
  SERVICE wikibase:label { bd:serviceParam wikibase:language ""en"". }
}
GROUP BY ?type ?typeLabel
ORDER BY DESC(?count)",False,0.0,
566,complex,List the places of birth for Nobel Prize winners grouped by decade.,"SELECT ?decadeLabel ?placeOfBirthLabel (COUNT(DISTINCT ?person) AS ?winnerCount) WHERE {
  ?person wdt:P31 wd:Q5;
          wdt:P166 ?award;
          wdt:P569 ?birthDate;
          wdt:P19 ?placeOfBirth.
  ?award wdt:P31/wdt:P279* wd:Q37922.
  BIND(YEAR(?birthDate) AS ?year)
  BIND(CONCAT(STR(FLOOR(?year / 10) * 10), ""s"") AS ?decadeLabel)

  SERVICE wikibase:label { bd:serviceParam wikibase:language ""en"". }
}
GROUP BY ?decadeLabel ?placeOfBirthLabel
ORDER BY ?decadeLabel DESC(?winnerCount)",True,1.0,
