index,complexity,instruction,generated_query,syntax,error,executed,exec_error,jaccard_pooled,jaccard_entity,jaccard_literal,n_pred_values
0,simple,How many items on Wikidata have a coordinate location?,"SELECT (COUNT(?item) AS ?count) WHERE {
  ?item wdt:P625 [] .
}",False,,True,,1.0,na,1.0,1
1,simple,List all subproperties related to location.,"SELECT ?subproperty ?subpropertyLabel WHERE {
  wd:P276 wdt:P1647* ?subproperty .  # P276 is ""location"", P1647 is ""subproperty of""
  SERVICE wikibase:label { bd:serviceParam wikibase:language ""en"". }
}",True,,True,,0.0156,na,0.0156,1
2,simple,List all organisms named in honor of John Sibthorp.,"SELECT ?organism ?organismLabel WHERE {
  ?organism wdt:P31 wd:Q16521.  # Instance of taxon
  ?organism wdt:P138 wd:Q117120. # Named after John Sibthorp
  SERVICE wikibase:label { bd:serviceParam wikibase:language ""en"". }
}",True,,True,,0.0,0.0,0.0,0
3,simple,List politicians who have Mastodon accounts.,"SELECT ?politician ?mastodonAccount WHERE {
  ?politician wdt:P106 wd:Q82955. # instance of politician
  ?politician wdt:P4033 ?mastodonAccount. # Mastodon username
}",True,,True,,0.4726,0.0,0.9397,857
4,simple,List all phrases that are known as catchphrases.,"SELECT ?catchphrase ?catchphraseLabel WHERE {
  ?catchphrase wdt:P31 wd:Q131256.
  SERVICE wikibase:label { bd:serviceParam wikibase:language ""en"". }
}",True,,True,,0.0,0.0,0.0,0
5,simple,"List the children of Johann Sebastian Bach with his first wife, Maria Barbara Bach.","PREFIX wd: <http://www.wikidata.org/entity/>
PREFIX wdt: <http://www.wikidata.org/prop/direct/>
PREFIX p: <http://www.wikidata.org/prop/>
PREFIX ps: <http://www.wikidata.org/prop/statement/>
PREFIX pq: <http://www.wikidata.org/prop/qualifier/>

SELECT ?child ?childLabel WHERE {
  wd:Q1339 p:P40 ?childStatement .
  ?childStatement ps:P40 ?child .
  ?childStatement pq:P3373 wd:Q57328 .
  SERVICE wikibase:label { bd:serviceParam wikibase:language ""en"". }
}",True,,True,,0.0,0.0,na,0
6,simple,List the Apple M series SoC models in chronological order of their announcement dates.,"SELECT ?soc ?socLabel ?date WHERE {
  ?soc wdt:P31 wd:Q104978923 .
  ?soc wdt:P6949 ?date .
  SERVICE wikibase:label { bd:serviceParam wikibase:language ""en"". }
}
ORDER BY ?date",True,,True,,0.0,na,0.0,0
7,simple,Show me a map of the hometowns of people with Mastodon profiles.,"PREFIX wd: <http://www.wikidata.org/entity/>
PREFIX wdt: <http://www.wikidata.org/prop/direct/>
PREFIX wikibase: <http://wikiba.se/ontology#>
PREFIX bd: <http://www.bigdata.com/rdf#>

SELECT ?person ?personLabel ?hometown ?hometownLabel ?coordinates WHERE {
  ?person wdt:P4033 ?mastodon .
  ?person wdt:P19 ?hometown .
  ?hometown wdt:P625 ?coordinates .
  SERVICE wikibase:label { bd:serviceParam wikibase:language ""en"". }
}",True,,True,,0.6728,1.0,0.3506,4144
8,simple,List all literary works and their descriptions.,"SELECT ?work ?workLabel ?description WHERE {
  ?work wdt:P31/wdt:P279* wd:Q7725634.
  OPTIONAL { ?work schema:description ?description. FILTER(LANG(?description) = ""en"") }
  SERVICE wikibase:label { bd:serviceParam wikibase:language ""en"". }
}",False,,False,result_too_large,0.0,0.0,0.0,0
9,simple,List botanists whose names start with the letter H.,"SELECT ?botanist ?botanistLabel WHERE {
  ?botanist wdt:P106 wd:Q2374149.  # occupation: botanist
  FILTER(STRSTARNS(?botanistLabel, ""H""))
  SERVICE wikibase:label { bd:serviceParam wikibase:language ""en"". }
}",False,,False,http_400,0.0,0.0,0.0,0
10,simple,List the oldest subway systems in the world.,"SELECT ?subway ?subwayLabel ?inception WHERE {
  ?subway wdt:P31 wd:Q15215007. # instance of subway
  ?subway wdt:P571 ?inception.   # inception date
  SERVICE wikibase:label { bd:serviceParam wikibase:language ""en"". }
}
ORDER BY ?inception",True,,True,,0.0,0.0,0.0,0
11,simple,Find 3D models of items from specific collections.,"SELECT ?item ?itemLabel ?collection ?collectionLabel ?model WHERE {
  ?item wdt:P31 wd:Q5.  # instance of human (example)
  ?item wdt:P195 ?collection.  # collection
  ?item wdt:P117 ?model.  # 3D model
  SERVICE wikibase:label { bd:serviceParam wikibase:language ""en"". }
}
LIMIT 10",True,,True,,0.0,0.0,0.0,0
12,simple,List all books on Bengali Wikisource that have been validated.,"SELECT ?book ?bookLabel WHERE {
  ?book wdt:P31 wd:Q7725634.  # instance of book
  ?book wdt:P1433 wd:Q1135424.  # published in Bengali Wikisource
  ?book wdt:P31 wd:Q21010864.  # instance of validated work
  SERVICE wikibase:label { bd:serviceParam wikibase:language ""en"". }
}",True,,True,,0.0,0.0,0.0,0
13,simple,Show me all hackerspaces on a map.,"SELECT ?item ?itemLabel ?coords WHERE {
  ?item wdt:P31 wd:Q1034972;  # instance of hackerspace
        wdt:P625 ?coords.     # coordinate location
  SERVICE wikibase:label { bd:serviceParam wikibase:language ""en"". }
}",True,,True,,0.0,0.0,0.0,0
14,simple,List the top 20 humans with the highest recorded weight.,"SELECT ?human ?humanLabel (MAX(?weight) AS ?maxWeight) WHERE {
  ?human wdt:P31 wd:Q5.
  ?human p:P2067 ?weightStatement.
  ?weightStatement ps:P2067 ?weight.
  SERVICE wikibase:label { bd:serviceParam wikibase:language ""en"". }
}
GROUP BY ?human ?humanLabel
ORDER BY DESC(?maxWeight)
LIMIT 20",False,,True,,0.0,0.0,0.0,40
15,simple,Find authors with the full name 'Bill Thompson'.,"PREFIX wd: <http://www.wikidata.org/entity/>
PREFIX wdt: <http://www.wikidata.org/prop/direct/>
PREFIX rdfs: <http://www.w3.org/2000/01/rdf-schema#>

SELECT ?author WHERE {
  ?author wdt:P106 wd:Q49757.
  ?author rdfs:label ""Bill Thompson""@en.
}",True,,True,,0.0,0.0,na,0
16,simple,What species are commonly found at Fazenda Tamandua?,"SELECT ?species ?speciesLabel WHERE {
  wd:Q10290020 wdt:P31 wd:Q5.  # Fazenda Tamandua is a location
  ?species wdt:P31 wd:Q16521.  # species
  ?species wdt:P1582 wd:Q10290020.  # found at Fazenda Tamandua
  SERVICE wikibase:label { bd:serviceParam wikbase:language ""en"". }
}",False,,True,,0.0,0.0,0.0,0
17,simple,List all chemical elements along with their symbol and atomic number in ascending order of atomic number.,"PREFIX wd: <http://www.wikidata.org/entity/>
PREFIX wdt: <http://www.wikidata.org/prop/direct/>
PREFIX wikibase: <http://wikiba.se/ontology#>
PREFIX bd: <http://www.bigdata.com/rdf#>

SELECT ?element ?elementLabel ?symbol ?atomicNumber WHERE {
  ?element wdt:P31 wd:Q11344 ;
           wdt:P246 ?symbol ;
           wdt:P1086 ?atomicNumber .
  SERVICE wikibase:label { bd:serviceParam wikibase:language ""en"". }
}
ORDER BY ?atomicNumber",True,,True,,1.0,1.0,1.0,522
18,simple,List all CDLI item IDs along with their corresponding labels in every language.,"SELECT ?item ?itemLabel WHERE {
  ?item wdt:P3606 ?cdliId .
  SERVICE wikibase:label { bd:serviceParam wikibase:language ""[AUTO_LANGUAGE],mul"". }
}",False,,True,,0.0,0.0,0.0,242713
19,simple,Find the Wikipathways citation corpus with corresponding IDs and references.,"PREFIX wd: <http://www.wikidata.org/entity/>
PREFIX wdt: <http://www.wikidata.org/prop/direct/>
PREFIX wikibase: <http://wikiba.se/ontology#>
PREFIX bd: <http://www.bigdata.com/rdf#>

SELECT ?pathway ?pathwayID ?citation ?citationLabel WHERE {
  ?pathway wdt:P31 wd:Q4915012 ;          # instance of pathway
           wdt:P2410 ?pathwayID ;         # WikiPathways ID
           wdt:P2860 ?citation .          # cites work (reference)
  SERVICE wikibase:label { bd:serviceParam wikibase:language ""en"". }
}
LIMIT 1000",True,,True,,0.0,na,na,0
20,simple,Find paintings depicting the Pentecost theme.,"SELECT ?painting ?paintingLabel WHERE {
  ?painting wdt:P31 wd:Q3305213;   # instance of painting
            wdt:P921 wd:Q170199.   # main subject = Pentecost
  SERVICE wikibase:label { bd:serviceParam wikibase:language ""en"". }
}",True,,True,,0.0,0.0,0.0,0
21,simple,What are some common phrases related to Redewendung?,"SELECT ?phrase ?phraseLabel WHERE {
  ?phrase wdt:P31 wd:Q179700. # instance of Redewendung (idiom)
  SERVICE wikibase:label { bd:serviceParam wikibase:language ""en"". }
}
LIMIT 20",True,,True,,0.0,0.0,na,20
22,simple,List all type foundries and their corresponding typefaces.,"SELECT ?foundry ?foundryLabel ?typeface ?typefaceLabel WHERE {
  ?typeface wdt:P31 wd:Q17451.   # instance of typeface
  ?typeface wdt:P178 ?foundry.   # developed by (foundry)
  SERVICE wikibase:label { bd:serviceParam wikibase:language ""en"". }
}",True,,True,,0.0104,0.0105,0.0,214
23,simple,List all hill forts in the Atlas with their names written in Irish.,"SELECT ?hillFort ?hillFortLabelIrish WHERE {
  ?hillFort wdt:P31 wd:Q105099;   # instance of hill fort
            wdt:P131 wd:Q130799.  # located in the Atlas Mountains
  SERVICE wikibase:label { bd:serviceParam wikibase:language ""ga"". }
}",True,,True,,0.0,na,na,0
24,simple,Find all items with a 3D model property on Wikidata.,"SELECT ?item ?itemLabel WHERE {
  ?item wdt:P1621 ?_ .
  SERVICE wikibase:label { bd:serviceParam wikibase:language ""en"". }
}",True,,True,,0.0,0.0,0.0,8266
25,simple,Rank countries by their average lifespan.,"SELECT ?country ?countryLabel (AVG(?lifespan) AS ?averageLifespan) WHERE {
  ?country wdt:P31 wd:Q3624078. # Instance of sovereign state
  ?country wdt:P2250 ?lifespan. # Life expectancy
  SERVICE wikibase:label { bd:serviceParam wikibase:language ""en"". }
}
GROUP BY ?country ?countryLabel
ORDER BY DESC(?averageLifespan)",True,,True,,0.0958,0.9695,0.0446,344
26,simple,List the streets in Leiden named after famous people or things.,"SELECT ?street ?streetLabel ?namedAfter ?namedAfterLabel WHERE {
  # Streets in Leiden
  ?street wdt:P31 wd:Q79007;          # instance of street
          wdt:P131 wd:Q43631.         # located in the administrative territorial entity Leiden
  
  # Named after something or someone
  ?street wdt:P138 ?namedAfter.       # named after
  
  SERVICE wikibase:label { bd:serviceParam wikibase:language ""en"". }
}",True,,True,,0.3359,0.5057,0.0,698
27,simple,List the grandchildren of Johann Sebastian Bach.,"SELECT ?grandchild ?grandchildLabel WHERE {
  wd:Q1339 wdt:P40 ?child .
  ?child wdt:P40 ?grandchild .
  SERVICE wikibase:label { bd:serviceParam wikibase:language ""en"". }
}",True,,True,,1.0,1.0,na,13
28,simple,List all individuals who studied at the University of Oxford.,"SELECT ?person ?personLabel WHERE {
  ?person wdt:P69 wd:Q34433.
  SERVICE wikibase:label { bd:serviceParam wikibase:language ""en"". }
}",True,,True,,0.0,0.0,0.0,12358
29,simple,List websites associated with projects in the Women's & Gender History DH list.,"PREFIX wdt: <http://www.wikidata.org/prop/direct/>
PREFIX rdfs: <http://www.w3.org/2000/01/rdf-schema#>

SELECT DISTINCT ?website WHERE {
  # Find the list item with label containing ""Women's & Gender History DH list""
  ?list rdfs:label ?label .
  FILTER(CONTAINS(LCASE(?label), ""women's & gender history dh list""))
  # Projects that are part of that list
  ?project wdt:P361 ?list ; wdt:P856 ?website .
}",False,,True,,0.0,0.0,0.0,0
30,simple,List all monuments in Berlin with their cultural heritage ID and geolocation.,"SELECT ?monument ?culturalHeritageId ?geolocation WHERE {
  ?monument wdt:P31 wd:Q570116;   # instance of (P31) cultural heritage monument (Q570116)
            wdt:P131 wd:Q64;      # located in the administrative territorial entity (P131) Berlin (Q64)
            wdt:P1435 ?culturalHeritageId;  # cultural heritage designation (P1435) -> ID
            wdt:P625 ?geolocation. # coordinate location (P625)
}",True,,True,,0.0007,0.0007,0.0007,16
31,simple,Find the UniProt IDs of proteins found in Homo sapiens.,"PREFIX wd: <http://www.wikidata.org/entity/>
PREFIX wdt: <http://www.wikidata.org/prop/direct/>
SELECT ?uniprot WHERE {
  ?protein wdt:P31 wd:Q8054 .
  ?protein wdt:P703 wd:Q5 .
  ?protein wdt:P352 ?uniprot .
}",True,,True,,0.0,0.0,0.0,0
32,simple,What are the nodes and predicates related to 'Wikidata' in English?,"SELECT ?node ?predicate ?nodeLabel WHERE {
  wd:Q52 ?predicate ?node .
  SERVICE wikibase:label { bd:serviceParam wikibase:language ""en"". }
  FILTER(LANG(?nodeLabel) = ""en"" || LANG(?nodeLabel) = """")
}",True,,True,,0.0,0.0,0.0,0
33,simple,Find the base form of the word 'bought' in English.,"SELECT ?baseForm WHERE {
  wd:Q33030 wdt:P31 wd:Q33030.
  SERVICE wikibase:mwapi {
    wd:Q33030 wikibase:apiOutput ?item.
    ?item wikibase:api ""parse"" .
    wd:Q33030 wikibase:api ""bought"" .
    wd:Q33030 wdt:P31 wd:Q33030 .
  }
}",False,,True,,0.0,na,0.0,0
34,simple,List all taxons and their eponyms.,"SELECT DISTINCT ?taxon ?taxonLabel ?eponym ?eponymLabel WHERE {
  ?taxon wdt:P31/wdt:P279* wd:Q16521 .  # taxon or subclass thereof
  ?taxon wdt:P138 ?eponym .             # named after something
  SERVICE wikibase:label { bd:serviceParam wikibase:language ""en"". }
}",False,,True,,0.8329,0.8328,1.0,23961
35,simple,List all items that are instances of goats.,SELECT ?item WHERE { ?item wdt:P31 wd:Q2934 . },True,,True,,1.0,1.0,na,18
36,simple,List all the letters in the Swedish alphabet.,"SELECT ?letter WHERE {
  wd:Q103508 wdt:P527 ?letter .
  ?letter wdt:P31 wd:Q9788 .
}",True,,True,,0.0,na,0.0,0
37,simple,List all colors with their corresponding sRGB hex triplets.,"SELECT ?color ?colorLabel ?hex WHERE {
  ?color wdt:P31 wd:Q1075;
         wdt:P465 ?hex.
  SERVICE wikibase:label { bd:serviceParam wikibase:language ""en"". }
}",True,,True,,0.9991,1.0,0.9982,1081
38,medium,List all countries where a pride parade has taken place.,"PREFIX wd: <http://www.wikidata.org/entity/>
PREFIX wdt: <http://www.wikidata.org/prop/direct/>
PREFIX wikibase: <http://wikiba.se/ontology#>
PREFIX bd: <http://www.bigdata.com/rdf#>

SELECT DISTINCT ?country ?countryLabel WHERE {
  ?parade wdt:P31 wd:Q17064597 .
  ?parade wdt:P17 ?country .
  ?country wdt:P31 wd:Q6256 .
  SERVICE wikibase:label { bd:serviceParam wikibase:language ""en"". }
}",True,,True,,0.0,0.0,0.0,0
39,medium,What are the longest rivers in the world?,"SELECT ?river ?riverLabel ?length WHERE {
  ?river wdt:P31 wd:Q4022.           # instance of river
  ?river wdt:P2043 ?length.          # length value (quantity)
  SERVICE wikibase:label { bd:serviceParam wikibase:language ""en"". }
}
ORDER BY DESC(?length)
LIMIT 10",False,,True,,0.0344,0.0307,0.0392,20
40,medium,Find properties that can have organizations as values.,"SELECT DISTINCT ?property WHERE {
  ?property wikibase:domain ?domain .
  ?domain wikibase:allowedEntityType ?entityType .
  FILTER(?entityType = wikibase:Item)
  ?property wikibase:range ?range .
  ?range wdt:P31/wdt:P279* wd:Q43229 .
}",True,,True,,0.0,0.0,0.0,0
41,medium,List all the materials used in paintings along with their labels.,"SELECT DISTINCT ?material ?materialLabel WHERE {
  ?painting wdt:P31 wd:Q3305213 ;  # instance of painting
            wdt:P186 ?material .   # material used
  SERVICE wikibase:label { bd:serviceParam wikibase:language ""[AUTO_LANGUAGE],en"". }
}",False,,True,,0.288,0.3228,0.0,845
42,medium,List all US presidents and their spouses in chronological order.,"SELECT ?president ?presidentLabel ?spouse ?spouseLabel ?startTime WHERE {
  ?president wdt:P31 wd:Q5;                    # instance of human
             wdt:P39 wd:Q11696;                # position held: President of the United States
             wdt:P26 ?spouse;                  # spouse
             p:P39 ?positionStatement.         # position statement for start time
  ?positionStatement ps:P39 wd:Q11696;         # position held: President of the United States
                     pq:P580 ?startTime.       # start time
  SERVICE wikibase:label { bd:serviceParam wikibase:language ""en"". }
}
ORDER BY ?startTime",True,,True,,0.6738,1.0,0.0,141
43,medium,List the birthplaces of artists whose works are part of the Europeana 280 project.,"SELECT DISTINCT ?birthplace ?birthplaceLabel WHERE {
  ?work wdt:P361 wd:Q21621785 .
  ?artist wdt:P800 ?work .
  ?artist wdt:P19 ?birthplace .
  SERVICE wikibase:label { bd:serviceParam wikibase:language ""en"". }
}",True,,True,,0.0,0.0,0.0,0
44,medium,Find books published before 1830 with their places of publication.,"SELECT ?book ?bookLabel ?publicationPlace ?publicationPlaceLabel WHERE {
  ?book wdt:P31 wd:Q571 .          # instance of book
  ?book wdt:P577 ?publicationDate . # publication date
  FILTER(YEAR(?publicationDate) < 1830)
  OPTIONAL { ?book wdt:P291 ?publicationPlace . } # place of publication
  SERVICE wikibase:label { bd:serviceParam wikibase:language ""en"". }
}",True,,True,,0.0103,0.0202,0.0,379
45,medium,List the compositions that feature both organ and orchestra.,"SELECT ?composition ?compositionLabel WHERE {
  ?composition wdt:P31/wdt:P279* wd:Q207628 ;
               wdt:P870 wd:Q1144 , wd:Q42998 .
  SERVICE wikibase:label { bd:serviceParam wikibase:language ""en"". }
}",True,,True,,0.0,0.0,na,0
46,medium,List all masonic lodges with a Wikipedia article but no label.,"SELECT ?item WHERE {
  ?item wdt:P31 wd:Q1465911.  # instance of masonic lodge
  FILTER EXISTS { ?article schema:about ?item ; schema:isPartOf <https://en.wikipedia.org/> . }
  FILTER NOT EXISTS { ?item rdfs:label ?label . }
}",True,,True,,0.0,0.0,0.0,0
47,medium,List all countries that are part of a free trade area.,"PREFIX wd: <http://www.wikidata.org/entity/>
PREFIX wdt: <http://www.wikidata.org/prop/direct/>
PREFIX wikibase: <http://wikiba.se/ontology#>

SELECT DISTINCT ?country ?countryLabel WHERE {
  ?country wdt:P31 wd:Q6256 .          # is a country
  ?country wdt:P463 ?fta .             # is a member of something
  ?fta wdt:P31 wd:Q180445 .            # that something is a free trade area
  SERVICE wikibase:label { bd:serviceParam wikibase:language ""en"". }
}
ORDER BY ?countryLabel",True,,True,,0.0,0.0,na,0
48,medium,What are the names of pyramids in Egypt?,"SELECT ?pyramidName WHERE {
  ?pyramid wdt:P31 wd:Q33521;   # instance of pyramid
           wdt:P17 wd:Q79.      # located in Egypt
  ?pyramid rdfs:label ?pyramidName.
  FILTER(LANG(?pyramidName) = ""en"")
}",True,,True,,0.0,0.0,0.0,0
49,medium,Show me a map of national parks in Sweden.,"SELECT ?park ?parkLabel ?coord WHERE {
  wd:Q34 wdt:P31 wd:Q3624078. # Sweden is a sovereign state
  ?park wdt:P31 wd:Q46169;        # national park
        wdt:P17 wd:Q34;           # country Sweden
        wdt:P625 ?coord.          # coordinate location
  SERVICE wikibase:label { bd:serviceParam wikibase:language ""en"". }
}",True,,True,,0.0,0.0,0.0,58
50,medium,List all UK cabinet ministers along with their positions and dates of death.,"SELECT ?minister ?ministerLabel ?position ?positionLabel ?dateOfDeath WHERE {
  ?minister wdt:P39 wd:Q24060714. # Instance of UK cabinet minister
  ?minister wdt:P39 ?position.   # Position held
  ?position wdt:P31 wd:Q5.       # Ensure position is a human (optional, but helps)
  OPTIONAL { ?minister wdt:P570 ?dateOfDeath. } # Date of death
  SERVICE wikibase:label { bd:serviceParam wikibase:language ""en"". }
}",True,,True,,0.0,0.0,0.0,0
51,medium,List all epic poems with their sitelink counts.,"SELECT ?epicPoem ?sitelinkCount WHERE {
  ?epicPoem wdt:P31 wd:Q37484.  # instance of epic poem
  ?epicPoem wikibase:sitelinks ?sitelinkCount.
}",True,,True,,0.0,na,na,0
52,medium,List all Western films released before 1925 along with their release dates and locations.,"SELECT ?film ?filmLabel ?releaseDate ?locationLabel WHERE {
  ?film wdt:P31 wd:Q11424.        # instance of (P31) = film (Q11424)
  ?film wdt:P577 ?releaseDate.     # publication date (P577)
  FILTER(YEAR(?releaseDate) < 1925)
  ?film wdt:P136 wd:Q114838.       # genre (P136) = Western (Q114838)
  OPTIONAL { ?film wdt:P291 ?location. } # place of publication (P291)
  SERVICE wikibase:label { bd:serviceParam wikibase:language ""en"". }
}
ORDER BY ?releaseDate",True,,True,,0.0,0.0,0.0,0
53,medium,What are the names of buildings taller than the Eiffel Tower?,"SELECT ?building ?buildingLabel WHERE {
  {
    SELECT (MAX(?height) AS ?eiffelHeight) WHERE {
      wd:Q243 p:P2048 ?stmt.
      ?stmt ps:P2048 ?height.
    }
  }
  ?building wdt:P31/wdt:P279* wd:Q41176.
  ?building p:P2048 ?stmt2.
  ?stmt2 ps:P2048 ?buildingHeight.
  FILTER(?buildingHeight > ?eiffelHeight && ?building != wd:Q243)
  SERVICE wikibase:label { bd:serviceParam wikibase:language ""en"". }
}
ORDER BY ?buildingLabel",False,,True,,0.2154,0.7191,0.0,345
54,medium,Show me a map of countries with their respective sign languages.,"SELECT ?country ?countryLabel ?signLanguage ?signLanguageLabel WHERE {
  ?country wdt:P31 wd:Q3624078. # instance of sovereign state
  ?country wdt:P17 ?signLanguage. # country has sign language
  SERVICE wikibase:label { bd:serviceParam wikibase:language ""en"". }
}",True,,True,,0.2491,0.3372,0.0,195
55,medium,List all things that have a first line.,"SELECT DISTINCT ?item WHERE {
  ?item wdt:P1922 [] .
}",True,,True,,0.0,0.0,0.0,174998
56,medium,What are the areas of each state in Malaysia?,"SELECT ?state ?stateLabel ?area WHERE {
  ?state wdt:P31 wd:Q149478;  # instance of state of Malaysia
         wdt:P17 wd:Q833;     # country Malaysia
         wdt:P2046 ?area.     # area
  SERVICE wikibase:label { bd:serviceParam wikibase:language ""en"". }
}",True,,True,,0.0,0.0,0.0,0
57,medium,List all racing car drivers who died in a crash.,"SELECT ?driver ?driverLabel WHERE {
  ?driver wdt:P106 wd:Q10840350 .  # occupation: racing car driver
  ?driver wdt:P509 ?causeOfDeath . # cause of death
  ?causeOfDeath wdt:P31 wd:Q167 . # instance of crash (or similar)
  SERVICE wikibase:label { bd:serviceParam wikibase:language ""en"". }
}",True,,True,,0.0,0.0,0.0,0
58,medium,List all movies featuring Bud Spencer as a cast member.,"SELECT ?movie ?movieLabel WHERE {
  ?movie wdt:P31 wd:Q11424.          # instance of film
  ?movie wdt:P161 wd:Q188643.        # cast member = Bud Spencer (Q188643)
  SERVICE wikibase:label { bd:serviceParam wikibase:language ""en"". }
}",True,,True,,0.0,0.0,0.0,0
59,medium,What are the things named after characters from William Shakespeare's works?,"SELECT ?item ?itemLabel ?characterLabel ?workLabel WHERE {
  ?item wdt:P138 ?character .      # named after (P138) some character
  ?character wdt:P1441 ?work .     # P1441 = present in work
  ?work wdt:P50 wd:Q692 .          # author (P50) William Shakespeare (Q692)
  SERVICE wikibase:label { bd:serviceParam wikibase:language ""en"". }
}",True,,True,,0.6763,0.6763,na,94
60,medium,Find all children of Johann Sebastian Bach with his first wife Maria Barbara Bach.,"SELECT ?child WHERE {
  ?child wdt:P22 wd:Q1339;
         wdt:P25 wd:Q76913.
}",True,,True,,0.0,0.0,na,0
61,medium,List all Church of Scotland synods with their corresponding geoshapes.,"SELECT ?synod ?synodLabel ?geoshape WHERE {
  ?synod wdt:P31 wd:Q17535977.  # instance of synod
  ?synod wdt:P17 wd:Q145.       # country: United Kingdom
  ?synod wdt:P1416 wd:Q107325.  # affiliation: Church of Scotland
  ?synod wdt:P3896 ?geoshape.   # geoshape
  SERVICE wikibase:label { bd:serviceParam wikibase:language ""en"". }
}",True,,True,,0.0,na,0.0,0
62,medium,List all suburbs in New Zealand along with their coordinates.,"SELECT ?suburb ?suburbLabel ?coords WHERE {
  ?suburb wdt:P31 wd:Q188509;  # instance of suburb
          wdt:P17 wd:Q664;     # country New Zealand
          wdt:P625 ?coords.    # coordinate location
  SERVICE wikibase:label { bd:serviceParam wikibase:language ""en"". }
}",True,,True,,0.9983,0.9966,1.0,1737
63,medium,List the birthplaces of actors from The Matrix movie.,"SELECT ?birthplace WHERE {
  wd:Q2283 wdt:P161 ?actor.   # The Matrix movie has actors
  ?actor wdt:P19 ?birthplace.  # Actor's place of birth
}",True,,True,,0.0,0.0,0.0,0
64,medium,What places are within a 1 km radius of the Arc de Triomphe?,"SELECT ?place ?placeLabel WHERE {
  wd:Q64436 wdt:P625 ?arcCoords.
  SERVICE wikibase:around {
    ?place wdt:P625 ?placeCoords.
    bd:serviceParam wikibase:center ?arcCoords.
    bd:serviceParam wikibase:radius ""1"".
  }
  SERVICE wikibase:label { bd:serviceParam wikibase:language ""en"". }
}",True,,False,http_500,0.0,0.0,0.0,0
65,medium,List all software developed by the KDE community.,"SELECT ?software ?softwareLabel WHERE {
  ?software wdt:P31 wd:Q7397.  # instance of software
  ?software wdt:P178 wd:Q1431736.  # developed by KDE
  SERVICE wikibase:label { bd:serviceParam wikibase:language ""en"". }
}",True,,True,,0.0,0.0,0.0,0
66,medium,List all places with the most public art installations.,"SELECT ?place ?placeLabel (COUNT(DISTINCT ?art) AS ?count)
WHERE {
  ?art wdt:P31 wd:Q1663925.          # public artwork
  ?art wdt:P131 ?place.              # located in administrative territorial entity
  SERVICE wikibase:label { bd:serviceParam wikibase:language ""en"". }
}
GROUP BY ?place ?placeLabel
ORDER BY DESC(?count)
LIMIT 100",True,,True,,0.0,0.0,0.0,0
67,medium,List all French municipalities with their corresponding banners.,"SELECT ?municipality ?banner WHERE {
  ?municipality wdt:P31 wd:Q15284 .   # instance of (P31) = municipality (Q15284)
  ?municipality wdt:P17 wd:Q142 .    # country (P17) = France (Q142)
  ?municipality wdt:P41 ?banner .    # banner (P41) = banner image
}",True,,True,,0.0,0.0,0.0,0
68,medium,"List all paintings by Ferdinand Georg Waldmüller in the Belvedere, Vienna.","PREFIX wd: <http://www.wikidata.org/entity/>
PREFIX wdt: <http://www.wikidata.org/prop/direct/>
PREFIX p: <http://www.wikidata.org/prop/>
PREFIX ps: <http://www.wikidata.org/prop/statement/>
PREFIX pr: <http://www.wikidata.org/prop/reference/>
PREFIX pq: <http://www.wikidata.org/prop/qualifier/>

SELECT ?painting ?paintingLabel WHERE {
  # Ferdinand Georg Waldmüller
  wd:Q94782 wdt:P170 ?painting .  # P170 = creator
  ?painting wdt:P31 wd:Q3305213 .  # instance of painting
  ?painting wdt:P276 wd:Q131252 .  # P276 = location (Belvedere, Vienna)
  SERVICE wikibase:label { bd:serviceParam wikibase:language ""en"". }
}",True,,True,,0.0,0.0,0.0,0
69,medium,How many words are listed on Wikidata in languages spoken in India?,"SELECT (COUNT(DISTINCT ?word) AS ?count) WHERE {
  ?word a wikibase:Lexeme .
  ?word dct:language ?language .
  ?language wdt:P17 wd:Q668 .
}",True,,True,,0.0,0.0,0.0,1
70,medium,List all images used in more than 10 items.,"SELECT ?image (COUNT(?item) AS ?count) WHERE {
  ?item wdt:P18 ?image .
}
GROUP BY ?image
HAVING (COUNT(?item) > 10)",False,,True,,1.0,na,1.0,1168
71,medium,List all politicians who were members of the Whig party.,"PREFIX wd: <http://www.wikidata.org/entity/>
PREFIX wdt: <http://www.wikidata.org/prop/direct/>
PREFIX wikibase: <http://wikiba.se/ontology#>
PREFIX rdfs: <http://www.w3.org/2000/01/rdf-schema#>

SELECT ?politician ?politicianLabel WHERE {
  ?politician wdt:P106 wd:Q82955 ;
              wdt:P102 wd:Q108828 .
  SERVICE wikibase:label { bd:serviceParam wikibase:language ""en"". }
}",True,,True,,0.0,0.0,na,0
72,medium,"Find parks in Oslo, Norway that are missing images on Wikidata.","SELECT ?park WHERE {
  ?park wdt:P31 wd:Q22698;        # instance of park
        wdt:P131 wd:Q585.         # located in Oslo
  FILTER NOT EXISTS { ?park wdt:P18 ?image. }  # missing image
}",True,,True,,0.0,0.0,0.0,0
73,medium,"Show me a map of people's birthplaces, categorized by century.","PREFIX wd: <http://www.wikidata.org/entity/>
PREFIX wdt: <http://www.wikidata.org/prop/direct/>
PREFIX wikibase: <http://wikiba.se/ontology#>
PREFIX bd: <http://www.bigdata.com/rdf#>

SELECT ?century (SAMPLE(?placeLabel) AS ?place) (COUNT(DISTINCT ?person) AS ?count) WHERE {
  ?person wdt:P31 wd:Q5 .  # instance of human
  ?person wdt:P19 ?place .  # place of birth
  ?person wdt:P569 ?birthDate .  # date of birth
  BIND(STR(YEAR(?birthDate)) AS ?year)
  BIND(IF(?year >= 2001, ""21st century"",
         IF(?year >= 1901, ""20th century"",
         IF(?year >= 1801, ""19th century"",
         IF(?year >= 1701, ""18th century"",
         IF(?year >= 1601, ""17th century"",
         IF(?year >= 1501, ""16th century"",
         IF(?year >= 1401, ""15th century"",
         IF(?year >= 1301, ""14th century"",
         IF(?year >= 1201, ""13th century"",
         IF(?year >= 1101, ""12th century"",
         IF(?year >= 1001, ""11th century"",
         IF(?year >= 901, ""10th century"",
         IF(?year >= 801, ""9th century"",
         IF(?year >= 701, ""8th century"",
         IF(?year >= 601, ""7th century"",
         IF(?year >= 501, ""6th century"",
         IF(?year >= 401, ""5th century"",
         IF(?year >= 301, ""4th century"",
         IF(?year >= 201, ""3rd century"",
         IF(?year >= 101, ""2nd century"",
         ""1st century"")))))))))))))))))))) AS ?century)
  SERVICE wikibase:label { bd:serviceParam wikibase:language ""en"". }
}
GROUP BY ?century
ORDER BY ?century",False,,False,http_400,0.0,0.0,0.0,0
74,medium,Find research papers on backward contact tracing and list their DOIs.,"PREFIX wd: <http://www.wikidata.org/entity/>
PREFIX wdt: <http://www.wikidata.org/prop/direct/>
PREFIX rdfs: <http://www.w3.org/2000/01/rdf-schema#>

SELECT DISTINCT ?doi WHERE {
  ?paper wdt:P31 wd:Q13442814 ;
         wdt:P356 ?doi ;
         rdfs:label ?label .
  FILTER(CONTAINS(LCASE(?label),",False,,False,http_400,0.0,0.0,0.0,0
75,medium,List the notable alumni of University of Reading who have won awards.,"PREFIX wd: <http://www.wikidata.org/entity/>
PREFIX wdt: <http://www.wikidata.org/prop/direct/>

SELECT DISTINCT ?alumni ?alumniLabel WHERE {
  ?alumni wdt:P69 wd:Q1232145 .
  ?alumni wdt:P166 [] .
  SERVICE wikibase:label { bd:serviceParam wikibase:language ""en"". }
}",True,,True,,0.0,0.0,na,0
76,medium,List all music genres.,"SELECT ?genre ?genreLabel WHERE {
  ?genre wdt:P31 wd:Q188451.
  SERVICE wikibase:label { bd:serviceParam wikibase:language ""en"". }
}",True,,True,,0.8295,0.9432,0.0,6222
77,medium,List all museums in Tunisia along with their coordinates and images.,"SELECT ?museum ?museumLabel ?coordinates ?image WHERE {
  ?museum wdt:P31 wd:Q33506;   # instance of museum
          wdt:P17 wd:Q948;      # located in Tunisia
          wdt:P625 ?coordinates; # coordinates
          wdt:P18 ?image.       # image
  SERVICE wikibase:label { bd:serviceParam wikibase:language ""en"". }
}",True,,True,,0.6429,0.5714,0.6857,144
78,medium,Show me a list of archives on Wikidata along with their coordinates.,"SELECT ?archive ?archiveLabel ?coords WHERE {
  ?archive wdt:P31 wd:Q166118.  # Instance of archive
  ?archive wdt:P625 ?coords.   # Has coordinate location
  SERVICE wikibase:label { bd:serviceParam wikibase:language ""en"". }
}",True,,True,,0.2869,0.2078,0.4711,10180
79,medium,Find images of ancient Egyptian rulers.,"SELECT ?item ?itemLabel ?image WHERE {
  ?item wdt:P31 wd:Q37102;  # instance of pharaoh
        wdt:P18 ?image.     # has image
  SERVICE wikibase:label { bd:serviceParam wikibase:language ""en"". }
}",True,,True,,0.0,0.0,0.0,0
80,medium,Find locations on iNaturalist and show them on a map.,"SELECT ?item ?itemLabel ?coords WHERE {
  ?item wdt:P7471 [] .          # has iNaturalist place ID
  ?item wdt:P625 ?coords .      # has geographic coordinates
  SERVICE wikibase:label { bd:serviceParam wikibase:language ""en"". }
}
LIMIT 100",True,,True,,0.0009,0.0016,0.0007,189
81,medium,What are the cathedrals in Paris?,"SELECT ?cathedral ?cathedralLabel WHERE {
  ?cathedral wdt:P31 wd:Q2977;  # instance of cathedral
             wdt:P131 wd:Q90.   # located in Paris
  SERVICE wikibase:label { bd:serviceParam wikibase:language ""en"". }
}",True,,True,,0.0,0.0,0.0,2
82,medium,"Show me a list of railway stations in France, sorted by the number of tracks they have.","PREFIX wd: <http://www.wikidata.org/entity/>
PREFIX wdt: <http://www.wikidata.org/prop/direct/>
PREFIX wikibase: <http://wikiba.se/ontology#>
PREFIX bd: <http://www.bigdata.com/rdf#>

SELECT ?station ?stationLabel ?tracks WHERE {
  ?station wdt:P31/wdt:P279* wd:Q55488 .   # railway station or subclass
  ?station wdt:P17 wd:Q142 .               # located in France
  ?station wdt:P1103 ?tracks .             # number of tracks
  SERVICE wikibase:label { bd:serviceParam wikibase:language ""en"". }
}
ORDER BY DESC(?tracks)",True,,True,,0.3733,0.6371,0.0,1272
83,medium,List the birds that are native to a region in France.,"SELECT ?bird ?birdLabel ?regionLabel WHERE {
  ?bird wdt:P31/wdt:P279* wd:Q5113.
  ?bird wdt:P103 ?region.
  ?region wdt:P131 wd:Q142.
  SERVICE wikibase:label { bd:serviceParam wikibase:language ""en"". }
}",True,,True,,0.0,0.0,0.0,0
84,medium,List all universities in Mexico along with their founding dates.,"SELECT ?university ?foundingDate WHERE {
  ?university wdt:P31 wd:Q3918;       # instance of university
              wdt:P17 wd:Q96;          # country = Mexico
              wdt:P571 ?foundingDate.  # inception date
}",True,,True,,1.0,1.0,1.0,374
85,medium,Find the places where people named Michael or its variants were born.,"SELECT ?place ?placeLabel WHERE {
  # Find people
  ?person wdt:P31 wd:Q5.                    # instance of human
  ?person wdt:P735 ?givenName.              # has given name
  # Filter for given name ""Michael"" or common variants
  FILTER(STR(?givenName) IN (
    wd:Q4927524,   # Michael
    wd:Q4927529,   # Michał
    wd:Q12325895,  # Miguel
    wd:Q12469569,  # Michel
    wd:Q4927526,   # Mícheál
    wd:Q4927527,   # Mikael
    wd:Q4927528    # Mikel
  ))
  ?person wdt:P19 ?place.                   # place of birth
  SERVICE wikibase:label { bd:serviceParam wikibase:language ""en"". }
}",False,,False,timeout,0.0,0.0,0.0,0
86,medium,Find properties with missing labels or descriptions in Spanish.,"SELECT ?property ?propertyLabel ?propertyDescription WHERE {
  ?property wikibase:directClaim ?p .
  FILTER NOT EXISTS { ?property rdfs:label ?label . FILTER(LANG(?label) = ""es"") }
  OPTIONAL { ?property schema:description ?description . FILTER(LANG(?description) = ""es"") }
  SERVICE wikibase:label { bd:serviceParam wikibase:language ""en"". }
}",True,,True,,0.6921,na,0.6921,7263
87,medium,How many statements are supported by a reference with a DOI?,"SELECT (COUNT(DISTINCT ?statement) AS ?count) WHERE {
  ?statement a wikibase:Statement .
  ?statement prov:wasDerivedFrom ?reference .
  ?reference pr:P356 ?doi .
}",True,,True,,0.0,na,0.0,1
88,medium,Find images of architectural drawings depicting cathedrals in France.,"SELECT ?image WHERE {
  ?item wdt:P31 wd:Q811979 .  # instance of architectural drawing
  ?item wdt:P180 wd:Q16957 .  # depicts cathedral
  ?item wdt:P131 wd:Q142 .    # located in France
  ?item wdt:P18 ?image .      # image property
}",True,,True,,0.0,0.0,0.0,0
89,medium,What are the most common ingredients used in a sandwich?,"SELECT ?ingredient (COUNT(?sandwich) AS ?count) WHERE {
  ?sandwich wdt:P31 wd:Q28803.  # Instance of sandwich
  ?sandwich wdt:P527 ?ingredient.  # Has part (ingredient)
}
GROUP BY ?ingredient
ORDER BY DESC(?count)
LIMIT 20",True,,True,,0.0,0.0,0.0,24
90,medium,List all items with an inventory number but no collection.,"SELECT ?item ?inventoryNumber WHERE {
  ?item wdt:P217 ?inventoryNumber .  # inventory number
  FILTER NOT EXISTS { ?item wdt:P195 ?collection }  # no collection
}",False,,True,,0.4717,0.4443,0.5012,18513
91,medium,Find the addresses of city halls in Spain.,"SELECT ?cityHall ?address WHERE {
  ?cityHall wdt:P31 wd:Q105543609;
            wdt:P17 wd:Q29;
            wdt:P6375 ?address.
}",True,,True,,0.0,na,na,0
92,medium,List all cities and towns in Denmark along with their population and OSM relation IDs.,SELECT ?item ?itemLabel (SAMPLE(?population) AS ?population),False,,False,http_400,0.0,0.0,0.0,0
93,medium,What country shares a border with all municipalities in the Basque Country?,"SELECT ?country WHERE {
  ?country wdt:P31 wd:Q3624078.  # instance of sovereign state
  ?country wdt:P47 ?municipality. # shares border with municipality
  ?municipality wdt:P131 wd:Q3995. # located in Basque Country
}
GROUP BY ?country
HAVING (COUNT(DISTINCT ?municipality) = ?totalMunicipalities)
{
  SELECT (COUNT(DISTINCT ?m) AS ?totalMunicipalities) WHERE {
    ?m wdt:P131 wd:Q3995. # all municipalities in Basque Country
  }
}",False,,False,http_400,0.0,0.0,0.0,0
94,medium,Find photographs of restoration works in French National Archives from the 19th century.,"SELECT ?photo ?photoLabel ?work ?workLabel WHERE {
  # Find items that are instances of ""photograph"" (Q125191) or ""photographic work"" (Q125191)
  ?photo wdt:P31 wd:Q125191 .
  
  # The photograph depicts restoration works
  ?photo wdt:P180 ?work .
  ?work wdt:P31 wd:Q17537576 . # ""restoration work"" (Q17537576)
  
  # The work is located in or related to French National Archives
  ?work wdt:P276 wd:Q302331 . # ""location"" (P276) = ""French National Archives"" (Q302331)
  
  # The work is from the 19th century (1801-1900)
  ?work wdt:P2348 ?century .
  ?century wdt:P31 wd:Q36524 . # instance of ""century""
  FILTER(?century = wd:Q6952) # 19th century (Q6952)
  
  SERVICE wikibase:label { bd:serviceParam wikibase:language ""en"". }
}",True,,True,,0.0,0.0,0.0,0
95,medium,Show a line graph of COVID-19 cases over time for each state in India.,"SELECT ?state ?stateLabel ?date ?cases WHERE {
  ?state wdt:P31 wd:Q503667 ;          # instance of state of India
         wdt:P17 wd:Q668 .             # country India
  ?state p:P1603 ?caseStatement .      # number of cases property
  ?caseStatement ps:P1603 ?cases ;     # case value
                  pq:P585 ?date .      # point in time qualifier
  SERVICE wikibase:label { bd:serviceParam wikibase:language ""en"". }
}
ORDER BY ?state ?date",True,,True,,0.0,0.0,0.0,0
96,medium,List all databases and digital libraries without an official URL.,"PREFIX wd: <http://www.wikidata.org/entity/>
PREFIX wdt: <http://www.wikidata.org/prop/direct/>
PREFIX wikibase: <http://wikiba.se/ontology#>
PREFIX bd: <http://www.bigdata.com/rdf#>

SELECT ?item ?itemLabel WHERE {
  ?item wdt:P31 wd:Q41176.   # instance of database
  FILTER NOT EXISTS { ?item wdt:P856 ?url . }   # no official website
  SERVICE wikibase:label { bd:serviceParam wikibase:language ""en"". }
}
UNION
{
  ?item wdt:P31 wd:Q209665.  # instance of digital library
  FILTER NOT EXISTS { ?item wdt:P856 ?url . }
  SERVICE wikibase:label { bd:serviceParam wikibase:language ""en"". }
}",False,,False,http_400,0.0,0.0,0.0,0
97,medium,Show me a map of Slovenian cultural monuments with different colours for each type.,"SELECT ?item ?itemLabel ?type ?typeLabel ?coordinates WHERE {
  ?item wdt:P1435 wd:Q219131;  # instance of cultural monument
        wdt:P625 ?coordinates; # coordinate location
        wdt:P31 ?type.        # instance of (type)
  SERVICE wikibase:label { bd:serviceParam wikibase:language ""en"". }
  FILTER(STRSTARTS(STR(?coordinates), ""Point(""))
}",True,,True,,0.0,0.0,0.0,0
98,medium,List French-speaking female writers with their signatures.,"SELECT ?writer ?writerLabel ?signature WHERE {
  ?writer wdt:P106 wd:Q36180 .          # occupation: writer
  ?writer wdt:P21 wd:Q6581072 .         # gender: female
  ?writer wdt:P1416 wd:Q150 .           # language spoken or written: French
  ?writer wdt:P109 ?signature .         # signature image
  SERVICE wikibase:label { bd:serviceParam wikibase:language ""en"". }
}",True,,True,,0.0,0.0,0.0,0
99,medium,List artworks that feature the Moon as a subject.,"PREFIX wd: <http://www.wikidata.org/entity/>
PREFIX wdt: <http://www.wikidata.org/prop/direct/>
PREFIX wikibase: <http://wikiba.se/ontology#>
PREFIX bd: <http://www.bigdata.com/rdf#>

SELECT ?artwork ?artworkLabel WHERE {
  ?artwork wdt:P180 wd:Q405 .        # depicts the Moon
  ?artwork wdt:P31 ?instance .
  ?instance wdt:P279* wd:Q838948 .   # instance of (subclass of) work of art
  SERVICE wikibase:label { bd:serviceParam wikibase:language ""en"" . }
}
LIMIT 100",False,,True,,0.0,0.0,na,100
100,medium,"Find all grandchildren of Johann Sebastian Bach where the parent is his first wife, Maria Barbara Bach.","SELECT DISTINCT ?grandchild ?grandchildLabel WHERE {
  ?child wdt:P40 wd:Q1339 .           # child of Johann Sebastian Bach
  ?child wdt:P25 wd:Q77074 .          # mother is Maria Barbara Bach
  ?grandchild wdt:P40 ?child .        # grandchild of that child
  SERVICE wikibase:label { bd:serviceParam wikibase:language ""en"". }
}",True,,True,,0.0,0.0,na,0
101,medium,List all five-letter English words that start with the letter F.,"SELECT ?word
WHERE {
  ?word wdt:P31 wd:Q817167.   # instance of word
  ?word wdt:P218 ?lemma.      # has lemma
  FILTER(LANG(?lemma) = ""en"") # English words
  FILTER(STRSTARTS(?lemma, ""f"")) # starts with f
  FILTER(STRLEN(?lemma) = 5)   # exactly five letters
}",True,,True,,0.0,na,0.0,0
102,medium,Show me a map of remarkable trees in Bulgaria.,"SELECT ?tree ?treeLabel ?location WHERE {
  SERVICE wikibase:label { bd:serviceParam wikibase:language ""en"". }
  ?tree wdt:P31 wd:Q10884;          # instance of tree
        wdt:P131 wd:Q219;           # located in the administrative territorial entity Bulgaria
        wdt:P625 ?location.         # coordinate location
}",True,,True,,0.0,na,na,0
103,medium,List the inventors who are members of the Republican Party.,"PREFIX wd: <http://www.wikidata.org/entity/>
PREFIX wdt: <http://www.wikidata.org/prop/direct/>

SELECT ?inventor ?inventorLabel
WHERE {
  ?inventor wdt:P106 wd:Q205375.  # occupation: inventor
  ?inventor wdt:P102 wd:Q29468.   # political party: Republican Party
  SERVICE wikibase:label { bd:serviceParam wikibase:language ""en"". }
}",True,,True,,0.0463,0.0467,0.0,33
104,medium,List all websites without an official webpage.,"SELECT ?item ?itemLabel WHERE {
  ?item wdt:P31 wd:Q35127.
  FILTER NOT EXISTS { ?item wdt:P856 ?url }
  SERVICE wikibase:label { bd:serviceParam wikibase:language ""en"". }
}",True,,True,,0.4368,0.4369,0.0,3463
105,medium,List all external links mentioned in the Wikipedia article about Ashmolean Museum.,"PREFIX wd: <http://www.wikidata.org/entity/>
PREFIX wdt: <http://www.wikidata.org/prop/direct/>
PREFIX wikibase: <http://wikiba.se/ontology#>
PREFIX bd: <http://www.bigdata.com/rdf#>

SELECT ?property ?propertyLabel ?value WHERE {
  wd:Q636400 ?p ?value .
  FILTER(STRSTARTS(STR(?p), STR(wdt:)))
  BIND(IRI(REPLACE(STR(?p), ""prop/direct/"", ""entity/"")) AS ?propEntity)
  ?propEntity wikibase:propertyType ?type .
  FILTER(?type IN (wikibase:ExternalId, wikibase:Url))
  SERVICE wikibase:label { bd:serviceParam wikibase:language ""en"". }
}",True,,True,,0.0,0.0,0.0,79
106,medium,What organisms live in the vagina?,"SELECT ?organism ?organismLabel WHERE {
  ?organism wdt:P703 wd:Q712866 .
  SERVICE wikibase:label { bd:serviceParam wikibase:language ""en"". }
}",True,,True,,0.0,na,0.0,0
107,medium,Find paintings with RKDimages links and display them in an ImageGrid.,"PREFIX wd: <http://www.wikidata.org/entity/>
PREFIX wdt: <http://www.wikidata.org/prop/direct/>
PREFIX wikibase: <http://wikiba.se/ontology#>
PREFIX bd: <http://www.bigdata.com/rdf#>

SELECT ?item ?itemLabel ?image ?rkdLink WHERE {
  ?item wdt:P31 wd:Q3305213 .  # instance of painting
  ?item wdt:P350 ?rkdLink .    # RKDimages ID
  ?item wdt:P18 ?image .       # image
  SERVICE wikibase:label { bd:serviceParam wikibase:language ""en"". }
}
LIMIT 100",True,,True,,0.0606,0.0957,0.0443,287
108,medium,Find film directors who have collaborated with Jean-François Stévenin the most.,"SELECT ?director (COUNT(?film) AS ?count) WHERE {
  ?film wdt:P161 wd:Q3159690 .
  ?film wdt:P57 ?director .
  FILTER(?director != wd:Q3159690)
}
GROUP BY ?director
ORDER BY DESC(?count)",True,,True,,0.0,0.0,0.0,0
109,medium,List all Wikidata properties with their IDs and descriptions.,"SELECT?property ?propertyDescription WHERE {
  ?property a wikibase:Property .
  SERVICE wikibase:label { bd:serviceParam wikibase:language ""en"". }
}",True,,True,,0.5,na,0.5,13142
110,medium,List all caves with prehistoric art and their coordinates.,"SELECT ?cave ?caveLabel ?coordinates WHERE {
  ?cave wdt:P31 wd:Q19860360;
        wdt:P625 ?coordinates.
  SERVICE wikibase:label { bd:serviceParam wikibase:language ""en"". }
}",True,,True,,0.0,0.0,0.0,0
111,medium,Find a list of women who are computational biologists or bioinformaticians.,"SELECT ?item ?itemLabel ?itemDescription WHERE {
  ?item wdt:P21 wd:Q6581072.
  { ?item wdt:P106 wd:Q1640179 } UNION { ?item wdt:P106 wd:Q864688 }.
  SERVICE wikibase:label { bd:serviceParam wikibase:language ""en"". }
}
LIMIT 1000",True,,True,,0.0,0.0,0.0,0
112,medium,List all US states with the letter A in their name.,"SELECT ?stateLabel WHERE {
  wd:Q30 wdt:P150 ?state .   # United States (Q30) has administrative divisions (P150) = states
  ?state wdt:P31 wd:Q35657 .  # instance of (P31) U.S. state (Q35657)
  SERVICE wikibase:label { bd:serviceParam wikibase:language ""en"". }
  FILTER(CONTAINS(UCASE(?stateLabel), ""A""))
}",True,,True,,0.0,0.0,0.0,0
113,medium,"List all people in the Dictionary of Welsh Biography, categorized by their birthplace and gender.","SELECT ?person ?personLabel ?birthplace ?birthplaceLabel ?gender ?genderLabel WHERE {
  ?person wdt:P31 wd:Q5.
  ?person wdt:P1416 wd:Q527072.
  OPTIONAL { ?person wdt:P19 ?birthplace. }
  OPTIONAL { ?person wdt:P21 ?gender. }
  SERVICE wikibase:label { bd:serviceParam wikibase:language ""en"". }
}",True,,True,,0.0,0.0,0.0,0
114,medium,List all weather satellites with their launch dates.,"SELECT ?satellite ?launchDate WHERE {
  ?satellite wdt:P31 wd:Q105543609. # instance of weather satellite
  ?satellite wdt:P619 ?launchDate.  # launch date
}",True,,True,,0.0,0.0,0.0,0
115,medium,Show me hillforts with their protection status on a map.,"SELECT ?hillfort ?protectionStatus ?coordinates WHERE {
  ?hillfort wdt:P31 wd:Q1050848.   # instance of hillfort
  OPTIONAL { ?hillfort wdt:P1435 ?protectionStatus. } # heritage designation
  ?hillfort wdt:P625 ?coordinates.   # coordinate location
}",True,,True,,0.0,0.0,0.0,0
116,medium,List all viaducts in the UK with their heritage designations.,"SELECT ?viaduct ?viaductLabel ?heritageDesignation ?heritageDesignationLabel WHERE {
  ?viaduct wdt:P31 wd:Q41176;          # instance of viaduct
           wdt:P17 wd:Q145.            # country: United Kingdom
  OPTIONAL { ?viaduct wdt:P1435 ?heritageDesignation }  # heritage designation
  SERVICE wikibase:label { bd:serviceParam wikibase:language ""en"". }
}",True,,True,,0.0,0.0,0.0,118566
117,medium,List all humans who received the Theatre World Award in 2016.,"SELECT ?person ?personLabel WHERE {
  ?person wdt:P31 wd:Q5;                # instance of human
          p:P166 ?awardstmt .           # statement for award received
  ?awardstmt ps:P166 wd:Q1562186 ;      # value: Theatre World Award
             pq:P585 ?time .            # point in time qualifier
  FILTER(YEAR(?time) = 2016)           # filter for year 2016
  SERVICE wikibase:label { bd:serviceParam wikibase:language ""en"". }
}",True,,True,,0.0,0.0,0.0,0
118,medium,"List all synthesizers manufactured by ARP Instruments, Inc.","SELECT ?synthesizer ?synthesizerLabel WHERE {
  ?synthesizer wdt:P31/wdt:P279* wd:Q163553.
  ?synthesizer wdt:P176 wd:Q281840.
  SERVICE wikibase:label { bd:serviceParam wikibase:language ""en"". }
}",True,,True,,0.0,0.0,0.0,0
119,medium,List all libraries in Austria along with their coordinates.,"SELECT ?library ?libraryLabel ?coordinates WHERE {
  ?library wdt:P31 wd:Q7075;  # instance of library
            wdt:P17 wd:Q40;   # country Austria
            wdt:P625 ?coordinates.  # coordinate location
  SERVICE wikibase:label { bd:serviceParam wikibase:language ""en"". }
}",True,,True,,0.0,0.0,0.0,90
120,medium,List all places where people named Desiree were born.,"SELECT DISTINCT ?place ?placeLabel WHERE {
  ?person wdt:P31 wd:Q5.
  ?person wdt:P735 wd:Q3021970.
  ?person wdt:P19 ?place.
  SERVICE wikibase:label { bd:serviceParam wikibase:language ""en"". }
}",True,,True,,0.0,0.0,0.0,0
121,medium,List all the house cats that held the position of Chief Mouser to the Cabinet Office.,"SELECT ?cat ?catLabel WHERE {
  ?cat wdt:P31 wd:Q146;                # instance of house cat
       wdt:P39 wd:Q1066013.            # position held: Chief Mouser to the Cabinet Office
  SERVICE wikibase:label { bd:serviceParam wikibase:language ""en"". }
}",True,,True,,0.0,na,na,0
122,medium,Find items published in A Compendium of Irish Biography without page numbers.,"PREFIX wd: <http://www.wikidata.org/entity/>
PREFIX wdt: <http://www.wikidata.org/prop/direct/>
SELECT ?item ?itemLabel WHERE {
  ?item wdt:P1433 wd:Q19056904 .
  FILTER NOT EXISTS { ?item wdt:P304 ?page }
  SERVICE wikibase:label { bd:serviceParam wikibase:language ""en"". }
}",True,,True,,0.0,0.0,na,0
123,medium,What are the most popular literary works written in German?,"SELECT ?work ?workLabel ?sitelinks WHERE {
  ?work wdt:P31/wdt:P279* wd:Q7725634 . # instance/subclass of literary work
  ?work wdt:P407 wd:Q188 .             # language German
  ?work wikibase:sitelinks ?sitelinks . # total number of sitelinks as popularity proxy
  SERVICE wikibase:label { bd:serviceParam wikibase:language ""en"". }
}
ORDER BY DESC(?sitelinks)
LIMIT 20",True,,True,,0.0,0.0,0.0,0
124,medium,Show me the latest heatwaves that have occurred.,"SELECT ?item ?itemLabel ?time WHERE {
  ?item wdt:P31/wdt:P279* wd:Q1780746 .  # heat wave or subclass
  ?item wdt:P580 ?time .                # start time
  FILTER(?time <= NOW())                # past or current events
  SERVICE wikibase:label { bd:serviceParam wikibase:language ""en"". }
}
ORDER BY DESC(?time)
LIMIT 20",True,,True,,0.0,0.0,0.0,0
125,medium,Show me the list of countries with multiple official languages.,"SELECT ?country ?countryLabel WHERE {
  ?country wdt:P31 wd:Q6256.           # instance of country
  ?country wdt:P37 ?language.          # has official language
}
GROUP BY ?country ?countryLabel
HAVING (COUNT(?language) > 1)          # more than one official language
SERVICE wikibase:label { bd:serviceParam wikibase:language ""en"". }",False,,True,,0.8925,0.8925,na,91
126,medium,List Czech buildings that serve as both a place of worship and a fire station.,"SELECT ?building WHERE {
  ?building wdt:P31 wd:Q16970.    # instance of church building
  ?building wdt:P31 wd:Q12149.    # instance of fire station
  ?building wdt:P17 wd:Q213.      # country Czech Republic
}",True,,True,,0.0,0.0,0.0,0
127,medium,List all Mexican presidents with their signature images on Wikidata.,"PREFIX wd: <http://www.wikidata.org/entity/>
PREFIX wdt: <http://www.wikidata.org/prop/direct/>
PREFIX schema: <http://schema.org/>
PREFIX wikibase: <http://wikiba.se/ontology#>

SELECT DISTINCT ?presidentLabel ?signatureImage
WHERE {
  ?president wdt:P39 wd:Q170393 .  # position held: President of Mexico
  ?president wdt:P109 ?signature . # has signature property
  ?signature schema:contentUrl ?signatureImage . # retrieve the image URL
  SERVICE wikibase:label { bd:serviceParam wikibase:language ""en"". }
}",True,,True,,0.0,0.0,0.0,0
128,medium,List all megaliths in the Basque Country with their coordinates.,"SELECT ?megalith ?megalithLabel ?coords WHERE {
  ?megalith wdt:P31 wd:Q164240 ;            # instance of megalith
            wdt:P131 wd:Q47588 ;            # located in Basque Autonomous Community
            wdt:P625 ?coords .              # has coordinate location
  SERVICE wikibase:label { bd:serviceParam wikibase:language ""en"". }
}",True,,True,,0.0,0.0,0.0,0
129,medium,What are the names of spacecraft and their inspirations?,"SELECT ?spacecraft ?spacecraftLabel ?inspirationLabel WHERE {
  ?spacecraft wdt:P31 wd:Q40218 .
  ?spacecraft wdt:P138 ?inspiration .
  SERVICE wikibase:label { bd:serviceParam wikibase:language ""en"". }
}",True,,True,,0.0056,0.0056,na,2
130,medium,List all National Trust properties in the UK along with their coordinates.,"SELECT ?property ?propertyLabel ?coords WHERE {
  ?property wdt:P31 wd:Q1983183 .
  ?property wdt:P625 ?coords .
  SERVICE wikibase:label { bd:serviceParam wikibase:language ""en"". }
}",True,,True,,0.0,0.0,0.0,0
131,medium,Show me the top 50 longest cars in the world.,"SELECT ?car ?carLabel ?length WHERE {
  ?car wdt:P31 wd:Q1420.          # instance of car model
  ?car wdt:P2049 ?length.         # length
  FILTER(?length > 0)
  SERVICE wikibase:label { bd:serviceParam wikibase:language ""en"". }
}
ORDER BY DESC(?length)
LIMIT 50",True,,True,,0.0447,0.087,0.0,96
132,medium,Find paintings that are taller than they are wide and show me the images.,"SELECT ?painting ?image WHERE {
  ?painting wdt:P31 wd:Q3305213.
  ?painting wdt:P2048 ?height.
  ?painting wdt:P2049 ?width.
  ?painting wdt:P18 ?image.
  FILTER(?height > ?width)
}",True,,True,,0.0214,0.0213,0.0215,337316
133,medium,List the hometowns of all current US Senators.,"SELECT ?senatorLabel ?hometownLabel WHERE {
  ?senator p:P39 ?posStmt .
  ?posStmt ps:P39 wd:Q4376551 .   # United States senator
  FILTER NOT EXISTS { ?posStmt pq:P582 ?end }   # current (no end date)
  ?senator wdt:P19 ?hometown .    # place of birth as hometown
  SERVICE wikibase:label { bd:serviceParam wikibase:language ""en"". }
}
ORDER BY ?senatorLabel",True,,True,,0.0,na,na,0
134,medium,List all the settlements along the Way of Saint James in Basque Country.,"SELECT ?settlement ?settlementLabel WHERE {
  # Find the Way of Saint James in Basque Country
  wd:Q41176 wdt:P31 wd:Q5 . # Example: Basque Country as a human settlement (adjust if needed)
  # Actually, Basque Country is wd:Q3995 (autonomous community)
  wd:Q3995 wdt:P31 wd:Q41176 . # Not needed, just use wd:Q3995
  
  # Way of Saint James: wd:Q180889
  wd:Q180889 wdt:P527 ?settlement . # has part(s) ?settlement
  ?settlement wdt:P131 wd:Q3995 . # located in the administrative territorial entity Basque Country
  SERVICE wikibase:label { bd:serviceParam wikibase:language ""en"". }
}",True,,True,,0.0,0.0,0.0,0
135,medium,"What are the English, Welsh and Scottish counties that share borders?","SELECT ?county1 ?county1Label ?county2 ?county2Label WHERE {
  # Subquery to get all English, Welsh, and Scottish counties
  {
    SELECT ?county WHERE {
      { ?county wdt:P31 wd:Q180673. } # English county
      UNION
      { ?county wdt:P31 wd:Q180674. } # Welsh county
      UNION
      { ?county wdt:P31 wd:Q180675. } # Scottish county
    }
  }
  # Find pairs that share a border
  ?county1 wdt:P47 ?county2.
  # Ensure both are counties from the subquery
  ?county1 wdt:P31 ?type1.
  ?county2 wdt:P31 ?type2.
  FILTER(?type1 IN (wd:Q180673, wd:Q180674, wd:Q180675))
  FILTER(?type2 IN (wd:Q180673, wd:Q180674, wd:Q180675))
  # Avoid duplicate pairs (A-B and B-A)
  FILTER(STR(?county1) < STR(?county2))
  SERVICE wikibase:label { bd:serviceParam wikibase:language ""en"". }
}",True,,True,,0.0,0.0,na,48
136,medium,List Indian people who died in 1959 and whose work is now public domain.,"SELECT ?person ?personLabel WHERE {
  ?person wdt:P27 wd:Q668 .          # country of citizenship: India
  ?person wdt:P570 ?deathDate .      # date of death
  FILTER(YEAR(?deathDate) = 1959)    # died in 1959
  SERVICE wikibase:label { bd:serviceParam wikibase:language ""en"". }
}
ORDER BY ?personLabel",True,,True,,0.697,1.0,0.0,69
137,medium,"List the top 100 lexemes with their corresponding lemmas, ordered by frequency of compound parts.","SELECT ?lexeme ?lemma (COUNT(DISTINCT ?compound) AS ?frequency) WHERE {
  ?compound a ontolex:LexicalEntry .
  ?compound ontolex:lexicalForm ?form .
  ?form wdt:P5239 ?componentForm .
  ?componentForm ontolex:represents ?lexeme .
  ?lexeme ontolex:lemma ?lemma .
}
GROUP BY ?lexeme ?lemma
ORDER BY DESC(?frequency)
LIMIT 100",True,,True,,0.0,na,0.0,0
138,medium,List all humans without children.,"SELECT ?human ?humanLabel WHERE {
  ?human wdt:P31 wd:Q5.
  FILTER NOT EXISTS { ?human wdt:P40 ?child. }
  SERVICE wikibase:label { bd:serviceParam wikibase:language ""en"". }
}",False,,False,result_too_large,0.0,0.0,0.0,0
139,medium,List all rivers in Antarctica.,"PREFIX wd: <http://www.wikidata.org/entity/>
PREFIX wdt: <http://www.wikidata.org/prop/direct/>

SELECT ?river ?riverLabel WHERE {
  ?river wdt:P31 wd:Q4022;
         wdt:P30 wd:Q51.
  SERVICE wikibase:label { bd:serviceParam wikibase:language ""en"". }
}",True,,True,,0.1818,0.3596,0.0,32
140,medium,Show me a map of libraries located in Austria.,"SELECT ?library ?libraryLabel ?coords WHERE {
  ?library wdt:P31 wd:Q7075 ;          # instance of library
           wdt:P17 wd:Q40 ;            # country: Austria
           wdt:P625 ?coords .          # coordinate location
  SERVICE wikibase:label { bd:serviceParam wikibase:language ""en"" . }
}",True,,True,,0.0321,0.0317,0.0326,90
141,medium,List all politicians who died from cancer.,"SELECT ?politician ?politicianLabel WHERE {
  ?politician wdt:P106 wd:Q82955.   # occupation: politician
  ?politician wdt:P509 wd:Q12078.   # cause of death: cancer
  SERVICE wikibase:label { bd:serviceParam wikibase:language ""en"". }
}",True,,True,,0.1997,0.3962,0.0,1432
142,medium,List the most popular heritage sites based on their sitelinks.,"SELECT ?item ?itemLabel (COUNT(DISTINCT ?sitelink) AS ?sitelinkCount) WHERE {
  ?item wdt:P31 wd:Q1188829.           # instance of heritage site
  ?sitelink schema:about ?item .        # sitelinks to Wikipedia pages
  SERVICE wikibase:label { bd:serviceParam wikibase:language ""en"". }
}
GROUP BY ?item ?itemLabel
ORDER BY DESC(?sitelinkCount)
LIMIT 20",True,,True,,0.0,na,na,0
143,medium,List Belgian artists who died in 1949 and will have their work enter the public domain in 2020.,"SELECT ?artist ?artistLabel WHERE {
  ?artist wdt:P31 wd:Q5.                     # instance of human
  ?artist wdt:P27 wd:Q31.                    # nationality: Belgian
  ?artist wdt:P570 ?death.                   # date of death
  FILTER(YEAR(?death) = 1949)                # died in 1949
  ?artist wdt:P106 ?occupation.              # has occupation
  ?occupation wdt:P279* wd:Q483501.         # occupation is subclass of artist
  SERVICE wikibase:label { bd:serviceParam wikibase:language ""en"". }
}",False,,True,,0.0576,0.1159,0.0,16
144,medium,List the top magic schools by student enrollment.,"SELECT ?school ?enrollment WHERE {
  ?school wdt:P31 wd:Q105699.  # instance of magic school
  ?school wdt:P2196 ?enrollment.  # student enrollment
}
ORDER BY DESC(?enrollment)
LIMIT 10",True,,True,,0.0,0.0,0.0,0
145,medium,List the countries of origin for people affiliated with Ghana's top 3 traditional universities.,"SELECT DISTINCT ?country ?countryLabel WHERE {
  # Top 3 traditional universities in Ghana by number of items
  SELECT ?university WHERE {
    ?university wdt:P31 wd:Q3918;          # instance of university
                wdt:P17 wd:Q117.           # country = Ghana
  }
  ORDER BY DESC(?count)
  LIMIT 3
  # Note: This subquery is conceptual; actual ranking may require additional data.
  # For simplicity, we select all Ghanaian universities and then limit.
  
  # Alternative: Use known top universities
  VALUES ?university {
    wd:Q1049051  # University of Ghana
    wd:Q1513889  # Kwame Nkrumah University of Science and Technology
    wd:Q7895337  # University of Cape Coast
  }
  
  # People affiliated with these universities
  ?person wdt:P69 ?university.             # educated at
  OPTIONAL { ?person wdt:P1416 ?affiliation } # affiliation (if needed)
  
  # Country of origin
  ?person wdt:P27 ?country.                # country of citizenship
  SERVICE wikibase:label { bd:serviceParam wikibase:language ""en"". }
}",False,,False,http_400,0.0,0.0,0.0,0
146,medium,List all male Americans born between 1875 and 1930 with exact dates of death but only year-specific birthdates.,"SELECT ?person ?birthYear ?deathDate WHERE {
  ?person wdt:P31 wd:Q5.                    # instance of human
  ?person wdt:P21 wd:Q6581097.              # male
  ?person wdt:P27 wd:Q30.                   # country of citizenship: United States
  ?person wdt:P569 ?birthDate.              # date of birth
  ?person wdt:P570 ?deathDate.              # date of death
  FILTER(YEAR(?birthDate) >= 1875 && YEAR(?birthDate) <= 1930)
  FILTER(STR(?birthDate) = STR(YEAR(?birthDate)))  # birth date has only year precision
  FILTER(STR(?deathDate) != STR(YEAR(?deathDate))) # death date has more than year precision
}",True,,True,,0.0,0.0,0.0,0
147,medium,List the French towns that have a street in Paris named after them.,"SELECT ?town ?townLabel WHERE {
  # Find streets in Paris named after French towns
  ?street wdt:P31 wd:Q79007 ;          # instance of street
          wdt:P131 wd:Q90 ;            # located in Paris
          wdt:P138 ?town .             # named after
  ?town wdt:P31 wd:Q484170 ;          # instance of town
        wdt:P17 wd:Q142 .             # country France
  SERVICE wikibase:label { bd:serviceParam wikibase:language ""fr"". }
}",True,,True,,0.2165,0.3115,0.0,101
148,medium,Show me a map of German states with links to iNaturalist observations.,"SELECT ?stateLabel ?geoshape ?iNaturalistObsUrl WHERE {
  ?state wdt:P31 wd:Q1221156.   # state of Germany
  ?state wdt:P3896 ?geoshape.    # geographic shape for mapping
  ?state wdt:P3005 ?inatPlaceId. # iNaturalist place ID
  BIND(CONCAT(""https://www.inaturalist.org/observations?place_id="", ?inatPlaceId) AS ?iNaturalistObsUrl)
  SERVICE wikibase:label { bd:serviceParam wikibase:language ""en"". }
}
ORDER BY ?stateLabel",True,,True,,0.0,0.0,0.0,0
149,medium,What are the Alpine peaks with an elevation above 1500 meters?,"SELECT ?peak ?elevation WHERE {
  ?peak wdt:P31 wd:Q11382 .          # instance of (P31) mountain (Q11382)
  ?peak wdt:P30 wd:Q1286 .           # located in (P30) Alps (Q1286)
  ?peak wdt:P2044 ?elevation .       # elevation (P2044) above sea level
  FILTER (?elevation > 1500)         # filter for elevation > 1500 meters
}",True,,True,,0.0,na,na,0
150,medium,Show me the locations of Pablo Picasso's artworks on a map.,"SELECT ?artwork ?artworkLabel ?location ?locationLabel WHERE {
  ?artwork wdt:P170 wd:Q5593.  # Pablo Picasso
  ?artwork wdt:P276 ?location.  # location
  SERVICE wikibase:label { bd:serviceParam wikibase:language ""en"". }
}",True,,True,,0.4048,0.71,0.0,2041
151,medium,Find scientific statements related to the DOI 10.10.21/JA01577A030.,"SELECT ?statement ?property ?value WHERE {
  wd:Q1147171 ?p ?statement .  # Q1147171 is the item for the DOI 10.1021/ja01577a030
  ?statement ?ps ?value .
  ?property wikibase:claim ?p .
  ?property wikibase:statementProperty ?ps .
  FILTER(STRSTARTS(STR(?property), ""http://www.wikidata.org/entity/P""))
}",True,,True,,0.0,0.0,0.0,38
152,medium,List all Hebrew nouns that can be both masculine and feminine.,"SELECT ?noun ?nounLabel WHERE {
  ?noun wdt:P31 wd:Q1084.          # instance of noun
  ?noun wdt:P5185 wd:Q499327.      # grammatical gender = masculine
  ?noun wdt:P5185 wd:Q1775415.     # grammatical gender = feminine
  SERVICE wikibase:label { bd:serviceParam wikibase:language ""en"". }
}",True,,True,,0.0,na,0.0,0
153,medium,List all winners of the FSF Award for the Advancement of Free Software along with their images.,"SELECT ?winner ?winnerLabel ?image WHERE {
  ?winner wdt:P166 wd:Q1365105.
  OPTIONAL { ?winner wdt:P18 ?image. }
  SERVICE wikibase:label { bd:serviceParam wikibase:language ""en"". }
}",True,,True,,0.0,na,0.0,0
154,medium,Find images of languages and their dialects.,"SELECT ?language ?languageLabel ?image ?dialect ?dialectLabel ?dialectImage WHERE {
  ?language wdt:P31 wd:Q34770.  # Instance of language
  OPTIONAL { ?language wdt:P18 ?image. }
  OPTIONAL {
    ?dialect wdt:P31 wd:Q33384.  # Instance of dialect
    ?dialect wdt:P17 ?language.  # Dialect of the language
    OPTIONAL { ?dialect wdt:P18 ?dialectImage. }
  }
  SERVICE wikibase:label { bd:serviceParam wikibase:language ""en"". }
}",True,,True,,0.0471,0.0241,0.4034,10016
155,medium,"Show me a map of parishes in New South Wales, Australia, organized by county.","SELECT ?county ?countyLabel ?parish ?parishLabel ?coordinates WHERE {
  # County is an instance of county of New South Wales (Q5170586)
  ?county wdt:P31 wd:Q5170586.
  # Parish is located in the county
  ?parish wdt:P131 ?county.
  # Parish is an instance of parish (Q10855111)
  ?parish wdt:P31 wd:Q10855111.
  # Parish has coordinate location
  ?parish wdt:P625 ?coordinates.
  SERVICE wikibase:label { bd:serviceParam wikibase:language ""en"". }
}
ORDER BY ?countyLabel ?parishLabel",True,,True,,0.0,0.0,0.0,0
156,medium,List all organizations with their geographic locations.,"SELECT ?organization ?location WHERE {
  ?organization wdt:P31 wd:Q43229 .  # Instance of (P31) = organization (Q43229)
  OPTIONAL { ?organization wdt:P276 ?location } .  # Location (P276)
}",True,,True,,0.0001,0.0001,0.0,528459
157,medium,List all French watercraft whose name begins with the letter A.,"SELECT ?item ?itemLabel WHERE {
  ?item wdt:P31/wdt:P279* wd:Q1229765 .   # instance of a watercraft or subclass
  ?item wdt:P495 wd:Q142 .               # country of origin: France
  SERVICE wikibase:label { bd:serviceParam wikibase:language ""en"". }
  FILTER(STRSTARTS(?itemLabel, ""A""))
}",True,,True,,0.0,na,na,0
158,medium,List Indian films that are remakes of other Indian movies.,"SELECT ?film ?remakeOf WHERE {
  ?film wdt:P31 wd:Q11424.                # instance of film
  ?film wdt:P495 wd:Q668.                # country of origin = India
  ?film wdt:P144 ?remakeOf.              # based on (remake of)
  ?remakeOf wdt:P31 wd:Q11424.           # the original is also a film
  ?remakeOf wdt:P495 wd:Q668.            # original also from India
}",False,,True,,1.0,1.0,na,236
159,medium,List the countries with the most metal bands.,"PREFIX wd: <http://www.wikidata.org/entity/>
PREFIX wdt: <http://www.wikidata.org/prop/direct/>
PREFIX wikibase: <http://wikiba.se/ontology#>
PREFIX rdfs: <http://www.w3.org/2000/01/rdf-schema#>

SELECT ?countryLabel (COUNT(?band) AS ?count)
WHERE {
  ?band wdt:P31 wd:Q1180959 ;  # instance of metal band
        wdt:P495 ?country .    # country of origin
  SERVICE wikibase:label { bd:serviceParam wikibase:language ""en"". }
}
GROUP BY ?countryLabel
ORDER BY DESC(?count)
LIMIT 20",True,,True,,0.0,na,0.0,1
160,medium,List all popes who had a parent that was also a pope.,"SELECT ?pope ?popeLabel ?parent ?parentLabel WHERE {
  ?pope wdt:P31 wd:Q5 ;                # instance of human
        wdt:P106 wd:Q19546 ;           # occupation: pope
        wdt:P22 ?parent .              # father
  ?parent wdt:P106 wd:Q19546 .         # parent is also a pope
  SERVICE wikibase:label { bd:serviceParam wikibase:language ""en"". }
}",True,,True,,0.0,0.0,na,0
161,medium,List all locations with the name 'Earth' in any language.,"SELECT ?item ?label ?language WHERE {
  ?item rdfs:label ?label.
  FILTER(LCASE(STR(?label)) = ""earth"")
  ?item wdt:P31/wdt:P279* wd:Q17334923.
  BIND(LANG(?label) AS ?language)
}",False,,False,timeout,0.0,0.0,0.0,0
162,medium,List scientific papers where an animal is credited as a co-author.,"SELECT ?paper ?paperLabel ?author ?authorLabel WHERE {
  ?paper wdt:P31 wd:Q13442814 . # scientific article
  ?paper wdt:P50 ?author . # author
  ?author wdt:P31 wd:Q729 . # animal
  SERVICE wikibase:label { bd:serviceParam wikibase:language ""en"". }
}",True,,True,,0.0,0.0,na,0
163,medium,List all archaeological sites without coordinates.,"PREFIX wd: <http://www.wikidata.org/entity/>
PREFIX wdt: <http://www.wikidata.org/prop/direct/>
PREFIX wikibase: <http://wikiba.se/ontology#>
PREFIX bd: <http://www.bigdata.com/rdf#>

SELECT ?item ?itemLabel WHERE {
  ?item wdt:P31/wdt:P279* wd:Q839954.
  FILTER NOT EXISTS { ?item wdt:P625 ?coord }
  SERVICE wikibase:label { bd:serviceParam wikibase:language ""en"". }
}",False,,True,,0.3792,0.3793,0.0,15660
164,medium,List national flags that have inscriptions on them.,"SELECT ?flag ?flagLabel ?inscription WHERE {
  ?flag wdt:P31 wd:Q186516 .
  ?flag wdt:P1933 ?inscription .
  SERVICE wikibase:label { bd:serviceParam wikibase:language ""en"". }
}",True,,True,,0.0,0.0,0.0,0
165,medium,Find individuals with both UK National Archives and US NARA IDs.,"SELECT ?item ?uk_archive_id ?us_nara_id WHERE {
  ?item wdt:P2458 ?uk_archive_id.   # UK National Archives ID
  ?item wdt:P1225 ?us_nara_id.      # US National Archives ID
}",True,,True,,0.0,na,0.0,0
166,medium,List countries with featured articles on Russian Wikipedia.,"SELECT ?country ?countryLabel WHERE {
  ?country wdt:P31 wd:Q3624078.  # instance of sovereign state
  ?country wdt:P1433 ?featuredArticle.  # featured article on Russian Wikipedia
  SERVICE wikibase:label { bd:serviceParam wikibase:language ""en"". }
}",True,,True,,0.0,na,na,0
167,medium,List all fortifications related to the Dutch East India Company (VOC) and the Dutch West India Company (WIC).,"SELECT DISTINCT ?fort ?fortLabel WHERE {
  { ?fort wdt:P31/wdt:P279* wd:Q57834 . }
  { ?fort wdt:P127 ?company . } UNION { ?fort wdt:P137 ?company . } UNION { ?fort wdt:P361 ?company . } UNION { ?fort wdt:P88 ?company . } UNION { ?fort wdt:P1535 ?company . }
  FILTER(?company IN (wd:Q158170, wd:Q926277))
  SERVICE wikibase:label { bd:serviceParam wikibase:language ""en"". }
}",True,,True,,0.0,0.0,0.0,0
168,medium,List all movies directed by Jean-Luc Godard in chronological order.,"SELECT ?filmLabel ?date
WHERE {
  ?film wdt:P57 wd:Q157990 .
  ?film wdt:P31 wd:Q11424 .
  OPTIONAL { ?film wdt:P577 ?date . }
  SERVICE wikibase:label { bd:serviceParam wikibase:language ""en"". }
}
ORDER BY ?date",True,,True,,0.0,0.0,0.0,0
169,medium,Show me a map of the birthplaces of artists featured in Europeana 280.,"PREFIX wd: <http://www.wikidata.org/entity/>
PREFIX wdt: <http://www.wikidata.org/prop/direct/>
PREFIX p: <http://www.wikidata.org/prop/>
PREFIX ps: <http://www.wikidata.org/prop/statement/>
PREFIX pq: <http://www.wikidata.org/prop/qualifier/>

SELECT ?artist ?artistLabel ?birthplace ?birthplaceLabel ?coordinates WHERE {
  ?artist wdt:P31 wd:Q5 .  # instance of human
  ?artist wdt:P106 wd:Q483501 .  # occupation: artist
  ?artist p:P360 ?europeanaStatement .  # has Europeana statement
  ?europeanaStatement ps:P360 wd:Q5415337 .  # Europeana 280
  ?artist wdt:P19 ?birthplace .  # place of birth
  ?birthplace wdt:P625 ?coordinates .  # coordinates
  SERVICE wikibase:label { bd:serviceParam wikibase:language ""en"". }
}",True,,True,,0.0,0.0,0.0,0
170,medium,List the people who have both a warship and a microarchitecture named after them.,"SELECT DISTINCT ?person ?personLabel WHERE {
  # Find people with a warship named after them
  ?warship wdt:P31/wdt:P279* wd:Q11446 ;  # warship class or subclass
           wdt:P138 ?person .            # named after
  # Find people with a microarchitecture named after them
  ?microarchitecture wdt:P31/wdt:P279* wd:Q106559 ;  # microarchitecture class or subclass
                     wdt:P138 ?person .              # named after
  SERVICE wikibase:label { bd:serviceParam wikibase:language ""en"". }
}",True,,True,,0.0,na,na,0
171,medium,List all types of food in English.,"SELECT DISTINCT ?foodType WHERE {
  ?foodItem wdt:P31 wd:Q2095 . # Instance of food
  ?foodItem rdfs:label ?foodType .
  FILTER(LANG(?foodType) = ""en"")
}",True,,True,,0.0027,na,0.0027,937
172,medium,List all female artists.,"SELECT ?artist ?artistLabel WHERE {
  ?artist wdt:P31 wd:Q5;        # instance of human
          wdt:P21 wd:Q6581072;  # sex or gender: female
          wdt:P106 wd:Q483501.  # occupation: artist
  SERVICE wikibase:label { bd:serviceParam wikibase:language ""en"". }
}",True,,True,,0.0013,0.0013,na,24293
173,medium,List all paintings that are classified as still life and were created by female artists.,"SELECT ?painting ?paintingLabel ?artist ?artistLabel WHERE {
  ?painting wdt:P31 wd:Q3305213.          # instance of painting
  ?painting wdt:P136 wd:Q170571.          # genre: still life
  ?painting wdt:P170 ?artist.             # creator
  ?artist wdt:P21 wd:Q6581072.            # sex or gender: female
  SERVICE wikibase:label { bd:serviceParam wikibase:language ""en"". }
}",True,,True,,0.1611,0.2023,0.0,2448
174,medium,List all articles about Wikidata instances.,"SELECT ?article WHERE {
  ?article wdt:P31 wd:Q5.
}",True,,False,result_too_large,0.0,0.0,0.0,0
175,medium,Find statements with a specific value assigned to property P1343 and retrieve their references.,"SELECT ?statement ?reference ?value WHERE {
  ?statement ?p ?value .
  FILTER(?p = wdt:P1343)
  ?statement prov:wasDerivedFrom ?reference .
}",False,,True,,0.0,0.0,0.0,0
176,medium,Show me a map of lakes and rivers in France.,"PREFIX wd: <http://www.wikidata.org/entity/>
PREFIX wdt: <http://www.wikidata.org/prop/direct/>
PREFIX wikibase: <http://wikiba.se/ontology#>
PREFIX bd: <http://www.bigdata.com/rdf#>

SELECT ?item ?itemLabel ?coord ?type WHERE {
  {
    ?item wdt:P31 wd:Q23397 ;   # instance of lake
          wdt:P17 wd:Q142 ;     # country France
          wdt:P625 ?coord .     # coordinate location
    BIND(""Lake"" AS ?type)
  }
  UNION
  {
    ?item wdt:P31 wd:Q4022 ;   # instance of river
          wdt:P17 wd:Q142 ;     
          wdt:P625 ?coord .
    BIND(""River"" AS ?type)
  }
  SERVICE wikibase:label { bd:serviceParam wikibase:language ""en"". }
}",True,,True,,0.1493,0.1628,0.1381,12596
177,medium,Find paintings of ships created by Charles Heaphy.,"SELECT ?painting ?paintingLabel WHERE {
  ?painting wdt:P31 wd:Q3305213 ;   # instance of painting
            wdt:P180 wd:Q11446 ;    # depicts ship
            wdt:P170 wd:Q5078745 .  # creator Charles Heaphy
  SERVICE wikibase:label { bd:serviceParam wikibase:language ""en"". }
}",True,,True,,0.0,0.0,0.0,0
178,medium,Show me a map of images from the Wicipics project in Wales.,"SELECT ?item ?itemLabel ?image ?coordinates WHERE {
  ?item wdt:P31 wd:Q5. # instance of human (optional, adjust as needed)
  ?item wdt:P18 ?image. # has image
  ?item wdt:P625 ?coordinates. # coordinate location
  ?item wdt:P17 wd:Q25. # country: Wales
  ?item wdt:P1343 wd:Q7997591. # described by source: Wicipics
  SERVICE wikibase:label { bd:serviceParam wikibase:language ""en"". }
}",True,,True,,0.0,0.0,0.0,0
179,medium,List all poets from the Kingdom of Great Britain with known birth and death years.,"SELECT ?poet ?poetLabel ?birthYear ?deathYear WHERE {
  ?poet wdt:P106 wd:Q49757;          # occupation: poet
        wdt:P27 wd:Q161885;          # country of citizenship: Kingdom of Great Britain
        wdt:P569 ?birth;             # date of birth
        wdt:P570 ?death.             # date of death
  BIND(YEAR(?birth) AS ?birthYear)
  BIND(YEAR(?death) AS ?deathYear)
  SERVICE wikibase:label { bd:serviceParam wikibase:language ""en"". }
}
ORDER BY ?birthYear",True,,True,,0.6153,0.9909,0.3224,776
180,medium,List all coups d'etat that occurred in the 21st century.,"SELECT ?coup ?coupLabel ?date WHERE {
  ?coup wdt:P31 wd:Q45382.
  ?coup wdt:P585 ?date.
  FILTER(YEAR(?date) >= 2001)
  SERVICE wikibase:label { bd:serviceParam wikibase:language ""en"". }
}
ORDER BY ?date",True,,True,,0.0,0.0,0.0,69
181,medium,List all Wikidata entities with multiple Electronic Enlightenment IDs.,"SELECT ?entity ?entityLabel (COUNT(?eeid) AS ?count) WHERE {
  ?entity wdt:P6030 ?eeid .
  SERVICE wikibase:label { bd:serviceParam wikibase:language ""en"". }
}
GROUP BY ?entity ?entityLabel
HAVING (COUNT(?eeid) > 1)",True,,True,,0.0002,0.0,0.5,3
182,medium,List German movie titles that imply someone or something doesn't answer.,"SELECT ?movieTitle WHERE {
  ?movie wdt:P31 wd:Q11424.          # instance of film
         wdt:P495 wd:Q183.           # country of origin: Germany
         wdt:P1476 ?movieTitle.     # original title
  FILTER(CONTAINS(LCASE(?movieTitle), ""no answer"") || 
         CONTAINS(LCASE(?movieTitle), ""unanswered"") || 
         CONTAINS(LCASE(?movieTitle), ""not answering"") || 
         CONTAINS(LCASE(?movieTitle), ""without answer"") || 
         CONTAINS(LCASE(?movieTitle), ""no response"") || 
         CONTAINS(LCASE(?movieTitle), ""unanswered call"") || 
         CONTAINS(LCASE(?movieTitle), ""no reply""))
}",False,,False,http_400,0.0,0.0,0.0,0
183,medium,List all female artists.,"SELECT ?artist WHERE {
  ?artist wdt:P106 wd:Q483501 .   # occupation: artist
  ?artist wdt:P21 wd:Q6581072 .   # sex or gender: female
}",True,,True,,0.0013,0.0013,na,24306
184,medium,List all biological taxa named after metal music bands.,"PREFIX wd: <http://www.wikidata.org/entity/>
PREFIX wdt: <http://www.wikidata.org/prop/direct/>
PREFIX wikibase: <http://wikiba.se/ontology#>
PREFIX rdfs: <http://www.w3.org/2000/01/rdf-schema#>

SELECT ?taxon ?taxonLabel ?bandLabel WHERE {
  # Define metal music genres (including subgenres)
  wd:Q38848 wdt:P279* ?genre .  # Q38848 = heavy metal
  # Find musical groups (bands) that have a metal genre
  ?band wdt:P31 wd:Q215380 ;      # Q215380 = musical group
        wdt:P136 ?genre .
  # Find taxa named after such bands
  ?taxon wdt:P31 wd:Q16521 ;      # Q16521 = taxon
         wdt:P138 ?band .
  SERVICE wikibase:label { bd:serviceParam wikibase:language ""en"". }
}",True,,True,,0.2653,0.2653,na,13
185,medium,List authors with their Project Gutenberg IDs and Electronic Enlightenment IDs.,"SELECT ?author ?gutenbergID ?eeID WHERE {
  ?author wdt:P31 wd:Q5.                    # Instance of human
  OPTIONAL { ?author wdt:P1938 ?gutenbergID. }  # Project Gutenberg ID
  OPTIONAL { ?author wdt:P4400 ?eeID. }         # Electronic Enlightenment ID
  FILTER(BOUND(?gutenbergID) || BOUND(?eeID))   # At least one ID present
}",False,,True,,0.0109,0.0223,0.0,38332
186,medium,List all artworks created by Ferdinand Bauer that do not have a 'depicts' property.,"SELECT ?artwork ?artworkLabel WHERE {
  ?artwork wdt:P170 wd:Q1363463 .
  ?artwork wdt:P31/wdt:P279* wd:Q838948 .
  FILTER NOT EXISTS { ?artwork wdt:P180 ?depicts . }
  SERVICE wikibase:label { bd:serviceParam wikibase:language ""en"". }
}",True,,True,,0.0,0.0,na,0
187,medium,List the notable people whose doctoral advisor was a University of Bristol alum.,"SELECT DISTINCT ?person ?personLabel ?advisor ?advisorLabel WHERE {
  ?person wdt:P31 wd:Q5 ;          # instance of human
          wdt:P185 ?advisor .      # doctoral advisor
  ?advisor wdt:P69 wd:Q459063 .    # advisor educated at University of Bristol
  SERVICE wikibase:label { bd:serviceParam wikibase:language ""en"". }
}
ORDER BY ?personLabel",True,,True,,0.0,0.0,na,0
188,medium,List the top software titles with their dependency counts.,"SELECT ?software ?softwareLabel (COUNT(?dependency) AS ?dependencyCount) WHERE {
  ?software wdt:P31/wdt:P279* wd:Q7397 .
  ?software wdt:P1547 ?dependency .
  SERVICE wikibase:label { bd:serviceParam wikibase:language ""en"". }
}
GROUP BY ?software ?softwareLabel
ORDER BY DESC(?dependencyCount)
LIMIT 10",False,,True,,0.2041,0.1667,0.2632,20
189,medium,List all tram bridges located in France.,"SELECT ?tramBridge ?tramBridgeLabel WHERE {
  ?tramBridge wdt:P31/wdt:P279* wd:Q152031 .  # instance/subclass of tram bridge
  ?tramBridge wdt:P17 wd:Q142 .              # country: France
  SERVICE wikibase:label { bd:serviceParam wikibase:language ""en"". }
}",True,,True,,0.0,0.0,0.0,0
190,medium,List all works with languages spoken in a specific country.,"PREFIX wd: <http://www.wikidata.org/entity/>
PREFIX wdt: <http://www.wikidata.org/prop/direct/>
PREFIX wikibase: <http://wikiba.se/ontology#>
PREFIX bd: <http://www.bigdata.com/rdf#>

SELECT ?work ?workLabel ?language ?languageLabel WHERE {
  # Replace Q142 with the QID of the desired country (e.g., Q30 for USA)
  wd:Q142 wdt:P2936 ?language .
  ?work wdt:P31/wdt:P279* wd:Q386724 ;
        wdt:P407 ?language .
  SERVICE wikibase:label { bd:serviceParam wikibase:language ""en"". }
}",False,,True,,0.0,0.0,na,20240
191,medium,"List the children of Johann Sebastian Bach with his first wife, Maria Barbara Bach.","PREFIX wd: <http://www.wikidata.org/entity/>
PREFIX wdt: <http://www.wikidata.org/prop/direct/>
PREFIX p: <http://www.wikidata.org/prop/>
PREFIX ps: <http://www.wikidata.org/prop/statement/>
PREFIX pr: <http://www.wikidata.org/prop/reference/>
PREFIX pq: <http://www.wikidata.org/prop/qualifier/>

SELECT ?child ?childLabel WHERE {
  # Johann Sebastian Bach (Q1339)
  wd:Q1339 p:P40 ?childStatement .
  ?childStatement ps:P40 ?child .
  # Maria Barbara Bach (Q77299) as mother
  ?childStatement pq:P25 wd:Q77299 .
  SERVICE wikibase:label { bd:serviceParam wikibase:language ""en"". }
}",True,,True,,0.0,0.0,na,0
192,medium,List all lexemes that describe a color.,"SELECT ?lexeme WHERE {
  ?lexeme dct:language wd:Q1860 ;  # English
          wikibase:lexicalCategory wd:Q34698 .  # adjective
  ?lexeme wdt:P31 wd:Q1075 .  # instance of color
}",True,,True,,0.0,na,0.0,0
193,medium,List all individuals buried in Pere-Lachaise cemetery who were born in a Ukrainian city.,"SELECT ?individual ?individualLabel ?birthplace ?birthplaceLabel WHERE {
  # Individual buried in Père Lachaise cemetery
  ?individual wdt:P119 wd:Q311.
  # Individual born in a city located in Ukraine
  ?individual wdt:P19 ?birthplace.
  ?birthplace wdt:P17 wd:Q212.
  # Ensure the birthplace is a city (optional but typical)
  ?birthplace wdt:P31 wd:Q515.
  SERVICE wikibase:label { bd:serviceParam wikibase:language ""en"". }
}",True,,True,,0.0,0.0,0.0,0
194,medium,List all films shot in Austria.,"SELECT ?film ?filmLabel WHERE {
  ?film wdt:P31 wd:Q11424.                # Instance of film
  ?film wdt:P915 ?location.               # Filming location
  ?location wdt:P17 wd:Q40.               # Country is Austria
  SERVICE wikibase:label { bd:serviceParam wikibase:language ""en"". }
}",True,,True,,0.5824,0.799,0.0,159
195,medium,List all entities that have received the Commander of the Legion of Honour award without any references.,"SELECT ?entity WHERE {
  ?entity wdt:P166 wd:Q1255252 . # received Commander of the Legion of Honour
  FILTER NOT EXISTS { ?entity p:P166 ?statement . ?statement prov:wasDerivedFrom ?reference . }
}",True,,True,,0.0,0.0,na,0
196,medium,"List the Jameel items in Ashmolean Museum with their URLs, ordered by the number of statements.","SELECT ?item ?itemLabel ?url (COUNT(?statement) AS ?statementCount) WHERE {
  ?item wdt:P195 wd:Q636400.  # Ashmolean Museum
  ?item wdt:P361 wd:Q6129347. # Jameel items
  ?item wdt:P973 ?url.        # described at URL
  ?item ?p ?statement .       # count all statements
  SERVICE wikibase:label { bd:serviceParam wikibase:language ""en"". }
}
GROUP BY ?item ?itemLabel ?url
ORDER BY DESC(?statementCount)",True,,True,,0.0,na,na,0
197,medium,List all album covers that show a specific location.,"SELECT ?albumCover ?location WHERE {
  ?albumCover wdt:P31 wd:Q3305213 .  # instance of album cover
  ?albumCover wdt:P180 ?location .    # depicts some location
  ?location wdt:P31 wd:Q17334923 .    # location is a specific location (e.g., geographical feature, place)
}",True,,True,,0.0,0.0,0.0,3
198,medium,Find locations that have something named after them.,"SELECT ?location ?locationLabel ?namedAfter ?namedAfterLabel WHERE {
  ?namedAfter wdt:P138 ?location .
  SERVICE wikibase:label { bd:serviceParam wikibase:language ""en"". }
}",False,,False,result_too_large,0.0,0.0,0.0,0
199,medium,Show a bubble chart of occupations held by people affiliated with the University of Clermont.,"SELECT ?occupation ?occupationLabel (COUNT(?person) AS ?count) WHERE {
  ?person wdt:P69 wd:Q1231381.  # educated at University of Clermont
  ?person wdt:P106 ?occupation.  # occupation
  SERVICE wikibase:label { bd:serviceParam wikibase:language ""en"". }
}
GROUP BY ?occupation ?occupationLabel
ORDER BY DESC(?count)",True,,True,,0.0,na,0.0,0
200,medium,Show me a list of nuclear weapons tests with their coordinates.,"SELECT ?test ?testLabel ?coordinates WHERE {
  ?test wdt:P31 wd:Q188199. # instance of nuclear weapons test
  ?test wdt:P625 ?coordinates. # coordinate location
  SERVICE wikibase:label { bd:serviceParam wikibase:language ""en"". }
}",True,,True,,0.0,0.0,0.0,0
201,medium,List the number of UK parliament seats where members switched to other seats each year from 1830 to 1910.,"PREFIX wd: <http://www.wikidata.org/entity/>
PREFIX wdt: <http://www.wikidata.org/prop/direct/>
PREFIX p: <http://www.wikidata.org/prop/>
PREFIX ps: <http://www.wikidata.org/prop/statement/>
PREFIX pq: <http://www.wikidata.org/prop/qualifier/>
PREFIX xsd: <http://www.w3.org/2001/XMLSchema#>

SELECT ?year (COALESCE(?count, 0) AS ?seat_count)
WHERE {
  # Generate years from 1830 to 1910
  {
    SELECT ?year WHERE {
      VALUES ?offset {
        0 1 2 3 4 5 6 7 8 9 10 11 12 13 14 15 16 17 18 19
        20 21 22 23 24 25 26 27 28 29 30 31 32 33 34 35 36 37 38 39
        40 41 42 43 44 45 46 47 48 49 50 51 52 53 54 55 56 57 58 59
        60 61 62 63 64 65 66 67 68 69 70 71 72 73 74 75 76 77 78 79 80
      }
      BIND(1830 + ?offset AS ?year)
    }
  }
  OPTIONAL {
    # Count distinct seats that lost an MP to another seat in each year
    SELECT ?year (COUNT(DISTINCT ?oldSeat) AS ?count) WHERE {
      # For each MP with at least two terms in different seats
      ?person p:P39 ?stmt1, ?stmt2 .
      ?stmt1 ps:P39 wd:Q16707842 ; pq:P768 ?oldSeat ; pq:P580 ?start1 ; pq:P582 ?end1 .
      ?stmt2 ps:P39 wd:Q16707842 ; pq:P768 ?newSeat ; pq:P580 ?start2 .
      FILTER(?newSeat != ?oldSeat)
      FILTER(?start2 >= ?end1)
      # Ensure no other term for the same person starts between the two
      FILTER NOT EXISTS {
        ?person p:P39 ?stmt3 .
        ?stmt3 ps:P39 wd:Q16707842 ; pq:P580 ?start3 .
        FILTER(?start3 > ?end1 && ?start3 < ?start2)
      }
      # Filter to the desired year range
      FILTER(YEAR(?start2) >= 1830 && YEAR(?start2) <= 1910)
      BIND(YEAR(?start2) AS ?year)
    }
    GROUP BY ?year
  }
}
ORDER BY ?year",True,,True,,0.0092,na,0.0092,82
202,medium,List the paintings in the Louvre's Paintings Department created by female artists.,"SELECT ?painting ?paintingLabel ?artist ?artistLabel WHERE {
  ?painting wdt:P31 wd:Q3305213 .          # instance of painting
  ?painting wdt:P195 wd:Q3334917 .         # collection: Louvre Paintings Department
  ?painting wdt:P170 ?artist .             # creator
  ?artist wdt:P21 wd:Q6581072 .            # sex or gender: female
  SERVICE wikibase:label { bd:serviceParam wikibase:language ""en"". }
}",True,,True,,0.0,0.0,na,0
203,medium,Find the GADM ID of a specific administrative area and get its corresponding GBIF dataset link.,"SELECT ?gadmId ?gbifDataset WHERE {
  wd:Q123456 wdt:P2979 ?gadmId.  # Replace Q123456 with the specific administrative area's Wikidata ID
  SERVICE <https://query.wikidata.org/sparql> {
    ?gbifDataset wdt:P1942 ?gadmId.
  }
}",True,,True,,0.0,0.0,0.0,0
204,medium,What is the maximum population of cities in each country?,"SELECT ?country ?countryLabel (MAX(?population) AS ?maxPopulation) WHERE {
  ?city wdt:P31 wd:Q515;          # instance of city
        wdt:P17 ?country;         # country
        wdt:P1082 ?population.    # population
  SERVICE wikibase:label { bd:serviceParam wikibase:language ""en"". }
}
GROUP BY ?country ?countryLabel
ORDER BY DESC(?maxPopulation)",True,,True,,0.6494,0.8271,0.486,468
205,medium,List all the birthplaces of Liverpool football players on a map.,"PREFIX wd: <http://www.wikidata.org/entity/>
PREFIX wdt: <http://www.wikidata.org/prop/direct/>
PREFIX p: <http://www.wikidata.org/prop/>
PREFIX ps: <http://www.wikidata.org/prop/statement/>
PREFIX pq: <http://www.wikidata.org/prop/qualifier/>
PREFIX rdfs: <http://www.w3.org/2000/01/rdf-schema#>

SELECT ?player ?playerLabel ?birthplace ?birthplaceLabel ?coordinates WHERE {
  # Find all players who have played for Liverpool FC
  ?player wdt:P54 wd:Q1130848.  # Liverpool FC (Q1130848)
  
  # Get the player's label
  ?player rdfs:label ?playerLabel.
  FILTER(LANG(?playerLabel) = ""en"")
  
  # Get the birthplace of the player
  ?player wdt:P19 ?birthplace.
  
  # Get the birthplace label
  ?birthplace rdfs:label ?birthplaceLabel.
  FILTER(LANG(?birthplaceLabel) = ""en"")
  
  # Get the coordinates of the birthplace
  ?birthplace wdt:P625 ?coordinates.
}",True,,True,,0.0,0.0,0.0,0
206,medium,Show me a list of parliament buildings from each country with their corresponding images.,"PREFIX wd: <http://www.wikidata.org/entity/>
PREFIX wdt: <http://www.wikidata.org/prop/direct/>
PREFIX wikibase: <http://wikiba.se/ontology#>
PREFIX bd: <http://www.bdhnodes.org/>

SELECT ?building ?buildingLabel ?country ?countryLabel ?image
WHERE {
  ?building wdt:P31 wd:Q391768 ;
            wdt:P17 ?country ;
            wdt:P18 ?image .
  SERVICE wikibase:label { bd:serviceParam wikibase:language ""en"". }
}
ORDER BY ?countryLabel ?buildingLabel",False,,True,,0.0,0.0,0.0,0
207,medium,"List the children of Johann Sebastian Bach with his first wife, Maria Barbara Bach.","PREFIX wd: <http://www.wikidata.org/entity/>
PREFIX wdt: <http://www.wikidata.org/prop/direct/>
PREFIX p: <http://www.wikidata.org/prop/>
PREFIX ps: <http://www.wikidata.org/prop/statement/>
PREFIX pr: <http://www.wikidata.org/prop/reference/>
PREFIX pq: <http://www.wikidata.org/prop/qualifier/>

SELECT ?child ?childLabel WHERE {
  wd:Q1339 p:P40 ?childStatement .
  ?childStatement ps:P40 ?child .
  ?childStatement pq:P26 wd:Q57328 .
  SERVICE wikibase:label { bd:serviceParam wikibase:language ""en"". }
}",False,,True,,0.0,0.0,na,0
208,medium,List scientists who died by burning.,"SELECT DISTINCT ?item ?itemLabel WHERE {
  ?item wdt:P31 wd:Q5.                          # human
  ?item wdt:P106/wdt:P279* wd:Q901.             # occupation is or subclass of scientist
  ?item wdt:P509/wdt:P279* wd:Q207640.          # cause of death is or subclass of death by burning
  SERVICE wikibase:label { bd:serviceParam wikibase:language ""en"". }
}
ORDER BY ?itemLabel",True,,True,,0.0,0.0,0.0,0
209,medium,List the institutions where UNR faculty members earned their degrees.,"SELECT DISTINCT ?institution ?institutionLabel WHERE {
  ?person wdt:P108 wd:Q1185589 .   # UNR faculty members (employer = University of Nevada, Reno)
  ?person wdt:P69 ?institution .    # educated at (institution where degree earned)
  SERVICE wikibase:label { bd:serviceParam wikibase:language ""[AUTO_LANGUAGE],en"". }
}",True,,True,,0.0,0.0,na,0
210,medium,"List all places in Ghana with names ending in 'li', 'ti', or 'om'.","PREFIX wd: <http://www.wikidata.org/entity/>
PREFIX wdt: <http://www.wikidata.org/prop/direct/>
PREFIX wikibase: <http://wikiba.se/ontology#>
PREFIX bd: <http://www.bigdata.com/rdf#>

SELECT ?placeLabel WHERE {
  ?place wdt:P17 wd:Q117.                # country Ghana
  ?place wdt:P31/wdt:P279* wd:Q486972 .  # populated place or subclass
  SERVICE wikibase:label { bd:serviceParam wikibase:language ""en"". }
  FILTER(
    STRENDS(LCASE(?placeLabel), ""li"") ||
    STRENDS(LCASE(?placeLabel), ""ti"") ||
    STRENDS(LCASE(?placeLabel), ""om"")
  )
}",True,,True,,0.0,0.0,0.0,0
211,medium,Find people who have been infected with COVID-19.,"SELECT ?person ?personLabel WHERE {
  ?person wdt:P31 wd:Q5.
  ?person wdt:P1050 wd:Q84263196.
  SERVICE wikibase:label { bd:serviceParam wikibase:language ""en"". }
}
LIMIT 100",True,,True,,0.024,0.0338,0.0,100
212,medium,List all French National Assembly members born outside of France.,"SELECT ?person ?personLabel ?placeOfBirth ?placeOfBirthLabel WHERE {
  ?person wdt:P39 wd:Q16707842 .           # member of the French National Assembly
  ?person wdt:P19 ?placeOfBirth .          # has place of birth
  FILTER NOT EXISTS { ?placeOfBirth wdt:P17 wd:Q142 }  # place of birth is not in France
  SERVICE wikibase:label { bd:serviceParam wikibase:language ""en"". }
}
ORDER BY ?personLabel",True,,True,,0.0,0.0,0.0,20
213,medium,List all the suffragettes around the world along with their birthplaces and coordinates.,"SELECT ?person ?personLabel ?birthplace ?birthplaceLabel ?coords
WHERE {
  ?person wdt:P106 wd:Q133500 .   # occupation: suffragette
  ?person wdt:P19 ?birthplace .   # place of birth
  ?birthplace wdt:P625 ?coords .  # coordinates of birthplace
  SERVICE wikibase:label { bd:serviceParam wikibase:language ""en"". }
}",False,,True,,0.0,0.0,0.0,0
214,medium,List the top 10 botanists who have authored the most taxons.,"PREFIX wd: <http://www.wikidata.org/entity/>
PREFIX wdt: <http://www.wikidata.org/prop/direct/>
PREFIX wikibase: <http://wikiba.se/ontology#>
PREFIX bd: <http://www.bigdata.com/rdf#>

SELECT ?botanist ?botanistLabel (COUNT(?taxon) AS ?taxonCount) WHERE {
  ?taxon wdt:P31 wd:Q16521 .
  ?taxon wdt:P31 wd:Q17535984 .
  ?taxon wdt:P225 ?taxonName .
  ?taxon wdt:P1403 ?botanist .
  ?botanist wdt:P106 wd:Q2374149 .
  SERVICE wikibase:label { bd:serviceParam wikibase:language ""en"". }
}
GROUP BY ?botanist ?botanistLabel
ORDER BY DESC(?taxonCount)
LIMIT 10",True,,True,,0.0,0.0,0.0,0
215,medium,List the years when pride parades started.,"SELECT ?year WHERE {
  ?item wdt:P31 wd:Q12076836.  # instance of pride parade
  ?item wdt:P580 ?startTime.   # start time
  BIND(YEAR(?startTime) AS ?year)
}
ORDER BY ?year",True,,True,,0.0,0.0,0.0,0
216,medium,What are the key initiatives promoting open access to research in Japan?,"SELECT ?initiative ?initiativeLabel WHERE {
  ?initiative wdt:P31 wd:Q46952 .  # Instance of initiative
  ?initiative wdt:P17 wd:Q17 .     # Country: Japan
  ?initiative wdt:P921 wd:Q158418 . # Main subject: open access
  SERVICE wikibase:label { bd:serviceParam wikibase:language ""en"". }
}",True,,True,,0.0,0.0,0.0,0
217,medium,List museums named after a specific person or thing.,"SELECT ?museum ?museumLabel ?namedAfter ?namedAfterLabel WHERE {
  ?museum wdt:P31 wd:Q33506 .          # instance of museum
  ?museum wdt:P138 ?namedAfter .       # named after something
  SERVICE wikibase:label { bd:serviceParam wikibase:language ""en"". }
}
LIMIT 100",True,,True,,0.024,0.024,na,192
218,medium,List all movie titles that contain the word 'it'.,"SELECT ?movieTitle WHERE {
  ?movie wdt:P31 wd:Q11424.    # Instance of (P31) film (Q11424)
  ?movie rdfs:label ?movieTitle.
  FILTER(CONTAINS(LCASE(?movieTitle), ""it""))
}",True,,True,,0.0081,0.0,0.0081,45900
219,medium,List all the songs composed by Charlie Parker.,"SELECT ?song ?songLabel WHERE {
  ?song wdt:P86 wd:Q103569. # composer Charlie Parker
  { ?song wdt:P31 wd:Q7366 } UNION { ?song wdt:P31 wd:Q207628 } # instance of song or musical work
  SERVICE wikibase:label { bd:serviceParam wikibase:language ""en"". }
}
ORDER BY ?songLabel",True,,True,,0.0,0.0,0.0,0
220,medium,"List all books written by Arthur Conan Doyle, including their titles, illustrators, publishers, and publication dates if available.","PREFIX wd: <http://www.wikidata.org/entity/>
PREFIX wdt: <http://www.wikidata.org/prop/direct/>
PREFIX wikibase: <http://wikiba.se/ontology#>

SELECT ?bookLabel ?illustratorLabel ?publisherLabel ?publicationDate WHERE {
  ?book wdt:P50 wd:Q35610.
  ?book wdt:P31/wdt:P279* wd:Q571.
  OPTIONAL { ?book wdt:P1104 ?illustrator. }
  OPTIONAL { ?book wdt:P123 ?publisher. }
  OPTIONAL { ?book wdt:P577 ?publicationDate. }
  SERVICE wikibase:label { bd:serviceParam wikibase:language ""en"". }
}
ORDER BY ?publicationDate",True,,True,,0.0,0.0,0.0,0
221,medium,List bodies of water with the most rivers flowing into them.,"SELECT ?bodyOfWater ?bodyOfWaterLabel (COUNT(DISTINCT ?river) AS ?riverCount) WHERE {
  ?river wdt:P31/wdt:P279* wd:Q4022.  # Instance or subclass of river
  ?river wdt:P974 ?bodyOfWater.       # Flows into
  SERVICE wikibase:label { bd:serviceParam wikibase:language ""en"". }
}
GROUP BY ?bodyOfWater ?bodyOfWaterLabel
ORDER BY DESC(?riverCount)
LIMIT 10",True,,True,,0.0,0.0,0.0,13
222,medium,List all the paintings in the Suter Art Gallery.,"SELECT ?painting ?paintingLabel WHERE {
  ?painting wdt:P31 wd:Q3305213 ;
            wdt:P195 wd:Q7641850 .
  SERVICE wikibase:label { bd:serviceParam wikibase:language ""en"". }
}",True,,True,,0.0,0.0,0.0,0
223,medium,List all Indian districts that share a border with another district.,"SELECT DISTINCT ?district ?districtLabel WHERE {
  ?district wdt:P31 wd:Q1149652 ;   # instance of district
            wdt:P17 wd:Q668 ;        # country India
            wdt:P47 ?neighbor .      # shares border with
  ?neighbor wdt:P31 wd:Q1149652 .    # neighbor is also a district
  SERVICE wikibase:label { bd:serviceParam wikibase:language ""en"". }
}",True,,True,,0.9575,0.9575,na,653
224,medium,List the inventors who died as a result of their own creations.,"SELECT DISTINCT ?person ?personLabel ?invention ?inventionLabel WHERE {
  ?person wdt:P106 wd:Q131829.        # occupation: inventor
  ?person wdt:P157 ?invention.        # killed by something
  ?invention wdt:P61 ?person.         # that something was invented by the person
  SERVICE wikibase:label { bd:serviceParam wikibase:language ""en"". }
}",True,,True,,0.0,0.0,na,0
225,medium,Find war memorials with their geographical coordinates.,"SELECT ?memorial ?memorialLabel ?coord WHERE {
  ?memorial wdt:P31 wd:Q575759 .  # instance of war memorial
  ?memorial wdt:P625 ?coord .     # coordinate location
  SERVICE wikibase:label { bd:serviceParam wikibase:language ""en"". }
}",True,,True,,0.9044,0.9252,0.8845,69240
226,medium,List items that have Toki Pona as a language of work or name.,"SELECT ?item ?itemLabel WHERE {
  ?item wdt:P407 wd:Q36846.
  SERVICE wikibase:label { bd:serviceParam wikibase:language ""en"". }
}",True,,True,,0.0782,0.0856,0.0,191
227,medium,List the number of musical compositions on Wikidata by language in descending order.,"SELECT ?language (COUNT(?composition) AS ?count) WHERE {
  ?composition wdt:P31 wd:Q207628 . # instance of musical composition
  ?composition wdt:P407 ?language . # language of work
}
GROUP BY ?language
ORDER BY DESC(?count)",True,,True,,0.0186,0.0116,0.0471,8
228,medium,How many musicians are there in each country according to Wikidata?,"SELECT ?countryLabel (COUNT(DISTINCT ?person) AS ?count) WHERE {
  ?person wdt:P106 wd:Q639669 ;   # occupation: musician
          wdt:P27 ?country .      # country of citizenship
  SERVICE wikibase:label { bd:serviceParam wikibase:language ""en"". }
}
GROUP BY ?countryLabel
ORDER BY DESC(?count)",False,,True,,0.0,na,0.0,1
229,medium,List the influential people born between 1590 and 1750 who were influenced by other humans.,"PREFIX wd: <http://www.wikidata.org/entity/>
PREFIX wdt: <http://www.wikidata.org/prop/direct/>
PREFIX wikibase: <http://wikiba.se/ontology#>
PREFIX bd: <http://www.bigdata.com/rdf#>

SELECT DISTINCT ?person ?personLabel ?birthDate WHERE {
  ?person wdt:P31 wd:Q5 .                # instance of human
  ?person wdt:P569 ?birthDate .          # date of birth
  FILTER((?birthDate >= ""1590-01-01T00:00:00Z""^^xsd:dateTime) && 
         (?birthDate <= ""1750-12-31T23:59:59Z""^^xsd:dateTime))
  ?person wdt:P737 ?influencedBy .       # influenced by
  ?influencedBy wdt:P31 wd:Q5 .          # influenced by a human
  SERVICE wikibase:label { bd:serviceParam wikibase:language ""en"". }
}
ORDER BY ?birthDate",True,,True,,0.0,0.0,0.0,651
230,medium,How many items are not linked to any statements?,"SELECT (COUNT(?item) AS ?count) WHERE {
  ?item a wikibase:Item .
  MINUS {
    ?item ?p ?o .
    FILTER( STRSTARTS(STR(?p), ""http://www.wikidata.org/prop/"") )
  }
}",True,,False,timeout,0.0,0.0,0.0,0
231,medium,What nationalities are represented among authors who have published papers related to Australian fauna?,"SELECT DISTINCT ?nationalityLabel WHERE {
  ?paper wdt:P31 wd:Q13442814.          # scientific article
  ?paper wdt:P921 wd:Q4450755.          # main subject: fauna of Australia
  ?paper wdt:P50 ?author.               # author
  ?author wdt:P27 ?nationality.         # country of citizenship
  SERVICE wikibase:label { bd:serviceParam wikibase:language ""en"". }
}",True,,True,,0.0,0.0,0.0,0
232,medium,List all the collections that have photos taken by Carleton Watkins.,"SELECT ?collection ?collectionLabel WHERE {
  ?photo wdt:P31 wd:Q3305213 . # instance of photograph
  ?photo wdt:P170 wd:Q504132 . # creator = Carleton Watkins
  ?photo wdt:P1433 ?collection . # collection
  SERVICE wikibase:label { bd:serviceParam wikibase:language ""en"". }
}",True,,True,,0.0,0.0,na,0
233,medium,Find the coordinates of places where people named Antoine were born.,"PREFIX wd: <http://www.wikidata.org/entity/>
PREFIX wdt: <http://www.wikidata.org/prop/direct/>
PREFIX rdfs: <http://www.w3.org/2000/01/rdf-schema#>

SELECT DISTINCT ?coords WHERE {
  ?person wdt:P735 [ rdfs:label ""Antoine""@en ] .
  ?person wdt:P19 ?place .
  ?place wdt:P625 ?coords .
}",True,,True,,0.3199,0.0,1.0,1590
234,medium,List the birthplaces of famous art historians.,"PREFIX wd: <http://www.wikidata.org/entity/>
PREFIX wdt: <http://www.wikidata.org/prop/direct/>
PREFIX wikibase: <http://wikiba.se/ontology#>
PREFIX bd: <http://www.bigdata.com/rdf#>

SELECT ?artHistorian ?artHistorianLabel ?birthplace ?birthplaceLabel WHERE {
  ?artHistorian wdt:P106 wd:Q193977 . # occupation: art historian
  ?artHistorian wdt:P19 ?birthplace . # place of birth
  SERVICE wikibase:label { bd:serviceParam wikibase:language ""en"". }
}
ORDER BY ?artHistorianLabel",True,,True,,0.0,0.0,0.0,2
235,medium,List all items with official names containing a slash.,"SELECT ?item ?officialName WHERE {
  ?item wdt:P1448 ?officialName .
  FILTER(CONTAINS(?officialName, ""/""))
}",False,,True,,0.0141,0.0151,0.0133,11453
236,medium,List mathematicians who have siblings that are actors or musicians.,"SELECT ?mathematician ?mathematicianLabel ?sibling ?siblingLabel ?siblingOccupations WHERE {
  # Mathematicians
  ?mathematician wdt:P106 wd:Q170790.  # occupation mathematician
  ?mathematician wdt:P3373 ?sibling.   # has sibling
  
  # Process the sibling's occupation
  ?sibling wdt:P106 ?occupation.
  VALUES ?occupation { wd:Q33999 wd:Q639669 }  # actor or musician
  
  SERVICE wikibase:label { bd:serviceParam wikibase:language ""en"". }
}
GROUP BY ?mathematician ?mathematicianLabel ?sibling ?siblingLabel ?siblingOccupations",True,,True,,0.6056,0.8776,0.0,45
237,medium,List the women who have received awards from Women in Technology International.,"SELECT ?woman ?womanLabel WHERE {
  ?woman wdt:P31 wdt:Q5.
  ?woman wdt:P21 wd:Q6581072.
  ?woman wdt:P166 ?award.
  ?award wdt:P31 wd:Q618779.
  ?award wdt:P17 wd:Q30.
  SERVICE wikibase:label { bd:serviceParam wikibase:language ""en"". }
}",True,,True,,0.0,na,na,0
238,medium,List the actors who have worked with Shah Rukh Khan in multiple films.,"PREFIX wd: <http://www.wikidata.org/entity/>
PREFIX wdt: <http://www.wikidata.org/prop/direct/>
PREFIX wikibase: <http://wikiba.se/ontology#>
PREFIX bd: <http://www.bigdata.com/rdf#>

SELECT ?actor ?actorLabel (COUNT(DISTINCT ?film) AS ?filmCount) WHERE {
  ?film wdt:P31 wd:Q11424 ;          # film instance
        wdt:P161 wd:Q38194 .         # cast includes Shah Rukh Khan
  ?film wdt:P161 ?actor .            # also cast includes actor
  FILTER(?actor != wd:Q38194)        # exclude Shah Rukh Khan himself
  SERVICE wikibase:label { bd:serviceParam wikibase:language ""en"". }
}
GROUP BY ?actor ?actorLabel
HAVING (COUNT(DISTINCT ?film) >= 2)
ORDER BY DESC(?filmCount)",True,,True,,0.0,na,0.0,0
239,medium,List all 355 municipalities in the Netherlands along with their geo coordinates and provinces.,"SELECT ?municipality ?municipalityLabel ?coordinates ?province ?provinceLabel
WHERE {
  ?municipality wdt:P31 wd:Q493522 ;  # instance of municipality
                wdt:P17 wd:Q55 ;      # country Netherlands
                wdt:P625 ?coordinates ; # geo coordinates
                wdt:P131 ?province .   # located in province
  SERVICE wikibase:label { bd:serviceParam wikibase:language ""nl,en"". }
}
ORDER BY ?municipalityLabel",True,,True,,0.0,0.0,0.0,0
240,medium,What language do the labels of Q137 and Q12518 have in common?,"SELECT ?language WHERE {
  wd:Q137 rdfs:label ?label1.
  wd:Q12518 rdfs:label ?label2.
  BIND(LANG(?label1) AS ?language)
  FILTER(LANG(?label1) = LANG(?label2))
}
LIMIT 1",True,,True,,0.0,na,0.0,1
241,medium,What are the UK parliamentary constituencies that share a border with each other?,"SELECT ?constituency1 ?constituency1Label ?constituency2 ?constituency2Label WHERE {
  ?constituency1 wdt:P31 wd:Q32024 .  # instance of UK parliamentary constituency
  ?constituency1 wdt:P47 ?constituency2 .  # shares border with
  ?constituency2 wdt:P31 wd:Q32024 .  # also a UK parliamentary constituency
  FILTER (STR(?constituency1) < STR(?constituency2))  # avoid duplicates and self-pairs
  SERVICE wikibase:label { bd:serviceParam wikibase:language ""en"". }
}",True,,True,,0.0,na,na,0
242,medium,List all groups of fictional characters from the Marvel universe.,"SELECT ?group ?groupLabel WHERE {
  ?group wdt:P31 wd:Q14678600.  # instance of (P31) group of fictional characters (Q14678600)
  ?group wdt:P1080 wd:Q931597.  # from (P1080) Marvel universe (Q931597)
  SERVICE wikibase:label { bd:serviceParam wikibase:language ""en"". }
}",True,,True,,0.0,na,na,0
243,medium,Show me the locations of libraries in India on a map.,"SELECT ?library ?libraryLabel ?coord WHERE {
  ?library wdt:P31 wd:Q7075 ;   # instance of library
           wdt:P17 wd:Q668 .     # country India
  OPTIONAL { ?library wdt:P625 ?coord . }
  SERVICE wikibase:label { bd:serviceParam wikibase:language ""en"" . }
}
LIMIT 1000",True,,True,,1.0,1.0,1.0,125
244,medium,Show me the tram lines in Vienna.,"SELECT ?tramLine WHERE {
  ?tramLine wdt:P31 wd:Q3400988.   # instance of (P31) = tram line (Q3400988)
  ?tramLine wdt:P131 wd:Q1741.     # located in the administrative territorial entity (P131) = Vienna (Q1741)
}",True,,True,,0.0,0.0,0.0,0
245,medium,List Mexican writers born between 1800 and 1900.,"SELECT ?writer ?writerLabel ?birthDate WHERE {
  ?writer wdt:P106 wd:Q36180.          # occupation: writer
  ?writer wdt:P27 wd:Q96.             # country of citizenship: Mexico
  ?writer wdt:P569 ?birthDate.         # date of birth
  FILTER(YEAR(?birthDate) >= 1800 && YEAR(?birthDate) <= 1900)
  SERVICE wikibase:label { bd:serviceParam wikibase:language ""en"". }
}
ORDER BY ?birthDate",True,,True,,0.0,0.0,0.0,1038
246,medium,"List all National Film Award winners from the 1990s, organized by award category.","SELECT ?categoryLabel ?winnerLabel ?year WHERE {
  # Find instances of National Film Award categories
  ?category wdt:P31 wd:Q1551365 .          # National Film Award (India)
  ?category wdt:P279* wd:Q1551365 .        # subclass of National Film Award
  ?winner wdt:P166 ?category .              # winner received the category
  ?winner p:P166 ?awardStatement .
  ?awardStatement ps:P166 ?category .
  ?awardStatement pq:P585 ?date .           # point in time for award
  BIND(YEAR(?date) AS ?year)
  # Filter for 1990s (years 1990-1999 inclusive)
  FILTER(?year >= 1990 && ?year <= 1999)
  SERVICE wikibase:label { bd:serviceParam wikibase:language ""en"". }
}
ORDER BY ?categoryLabel ?year",True,,True,,0.0,0.0,na,0
247,medium,Find hills in the UK with horse figures drawn on them.,"SELECT ?hill ?hillLabel WHERE {
  # Hills in the UK
  ?hill wdt:P31 wd:Q54050;          # instance of hill
        wdt:P17 wd:Q145.            # country: United Kingdom
  
  # Horse figures drawn on them
  ?hill wdt:P180 wd:Q726.           # depicts horse
  
  SERVICE wikibase:label { bd:serviceParam wikibase:language ""en"". }
}",True,,True,,0.0,0.0,0.0,0
248,medium,List Tex-Mex singers who are also musicians.,"SELECT ?singer ?singerLabel WHERE {
  ?singer wdt:P106 wd:Q177220.   # occupation: singer
  ?singer wdt:P136 wd:Q7824162.  # genre: Tex-Mex music
  SERVICE wikibase:label { bd:serviceParam wikibase:language ""en"". }
}",True,,True,,0.0,0.0,na,0
249,medium,List all athletes born in a specific location who play for Real Sociedad.,"SELECT ?athlete ?athleteLabel WHERE {
  ?athlete wdt:P106 wd:Q2066131;   # instance of athlete
           wdt:P19 wd:Q90;          # born in Paris (example location, change as needed)
           wdt:P54 wd:Q10310.       # plays for Real Sociedad
  SERVICE wikibase:label { bd:serviceParam wikibase:language ""[AUTO_LANGUAGE],en"". }
}",True,,True,,0.0,0.0,0.0,0
250,medium,List all individuals born on a river.,"SELECT ?individual ?individualLabel ?riverLabel WHERE {
  ?individual wdt:P19 ?river .
  ?river wdt:P31 wd:Q4022 .
  SERVICE wikibase:label { bd:serviceParam wikibase:language ""en"". }
}",True,,True,,0.5486,0.5486,na,344
251,medium,Find the locations of boundary stones near Radibor.,"SELECT ?location ?locationLabel WHERE {
  wd:Q573101 wdt:P625 ?radiborLoc.
  ?location wdt:P31 wd:Q820477.
  ?location wdt:P625 ?loc.
  SERVICE wikibase:around {
    ?location wdt:P625 ?loc.
    wd:Q573101 wdt:P625 ?radiborLoc.
    bd:serviceParam wikibase:center ?radiborLoc.
    bd:serviceParam wikibase:radius ""10"".
  }
  SERVICE wikibase:label { bd:serviceParam wikibase:language ""en"". }
}",True,,False,http_500,0.0,0.0,0.0,0
252,medium,List all paintings by Rembrandt in the Louvre or Rijksmuseum.,"SELECT DISTINCT ?item ?itemLabel WHERE {
  ?item wdt:P31/wdt:P279* wd:Q3305213 .  # instance or subclass of painting
  ?item wdt:P170 wd:Q5598 .              # creator is Rembrandt
  ?item wdt:P276 ?location .             # current location
  FILTER(?location IN (wd:Q19675, wd:Q190804))  # Louvre or Rijksmuseum
  SERVICE wikibase:label { bd:serviceParam wikibase:language ""en"". }
}",True,,True,,0.2432,0.4737,0.0,29
253,medium,Show a map of countries by the year they joined the United Nations.,"SELECT ?country ?countryLabel ?year ?coord WHERE {
  ?country wdt:P31 wd:Q6256.                     # instance of country
  ?country p:P463 ?memberStmt.                   # statement for member of
  ?memberStmt ps:P463 wd:Q1065.                  # value: United Nations
  ?memberStmt pq:P580 ?joinDate.                 # qualifier: start time
  BIND(YEAR(?joinDate) AS ?year)
  ?country wdt:P625 ?coord.                      # coordinate location
  SERVICE wikibase:label { bd:serviceParam wikibase:language ""en"". }
}
ORDER BY ?year",True,,True,,0.0,0.0,0.0,427
254,medium,What jobs did UK Prime Ministers have before becoming politicians?,"SELECT DISTINCT ?person ?personLabel ?occupation ?occupationLabel WHERE {
  ?person wdt:P39 wd:Q14211.          # position held: Prime Minister of the United Kingdom
  ?person wdt:P106 ?occupation.       # occupation
  FILTER NOT EXISTS { ?occupation wdt:P279* wd:Q82955 }  # exclude political occupations
  SERVICE wikibase:label { bd:serviceParam wikibase:language ""en"". }
}
ORDER BY ?personLabel",True,,True,,0.0241,0.0247,0.0,75
255,medium,What are the laws in Indonesia that apply to indigenous people?,"SELECT ?law ?lawLabel WHERE {
  # Laws that apply to indigenous people in Indonesia
  ?law wdt:P31 wd:Q7748.                    # Instance of law
  ?law wdt:P1001 wd:Q252.                   # Applies to jurisdiction: Indonesia
  ?law wdt:P1269 ?aspect.                   # Facet of / applies to aspect
  ?aspect wdt:P31 wd:Q103817.               # Instance of indigenous people
  SERVICE wikibase:label { bd:serviceParam wikibase:language ""en"". }
}",True,,True,,0.0,0.0,0.0,0
256,medium,List all the authors who have received a Nobel Prize and cited Egon Willighagen's work.,"PREFIX wd: <http://www.wikidata.org/entity/>
PREFIX wdt: <http://www.wikidata.org/prop/direct/>
PREFIX wikibase: <http://wikiba.se/ontology#>
PREFIX bd: <http://www.bigdata.com/rdf#>

SELECT DISTINCT ?author ?authorLabel WHERE {
  # Find Egon Willighagen
  wd:Q53449 wdt:P31 wd:Q5 . # Assuming Q53449 is Egon Willighagen (check ID)
  
  # Find works by Egon Willighagen
  ?egonWork wdt:P50 wd:Q53449 .
  
  # Find works that cite Egon's work
  ?citingWork wdt:P2860 ?egonWork . # P2860 = cites
  
  # Find authors of citing works who received a Nobel Prize
  ?author wdt:P50 ?citingWork . 
  ?author wdt:P166 ?nobelPrize . # P166 = award received
  
  # Ensure the award is a Nobel Prize
  ?nobelPrize wdt:P31 wd:Q7191 . # Q7191 = Nobel Prize
  
  SERVICE wikibase:label { bd:serviceParam wikibase:language ""en"". }
}",True,,True,,0.0,na,na,0
257,medium,List documents from the Boyer collection organized by decade.,"SELECT ?decade (COUNT(?item) AS ?count) ?item ?itemLabel WHERE {
  ?item wdt:P195 wd:Q4945142. # Boyer collection
  ?item wdt:P577 ?publicationDate. # publication date
  BIND(YEAR(?publicationDate) AS ?year)
  BIND(CONCAT(
    STR(FLOOR(?year / 10) * 10),
    ""s""
  ) AS ?decade)
  SERVICE wikibase:label { bd:serviceParam wikibase:language ""en"". }
}
GROUP BY ?decade ?item ?itemLabel
ORDER BY ?decade ?itemLabel",True,,True,,0.0,na,0.0,0
258,medium,List all items in the History of Science Museum with their descriptions.,"SELECT ?item ?itemDescription WHERE {
  wd:Q1478192 wdt:P361 ?item. # History of Science Museum (Q1478192) has part ?item
  SERVICE wikibase:label { bd:serviceParam wikibase:language ""en"". }
}",True,,True,,0.0,0.0,0.0,0
259,medium,List all items with their CBDB and VIAF IDs.,"SELECT ?item ?cbdb ?viaf WHERE {
  ?item wdt:P497 ?cbdb;
        wdt:P214 ?viaf.
}",True,,True,,0.614,1.0,0.5198,12188
260,complex,List the top film directors by their number of films and sitelinks.,"PREFIX wdt: <http://www.wikidata.org/prop/direct/>
PREFIX wd: <http://www.wikidata.org/entity/>
PREFIX wikibase: <http://wikiba.se/ontology#>
PREFIX bd: <http://www.bigdata.com/rdf#>

SELECT ?director ?directorLabel ?filmCount ?sitelinkCount WHERE {
  {
    SELECT ?director (COUNT(DISTINCT ?film) AS ?filmCount) WHERE {
      ?film wdt:P57 ?director .
      ?director wdt:P106 wd:Q2526255 .
    }
    GROUP BY ?director
  }
  {
    SELECT ?director (COUNT(DISTINCT ?sitelink) AS ?sitelinkCount) WHERE {
      ?director wikibase:sitelink ?sitelink .
      ?director wdt:P106 wd:Q2526255 .
    }
    GROUP BY ?director
  }
  SERVICE wikibase:label { bd:serviceParam wikibase:language ""en"". }
}
ORDER BY DESC(?filmCount) DESC(?sitelinkCount)
LIMIT 100",True,,True,,0.0,0.0,0.0,0
261,complex,List the countries with their corresponding number of coronavirus cases.,"SELECT ?countryLabel ?cases WHERE {
  ?country wdt:P31 wd:Q3624078;          # instance of sovereign state
            p:P1603 ?caseStmt.
  ?caseStmt ps:P1603 ?cases;             # number of cases
            pq:P642 wd:Q84263196.        # applies to COVID-19 pandemic
  SERVICE wikibase:label { bd:serviceParam wikibase:language ""en"". }
}
ORDER BY DESC(?cases)",True,,True,,0.0,na,0.0,0
262,complex,List all doctoral theses with their authors and institutions.,"SELECT ?thesis ?thesisLabel ?author ?authorLabel ?institution ?institutionLabel WHERE {
  ?thesis wdt:P31 wd:Q187685.               # doctoral thesis
  ?thesis wdt:P50 ?author.                  # author
  ?thesis wdt:P1026 ?institution.           # awarding institution
  SERVICE wikibase:label { bd:serviceParam wikibase:language ""[AUTO_LANGUAGE],en"". }
}",True,,True,,0.0,0.0,0.0,0
263,complex,What are the parent taxa of Asterophryinae?,"SELECT ?parentTaxon ?parentTaxonLabel WHERE {
  wd:Q2868861 wdt:P171 ?parentTaxon .
  SERVICE wikibase:label { bd:serviceParam wikibase:language ""en"". }
}",True,,True,,0.0,na,na,0
264,complex,Find the CIViC citation corpus and extract PubMed IDs.,"SELECT ?pubmedId WHERE {
  wd:Q30255710 wdt:P698 ?pubmedId .
}",True,,True,,0.0,0.0,0.0,0
265,complex,List all instruments created by Antonio Stradivari.,"SELECT ?instrument ?instrumentLabel WHERE {
  ?instrument wdt:P170 wd:Q182414 .
  ?instrument wdt:P31/wdt:P279* wd:Q329809 .
  SERVICE wikibase:label { bd:serviceParam wikibase:language ""en"". }
}",True,,True,,0.0,na,na,0
266,complex,Find scholarly articles with 'Zika' in their title.,"SELECT ?article WHERE {
  ?article wdt:P31 wd:Q13442814 ;   # instance of scholarly article
           wdt:P1476 ?title .       # has title
  FILTER(CONTAINS(LCASE(?title), ""zika""))
}",True,,False,timeout,0.0,0.0,0.0,0
267,complex,List all items that have a description in English but no English label.,"SELECT ?item WHERE {
  ?item schema:description ?description .
  FILTER(LANG(?description) = ""en"")
  FILTER NOT EXISTS {
    ?item rdfs:label ?label .
    FILTER(LANG(?label) = ""en"")
  }
}",False,,False,result_too_large,0.0,0.0,0.0,0
268,complex,"What are the ingredients in a sandwich, excluding bread?","SELECT ?ingredient ?ingredientLabel WHERE {
  wd:Q28803 wdt:P527 ?ingredient .  # sandwich has parts (ingredients)
  FILTER(?ingredient != wd:Q7802)   # exclude bread (Q7802)
  SERVICE wikibase:label { bd:serviceParam wikibase:language ""en"". }
}",True,,True,,0.0,0.0,na,0
269,complex,List all Law & Order episodes along with their season and episode numbers.,"SELECT ?episode ?episodeLabel ?season ?episodeNumber WHERE {
  ?episode wdt:P31 wd:Q21191270;   # Instance of television series episode
           wdt:P179 wd:Q1228;      # Part of series: Law & Order
           wdt:P920 ?season;       # Season number
           wdt:P1545 ?episodeNumber.  # Episode number within season
  SERVICE wikibase:label { bd:serviceParam wikibase:language ""en"". }
}",True,,True,,0.0,na,na,0
270,complex,List all images used by multiple churches.,"PREFIX wd: <http://www.wikidata.org/entity/>
PREFIX wdt: <http://www.wikidata.org/prop/direct/>

SELECT ?image (COUNT(DISTINCT ?church) AS ?count) WHERE {
  ?church wdt:P31/wdt:P279* wd:Q16970 .  # instance of church building
  ?church wdt:P18 ?image .
}
GROUP BY ?image
HAVING (COUNT(DISTINCT ?church) > 1)
ORDER BY DESC(?count)",False,,True,,0.636,na,0.636,1173
271,complex,List all virtual conferences along with their environment and other details.,"SELECT ?conference ?conferenceLabel ?environment ?environmentLabel ?startTime ?endTime ?location ?locationLabel ?organizer ?organizerLabel ?website ?description WHERE {
  ?conference wdt:P31 wd:Q2020153.  # instance of virtual conference
  OPTIONAL { ?conference wdt:P276 ?environment . }  # environment
  OPTIONAL { ?conference wdt:P580 ?startTime . }  # start time
  OPTIONAL { ?conference wdt:P582 ?endTime . }  # end time
  OPTIONAL { ?conference wdt:P276 ?location . }  # location (if physical)
  OPTIONAL { ?conference wdt:P664 ?organizer . }  # organizer
  OPTIONAL { ?conference wdt:P856 ?website . }  # official website
  OPTIONAL { ?conference wdt:P31 ?instance . }  # instance of (for description)
  SERVICE wikibase:label { bd:serviceParam wikibase:language ""en"". }
}",True,,True,,0.004,0.0006,0.0112,36258
272,complex,What is the average lifespan of people in different professions?,"SELECT ?professionLabel (AVG(?lifespan) AS ?averageLifespan) WHERE {
  ?person wdt:P31 wd:Q5.
  ?person wdt:P106 ?profession.
  ?person wdt:P569 ?birthDate.
  ?person wdt:P570 ?deathDate.
  BIND(?deathDate - ?birthDate AS ?lifespan)
  SERVICE wikibase:label { bd:serviceParam wikibase:language ""en"". }
}
GROUP BY ?professionLabel",False,,False,http_500,0.0,0.0,0.0,0
273,complex,List the identifiers present on Penelope Cruz's item but not on Sean Connery's.,"SELECT ?property ?value WHERE {
  wd:Q134772 ?property ?value .
  FILTER NOT EXISTS { wd:Q164047 ?property ?value }
}",True,,True,,0.0,0.0,0.0,270
274,complex,List all trans artists with their occupation and image.,"SELECT ?artist ?artistLabel (GROUP_CONCAT(DISTINCT ?occupationLabel; SEPARATOR="", "") AS ?occupations) (SAMPLE(?image) AS ?image) WHERE {
  VALUES ?trans { wd:Q189125 wd:Q1052281 wd:Q2449503 wd:Q48270 }
  ?artist wdt:P31 wd:Q5 .
  ?artist wdt:P21 ?trans .
  ?artist wdt:P106 ?occupation .
  ?occupation wdt:P279* wd:Q483501 .
  ?artist wdt:P18 ?image .
  SERVICE wikibase:label { bd:serviceParam wikibase:language ""en"". }
}
GROUP BY ?artist ?artistLabel
ORDER BY ?artistLabel",True,,False,http_400,0.0,0.0,0.0,0
275,complex,What are the places near Papa Stour?,"SELECT ?place ?placeLabel WHERE {
  wd:Q1474962 wdt:P625 ?papaStourCoords.
  ?place wdt:P625 ?coords.
  FILTER(geof:distance(?papaStourCoords, ?coords) < 50)
  SERVICE wikibase:label { bd:serviceParam wikibase:language ""en"". }
}",False,,False,http_400,0.0,0.0,0.0,0
276,complex,List the longest English words in alphabetical order.,"SELECT ?word ?length WHERE {
  ?word wdt:P31 wd:Q8171.  # instance of word
  ?word wdt:P424 ?language. # language
  FILTER(?language = wd:Q1860) # English
  ?word wdt:P2101 ?length. # length
}
ORDER BY DESC(?length) ?word",True,,True,,0.0,na,0.0,0
277,complex,List all Welsh journals and newspapers with their publication dates and places.,"SELECT ?item ?itemLabel ?publicationDate ?place ?placeLabel WHERE {
  ?item wdt:P31 wd:Q11032.  # instance of (P31) = journal (Q11032)
  UNION
  ?item wdt:P31 wd:Q11033.  # instance of (P31) = newspaper (Q11033)
  ?item wdt:P17 wd:Q25.     # country (P17) = Wales (Q25)
  OPTIONAL { ?item wdt:P577 ?publicationDate . }  # publication date (P577)
  OPTIONAL { ?item wdt:P291 ?place . }            # place of publication (P291)
  SERVICE wikibase:label { bd:serviceParam wikibase:language ""en"". }
}",False,,False,http_400,0.0,0.0,0.0,0
278,complex,List economists by their fields of work and nationalities.,"SELECT ?economist ?economistLabel ?fieldOfWork ?fieldOfWorkLabel ?nationality ?nationalityLabel WHERE {
  ?economist wdt:P106 wd:Q188094.  # instance of economist
  OPTIONAL { ?economist wdt:P101 ?fieldOfWork. }  # field of work
  OPTIONAL { ?economist wdt:P27 ?nationality. }   # country of citizenship
  SERVICE wikibase:label { bd:serviceParam wikibase:language ""en"". }
}
ORDER BY ?economistLabel",False,,True,,0.0187,0.0195,0.0,59567
279,complex,List the top animals depicted in artworks.,"SELECT ?animal ?animalLabel (COUNT(?work) AS ?count) WHERE {
  ?work wdt:P180 ?animal .
  ?animal wdt:P31 wd:Q729 .
}
GROUP BY ?animal ?animalLabel
ORDER BY DESC(?count)
LIMIT 10",True,,True,,0.0,0.0,0.0,2
280,complex,List the European regions with a population density of less than 30 people per square kilometer.,"SELECT ?region ?regionLabel ?populationDensity WHERE {
  ?region wdt:P31 wd:Q82794.        # Instance of European region
  ?region wdt:P1082 ?population.    # Population
  ?region wdt:P2046 ?area.          # Area in square kilometers
  BIND(?population / ?area AS ?populationDensity)
  FILTER(?populationDensity < 30)
  SERVICE wikibase:label { bd:serviceParam wikibase:language ""en"". }
}",True,,True,,0.0,0.0,0.0,97
281,complex,List all restaurants in Luxembourg that have a Michelin star.,"SELECT ?restaurant ?restaurantLabel ?stars WHERE {
  ?restaurant wdt:P31 wd:Q11707 ;          # instance of restaurant
              wdt:P17 wd:Q32 ;             # located in Luxembourg
              wdt:P1149 ?stars .           # has Michelin star rating
  SERVICE wikibase:label { bd:serviceParam wikibase:language ""en"". }
}",True,,True,,0.0,0.0,0.0,0
282,complex,What properties are most commonly used in references?,"SELECT ?property ?propertyLabel (COUNT(?property) AS ?count) WHERE {
  ?statement a wikibase:Statement .
  ?statement prov:wasDerivedFrom ?reference .
  ?reference ?property ?value .
  FILTER(?property != rdf:type)
  SERVICE wikibase:label { bd:serviceParam wikibase:language ""en"". }
}
GROUP BY ?property ?propertyLabel
ORDER BY DESC(?count)
LIMIT 20",True,,False,timeout,0.0,0.0,0.0,0
283,complex,List all WikiProjects focused on women.,"SELECT ?project ?projectLabel WHERE {
  ?project wdt:P31 wd:Q16663377. # Instance of WikiProject
  ?project wdt:P921 wd:Q467.      # Main subject is women
  SERVICE wikibase:label { bd:serviceParam wikibase:language ""en"". }
}",True,,True,,0.0,na,na,0
284,complex,Find pictures of theatres in Carthalia from the outside and inside.,"SELECT ?theatre ?theatreLabel ?exteriorImage ?interiorImage WHERE {
  ?theatre wdt:P31/wdt:P279* wd:Q243983 . # theatre or subclass
  ?theatre wdt:P131 ?location .
  ?location rdfs:label ""Carthalia""@en .
  OPTIONAL { ?theatre wdt:P18 ?exteriorImage . }
  OPT",False,,False,http_400,0.0,0.0,0.0,0
285,complex,List the countries with their number of citizens having a specific blood type.,"SELECT ?country ?countryLabel (COUNT(?person) AS ?count) WHERE {
  ?person wdt:P31 wd:Q5.                # instance of human
  ?person wdt:P27 ?country.             # country of citizenship
  ?person wdt:P1853 ?bloodType.         # blood type
  # Optionally filter for a specific blood type, e.g., wd:Q2013 for A+
  # FILTER(?bloodType = wd:Q2013)
  SERVICE wikibase:label { bd:serviceParam wikibase:language ""en"". }
}
GROUP BY ?country ?countryLabel
ORDER BY DESC(?count)",True,,True,,0.0,0.0,0.0,99
286,complex,What artworks are commonly depicted in both the Ashmolean Museum and the Cleveland Museum of Art?,"SELECT ?artwork ?artworkLabel WHERE {
  ?artwork wdt:P31 wd:Q3305213.  # Instance of painting (or artwork)
  ?artwork wdt:P195 wd:Q636400.  # Collection: Ashmolean Museum
  ?artwork wdt:P195 wd:Q657415.  # Collection: Cleveland Museum of Art
  SERVICE wikibase:label { bd:serviceParam wikibase:language ""en"". }
}",True,,True,,0.0,0.0,0.0,0
287,complex,"List the movies featuring Jean-Paul Belmondo, ranked by their number of sitelinks.","SELECT ?movie ?movieLabel ?sitelinks WHERE {
  ?movie wdt:P31 wd:Q11424.          # instance of film
  ?movie wdt:P161 wd:Q106584.        # cast member: Jean-Paul Belmondo (Q106584)
  ?movie wikibase:sitelinks ?sitelinks.
  SERVICE wikibase:label { bd:serviceParam wikibase:language ""en"". }
}
ORDER BY DESC(?sitelinks)",True,,True,,0.0,na,na,0
288,complex,List male actors who played the same character in a trilogy of movies when they were young and again decades later.,"SELECT DISTINCT ?actor ?actorLabel ?characterLabel ?firstFilm ?firstFilmYear ?laterFilm ?laterFilmYear WHERE {
  # Find actors who played a character in multiple films, separated by at least 20 years
  ?actor wdt:P106 wd:Q33999 ;   # occupation: actor
         wdt:P21 wd:Q6581097 .  # gender: male
  ?actor p:P161 ?cast1 .        # cast member relation
  ?cast1 ps:P161 ?character .   # role (character)
  ?cast1 pq:P580 ?year1 .       # start time
  ?cast1 pq:P345 ?film1 .       # film
  
  ?actor p:P161 ?cast2 .
  ?cast2 ps:P161 ?character .
  ?cast2 pq:P580 ?year2 .
  ?cast2 pq:P345 ?film2 .
  
  # Ensure different films
  FILTER(?film1 != ?film2)
  
  # Time gap of at least 20 years
  FILTER(?year2 - ?year1 >= 20 || ?year1 - ?year2 >= 20)
  
  # Identify the earlier and later films
  BIND(IF(?year1 < ?year2, ?year1, ?year2) AS ?firstFilmYear)
  BIND(IF(?year1 < ?year2, ?year2, ?year1) AS ?laterFilmYear)
  BIND(IF(?year1 < ?year2, ?film1, ?film2) AS ?firstFilm)
  BIND(IF(?year1 < ?year2, ?film2, ?film1) AS ?laterFilm)
  
  # Filter for films that are part of a trilogy (three films in series)
  # We want the character played in the first and third film of the trilogy
  ?firstFilm wdt:P179 ?series .  # part of series
  ?laterFilm wdt:P179 ?series .
  
  # Count films in series
  { SELECT ?series (COUNT(?film) AS ?filmCount) WHERE {
      ?film wdt:P179 ?series .
    } GROUP BY ?series HAVING(?filmCount = 3)
  }
  
  # Ensure the character appears in at least those two films
  ?firstFilm wdt:P161 ?character .
  ?laterFilm wdt:P161 ?character .
  
  SERVICE wikibase:label { bd:serviceParam wikibase:language ""en"". }
}
LIMIT 50",True,,True,,0.0,na,na,0
289,complex,Find churches in the Czech Republic dedicated to St. Wenceslas or St. Cyril and Methodius.,"SELECT ?church ?churchLabel ?dedicatedToLabel WHERE {
  ?church wdt:P31 wd:Q16970.          # instance of church
  ?church wdt:P17 wd:Q213.            # country: Czech Republic
  ?church wdt:P825 ?dedicatedTo.      # dedicated to
  VALUES ?dedicatedTo { wd:Q153183 wd:Q152390 }  # St. Wenceslas or St. Cyril and Methodius
  SERVICE wikibase:label { bd:serviceParam wikibase:language ""en"". }
}",True,,True,,0.0,0.0,0.0,0
290,complex,Show me a map of all Wikidata items located in Ukraine.,"SELECT ?item ?itemLabel ?coord WHERE {
  ?item wdt:P17 wd:Q212;
        wdt:P625 ?coord.
  SERVICE wikibase:label { bd:serviceParam wikibase:language ""en"". }
}",True,,True,,0.0,0.0,0.0,196479
291,complex,List photographers born before the first photograph was taken.,"SELECT ?photographer ?photographerLabel ?birthDate WHERE {
  # Find the first photograph ever taken (View from the Window at Le Gras, 1826 or 1827)
  { SELECT (MIN(?date) AS ?firstPhotoDate) WHERE {
      wd:Q131308 wdt:P571 ?date . # View from the Window at Le Gras
    }
  }
  # Photographers born before that date
  ?photographer wdt:P106 wd:Q33231 ; # occupation: photographer
                wdt:P569 ?birthDate .
  FILTER(?birthDate < ?firstPhotoDate)
  SERVICE wikibase:label { bd:serviceParam wikibase:language ""en"". }
}
ORDER BY ?birthDate",True,,True,,0.0,na,na,0
292,complex,List all grammatical features and their subclasses.,"SELECT ?feature ?featureLabel ?subclass ?subclassLabel WHERE {
  wd:Q105324 wdt:P279* ?feature . # Q105324 is ""grammatical feature""
  OPTIONAL { ?feature wdt:P279 ?subclass . }
  SERVICE wikibase:label { bd:serviceParam wikibase:language ""en"". }
}",True,,True,,0.0,0.0,na,1
293,complex,List famous Latin American female musicians who don't have a Wikipedia article in Spanish.,"SELECT ?item ?itemLabel WHERE {
  ?item wdt:P31 wd:Q5 .                # instance of human
  ?item wdt:P21 wd:Q6581072 .          # female gender
  ?item wdt:P106 wd:Q639 .             # occupation: musician
  ?item wdt:P27 ?country .             # country of citizenship
  ?country wdt:P30 wd:Q2938 .         # located in Latin America
  ?item wdt:P1416 ?genre .            # musical genre (optional, for fame)
  
  # Exclude those with a Spanish Wikipedia article
  FILTER NOT EXISTS {
    ?sitelink schema:about ?item ;
              schema:isPartOf <https://es.wikipedia.org/> .
  }
  
  SERVICE wikibase:label { bd:serviceParam wikibase:language ""en"". }
}",True,,True,,0.0,na,na,0
294,complex,List the events where most video games were announced.,"SELECT ?event (COUNT(DISTINCT ?game) AS ?numGames) WHERE {
  ?game wdt:P31 wd:Q7889;  # instance of video game
        wdt:P577 ?publicationDate.  # publication date
  ?event wdt:P31 wd:Q1656682;  # instance of event (could be any event type)
         wdt:P585 ?eventDate.  # point in time
  FILTER(STR(?eventDate) = STR(?publicationDate))  # games announced at event
}
GROUP BY ?event
ORDER BY DESC(?numGames)
LIMIT 10",False,,False,timeout,0.0,0.0,0.0,0
295,complex,Find the century when archaeological objects in St Raymond museum were discovered.,"SELECT ?century WHERE {
  ?item wdt:P31 wd:Q20671511;  # instance of archaeological object
        wdt:P195 wd:Q3080;     # collection at St Raymond museum
        wdt:P575 ?discoveryDate.  # discovery date
  BIND(YEAR(?discoveryDate) AS ?year)
  BIND(CEIL(?year / 100) AS ?century)
}",True,,True,,0.0,na,na,0
296,complex,List all statues in the UK that depict women or nobles.,"SELECT ?statue ?statueLabel ?depictsLabel WHERE {
  ?statue wdt:P31 wd:Q179700.  # instance of statue
  ?statue wdt:P17 wd:Q145.     # country: United Kingdom
  ?statue wdt:P180 ?depicts.   # depicts
  { ?depicts wdt:P31 wd:Q5 }   # depicts a human (woman or noble)
  UNION
  { ?depicts wdt:P31 wd:Q41176 } # depicts a noble (human with noble title)
  SERVICE wikibase:label { bd:serviceParam wikibase:language ""en"". }
}",True,,True,,0.0977,0.1854,0.0,728
297,complex,List all cricket teams with their number of players and gender.,"SELECT ?team ?teamLabel (COUNT(?player) AS ?playerCount) ?genderLabel WHERE {
  ?team wdt:P31 wd:Q89930916.  # Instance of cricket team
  OPTIONAL { ?team wdt:P527 ?player. }  # Has player
  OPTIONAL { ?team wdt:P641 ?sport. FILTER(?sport = wd:Q5375) }  # Cricket sport
  SERVICE wikibase:label { bd:serviceParam wikibase:language ""en"". }
  OPTIONAL { ?team wdt:P641/wdt:P31 ?gender. }  # Gender of the sport
}
GROUP BY ?team ?teamLabel ?genderLabel",True,,True,,0.0,0.0,0.0,0
298,complex,Find entities related to Percy Bysshe Shelley and their corresponding images.,"SELECT DISTINCT ?entity ?entityLabel ?image WHERE {
  {
    # Works authored by Percy Bysshe Shelley
    ?entity wdt:P50 wd:Q93343.
  } UNION {
    # Spouse of Percy Bysshe Shelley
    ?entity wdt:P26 wd:Q93343.
  } UNION {
    # Children of Percy Bysshe Shelley
    ?entity wdt:P40 wd:Q93343.
  } UNION {
    # Father of Percy Bysshe Shelley
    ?entity wdt:P22 wd:Q93343.
  } UNION {
    # Mother of Percy Bysshe Shelley
    ?entity wdt:P25 wd:Q93343.
  } UNION {
    # Sibling of Percy Bysshe Shelley
    ?entity wdt:P3373 wd:Q93343.
  } UNION {
    # Notable works by Percy Bysshe Shelley (object of P800)
    wd:Q93343 wdt:P800 ?entity.
  } UNION {
    # Entities influenced by Percy Bysshe Shelley
    ?entity wdt:P737 wd:Q93343.
  }
  # Ensure the entity has an image
  ?entity wdt:P18 ?image.
  SERVICE wikibase:label { bd:serviceParam wikibase:language ""en"". }
}
LIMIT 100",True,,True,,0.0,0.0,0.0,36
299,complex,What are the most common characteristics of objects in a specific collection?,"SELECT ?property ?propertyLabel (COUNT(DISTINCT ?item) AS ?count) WHERE {
  ?item wdt:P195 wd:Q214867 .",False,,False,http_400,0.0,0.0,0.0,0
300,complex,List all Swiss films along with their duration in minutes and release date.,"SELECT ?film ?filmLabel ?duration ?releaseDate WHERE {
  ?film wdt:P31 wd:Q11424.   # instance of film
  ?film wdt:P495 wd:Q39.     # country of origin: Switzerland
  OPTIONAL { ?film wdt:P2047 ?duration. }   # duration in minutes
  OPTIONAL { ?film wdt:P577 ?releaseDate. } # publication date
  SERVICE wikibase:label { bd:serviceParam wikibase:language ""en"". }
}",True,,True,,0.0293,0.0102,0.0484,3406
301,complex,List all members of the Illuminati Order along with their birth dates.,"SELECT ?member ?memberLabel ?birthDate WHERE {
  ?member wdt:P463 wd:Q188304.   # member of Illuminati Order
  ?member wdt:P569 ?birthDate.   # birth date
  SERVICE wikibase:label { bd:serviceParam wikibase:language ""en"". }
}
ORDER BY ?memberLabel",True,,True,,0.0,na,na,0
302,complex,List all Czech art collections with their sizes.,"SELECT ?collection ?size WHERE {
  ?collection wdt:P31 wd:Q2073 . # instance of art collection
  ?collection wdt:P17 wd:Q213 . # country Czech Republic
  OPTIONAL { ?collection wdt:P2046 ?size . } # area/size
}",True,,True,,0.0,na,0.0,0
303,complex,List airports named after famous poets.,"SELECT ?airport ?airportLabel ?poetLabel WHERE {
  ?airport wdt:P31/wdt:P279* wd:Q1248784.  # airport or subclass thereof
  ?airport wdt:P138 ?poet.                # named after something
  ?poet wdt:P106 wd:Q49757.               # that something is a poet
  SERVICE wikibase:label { bd:serviceParam wikibase:language ""en"". }
}",True,,True,,0.0,0.0,na,52
304,complex,"Show me a map of Italian cities with schools, highlighting areas with high school density.","SELECT ?city ?cityLabel ?schoolCount ?location WHERE {
  {
    SELECT ?city (COUNT(?school) AS ?schoolCount) (SAMPLE(?location) AS ?location) WHERE {
      ?city wdt:P31 wd:Q747074;  # Italian city
            wdt:P17 wd:Q38;      # country Italy
            wdt:P625 ?location.  # coordinate location
      ?school wdt:P31 wd:Q3914;  # school
               wdt:P131 ?city.   # located in the administrative territorial entity
    }
    GROUP BY ?city
    HAVING (?schoolCount > 0)
  }
  SERVICE wikibase:label { bd:serviceParam wikibase:language ""en"". }
}
ORDER BY DESC(?schoolCount)",False,,False,http_400,0.0,0.0,0.0,0
305,complex,Show me hillforts in the UK without images on a map.,"SELECT ?item ?itemLabel ?coord WHERE {
  ?item wdt:P31 wd:Q1050998;   # instance of hillfort
        wdt:P17 wd:Q145;       # country United Kingdom
        wdt:P625 ?coord.       # coordinate location
  FILTER NOT EXISTS { ?item wdt:P18 ?image. }  # no image
  SERVICE wikibase:label { bd:serviceParam wikibase:language ""en"". }
}",True,,True,,0.0,0.0,0.0,0
306,complex,List all pathways with their corresponding gene and metabolite counts.,"SELECT ?pathway ?geneCount ?metaboliteCount WHERE {
  {
    SELECT ?pathway (COUNT(DISTINCT ?gene) AS ?geneCount) WHERE {
      ?pathway wdt:P31 wd:Q4915012.  # instance of biological pathway
      OPTIONAL { ?pathway wdt:P527 ?gene . }  # has part gene
    }
    GROUP BY ?pathway
  }
  {
    SELECT ?pathway (COUNT(DISTINCT ?metabolite) AS ?metaboliteCount) WHERE {
      ?pathway wdt:P31 wd:Q4915012.
      OPTIONAL { ?pathway wdt:P527 ?metabolite . }  # has part metabolite
    }
    GROUP BY ?pathway
  }
}",True,,True,,0.0,0.0,0.0,3723
307,complex,Find authors with works published online during the Early Modern period.,"SELECT DISTINCT ?author ?authorLabel WHERE {
  ?work wdt:P50 ?author .
  ?work wdt:P577 ?publicationDate .
  ?work wdt:P953 ?fullWorkAvailableOnline .
  FILTER(YEAR(?publicationDate) >= 1500 && YEAR(?publicationDate) <= 1800)
  SERVICE wikibase:label { bd:serviceParam wikibase:language ""en"". }
}",False,,True,,0.0,0.0,0.0,1686
308,complex,Find artworks featuring individuals from the Electronic Enlightenment database.,"PREFIX wd: <http://www.wikidata.org/entity/>
PREFIX wdt: <http://www.wikidata.org/prop/direct/>
PREFIX wikibase: <http://wikiba.se/ontology#>
PREFIX bd: <http://www.bigdata.com/rdf#>

SELECT ?artwork ?artworkLabel ?person ?personLabel WHERE {
  # Find artworks that depict or feature individuals
  ?artwork wdt:P31 wd:Q3305213 .  # Instance of: artwork
  ?artwork wdt:P180 ?person .     # Depicts: person
  
  # Filter for persons who are in the Electronic Enlightenment database
  ?person wdt:P31 wd:Q5 .         # Instance of: human
  ?person wdt:P1416 ?eeID .       # Electronic Enlightenment ID
  
  # Optional: Get labels
  SERVICE wikibase:label { bd:serviceParam wikibase:language ""en"". }
}
LIMIT 100",True,,True,,0.0,0.0,na,101
309,complex,List the types of notable things that have an Instagram account.,"SELECT DISTINCT ?type ?typeLabel WHERE {
  ?item wdt:P2003 ?instagram.
  ?item wdt:P31 ?type.
  SERVICE wikibase:label { bd:serviceParam wikibase:language ""en"". }
}",False,,True,,0.9707,1.0,0.0,9230
310,complex,What organizations were founded by University of Oxford alumni?,"PREFIX wd: <http://www.wikidata.org/entity/>
PREFIX wdt: <http://www.wikidata.org/prop/direct/>
PREFIX wikibase: <http://wikiba.se/ontology#>
PREFIX bd: <http://www.bigdata.com/rdf#>

SELECT DISTINCT ?org ?orgLabel
WHERE {
  ?org wdt:P112 ?founder .
  ?founder wdt:P69 wd:Q34433 .
  SERVICE wikibase:label { bd:serviceParam wikibase:language ""[AUTO_LANGUAGE],en"". }
}",True,,True,,0.1473,0.1473,na,214
311,complex,"List politicians who have accounts on GitHub, CPAN, or Wikimedia.","SELECT DISTINCT ?person ?personLabel WHERE {
  ?person wdt:P31 wd:Q5.                # Instance of human
  ?person wdt:P106 wd:Q82955.            # Occupation: politician
  { ?person wdt:P2037 ?github. }         # GitHub username
  UNION
  { ?person wdt:P4107 ?cpan. }          # CPAN username
  UNION
  { ?person wdt:P4174 ?wm. }            # Wikimedia username
  SERVICE wikibase:label { bd:serviceParam wikibase:language ""en"". }
}",True,,True,,0.0824,0.0946,0.0,73
312,complex,List the countries with the most colorful flags.,"SELECT ?country ?countryLabel (COUNT(DISTINCT ?color) AS ?colorCount) WHERE {
  ?country wdt:P31 wd:Q3624078 ;   # sovereign state
           wdt:P163 ?flag .        # flag item
  ?flag wdt:P462 ?color .          # color used in flag
  SERVICE wikibase:label { bd:serviceParam wikibase:language ""en"". }
}
GROUP BY ?country ?countryLabel
ORDER BY DESC(?colorCount)
LIMIT 10",True,,True,,0.0,0.0,0.0,13
313,complex,Find online travel stories with French texts and map the locations mentioned.,"SELECT ?story ?storyLabel ?location ?locationLabel ?coord WHERE {
  ?story wdt:P31 wd:Q222749.   # instance of travel blog
  ?story wdt:P407 wd:Q150.     # language French
  OPTIONAL {
    ?story wdt:P276 ?location . # location mentioned
    ?location wdt:P625 ?coord . # coordinates of location
  }
  SERVICE wikibase:label",False,,False,http_400,0.0,0.0,0.0,0
314,complex,List all statues and monuments dedicated to slave owners or traders.,"SELECT ?item ?itemLabel WHERE {
  ?item wdt:P31 wd:Q179700. # statue or monument
  ?item wdt:P547 ?subject. # dedicated to
  ?subject wdt:P106 ?occupation. # occupation
  { ?subject wdt:P106 wd:Q127824 } # slave owner
  UNION
  { ?subject wdt:P106 wd:Q129801 } # slave trader
  SERVICE wikibase:label { bd:serviceParam wikbase:language ""en"". }
}",False,,True,,0.0,0.0,0.0,0
315,complex,List all town halls located in communes that share a border with Paris.,"SELECT ?townHall ?townHallLabel WHERE {
  ?commune wdt:P47 wd:Q90.          # communes that share a border with Paris
  ?townHall wdt:P31 wd:Q543654;     # instance of town hall (hôtel de ville)
             wdt:P131 ?commune.     # located in that commune
  SERVICE wikibase:label { bd:serviceParam wikibase:language ""en"". }
}",True,,True,,0.25,0.5,0.0,1
316,complex,What are the geographic coordinates of Ordnance Survey Old Series preparatory drawings?,"PREFIX wdt: <http://www.wikidata.org/prop/direct/>
PREFIX rdfs: <http://www.w3.org/2000/01/rdf-schema#>

SELECT ?item ?itemLabel ?coord WHERE {
  ?item wdt:P625 ?coord .
  ?item rdfs:label ""Ordnance Survey Old Series preparatory drawings""@en .
  SERVICE wikibase:label { bd:serviceParam wikibase:language ""en"". }
}",True,,True,,0.0,na,na,0
317,complex,List the political parties of world leaders and their alignments.,"SELECT ?leader ?leaderLabel ?party ?partyLabel ?alignment ?alignmentLabel WHERE {
  ?leader wdt:P31 wd:Q5.                # instance of human
  ?leader wdt:P39 wd:Q11696.            # position held: head of state (or use wd:Q2285706 for head of government)
  ?leader wdt:P102 ?party.              # member of political party
  OPTIONAL { ?party wdt:P1552 ?alignment. }  # has alignment (e.g., left-wing, right-wing)
  SERVICE wikibase:label { bd:serviceParam wikibase:language ""en"". }
}
LIMIT 100",True,,True,,0.003,0.0031,0.0,55
318,complex,List the people who received the most letters.,"SELECT ?person ?personLabel (COUNT(?letter) AS ?letterCount) WHERE {
  ?person wdt:P31 wd:Q5 .
  ?letter wdt:P1416 ?person .
  SERVICE wikibase:label { bd:serviceParam wikibase:language ""en"". }
}
GROUP BY ?person ?personLabel
ORDER BY DESC(?letterCount)
LIMIT 100",True,,True,,0.0053,0.0,0.1,67
319,complex,List Wikipedia articles about people without pictures on Wikidata.,"SELECT ?article WHERE {
  ?person wdt:P31 wd:Q5.  # Instance of human
  ?article schema:about ?person ;
           schema:isPartOf <https://en.wikipedia.org/> .
  FILTER NOT EXISTS { ?person wdt:P18 ?image . }
}",False,,False,result_too_large,0.0,0.0,0.0,0
320,complex,How many successful election petitions were there in each UK parliamentary term since 1859?,"SELECT ?termLabel (COUNT(DISTINCT ?petition) AS ?successfulPetitions) WHERE {
  # Election petitions that were successful
  ?petition wdt:P31 wd:Q5353961 ;  # instance of election petition
            wdt:P585 ?date ;       # point in time
            wdt:P6424 wd:Q169134 . # successful outcome
  
  # UK parliamentary term
  ?term wdt:P31 wd:Q18100837 ;     # instance of UK parliamentary term
        wdt:P580 ?startDate ;      # start time
        wdt:P582 ?endDate .        # end time
  
  # Filter terms since 1859
  FILTER(YEAR(?startDate) >= 1859)
  
  # Petition date falls within the term
  FILTER(?date >= ?startDate && ?date <= ?endDate)
  
  SERVICE wikibase:label { bd:serviceParam wikibase:language ""en"". }
}
GROUP BY ?termLabel
ORDER BY ?termLabel",True,,True,,0.0185,na,0.0185,1
321,complex,List all characters from the Marvel Universe.,"SELECT ?character ?characterLabel WHERE {
  ?character wdt:P31/wdt:P279* wd:Q21638430.
  SERVICE wikibase:label { bd:serviceParam wikibase:language ""en"". }
}",True,,True,,0.0,0.0,na,0
322,complex,"Show me a map of medical facilities in Kalimpong district, India, with different colors for each type.","SELECT ?facility ?facilityLabel ?type ?typeLabel ?location WHERE {
  # Kalimpong district (Q1684287)
  wd:Q1684287 wdt:P31 wd:Q188509.  # instance of district of India
  ?facility wdt:P131 wd:Q1684287.  # located in Kalimpong district
  ?facility wdt:P31/wdt:P279* wd:Q159334.  # medical facility (or subclass)
  ?facility wdt:P625 ?location.         # coordinate location
  OPTIONAL { ?facility wdt:P31 ?type. } # type of facility
  SERVICE wikibase:label { 
    bd:serviceParam wikibase:language ""en"". 
    ?facility rdfs:label ?facilityLabel.
    ?type rdfs:label ?typeLabel.
  }
}",True,,True,,0.0,na,0.0,0
323,complex,What are the canals within an 800km radius of Glasgow?,"SELECT ?canal ?canalLabel ?location WHERE {
  SERVICE wikibase:around {
    wd:Q4093 wdt:P625 ?location.
    bd:serviceParam wikibase:radius ""800"".
    bd:serviceParam wikibase:distance ?distance.
  }
  ?canal wdt:P31/wdt:P279* wd:Q12284;
         wdt:P625 ?canalLocation.
  FILTER(?distance <= 800)
  SERVICE wikibase:label { bd:serviceParam wikibase:language ""en"". }
}",False,,False,http_500,0.0,0.0,0.0,0
324,complex,List all hillforts with their Atlas of Hillforts ID and a link to their Wikipedia page.,"SELECT ?hillfort ?hillfortLabel ?atlasId ?wikipedia WHERE {
  ?hillfort wdt:P31 wd:Q105099.
  ?hillfort wdt:P4014 ?atlasId.
  ?wikipedia schema:about ?hillfort;
             schema:isPartOf <https://en.wikipedia.org/>.
  SERVICE wikibase:label { bd:serviceParam wikibase:language ""en"". }
}",True,,True,,0.0,0.0,0.0,0
325,complex,List the top 500 paintings according to their importance on Wikidata.,"based on sitelink count)
SELECT ?item ?itemLabel ?sitelinks WHERE {
  ?item wdt:P31 wd:Q3305213.  # instance of (P31) = painting (Q3305213)
  ?item wikibase:sitelinks ?sitelinks.
  SERVICE wikibase:label { bd:serviceParam wikibase:language ""en"". }
}
ORDER BY DESC(?sitelinks)
LIMIT 500",False,,False,http_400,0.0,0.0,0.0,0
326,complex,List all buildings with coordinates and at least one sitelink.,"PREFIX wd: <http://www.wikidata.org/entity/>
PREFIX wdt: <http://www.wikidata.org/prop/direct/>
PREFIX p: <http://www.wikidata.org/prop/>
PREFIX ps: <http://www.wikidata.org/prop/statement/>
PREFIX wikibase: <http://wikiba.se/ontology#>
PREFIX schema: <http://schema.org/>

SELECT ?building ?buildingLabel ?coordinate ?sitelink WHERE {
  ?building wdt:P31 wd:Q41176 .  # instance of building
  ?building wdt:P625 ?coordinate .  # coordinate location
  ?building wikibase:sitelink ?sitelink .  # at least one sitelink
  SERVICE wikibase:label { bd:serviceParam wikibase:language ""en"". }
}",True,,True,,0.0,na,na,0
327,complex,List public spaces named after women.,"SELECT DISTINCT ?space ?spaceLabel ?woman ?womanLabel WHERE {
  ?space wdt:P31/wdt:P279* wd:Q119747 .  # public space or subclass
  ?space wdt:P138 ?woman .               # named after
  ?woman wdt:P31 wd:Q5 .                 # human
  ?woman wdt:P21 wd:Q6581072 .           # female
  SERVICE wikibase:label { bd:serviceParam wikibase:language ""en"". }
}",True,,True,,0.0,na,na,0
328,complex,List the longest rivers for each of the 7 continents.,"SELECT ?continent ?continentLabel ?river ?riverLabel ?length WHERE {
  {
    SELECT ?continent (MAX(?length) AS ?maxLength) WHERE {
      ?river wdt:P31/wdt:P279* wd:Q4022.          # instance/subclass of river
      ?river wdt:P2043 ?length.                   # length
      ?river wdt:P30 ?continent.                   # located in continent
      ?continent wdt:P31 wd:Q5107.                # instance of continent
    }
    GROUP BY ?continent
  }
  ?river wdt:P30 ?continent.
  ?river wdt:P2043 ?length.
  ?river wdt:P31/wdt:P279* wd:Q4022.
  FILTER(?length = ?maxLength)
  SERVICE wikibase:label { bd:serviceParam wikibase:language ""en"". }
}
ORDER BY ?continentLabel",True,,True,,0.0,0.0,0.0,24
329,complex,Find the route of The Antartic Circumpolar Voyage expedition.,"SELECT ?route WHERE {
  wd:Q17015984 wdt:P527 ?route .
}",True,,True,,0.0,0.0,0.0,0
330,complex,List cities with more Wikipedia sitelinks than their country.,"SELECT ?city ?cityLabel ?citySitelinks ?country ?countryLabel ?countrySitelinks WHERE {
  # Find cities (instances of city or big city)
  { ?city wdt:P31 wd:Q515 } UNION { ?city wdt:P31 wd:Q1549591 }.
  
  # Get the country of the city
  ?city wdt:P17 ?country.
  
  # Ensure the country is a country (instance of sovereign state)
  ?country wdt:P31 wd:Q3624078.
  
  # Get sitelink counts
  ?city wikibase:sitelinks ?citySitelinks.
  ?country wikibase:sitelinks ?countrySitelinks.
  
  # Filter: city has more sitelinks than its country
  FILTER(?citySitelinks > ?countrySitelinks)
  
  # Labels
  SERVICE wikibase:label { bd:serviceParam wikibase:language ""en"". }
}
ORDER BY DESC(?citySitelinks)",False,,True,,0.0,na,na,0
331,complex,List the latest research papers related to COVID-19.,"PREFIX wd: <http://www.wikidata.org/entity/>
PREFIX wdt: <http://www.wikidata.org/prop/direct/>
PREFIX p: <http://www.wikidata.org/prop/>
PREFIX ps: <http://www.wikidata.org/prop/statement/>
PREFIX pq: <http://www.wikidata.org/prop/qualifier/>
PREFIX rdfs: <http://www.w3.org/2000/01/rdf-schema#>

SELECT ?paper ?paperLabel ?date WHERE {
  # Find research papers about COVID-19
  ?paper wdt:P31 wd:Q13442814 .  # Instance of scholarly article
  ?paper wdt:P921 wd:Q84263196 .  # Main subject: COVID-19
  ?paper wdt:P577 ?date .         # Publication date
  # Filter for recent papers (e.g., last 2 years)
  FILTER(?date >= ""2023-01-01""^^xsd:dateTime)
  # Optionally, ensure it's a research paper (not review, etc.)
  ?paper wdt:P31 wd:Q18918145 .   # Instance of research paper (optional)
  SERVICE wikibase:label { bd:serviceParam wikibase:language ""en"". }
}
ORDER BY DESC(?date)
LIMIT 20",True,,True,,0.0,na,na,0
332,complex,List the languages of poems and their first lines.,"SELECT ?poem ?poemLabel ?language ?languageLabel ?firstLine WHERE {
  ?poem wdt:P31 wd:Q5185279.
  OPTIONAL { ?poem wdt:P407 ?language. }
  OPTIONAL { ?poem wdt:P1922 ?firstLine. }
  SERVICE wikibase:label { bd:serviceParam wikibase:language ""en"". }
}",True,,True,,0.0,0.0,0.0,5
333,complex,List all colors with multiple RGB values.,"SELECT ?color ?rgbValue WHERE {
  ?color wdt:P31 wd:Q1075.  # Instance of ""color""
  ?color wdt:P688 ?rgbValue.  # Has RGB value
} GROUP BY ?color HAVING (COUNT(?rgbValue) > 1)
ORDER BY ?color",False,,False,http_400,0.0,0.0,0.0,0
334,complex,"List the occupations of people born in New Zealand, ranked by popularity.","PREFIX wd: <http://www.wikidata.org/entity/>
PREFIX wdt: <http://www.wikidata.org/prop/direct/>
PREFIX wikibase: <http://wikiba.se/ontology#>

SELECT ?occupationLabel (COUNT(DISTINCT ?person) AS ?count) WHERE {
  ?person wdt:P31 wd:Q5 .                     # human
  ?person wdt:P19 ?birthPlace .               # place of birth
  ?birthPlace wdt:P17 wd:Q664 .               # located in New Zealand
  ?person wdt:P106 ?occupation .              # occupation
  SERVICE wikibase:label { bd:serviceParam wikibase:language ""en"". }
}
GROUP BY ?occupationLabel
ORDER BY DESC(?count)",True,,True,,1.0,na,1.0,1
335,complex,List all fibulas in Musée Saint-Raymond along with their dates and materials.,"SELECT ?item ?itemLabel ?date ?materialLabel WHERE {
  ?item wdt:P31 wd:Q1330117.        # any item that is a fibula (brooch)
  ?item wdt:P170 wd:Q3320584.       # owned by or in the collection of Musée Saint-Raymond
  OPTIONAL { ?item wdt:P571 ?date. }
  OPTIONAL { ?item wdt:P186 ?material. }
  SERVICE wikibase:label { bd:serviceParam wikibase:language ""en"". }
}",True,,True,,0.0,0.0,0.0,0
336,complex,Find individuals with Electronic Enlightenment IDs but no Wikipedia articles in any language.,"SELECT ?item ?itemLabel WHERE {
  ?item wdt:P31 wd:Q5 .          # human individual
  ?item wdt:P8809 [] .           # has Electronic Enlightenment ID
  FILTER NOT EXISTS { ?item wikibase:sitelink [] }  # no Wikipedia article in any language
  SERVICE wikibase:label { bd:serviceParam wikibase:language ""en"". }
}",True,,True,,0.0,0.0,na,529
337,complex,Show me a map of places where accused witches lived.,"SELECT ?place ?placeLabel ?coordinates WHERE {
  ?person wdt:P31 wd:Q5;                # instance of human
           wdt:P106 wd:Q170584;         # occupation: witch
           wdt:P551 ?place.             # place of residence
  ?place wdt:P625 ?coordinates.         # get coordinates
  SERVICE wikibase:label { bd:serviceParam wikibase:language ""en"". }
}",True,,True,,0.0,0.0,0.0,0
338,complex,What are the COVID-19 cases in different Indian states?,"SELECT ?state ?stateLabel ?cases ?date WHERE {
  ?state wdt:P31 wd:Q503624; wdt:P17 wd:Q668.
  ?state p:P1603 ?casesStatement.
  ?casesStatement ps:P1603 ?cases;
                 pq:P585 ?date.
  {
    SELECT ?state (MAX(?date) AS ?maxDate) WHERE {
      ?state wdt:P31 wd:Q503624; wdt:P17 wd:Q668.
      ?state p:P1603 ?casesStatement.
      ?casesStatement pq:P585 ?date.
    } GROUP BY ?state
  }
  FILTER(?date = ?maxDate)
  SERVICE wikibase:label { bd:serviceParam wikibase:language ""en"". }
}
ORDER BY DESC(?cases)",True,,True,,0.0,0.0,0.0,0
339,complex,Find paintings with 'portrait' in their name that do not depict anything.,"SELECT ?painting ?paintingLabel WHERE {
  ?painting wdt:P31 wd:Q3305213.  # Instance of painting
  ?painting rdfs:label ?paintingLabel.
  FILTER(CONTAINS(LCASE(?paintingLabel), ""portrait""))
  FILTER NOT EXISTS {
    ?painting wdt:P180 ?depicts.   # Depicts something
  }
  SERVICE wikibase:label { bd:serviceParam wikibase:language ""en"". }
}",True,,True,,0.0,0.0,0.0,69771
340,complex,List all countries with an average player weight above 80 kilos in the FIFA World Cup 2022.,"SELECT ?country (AVG(?weight) AS ?avgWeight) WHERE {
  # 2022 FIFA World Cup
  wd:Q284135 p:P1923 ?teamStatement .
  ?teamStatement ps:P1923 ?team .
  
  # Get English label for the country
  ?team rdfs:label ?country .
  FILTER(LANG(?country) = ""en"")
  
  # Players that were members of the team for this tournament
  ?player p:P54 ?membership .
  ?membership",False,,False,http_400,0.0,0.0,0.0,0
341,complex,Find items in the UK with coordinates near 1 degree 50 west longitude.,"SELECT ?item ?itemLabel ?coord WHERE {
  ?item wdt:P625 ?coord.
  ?item wdt:P17 wd:Q145.
  FILTER(geof:longitude(?coord) > -1.93333 && geof:longitude(?coord) < -1.73333)
  SERVICE wikibase:label { bd:serviceParam wikibase:language ""en"".",False,,False,http_400,0.0,0.0,0.0,0
342,complex,What languages are used in Wikidata lexemes?,"SELECT DISTINCT ?language ?languageLabel WHERE {
  ?lexeme a wikibase:Lexeme ;
          wikibase:lexicalCategory ?category ;
          dct:language ?language .
  SERVICE wikibase:label { bd:serviceParam wikibase:language ""en"". }
}",True,,True,,0.0,0.0,na,1495
343,complex,List the awards with the highest percentage of female recipients.,"SELECT ?award ?label ?percentage WHERE {
  {
    SELECT ?award (COUNT(DISTINCT ?femaleRecipient) / COUNT(DISTINCT ?recipient) AS ?percentage) WHERE {
      ?award wdt:P31 wd:Q618779. # instance of award
      ?award wdt:P1027 ?recipient. # recipients of the award
      OPTIONAL { ?femaleRecipient wdt:P21 wd:Q6581072. } # female gender
    }
    GROUP BY ?award
    HAVING (COUNT(DISTINCT ?recipient) > 0)
  }
  SERVICE wikibase:label { bd:serviceParam wikibase:language ""en"". }
  ?award rdfs:label ?label.
}
ORDER BY DESC(?percentage)",False,,False,timeout,0.0,0.0,0.0,0
344,complex,List the names of fictional characters created by French authors.,"PREFIX wd: <http://www.wikidata.org/entity/>
PREFIX wdt: <http://www.wikidata.org/prop/direct/>
PREFIX wikibase: <http://wikiba.se/ontology#>
PREFIX bd: <http://www.bigdata.com/rdf#>

SELECT DISTINCT ?characterLabel WHERE {
  ?character wdt:P31/wdt:P279* wd:Q95074 .
  ?character wdt:P170 ?creator .
  ?creator wdt:P27 wd:Q142 .
  SERVICE wikibase:label { bd:serviceParam wikibase:language ""en"". }
}",True,,True,,0.0,na,na,0
345,complex,List names similar to Filaret.,"SELECT ?name ?nameLabel WHERE {
  ?name wdt:P31 wd:Q202444.          # instance of given name
  ?name rdfs:label ?nameLabel.
  FILTER(LANG(?nameLabel) = ""en"" && CONTAINS(?nameLabel, ""Fil""))
}
ORDER BY ?nameLabel
LIMIT 50",True,,True,,0.0,0.0,0.0,26
346,complex,List the most cited Danish authors.,"SELECT ?author ?authorLabel ?citations WHERE {
  ?author wdt:P31 wd:Q5;          # instance of human
          wdt:P27 wd:Q35;         # nationality Denmark
          wdt:P106 wd:Q482980;    # occupation author
          wdt:P1088 ?citations.   # number of citations
  SERVICE wikibase:label { bd:serviceParam wikibase:language ""en"". }
}
ORDER BY DESC(?citations)
LIMIT 100",True,,True,,0.0,na,na,0
347,complex,List all World Snooker Champions along with their total number of wins.,"SELECT ?champion ?championLabel (COUNT(?event) AS ?wins) WHERE {
  ?event wdt:P31 wd:Q16510064 ;   # instance of snooker tournament
         wdt:P17 wd:Q145 ;        # country United Kingdom (World Snooker Championship)
         wdt:P585 ?date ;         # point in time
         wdt:P1346 ?champion .    # winner
  SERVICE wikibase:label { bd:serviceParam wikibase:language ""en"". }
}
GROUP BY ?champion ?championLabel
ORDER BY DESC(?wins)",False,,True,,0.005,0.0,0.1667,199
348,complex,List all economists along with their birthplaces and years.,"SELECT ?economist ?birthplace ?birthYear WHERE {
  ?economist wdt:P106 wd:Q188094 .  # occupation: economist
  OPTIONAL { ?economist wdt:P19 ?birthplace . }  # place of birth
  OPTIONAL { ?economist wdt:P569 ?birthYear . }  # date of birth
}",True,,True,,0.1103,0.154,0.0,87518
349,complex,List all artworks falsely attributed to Johannes Vermeer.,"SELECT ?artwork ?artworkLabel WHERE {
  ?artwork wdt:P31 wd:Q3305213.  # Instance of painting
  ?artwork wdt:P170 wd:Q41264.   # Creator Johannes Vermeer
  ?artwork wdt:P127 ?claim.      # Has a claim about attribution
  ?claim wdt:P31 wd:Q189181.     # Claim is a false attribution
  SERVICE wikibase:label { bd:serviceParam wikibase:language ""en"". }
}",True,,True,,0.0,na,na,0
350,complex,List all fictional spaceship captains from the Star Trek universe.,"SELECT ?captain ?captainLabel WHERE {
  ?captain wdt:P106 wd:Q26235949 ;  # occupation: starship captain
           wdt:P1080 wd:Q1092 .     # fictional universe: Star Trek
  SERVICE wikibase:label { bd:serviceParam wikibase:language ""en"". }
}
ORDER BY ?captainLabel",True,,True,,0.0,0.0,na,0
351,complex,List the people buried at Pere Lachaise Cemetery along with their birthplace and date of birth.,"PREFIX wd: <http://www.wikidata.org/entity/>
PREFIX wdt: <http://www.wikidata.org/prop/direct/>
PREFIX wikibase: <http://wikiba.se/ontology#>
PREFIX bd: <http://www.bigdata.com/rdf#>

SELECT ?person ?personLabel ?birthplaceLabel ?dateOfBirth WHERE {
  ?person wdt:P31 wd:Q5 ;
          wdt:P119 wd:Q272000 .
  OPTIONAL { ?person wdt:P19 ?birthplace . }
  OPTIONAL { ?person wdt:P569 ?dateOfBirth . }
  SERVICE wikibase:label { bd:serviceParam wikibase:language ""en"". }
}
ORDER BY ?personLabel",True,,True,,0.0,0.0,0.0,0
352,complex,List all Swedish forms without examples.,PREFIX w,False,,False,http_400,0.0,0.0,0.0,0
353,complex,What are the subclasses of malware?,"SELECT ?subclass ?subclassLabel WHERE {
  ?subclass wdt:P279 wd:Q14001.
  SERVICE wikibase:label { bd:serviceParam wikibase:language ""en"". }
}",True,,True,,0.0,0.0,na,27
354,complex,What percentage of Nobel Prize winners are women?,"PREFIX wd: <http://www.wikidata.org/entity/>
PREFIX wdt: <http://www.wikidata.org/prop/direct/>

SELECT ?percentage WHERE {
  {
    SELECT (COUNT(DISTINCT ?person) AS ?total) WHERE {
      ?person wdt:P8024 [] .
    }
  }
  {
    SELECT (COUNT(DISTINCT ?woman) AS ?female) WHERE {
      ?woman wdt:P8024 [] ;
             wdt:P21 wd:Q6581072 .
    }
  }
  BIND((?female / ?total) * 100 AS ?percentage)
}",True,,True,,0.0,0.0,0.0,1
355,complex,List all Wikipedia articles about controversies with the most language versions.,"SELECT ?item ?itemLabel (COUNT(DISTINCT ?sitelink) AS ?languageCount) WHERE {
  ?item wdt:P31 wd:Q198891.  # instance of controversy
  ?sitelink schema:about ?item ;
            schema:isPartOf <https://en.wikipedia.org/> .
  SERVICE wikibase:label { bd:serviceParam wikibase:language ""en"". }
}
GROUP BY ?item ?itemLabel
ORDER BY DESC(?languageCount)",True,,True,,0.0,na,na,0
356,complex,List all science fiction movies and series featuring an actor born in Liverpool.,"SELECT DISTINCT ?item ?itemLabel WHERE {
  # Find actors born in Liverpool
  ?actor wdt:P106 wd:Q33999 ;          # occupation: actor
         wdt:P19 wd:Q24826 .           # place of birth: Liverpool
  # Find movies or series that feature this actor
  ?item wdt:P31 wd:Q11424 ;            # instance of: film
        wdt:P161 ?actor ;              # cast member: actor
        wdt:P136 wd:Q1054574 .         # genre: science fiction
  UNION
  ?item wdt:P31 wd:Q5398426 ;          # instance of: television series
        wdt:P161 ?actor ;              # cast member: actor
        wdt:P136 wd:Q1054574 .         # genre: science fiction
  SERVICE wikibase:label { bd:serviceParam wikibase:language ""en"". }
}",False,,False,http_400,0.0,0.0,0.0,0
357,complex,List all government agencies operating in Scotland.,"SELECT ?agency ?agencyLabel WHERE {
  ?agency (wdt:P31/wdt:P279*) wd:Q31728.
  ?agency wdt:P1001 wd:Q145.
  SERVICE wikibase:label { bd:serviceParam wikibase:language ""en"". }
}",True,,True,,0.0,0.0,na,0
358,complex,List all manuscript collections with their official websites.,"SELECT ?item ?itemLabel ?website WHERE {
  ?item wdt:P31 wd:Q21010864 .  # instance of manuscript collection
  ?item wdt:P856 ?website .     # has official website
  SERVICE wikibase:label { bd:serviceParam wikibase:language ""en"". }
}",True,,True,,0.0,0.0,0.0,0
359,complex,List all infectious diseases with their minimum and maximum incubation periods in humans.,"SELECT ?disease ?diseaseLabel ?minIncubation ?maxIncubation WHERE {
  ?disease wdt:P31 wd:Q12136 .          # Instance of infectious disease
  ?disease wdt:P3074 ?minIncubation .   # Minimum incubation period
  ?disease wdt:P3075 ?maxIncubation .   # Maximum incubation period
  SERVICE wikibase:label { bd:serviceParam wikibase:language ""en"". }
}",True,,True,,0.0,na,0.0,0
360,complex,Find the railway stations between Dibrugarh and Scottish Highlands with the fewest stops.,,False,empty response after retries,False,no_query,0.0,0.0,0.0,0
361,complex,Show me a map of people buried in Pere Lachaise Cemetery organized by their place of birth.,"SELECT ?person ?personLabel ?placeOfBirth ?placeOfBirthLabel ?coordinates WHERE {
  ?person wdt:P119 wd:Q784.  # buried in Pere Lachaise Cemetery
  ?person wdt:P19 ?placeOfBirth.  # place of birth
  ?placeOfBirth wdt:P625 ?coordinates.  # coordinates of place of birth
  SERVICE wikibase:label { bd:serviceParam wikibase:language ""en"". }
}",True,,True,,0.0,0.0,0.0,0
362,complex,List plant genera named after female botanists.,"SELECT ?genus ?genusLabel ?botanist ?botanistLabel WHERE {
  ?genus wdt:P31 wd:Q16521 ;         # instance of taxon
         wdt:P105 wd:Q34740 ;        # taxon rank: genus
         wdt:P138 ?botanist .        # named after
  ?botanist wdt:P106 wd:Q2374149 ;   # occupation: botanist
             wdt:P21 wd:Q6581072 .   # gender: female
  SERVICE wikibase:label { bd:serviceParam wikibase:language ""en"". }
}",True,,True,,0.8195,0.8195,na,631
363,complex,List the languages with the most examples in Wikidata's lexicographical data.,"SELECT ?language ?languageLabel (COUNT(?lexeme) AS ?count) WHERE {
  ?lexeme dct:language ?language .
  SERVICE wikibase:label { bd:serviceParam wikibase:language ""en"". }
}
GROUP BY ?language ?languageLabel
ORDER BY DESC(?count)
LIMIT 10",False,,True,,0.0,0.0,0.0,20
364,complex,List the top scorers in the 2018 FIFA World Cup.,"SELECT ?player ?playerLabel ?goals WHERE {
  ?player p:P31 ?statement.
  ?statement ps:P31 wd:Q5.
  ?player p:P166 ?awardStatement.
  ?awardStatement ps:P166 wd:Q193197.
  ?awardStatement pq:P1686 wd:Q170494.
  ?awardStatement pq:P1352 ?goals.
  SERVICE wikibase:label { bd:serviceParam wikibase:language ""en"". }
}
ORDER BY DESC(?goals)",True,,True,,0.0,na,na,0
365,complex,Show the workplaces of Philip de László on a map.,"SELECT ?workplace ?workplaceLabel ?coordinates WHERE {
  wd:Q718532 wdt:P937 ?workplace .  # Philip de László's workplace
  ?workplace wdt:P625 ?coordinates . # coordinates of the workplace
  SERVICE wikibase:label { bd:serviceParam wikibase:language ""en"". }
}",True,,True,,0.0,na,na,0
366,complex,List the universities attended by creators of popular programming languages.,"SELECT ?university ?universityLabel ?person ?personLabel WHERE {
  # First, find the creators of popular programming languages
  ?programmingLanguage wdt:P31 wd:Q9143;         # instance of programming language
                       wdt:P178 ?person.         # creator (developer) of the language
  
  # Define some popular programming languages (optional filter, you can extend)
  VALUES ?programmingLanguage {
    wd:Q1800    # Python
    wd:Q5513    # Java
    wd:Q131310  # JavaScript
    wd:Q7568    # C++
    wd:Q1571    # C
    wd:Q1820    # C#
    wd:Q1330    # PHP
    wd:Q3801    # Ruby
    wd:Q398     # Perl
    wd:Q315     # Swift
    wd:Q7375    # Go
    wd:Q414     # Rust
    wd:Q28250   # TypeScript
    wd:Q5312    # Dart
    wd:Q12136   # Kotlin
  }
  
  # Get the university attended by the creator
  ?person wdt:P69 ?university.  # educated at
  
  SERVICE wikibase:label { bd:serviceParam wikibase:language ""en"". }
}
ORDER BY ?universityLabel ?personLabel",True,,True,,0.0,0.0,0.0,0
367,complex,List the female Oxford University alumni who are not from the United Kingdom.,"SELECT ?person ?personLabel WHERE {
  ?person wdt:P69 wd:Q34433.  # educated at Oxford University
  ?person wdt:P21 wd:Q6581072. # female
  ?person wdt:P27 ?country.   # country of citizenship
  FILTER(?country != wd:Q145) # not United Kingdom
  SERVICE wikibase:label { bd:serviceParam wikibase:language ""en"". }
}",True,,True,,0.1517,0.1729,0.0,761
368,complex,"List people born in Czechia who died in Germany, grouped by decade of birth.","PREFIX wd: <http://www.wikidata.org/entity/>
PREFIX wdt: <http://www.wikidata.org/prop/direct/>
PREFIX wikibase: <http://wikiba.se/ontology#>
PREFIX bd: <http://www.bigdata.com/rdf#>

SELECT ?decade ?person ?personLabel WHERE {
  ?person wdt:P31 wd:Q5 ;
          wdt:P19/wdt:P17 wd:Q213 ;
          wdt:P20/wdt:P17 wd:Q183 ;
          wdt:P569 ?birthDate .
  BIND(YEAR(?birthDate) AS ?year)
  BIND(FLOOR(?year/10)*10 AS ?decade)
  SERVICE wikibase:label { bd:serviceParam wikibase:language ""en"". }
}
ORDER BY ?decade ?personLabel",True,,True,,0.0,0.0,0.0,4347
369,complex,List the names of English monarchs and their causes of death.,"SELECT ?monarch ?monarchLabel ?causeOfDeathLabel WHERE {
  ?monarch wdt:P39 wd:Q131151 .          # position held: monarch of England
  OPTIONAL { ?monarch wdt:P509 ?causeOfDeath . }  # cause of death
  SERVICE wikibase:label { bd:serviceParam wikibase:language ""en"". }
}",True,,True,,0.0,na,0.0,0
370,complex,What are the most common subjects depicted in both the Cleveland Museum of Art and Ashmolean Museum collections?,"SELECT ?subject (SAMPLE(?label) AS ?subjectLabel) (COUNT(DISTINCT ?work) AS ?count) WHERE {
  ?work wdt:P195 ?collection; wdt:P180 ?subject.
  FILTER(?collection IN (wd:Q657415, wd:Q636400))
  ?subject rdfs:label ?label. FILTER(LANG(?label) = ""en"")
}
GROUP BY ?subject
HAVING (COUNT(DISTINCT ?collection) = 2)
ORDER BY DESC(?count)
LIMIT 10",True,,True,,0.0256,0.0241,0.0377,30
371,complex,List the number of music albums by language in descending order.,"SELECT ?languageLabel (COUNT(?album) AS ?count) WHERE {
  ?album wdt:P31 wd:Q482994 ;       # music album
         wdt:P407 ?language .       # language of work or name
  SERVICE wikibase:label { bd:serviceParam wikibase:language ""en"". }
}
GROUP BY ?language ?languageLabel
ORDER BY DESC(?count)",True,,True,,0.2532,0.0,0.99,99
372,complex,List the capitals of two countries that are not bordering and are less than 200 km apart.,"PREFIX wd: <http://www.wikidata.org/entity/>
PREFIX wdt: <http://www.wikidata.org/prop/direct/>
PREFIX p: <http://www.wikidata.org/prop/>
PREFIX ps: <http://www.wikidata.org/prop/statement/>
PREFIX pq: <http://www.wikidata.org/prop/qualifier/>
PREFIX geo: <http://www.opengis.net/ont/geosparql#>
PREFIX geof: <http://www.opengis.net/def/function/geosparql/>

SELECT ?capital1 ?capital2 ?distance WHERE {
  # Find two countries
  ?country1 wdt:P31 wd:Q6256.  # Instance of country
  ?country2 wdt:P31 wd:Q6256.
  FILTER(?country1 != ?country2)
  
  # Get their capitals
  ?country1 wdt:P36 ?capital1.
  ?country2 wdt:P36 ?capital2.
  
  # Get coordinates of capitals
  ?capital1 wdt:P625 ?coord1.
  ?capital2 wdt:P625 ?coord2.
  
  # Calculate distance in kilometers
  BIND(geof:distance(?coord1, ?coord2) AS ?distance)
  FILTER(?distance < 200)
  
  # Ensure countries are not bordering each other
  FILTER NOT EXISTS {
    ?country1 wdt:P47 ?country2.
  }
}",False,,True,,0.0,0.0,0.0,54
373,complex,What are the artworks in the Khalili Collections that have images?,"PREFIX wdt: <http://www.wikidata.org/prop/direct/>
PREFIX rdfs: <http://www.w3.org/2000/01/rdf-schema#>

SELECT ?artwork ?image WHERE {
  ?artwork wdt:P195 ?collection .
  ?collection rdfs:label ""Khalili Collections""@en .
  ?artwork wdt:P18 ?image .
}",True,,True,,0.0,na,0.0,0
374,complex,List all individuals with multiple social media accounts that differ only in capitalization.,"SELECT ?person ?account1 ?account2 WHERE {
  ?person wdt:P31 wd:Q5.  # Instance of human
  ?person wdt:P553 ?account1.  # Social media account
  ?person wdt:P553 ?account2.  # Another social media account
  FILTER(STR(?account1) != STR(?account2) && LCASE(STR(?account1)) = LCASE(STR(?account2)))
}",True,,True,,0.0,0.0,0.0,0
375,complex,What are the first letters of free software names?,"SELECT DISTINCT (SUBSTR(?label, 1, 1) AS ?firstLetter) WHERE {
  ?software wdt:P31/wdt:P279* wd:Q341 .
  ?software rdfs:label ?label .
  FILTER(LANG(?label) = ""en"")
}
ORDER BY ?firstLetter",True,,True,,0.4078,na,0.4078,68
376,complex,List the countries with their number of demonstrations.,"SELECT ?country (COUNT(?demonstration) AS ?numberOfDemonstrations) WHERE {
  ?demonstration wdt:P31 wd:Q175331;  # instance of demonstration
                 wdt:P17 ?country.    # country
  ?country wdt:P31 wd:Q3624078.       # instance of sovereign state
}
GROUP BY ?country
ORDER BY DESC(?numberOfDemonstrations)",False,,True,,0.5774,0.6222,0.3939,105
377,complex,What museums are near Cesis?,"SELECT ?museum ?museumLabel WHERE {
  ?museum wdt:P31 wd:Q33506.
  ?museum wdt:P131 wd:Q171946.
  SERVICE wikibase:label { bd:serviceParam wikibase:language ""en"". }
}",True,,True,,0.0,na,na,0
378,complex,List all Nobel Prize categories by gender of the winners.,"SELECT ?category ?genderLabel (COUNT(DISTINCT ?winner) AS ?count) WHERE {
  ?nobel wdt:P31 wd:Q7191.          # instance of Nobel Prize
  ?nobel wdt:P361 ?category.        # part of prize category
  ?nobel wdt:P1027 ?winner.         # awarded to winner
  ?winner wdt:P21 ?gender.          # gender of winner
  SERVICE wikibase:label { bd:serviceParam wikibase:language ""en"". }
}
GROUP BY ?category ?gender ?genderLabel
ORDER BY ?category ?genderLabel",True,,True,,0.0,na,na,0
379,complex,List artists who died in concentration camps during World War II.,SELECT ?artist ?artistLabel ?deathDate ?camp ?campLabel WHERE,False,,False,http_400,0.0,0.0,0.0,0
380,complex,"List databases with a SPARQL endpoint, ranked by the number of IDs known to Wikidata.","SELECT ?database ?databaseLabel (COUNT(?id) AS ?idCount) WHERE {
  ?database wdt:P31 wd:Q8513.                # instance of database
  ?database wdt:P1893 ?endpoint.             # has SPARQL endpoint
  FILTER(CONTAINS(LCASE(?endpoint), ""sparql""))
  OPTIONAL { ?database wdt:P31/wdt:P279* wd:Q8513. } # ensure it's a database
  ?id wikibase:property ?property.           # any property used as ID
  ?database wdt:P31 ?instance.
  ?database wdt:P1893 ?endpoint.
  ?database wdt:P31 ?instance.
  ?database wdt:P1893 ?endpoint.
  ?database wdt:P31 ?instance.
  ?database wdt:P1893 ?endpoint.
  ?database wdt:P31 ?instance.
  ?database wdt:P1893 ?endpoint.
  ?database wdt:P31 ?instance.
  ?database wdt:P1893 ?endpoint.
  ?database wdt:P31 ?instance.
  ?database wdt:P1893 ?endpoint.
  ?database wdt:P31 ?instance.
  ?database wdt:P1893 ?endpoint.
  ?database wdt:P31 ?instance.
  ?database wdt:P1893 ?endpoint.
  ?database wdt:P31 ?instance.
  ?database wdt:P1893 ?endpoint.
  ?database wdt:P31 ?instance.
  ?database wdt:P1893 ?endpoint.
  ?database wdt:P31 ?instance.
  ?database wdt:P1893 ?endpoint.
  ?database wdt:P31 ?instance.
  ?database wdt:P1893 ?endpoint.
  ?database wdt:P31 ?instance.
  ?database wdt:P1893 ?endpoint.
  ?database wdt:P31 ?instance.
  ?database wdt:P1893 ?endpoint.
  ?database wdt:P31 ?instance.
  ?database wdt:P1893 ?endpoint.
  ?database wdt:P31 ?instance.
  ?database wdt:P1893 ?endpoint.
  ?database wdt:P31 ?instance.
  ?database wdt:P1893 ?endpoint.
  ?database wdt:P31 ?instance.
  ?database wdt:P1893 ?endpoint.
  ?database wdt:P31 ?instance.
  ?database wdt:P1893 ?endpoint.
  ?database wdt:P31 ?instance.
  ?database wdt:P1893 ?endpoint.
  ?database wdt:P31 ?instance.
  ?database wdt:P1893 ?endpoint.
  ?database wdt:P31 ?instance.
  ?database wdt:P1893 ?endpoint.
  ?database wdt:P31 ?instance.
  ?database wdt:P1893 ?endpoint.
  ?database wdt:P31 ?instance.
  ?database wdt:P1893 ?endpoint.
  ?database wdt:P31 ?instance.
  ?database wdt:P1893 ?endpoint.
  ?database wdt:P31 ?instance.
  ?database wdt:P1893 ?endpoint.
  ?database wdt:P31 ?instance.
  ?database wdt:P1893 ?endpoint.
  ?database wdt:P31 ?instance.
  ?database wdt:P1893 ?endpoint.
  ?database wdt:P31 ?instance.
  ?database wdt:P1893 ?endpoint.
  ?database wdt:P31 ?instance.
  ?database wdt:P1893 ?endpoint.
  ?database wdt:P31 ?instance.
  ?database wdt:P1893 ?endpoint.
  ?database wdt:P31 ?instance.
  ?database wdt:P1893 ?endpoint.
  ?database wdt:P31 ?instance.
  ?database wdt:P1893 ?endpoint.
  ?database wdt:P31 ?instance.
  ?database wdt:P1893 ?endpoint.
  ?database wdt:P31 ?instance.
  ?database wdt:P1893 ?endpoint.
  ?database wdt:P31 ?instance.
  ?database wdt:P1893 ?endpoint.
  ?database wdt:P31 ?instance.
  ?database wdt:P1893 ?endpoint.
  ?database wdt:P31 ?instance.
  ?database wdt:P1893 ?endpoint.
  ?database wdt:P31 ?instance.
  ?database wdt:P1893 ?endpoint.
  ?database wdt:P31 ?instance.
  ?database wdt:P1893 ?endpoint.
  ?database wdt:P31 ?instance.
  ?database",False,,False,http_400,0.0,0.0,0.0,0
381,complex,How many French words are linked to a single dictionary?,"SELECT (COUNT(DISTINCT ?word) AS ?count) WHERE {
  ?word wdt:P31 wd:Q8171 ;          # instance of word
        wdt:P518 ?dictionary .      # has dictionary
  FILTER NOT EXISTS {
    ?word wdt:P518 ?otherDictionary .
    FILTER (?otherDictionary != ?dictionary)
  }
}",True,,True,,0.0476,na,0.0476,1
382,complex,List all open-source research software categorized by field.,"SELECT ?software ?softwareLabel ?field ?fieldLabel WHERE {
  ?software wdt:P31 wd:Q1130645.   # instance of open-source software
  ?software wdt:P31 wd:Q739627.    # instance of research software
  ?software wdt:P31 wd:Q739627.    # instance of research software (redundant, but ensures both)
  ?software wdt:P101 ?field.       # field of work
  SERVICE wikibase:label { bd:serviceParam wikibase:language ""en"". }
}",True,,True,,0.0,0.0,na,0
383,complex,"List people who died in 2018, ranked by the number of Wikipedia pages they are mentioned on.","SELECT ?person ?personLabel ?deathDate ?sitelinkCount WHERE {
  ?person wdt:P31 wd:Q5 ;          # instance of human
          wdt:P570 ?deathDate .    # date of death
  FILTER(YEAR(?deathDate) = 2018)
  BIND(wikibase:sitelinks(?person) AS ?sitelinkCount)
  SERVICE wikibase:label { bd:serviceParam wikibase:language ""en"". }
}
ORDER BY DESC(?sitelinkCount)
LIMIT 1000",False,,False,http_400,0.0,0.0,0.0,0
384,complex,List all individuals born in Wales who have held the position of head of government.,"PREFIX wd: <http://www.wikidata.org/entity/>
PREFIX wdt: <http://www.wikidata.org/prop/direct/>
PREFIX wikibase: <http://wikiba.se/ontology#>
PREFIX bd: <http://www.bigdata.com/rdf#>

SELECT DISTINCT ?person ?personLabel ?position ?positionLabel WHERE {
  ?person wdt:P31 wd:Q5 .                   # human
  ?person wdt:P19 ?place .                  # place of birth
  ?place wdt:P131* wd:Q25 .                 # located in Wales (directly or indirectly)
  ?person wdt:P39 ?position .               # position held
  ?position wdt:P279* wd:Q131092 .          # subclass of head of government
  SERVICE wikibase:label { bd:serviceParam wikibase:language ""en"". }
}
ORDER BY ?personLabel",True,,True,,0.0,na,na,0
385,complex,What are the properties that connect a church to its patron saint?,"SELECT ?item ?itemLabel ?property ?propertyLabel WHERE {
  ?item wdt:P31 wd:Q16970.  # Instance of church building
  ?item ?property wd:Q39748. # Property pointing to patron saint (Q39748)
  SERVICE wikibase:label { bd:serviceParam wikibase:language ""en"". }
}",True,,True,,0.0,na,0.0,0
386,complex,What are the longest rivers in France that do not have a department named after them?,"PREFIX wd: <http://www.wikidata.org/entity/>
PREFIX wdt: <http://www.wikidata.org/prop/direct/>
PREFIX wikibase: <http://wikiba.se/ontology#>
PREFIX bd: <http://www.bigdata.com/rdf#>

SELECT ?river ?riverLabel ?length WHERE {
  ?river wdt:P31 wd:Q4022;  # instance of river
         wdt:P17 wd:Q142;   # country France
         wdt:P2043 ?length. # length
  FILTER NOT EXISTS {
    ?department wdt:P31 wd:Q6465; # department of France
               wdt:P138 ?river.   # named after the river
  }
  SERVICE wikibase:label { bd:serviceParam wikibase:language ""fr"". }
}
ORDER BY DESC(?length)
LIMIT 10",False,,True,,0.0,0.0,0.0,20
387,complex,List all biological pathways with their corresponding protein structures in the PDB database.,"PREFIX wd: <http://www.wikidata.org/entity/>
PREFIX wdt: <http://www.wikidata.org/prop/direct/>
PREFIX p: <http://www.wikidata.org/prop/>
PREFIX ps: <http://www.wikidata.org/prop/statement/>
PREFIX pq: <http://www.wikidata.org/prop/qualifier/>

SELECT DISTINCT ?pathway ?pathwayLabel ?pdbId ?proteinStructure ?proteinStructureLabel
WHERE {
  ?pathway wdt:P31 wd:Q4915012.  # instance of biological pathway
  ?pathway wdt:P527 ?protein.    # has part (gene product)
  ?protein wdt:P638 ?pdbId.      # PDB structure ID
  BIND(IRI(CONCAT(""http://www.wikidata.org/entity/"", ?pdbId)) AS ?proteinStructure)
  SERVICE wikibase:label { bd:serviceParam wikibase:language ""[AUTO_LANGUAGE],en"". }
}
ORDER BY ?pathwayLabel ?pdbId",True,,True,,0.0183,0.0586,0.0,10354
388,complex,List the properties used in instances of public libraries along with their frequency.,"SELECT ?property (COUNT(?property) AS ?frequency) WHERE {
  ?library wdt:P31 wd:Q7075.  # instance of public library
  ?library ?property ?value.
}
GROUP BY ?property
ORDER BY DESC(?frequency)",True,,True,,0.0,na,0.0,2521
389,complex,What scenes are depicted in Mediterranean Scenes drawings?,"SELECT ?scene ?sceneLabel WHERE {
  wd:Q1061470 wdt:P180 ?scene .  # Mediterranean Scenes (Q1061470) depicts something
  SERVICE wikibase:label { bd:serviceParam wikibase:language ""en"". }
}",True,,True,,0.0,0.0,0.0,0
390,complex,List all stages of the Tour de France.,"SELECT ?stage ?stageLabel WHERE {
  wd:Q33881 wdt:P31 wd:Q5.  # Tour de France is a human (instance of)
  ?stage wdt:P31 wd:Q5.     # Stage is a human (instance of)
  ?stage wdt:P361 wd:Q33881. # Stage is part of Tour de France
  SERVICE wikibase:label { bd:serviceParam wikibase:language ""en"". }
}",True,,True,,0.0,na,na,0
391,complex,List the most populous first-level country subdivisions without a legislative body.,"SELECT ?subdivision ?subdivisionLabel ?population WHERE {
  ?subdivision wdt:P31 wd:Q10864048;  # instance of first-level administrative division
               wdt:P1082 ?population; # has population
               wdt:P194 ?legislature. # has legislative body
  FILTER NOT EXISTS { ?subdivision wdt:P194 [] } # no legislative body
  SERVICE wikibase:label { bd:serviceParam wikibase:language ""en"". }
}
ORDER BY DESC(?population)",True,,True,,0.0,na,na,0
392,complex,List the types of properties with their frequency and an example property for each type.,"SELECT ?propertyType (COUNT(?property) AS ?frequency) (SAMPLE(?property) AS ?exampleProperty) WHERE {
  ?property wikibase:propertyType ?propertyType .
}
GROUP BY ?propertyType
ORDER BY DESC(?frequency)",True,,True,,0.4186,na,0.4186,52
393,complex,List song titles that are also female given names.,"SELECT ?songTitle WHERE {
  ?song wdt:P31 wd:Q482994 ;  # instance of song
        wdt:P1476 ?songTitle . # title
  ?name wdt:P31 wd:Q11879590 ; # instance of female given name
        wdt:P1705 ?songTitle . # native label
}",True,,True,,0.0,na,0.0,99
394,complex,List all external identifiers from Wikidata.,"SELECT ?property ?propertyLabel WHERE {
  ?property wdt:P31 wd:Q19847637.
  SERVICE wikibase:label { bd:serviceParam wikibase:language ""en"". }
}",True,,True,,0.0951,na,0.0951,1953
395,complex,List mathematicians born in years that are prime numbers.,"SELECT ?mathematician ?birthYear WHERE {
  ?mathematician wdt:P106 wd:Q170790 .
  ?mathematician wdt:P569 ?birthDate .
  BIND(YEAR(?birthDate) AS ?birthYear)
  FILTER(?birthYear > 1)
  FILTER(
    ?birthYear IN (2,3,5,7,11,13,17,19,23,29,31,37,41,43,47,53)
    OR
    (?birthYear > 53 
     && ?birthYear % 2 != 0
     && ?birthYear % 3 != 0
     && ?birthYear % 5 != 0
     && ?birthYear % 7 != 0
     && ?birthYear % 11 != 0
     && ?birthYear % 13 != 0
     && ?birthYear % 17 != 0
     && ?birthYear % 19 != 0
     && ?birthYear % 23 != 0
     && ?birthYear % 29 != 0
     && ?birthYear % 31 != 0
     && ?birthYear % 37 != 0
     && ?birthYear % 41 != 0
     && ?birthYear % 43 != 0
     && ?birthYear % 47 != 0
     && ?birthYear % 53 != 0)
  )
}",False,,False,http_400,0.0,0.0,0.0,0
396,complex,"Show me the relationships between Elsa Lanchester, Charles Laughton, and other notable individuals.","SELECT DISTINCT ?personLabel ?propertyLabel ?otherLabel WHERE {
  VALUES ?person { wd:Q235025 wd:Q203712 }
  VALUES ?property { wdt:P26 wdt:P3373 wdt:P22 wdt:P25 wdt:P40 wdt:P1038 wdt:P451 wdt:P1290 wdt:P3448 wdt:P3449 }
  { ?person ?property ?other . } UNION { ?other ?property ?person . }
  ?other wdt:P31 wd:Q5 .
  SERVICE wikibase:label { bd:serviceParam wikibase:language ""en"". }
  FILTER(?person != ?other)
}",True,,False,http_500,0.0,0.0,0.0,0
397,complex,Find PubMed references related to renal cell carcinoma variants.,"SELECT ?pubmedId ?pubmedLabel WHERE {
  ?disease wdt:P31 wd:Q12136 ;            # instance of disease
            wdt:P279* wd:Q18555224 ;      # subclass of renal cell carcinoma (Q18555224)
            wdt:P698 ?pubmedId .          # PubMed ID
  SERVICE wikibase:label { bd:serviceParam wikibase:language ""en"". }
}",True,,True,,0.0,0.0,0.0,0
398,complex,What are the official songs of each U.S. state?,"SELECT ?stateLabel ?songLabel WHERE {
  ?state wdt:P31 wd:Q35657.   # instance of state of the United States
  ?state wdt:P85 ?song.       # official song
  SERVICE wikibase:label { bd:serviceParam wikibase:language ""en"". }
}
ORDER BY ?stateLabel",True,,True,,0.0,0.0,0.0,0
399,complex,What are the most common last names among humans?,"SELECT ?lastName (COUNT(?human) AS ?count) WHERE {
  ?human wdt:P31 wd:Q5.
  ?human wdt:P734 ?lastName.
}
GROUP BY ?lastName
ORDER BY DESC(?count)
LIMIT 10",False,,True,,0.1005,0.1,0.101,20
400,complex,"List all Basque people with known birthplaces on Wikipedia, grouped by the century they died in.","SELECT ?century ?person ?personLabel ?birthplace ?birthplaceLabel WHERE {
  # Find Basque people (people from the Basque Country, with Basque ethnicity, or born in Basque region)
  {
    ?person wdt:P172 wd:Q8191 .  # Ethnic group: Basque
  } UNION {
    ?person wdt:P19 ?birthplace .
    ?birthplace wdt:P17 wd:Q29 . # Birthplace located in Spain
    ?birthplace wdt:P131* wd:Q47588 . # Birthplace in Basque Country (autonomous community)
  } UNION {
    ?person wdt:P19 ?birthplace .
    ?birthplace wdt:P17 wd:Q31 . # Birthplace located in France
    ?birthplace wdt:P131* wd:Q188616 . # Birthplace in French Basque Country (Pyrénées-Atlantiques)
  }
  
  # Ensure they have a known birthplace (statement on Wikidata)
  ?person wdt:P19 ?birthplace .
  
  # Get death date to determine century
  ?person wdt:P570 ?deathDate .
  BIND(YEAR(?deathDate) AS ?deathYear)
  BIND(FLOOR(?deathYear / 100) + 1 AS ?centuryNum)
  BIND(CONCAT(STR(?centuryNum), ""th century"") AS ?century)
  
  # Ensure they have a Wikipedia article
  ?person wikibase:sitelink ?link .
  
  SERVICE wikibase:label { bd:serviceParam wikibase:language ""en"". }
}
GROUP BY ?century ?person ?personLabel ?birthplace ?birthplaceLabel
ORDER BY ?centuryNum ?personLabel",True,,True,,0.0,0.0,0.0,0
401,complex,What are the top companies by revenue in USD?,"SELECT ?company ?companyLabel ?revenue WHERE {
  ?company wdt:P31/wdt:P279* wd:Q4830453. # instance or subclass of business enterprise
  ?company p:P2139 ?revenueStmt.          # revenue statement
  ?revenueStmt ps:P2139 ?revenue;         # revenue value
              wikibase:quantityUnit wd:Q4917. # unit: US dollar
  SERVICE wikibase:label { bd:serviceParam wikibase:language ""en"". }
}
ORDER BY DESC(?revenue)
LIMIT 10",False,,True,,0.0,0.0,0.0,0
402,complex,What are the most gender-imbalanced occupations in the US?,"PREFIX wd: <http://www.wikidata.org/entity/>
PREFIX wdt: <http://www.wikidata.org/prop/direct/>
PREFIX p: <http://www.wikidata.org/prop/>
PREFIX ps: <http://www.wikidata.org/prop/statement/>
PREFIX pq: <http://www.wikidata.org/prop/qualifier/>
PREFIX pr: <http://www.wikidata.org/prop/reference/>

SELECT ?occupation ?occupationLabel ?maleCount ?femaleCount (ABS(?maleCount - ?femaleCount) AS ?genderImbalance)
WHERE {
  ?occupation wdt:P31 wd:Q12737077 .  # instance of occupation
  ?occupation p:P2193 ?maleStatement .  # male count in occupation
  FILTER NOT EXISTS { ?maleStatement pq:P518 wd:Q27949698 } # exclude estimates
  ?maleStatement ps:P2193 ?maleCount .
  ?occupation p:P2194 ?femaleStatement .  # female count in occupation
  FILTER NOT EXISTS { ?femaleStatement pq:P518 wd:Q27949698 }
  ?femaleStatement ps:P2194 ?femaleCount .
  # Qualifier for country (US)
  ?occupation p:P2193 ?maleCountUS .
  ?maleCountUS ps:P2193 ?maleCount .
  ?maleCountUS pq:P17 wd:Q30 .  # United States
  ?occupation p:P2194 ?femaleCountUS .
  ?femaleCountUS ps:P2194 ?femaleCount .
  ?femaleCountUS pq:P17 wd:Q30 .
  SERVICE wikibase:label { bd:serviceParam wikibase:language ""en"". }
}
GROUP BY ?occupation ?occupationLabel ?maleCount ?femaleCount
ORDER BY DESC(?genderImbalance)
LIMIT 10",True,,True,,0.0,na,na,0
403,complex,"List all artworks from the Musée Saint-Raymond in Toulouse, France.","SELECT ?artwork WHERE {
  # Musée Saint-Raymond is a museum in Toulouse, France
  wd:Q3329789 wdt:P131 ?location .  # Q3329789 is the museum's Wikidata ID
  ?location wdt:P131 wd:Q7880 .     # Toulouse is a city in France
  
  # Alternatively, use direct location: Musée Saint-Raymond is in Toulouse
  # wd:Q3329789 wdt:P276 ?location . # P276 = location
  
  # Find artworks that are part of the museum's collection
  ?artwork wdt:P195 wd:Q3329789 .    # P195 = collection, Q3329789 = Musée Saint-Raymond
}",True,,True,,0.0,0.0,0.0,0
404,complex,What is the count of Twitter IDs versus Facebook IDs for non-human entities?,"SELECT ?type (COUNT(?id) AS ?count) WHERE {
  {
    SELECT ?item (SAMPLE(?twitterId) AS ?id) WHERE {
      ?item wdt:P31/wdt:P279* wd:Q35120 . # non-human entities
      ?item wdt:P2002 ?twitterId .
    } GROUP BY ?item
    BIND(""Twitter ID"" AS ?type)
  }
  UNION
  {
    SELECT ?item (SAMPLE(?facebookId) AS ?id) WHERE {
      ?item wdt:P31/wdt:P279* wd:Q35120 . # non-human entities
      ?item wdt:P2013 ?facebookId .
    } GROUP BY ?item
    BIND(""Facebook ID"" AS ?type)
  }
} GROUP BY ?type",False,,False,http_400,0.0,0.0,0.0,0
405,complex,Show me a map of people buried at Norra Begravningsplatsen cemetery.,"SELECT ?person ?personLabel ?coordinates WHERE {
  ?person wdt:P119 ?burialPlace.
  ?burialPlace wdt:P31 wd:Q39614. # instance of cemetery
  ?burialPlace rdfs:label ""Norra begravningsplatsen""@sv.
  ?burialPlace wdt:P625 ?coordinates.
  SERVICE wikibase:label { bd:serviceParam wikibase:language ""en"". }
}",True,,True,,0.2204,0.9206,0.0001,2985
406,complex,"Show me a map of sports teams, categorized by sport.","SELECT ?sportLabel ?teamLabel ?coord WHERE {
  ?team wdt:P31 wd:Q12973014 ;   # instance of sports team
        wdt:P641 ?sport ;        # sport played
        wdt:P625 ?coord .        # coordinate location
  SERVICE wikibase:label { bd:serviceParam wikibase:language ""en"". }
}",True,,True,,0.0,0.0,0.0,21
407,complex,List all the Chairs of the US Federal Reserve along with their tenure.,"SELECT ?chair ?chairLabel ?startTime ?endTime WHERE {
  ?chair wdt:P31 wd:Q5.
  ?chair wdt:P39 wd:Q108782485.
  ?chair p:P39 ?statement.
  ?statement ps:P39 wd:Q108782485.
  OPTIONAL { ?statement pq:P580 ?startTime. }
  OPTIONAL { ?statement pq:P582 ?endTime. }
  SERVICE wikibase:label { bd:serviceParam wikibase:language ""en"". }
}
ORDER BY ?startTime",True,,True,,0.0,0.0,0.0,0
408,complex,List the numbers from 0 to 20 in alphabetical order.,"SELECT ?number WHERE {
  VALUES ?number { ""0"" ""1"" ""10"" ""11"" ""12"" ""13"" ""14"" ""15"" ""16"" ""17"" ""18"" ""19"" ""2"" ""20"" ""3"" ""4"" ""5"" ""6"" ""7"" ""8"" ""9"" }
}
ORDER BY ?number",True,,True,,0.0,na,0.0,21
409,complex,List cities situated near multiple rivers.,"SELECT ?city ?cityLabel (COUNT(DISTINCT ?river) AS ?numRivers) WHERE {
  ?city wdt:P31 wd:Q515 .
  ?city wdt:P206 ?river .
  ?river wdt:P31 wd:Q4022 .
  SERVICE wikibase:label { bd:serviceParam wikibase:language ""en"". }
}
GROUP BY ?city ?cityLabel
HAVING (COUNT(DISTINCT ?river) >= 2)
ORDER BY DESC(?numRivers)",True,,True,,0.1032,0.0972,0.25,112
410,complex,List all GLAM institutions in Wales along with their coordinates and types.,"SELECT ?institution ?institutionLabel ?coordinates ?type ?typeLabel WHERE {
  ?institution wdt:P31 wd:Q335402.  # Instance of GLAM institution
  ?institution wdt:P17 wd:Q145.     # Country: United Kingdom
  ?institution wdt:P131 ?location.  # Located in administrative territorial entity
  ?location wdt:P31 wd:Q15642541.   # Instance of country within the UK (Wales)
  OPTIONAL { ?institution wdt:P625 ?coordinates. }
  OPTIONAL { ?institution wdt:P31 ?type. }
  SERVICE wikibase:label { bd:serviceParam wikibase:language ""en"". }
}",True,,True,,0.0,na,na,0
411,complex,List people who have received military honors from two different countries.,"SELECT ?person ?personLabel ?honor1 ?honor1Label ?honor2 ?honor2Label WHERE {
  ?person wdt:P31 wd:Q5.                    # instance of human
  ?person wdt:P166 ?honor1.                 # received military honor 1
  ?person wdt:P166 ?honor2.                 # received military honor 2
  ?honor1 wdt:P31 wd:Q149514.              # honor1 is a military award
  ?honor2 wdt:P31 wd:Q149514.              # honor2 is a military award
  ?honor1 wdt:P17 ?country1.               # honor1 awarded by country1
  ?honor2 wdt:P17 ?country2.               # honor2 awarded by country2
  FILTER(?country1 != ?country2)           # different countries
  SERVICE wikibase:label { bd:serviceParam wikibase:language ""en"". }
}
LIMIT 100",True,,True,,0.0,0.0,0.0,0
412,complex,What occupations were most common among accused witches in Scotland?,"SELECT ?occupation (COUNT(?person) AS ?count) WHERE {
  ?person wdt:P31 wd:Q5;                # instance of human
          wdt:P106 ?occupation;         # has occupation
          wdt:P5125 ?accusation.        # accused of witchcraft
  ?accusation wdt:P31 wd:Q169174.       # instance of witchcraft accusation
  ?person wdt:P19 ?birthPlace.          # place of birth
  ?birthPlace wdt:P17 wd:Q145.          # country: Scotland
}
GROUP BY ?occupation
ORDER BY DESC(?count)",True,,True,,0.0,0.0,0.0,0
413,complex,List all economists with a Project Gutenberg ID and their corresponding birth and death years.,"SELECT ?economist ?birthYear ?deathYear WHERE {
  ?economist wdt:P106 wd:Q188094.   # occupation: economist
  ?economist wdt:P1938 ?gutenbergID. # Project Gutenberg ID
  OPTIONAL { ?economist wdt:P569 ?birthDate. }
  OPTIONAL { ?economist wdt:P570 ?deathDate. }
  BIND(YEAR(?birthDate) AS ?birthYear)
  BIND(YEAR(?deathDate) AS ?deathYear)
}",True,,True,,0.127,0.2834,0.0794,444
414,complex,List all the stations in Amsterdam Metro along with their coordinates.,"SELECT ?station ?stationLabel ?coords WHERE {
  ?station wdt:P361 wd:Q15088 ;   # part of Amsterdam Metro
           wdt:P625 ?coords .     # has coordinates
  SERVICE wikibase:label { bd:serviceParam wikibase:language ""en"". }
}",True,,True,,0.0,na,na,0
415,complex,List all the materials used in paintings along with their labels.,"SELECT DISTINCT ?material ?materialLabel WHERE {
  ?painting wdt:P31/wdt:P279* wd:Q3305213 .
  ?painting wdt:P186 ?material .
  SERVICE wikibase:label { bd:serviceParam wikibase:language ""en"". }
}",False,,True,,0.2651,0.2945,0.0,939
416,complex,What lakes are near Berlin?,"SELECT ?lake ?lakeLabel ?distance WHERE {
  # Berlin coordinates
  wd:Q64 wdt:P625 ?berlinCoords .
  
  # Lakes (instance of lake)
  ?lake wdt:P31 wd:Q23397 ;
        wdt:P625 ?lakeCoords .
  
  # Compute distance in kilometers
  BIND(geof:distance(?berlinCoords, ?lakeCoords) AS ?distance)
  
  # Filter lakes within 50 km of Berlin
  FILTER(?distance <= 50)
  
  # Get labels
  SERVICE wikibase:label { bd:serviceParam wikibase:language ""en"". }
}
ORDER BY ?distance",False,,False,http_400,0.0,0.0,0.0,0
417,complex,List all Wikidata properties in numerical order.,"PREFIX wikibase: <http://wikiba.se/ontology#>
PREFIX bd: <http://www.bigdata.com/rdf#>
PREFIX rdfs: <http://www.w3.org/2000/01/rdf-schema#>

SELECT ?property ?propertyLabel ?num WHERE {
  ?property a wikibase:Property .
  BIND(xsd:integer(STRAFTER(STR(?property), ""http://www.wikidata.org/entity/P"")) AS ?num)
  SERVICE wikibase:label { bd:serviceParam wikibase:language ""en"". }
} ORDER BY ?num",True,,True,,0.4997,na,0.4997,26284
418,complex,Find all National Trust properties in the UK without an official website on Wikidata.,"SELECT ?item ?itemLabel WHERE {
  ?item wdt:P127|wdt:P137 wd:Q333515 .  # owned or managed by National Trust
  ?item wdt:P17 wd:Q145 .               # located in United Kingdom
  FILTER NOT EXISTS { ?item wdt:P856 ?website }  # no official website
  SERVICE wikibase:label { bd:serviceParam wikibase:language ""en"". }
}",True,,True,,0.0,0.0,na,48
419,complex,"Find cathedrals in Paris, France and show their images.","SELECT ?cathedral ?image WHERE {
  ?cathedral wdt:P31 wd:Q2977;          # instance of cathedral
             wdt:P131 wd:Q90;           # located in Paris
             wdt:P18 ?image.            # has image
}",True,,True,,0.0,0.0,0.0,4
420,complex,List the names of programming languages along with their creation years and images of their inventors.,"PREFIX wd: <http://www.wikidata.org/entity/>
PREFIX wdt: <http://www.wikidata.org/prop/direct/>
PREFIX p: <http://www.wikidata.org/prop/>
PREFIX ps: <http://www.wikidata.org/prop/statement/>
PREFIX pq: <http://www.wikidata.org/prop/qualifier/>
PREFIX rdfs: <http://www.w3.org/2000/01/rdf-schema#>

SELECT ?languageLabel ?creationYear ?inventorImage WHERE {
  # Find programming languages
  ?language wdt:P31 wd:Q9143 .  # instance of programming language
  ?language wdt:P571 ?creationYear .  # inception date (creation year)
  
  # Get the inventor (creator) of the language
  ?language wdt:P170 ?inventor .  # creator (inventor)
  
  # Get the image of the inventor
  ?inventor wdt:P18 ?inventorImage .  # image
  
  # Get labels
  SERVICE wikibase:label { bd:serviceParam wikibase:language ""en"". }
}",True,,True,,0.0159,na,0.0159,39
421,complex,"What are the professions of people whose works are kept in the Musee de Bretagne, categorized by gender?","SELECT ?genderLabel ?occupationLabel (COUNT(DISTINCT ?person) AS ?count)
WHERE {
  ?work wdt:P195 wd:Q3325349 .        # work in the collection of Musée de Bretagne
  ?work wdt:P170 ?person .            # creator of the work
  ?person wdt:P31 wd:Q5 .             # person is a human
  ?person wdt:P106 ?occupation .       # occupation of the person
  ?person wdt:P21 ?gender .           # gender of the person
  SERVICE wikibase:label { bd:serviceParam wikibase:language ""en"". }
}
GROUP BY ?genderLabel ?occupationLabel
ORDER BY ?genderLabel ?occupationLabel",True,,True,,0.0,na,0.0,1
422,complex,What is the average height of male figure skaters in each discipline?,"SELECT ?discipline (AVG(?height) AS ?averageHeight) WHERE {
  ?skater wdt:P106 wd:Q13219637;   # occupation: figure skater
          wdt:P21 wd:Q6581097;     # sex or gender: male
          wdt:P2048 ?height;       # height
          wdt:P241 ?discipline.    # discipline (e.g., singles, pairs, ice dance)
}
GROUP BY ?discipline",True,,True,,0.0,na,0.0,0
423,complex,What materials are used to make the items in the Ashmolean Museum collection?,"SELECT DISTINCT ?material ?materialLabel WHERE {
  wd:Q636400 wdt:P361 ?item.  # Ashmolean Museum collection items
  ?item wdt:P186 ?material.   # Material used
  SERVICE wikibase:label { bd:serviceParam wikibase:language ""en"". }
}",True,,True,,0.0,na,na,0
424,complex,List the occupations of authors who have written scholarly articles.,"SELECT DISTINCT ?occupation WHERE {
  ?author wdt:P31 wd:Q5.          # instance of human
  ?author wdt:P106 ?occupation.   # occupation
  ?author wdt:P31 wd:Q5.          # instance of human (redundant, but safe)
  ?work wdt:P50 ?author.         # author of work
  ?work wdt:P31 wd:Q13442814.    # scholarly article
}",True,,True,,0.0,0.0,0.0,3741
425,complex,Show me a map of Indian cities with their sister cities.,"SELECT ?city ?cityLabel ?sisterCity ?sisterCityLabel ?coordinates WHERE {
  # Indian cities
  ?city wdt:P31 wd:Q515;           # instance of city
        wdt:P17 wd:Q668;           # country India
        wdt:P625 ?coordinates.     # coordinate location
  # Sister cities (twinned administrative body)
  ?city wdt:P190 ?sisterCity.
  # Get labels
  SERVICE wikibase:label { bd:serviceParam wikibase:language ""en"". }
}
LIMIT 1000",True,,True,,0.0,0.0,0.0,98
426,complex,List the number of punk bands from each region in Indonesia.,"SELECT ?regionLabel (COUNT(DISTINCT ?band) AS ?count)
WHERE {
  ?band wdt:P31/wdt:P279* wd:Q215380 .            # band or subclass
  ?band wdt:P136/wdt:P279* wd:Q34637 .            # punk rock or subgenre
  ?band wdt:P740 ?city .                          # place of formation
  ?city wdt:P131 ?region .                        # administrative division
  ?region wdt:P31 wd:Q21583080 .                  # Indonesian province
  ?region wdt:P17 wd:Q252 .                       # country Indonesia
  SERVICE wikibase:label { bd:serviceParam wikibase:language ""en"". }
}
GROUP BY ?regionLabel
ORDER BY ?regionLabel",True,,True,,0.0,na,0.0,1
427,complex,List all museums in Barcelona along with their coordinates.,"SELECT ?museum ?museumLabel ?coords WHERE {
  ?museum wdt:P31 wd:Q33506;          # instance of museum
          wdt:P131 wd:Q1492;          # located in the administrative territorial entity Barcelona
          wdt:P625 ?coords.           # coordinate location
  SERVICE wikibase:label { bd:serviceParam wikibase:language ""en"". }
}",True,,True,,0.0,0.0,0.0,59
428,complex,"List all ancient Greek pottery items stored in Museum St-Raymond, France.","PREFIX wd: <http://www.wikidata.org/entity/>
PREFIX wdt: <http://www.wikidata.org/prop/direct/>
PREFIX wikibase: <http://wikiba.se/ontology#>
PREFIX bd: <http://www.bigdata.com/rdf#>

SELECT ?item ?itemLabel WHERE {
  ?item wdt:P31/wdt:P279* wd:Q1440778 .
  ?item wdt:P195 wd:Q3331020 .
  SERVICE wikibase:label { bd:serviceParam wikibase:language ""en"". }
}",True,,True,,0.0,0.0,0.0,0
429,complex,List people who share their birthday with the day their mother passed away.,"SELECT ?person ?personLabel ?birthday ?mother ?motherLabel ?deathDate WHERE {
  ?person wdt:P31 wd:Q5.                # person is a human
  ?person wdt:P569 ?birthday.            # person's date of birth
  ?person wdt:P25 ?mother.              # person's mother
  ?mother wdt:P570 ?deathDate.          # mother's date of death
  FILTER (MONTH(?birthday) = MONTH(?deathDate) && DAY(?birthday) = DAY(?deathDate))
  SERVICE wikibase:label { bd:serviceParam wikibase:language ""en"". }
}",True,,True,,0.0048,0.0026,0.0487,67517
430,complex,List all people employed by Coventry University without a UID.,"SELECT ?person WHERE {
  ?person wdt:P31 wd:Q5.
  ?person wdt:P108 wd:Q162707.
  FILTER NOT EXISTS { ?person wdt:P6216 ?uid }
}",True,,True,,0.0,0.0,na,0
431,complex,List people who have received economics awards but are not classified as economists.,"SELECT DISTINCT ?person ?personLabel WHERE {
  ?person wdt:P166 ?award .
  ?award wdt:P31/wdt:P279* wd:Q1382127 .
  FILTER NOT EXISTS { ?person wdt:P106 wd:Q188094 }
  SERVICE wikibase:label { bd:serviceParam wikibase:language ""en"". }
}",True,,True,,0.0,0.0,0.0,0
432,complex,"List cities with a population of over 1 million where no person in Wikidata was born, lived or died.","SELECT DISTINCT ?city WHERE {
  ?city wdt:P31 wd:Q515 ;          # instance of city
        wdt:P1082 ?pop .          # population
  FILTER(?pop > 1000000)           # population over 1 million
  FILTER NOT EXISTS {
    ?person wdt:P31 wd:Q5 ;        # a human
            wdt:P19 ?city .        # born in city
  }
  FILTER NOT EXISTS {
    ?person wdt:P31 wd:Q5 ;
            wdt:P20 ?city .        # died in city
  }
  FILTER NOT EXISTS {
    ?person wdt:P31 wd:Q5 ;
            wdt:P551 ?city .       # lived in city
  }
}",True,,True,,0.0,na,na,0
433,complex,How many lakes in the UK have a 'UK Lakes Portal ID'?,"SELECT (COUNT(DISTINCT ?lake) AS ?count) WHERE {
  ?lake wdt:P31 wd:Q23397;                # instance of lake
        wdt:P17 wd:Q145;                  # country: United Kingdom
        wdt:P8989 ?ukLakesPortalId.       # UK Lakes Portal ID
}",True,,True,,0.0,na,0.0,1
434,complex,List all individuals who are both parents and children of the same person.,"PREFIX wd: <http://www.wikidata.org/entity/>
PREFIX wdt: <http://www.wikidata.org/prop/direct/>
PREFIX p: <http://www.wikidata.org/prop/>
PREFIX ps: <http://www.wikidata.org/prop/statement/>
PREFIX pq: <http://www.wikidata.org/prop/qualifier/>

SELECT DISTINCT ?person ?parentChild ?commonPerson WHERE {
  # Find individuals who are both a parent and a child of the same person
  ?person wdt:P22 ?parent .  # person has father ?parent
  ?person wdt:P25 ?parent .  # person has mother ?parent (alternative, but we need both? Actually use P22/P25 for parent)
  
  # Actually, we need a person who is a parent of someone and also a child of that same someone
  # Let's use the property for ""child"" (P40) and ""parent"" (P22/P25)
  
  # Approach: Find ?commonPerson who has a child ?person and also has a parent ?person
  # That means ?person is both child and parent of ?commonPerson
  
  ?commonPerson wdt:P22 ?person .  # commonPerson has father ?person
  ?commonPerson wdt:P25 ?person .  # commonPerson has mother ?person
  
  # But we need the same person to be both parent and child of the same individual
  # So we need ?person to be a parent of ?commonPerson and also a child of ?commonPerson
  
  # Actually, the correct interpretation: Find individuals ?person such that there exists a ?commonPerson where:
  # ?person is a parent of ?commonPerson (i.e., ?commonPerson has parent ?person)
  # AND ?person is a child of ?commonPerson (i.e., ?commonPerson has child ?person)
  
  # This is a cycle: ?person is both parent and child of ?commonPerson
  
  # Use property P22 (father) and P25 (mother) for parent, and P40 (child) for child
  # But we need to express: ?commonPerson has parent ?person and ?commonPerson has child ?person
  
  # Actually, let's use the inverse: ?person is child of ?commonPerson (via P22/P25) and ?person is parent of ?commonPerson (via P22/P25)
  
  # Simpler: Use the property ""child"" (P40) and ""parent"" (P22/P25)
  
  # Let ?person be the individual who is both parent and child of the same person
  # So we need: ?person has a child ?commonPerson AND ?person has a parent ?commonPerson
  
  # Using P40 for child, P22/P25 for parent
  
  ?person wdt:P40 ?commonPerson .  # ?person has child ?commonPerson
  ?person wdt:P22 ?commonPerson .  # ?person has father ?commonPerson (but this would mean ?commonPerson is father of ?person, which is parent)
  # Actually, P22 is ""father"", so ?person wdt:P22 ?commonPerson means ?commonPerson is father of ?person
  # That makes ?commonPerson a parent of ?person, so ?person is child of ?commonPerson
  
  # So we have: ?person has child ?commonPerson (so ?person is parent of ?commonPerson)
  # AND ?person has father ?commonPerson (so ?person is child of ?commonPerson)
  
  # This gives the cycle: ?person is both parent and child of ?commonPerson
  
  # But we need to ensure the same ?commonPerson is both the parent and child of ?person
  # So we need to use the same property for both? No, we need two different relationships.
  
  # Actually, the query should be:
  # Find ?person such that there exists a ?commonPerson where:
  # ?person is a parent of ?commonPerson (via P40: ?person has child ?commonPerson)
  # AND ?person is a child of ?commonPerson (via P22/P25: ?commonPerson has parent ?person)
  
  # So we need:
  # ?person wdt:P40 ?commonPerson .  # ?person is parent of ?commonPerson
  # ?commonPerson wdt:P22 ?person .  # ?commonPerson has father ?person (so ?person is child of ?commonPerson)
  # OR ?commonPerson wdt:P25 ?person .  # mother
  
  # But we need the same ?commonPerson to be both the parent and the child of ?person
  # So we need to combine:
  
  # Let's use a different approach:",False,,False,http_400,0.0,0.0,0.0,0
435,complex,List all countries whose capital city names can be formed using only the letters of the country's name.,"SELECT ?country ?countryLabel ?capitalLabel WHERE {
  ?country wdt:P31 wd:Q3624078.  # instance of sovereign state
  ?country wdt:P36 ?capital.     # capital city
  ?country rdfs:label ?countryLabel.
  ?capital rdfs:label ?capitalLabel.
  FILTER(LANG(?countryLabel) = ""en"" && LANG(?capitalLabel) = ""en"")
  FILTER( 
    # Check if all letters of capital name (lowercased) are in country name (lowercased)
    NOT EXISTS {
      # For each character in capital name
      ?capital rdfs:label ?capLabel.
      FILTER(LANG(?capLabel) = ""en"")
      BIND(REPLACE(LCASE(?capLabel), ""[^a-z]"", """") AS ?capLetters)
      # Iterate over positions
      ?idx xsd:integer ?pos.
      FILTER(?pos < STRLEN(?capLetters))
      BIND(SUBSTR(?capLetters, ?pos+1, 1) AS ?char)
      # Check if character count in capital exceeds count in country
      FILTER(
        (STRLEN(REPLACE(?capLetters, ?char, """")) - STRLEN(REPLACE(?capLetters, ?char, """")) + 
         STRLEN(REPLACE(?capLetters, ?char, """")) - STRLEN(REPLACE(?capLetters, ?char, """"))) = 0
      )
    }
  )
  # Alternative simpler approach using string replacement
  FILTER(
    STRLEN(REPLACE(LCASE(?countryLabel), ""[^a-z]"", """")) >= 
    STRLEN(REPLACE(LCASE(?capitalLabel), ""[^a-z]"", """"))
  )
  # Check each character of capital appears in country with sufficient count
  FILTER(
    NOT EXISTS {
      SELECT ?capital ?country WHERE {
        BIND(REPLACE(LCASE(?capitalLabel), ""[^a-z]"", """") AS ?capClean)
        BIND(REPLACE(LCASE(?countryLabel), ""[^a-z]"", """") AS ?countryClean)
        # For each distinct character in capital
        ?char xsd:string ?c.
        VALUES ?c { ""a"" ""b"" ""c"" ""d"" ""e"" ""f"" ""g"" ""h"" ""i"" ""j"" ""k"" ""l"" ""m"" 
                    ""n"" ""o"" ""p"" ""q"" ""r"" ""s"" ""t"" ""u"" ""v"" ""w"" ""x"" ""y"" ""z"" }
        FILTER(CONTAINS(?capClean, ?c))
        # Count occurrences in capital and country
        BIND(STRLEN(REPLACE(?capClean, ?c, """")) AS ?capWithout)
        BIND(STRLEN(REPLACE(?countryClean, ?c, """")) AS ?countryWithout)
        FILTER((STRLEN(?capClean) - ?capWithout) > (STRLEN(?countryClean) - ?countryWithout))
      }
    }
  )
}
LIMIT 100",False,,False,timeout,0.0,0.0,0.0,0
436,complex,List all African countries with their official languages and English names.,"SELECT ?country ?countryLabel ?languageLabel
WHERE {
  ?country wdt:P31 wd:Q3624078. # sovereign state
  ?country wdt:P30 wd:Q46.      # located in Africa continent
  ?country wdt:P37 ?language.   # official language
  SERVICE wikibase:label { bd:serviceParam wikibase:language ""en"". }
}
ORDER BY ?countryLabel",True,,True,,0.0,0.0,0.0,49
437,complex,List all female actresses under 70 years old who are descendants of the first king of Navarre.,"PREFIX wd: <http://www.wikidata.org/entity/>
PREFIX wdt: <http://www.wikidata.org/prop/direct/>
PREFIX p: <http://www.wikidata.org/prop/>
PREFIX ps: <http://www.wikidata.org/prop/statement/>
PREFIX pq: <http://www.wikidata.org/prop/qualifier/>
PREFIX rdfs: <http://www.w3.org/2000/01/rdf-schema#>

SELECT DISTINCT ?actor ?actorLabel ?birthDate WHERE {
  # First king of Navarre (Sancho I of Pamplona)
  wd:Q1062505 wdt:P31 wd:Q5 . # Ensure it's a human
  ?king wdt:P31 wd:Q5 ; wdt:P39 wd:Q1062505 . # Alternative: use position
  
  # Get descendants via child relationship
  ?actor wdt:P31 wd:Q5 ; # human
         wdt:P106 wd:Q33999 ; # occupation: actor
         wdt:P21 wd:Q6581072 ; # gender: female
         wdt:P569 ?birthDate . # date of birth
  
  # Filter for age < 70 (born after 1954-01-01 for current date)
  FILTER(?birthDate >= ""1954-01-01""^^xsd:dateTime)
  
  # Descendant path: child of child... of the first king
  ?actor wdt:P22* ?parent . # Use P22 (father) or P25 (mother)
  ?parent wdt:P22* wd:Q1062505 . # Chain to first king
  
  # Alternative: Use path property for descendants
  # ?actor wdt:P22* wd:Q1062505 .
  
  SERVICE wikibase:label { bd:serviceParam wikibase:language ""en"". }
}",True,,True,,0.0,na,na,0
438,complex,List all saints' feast days by month and day.,"SELECT ?saint ?saintLabel ?feastDay (MONTH(?feastDay) AS ?month) (DAY(?feastDay) AS ?day) WHERE {
  ?saint wdt:P31 wd:Q43115.  # instance of saint
  ?saint wdt:P841 ?feastDay.  # feast day
  SERVICE wikibase:label { bd:serviceParam wikibase:language ""en"". }
}
ORDER BY ?month ?day",True,,True,,0.0,na,na,0
439,complex,Find a list of diplomatic missions operated by the United Kingdom.,"SELECT ?mission ?missionLabel WHERE {
  ?mission wdt:P31 wd:Q131079 . # instance of diplomatic mission
  ?mission wdt:P137 wd:Q145 . # operated by United Kingdom
  SERVICE wikibase:label { bd:serviceParam wikibase:language ""en"". }
}",True,,True,,0.0,0.0,na,0
440,complex,List the most famous people in the world.,"SELECT ?person ?personLabel ?sitelinks WHERE {
  ?person wdt:P31 wd:Q5.                     # Instance of human
  ?person wikibase:sitelinks ?sitelinks.     # Get sitelink count
  SERVICE wikibase:label { bd:serviceParam wikibase:language ""en"". }
}
ORDER BY DESC(?sitelinks)                    # Most famous first (most sitelinks)
LIMIT 100",False,,True,,0.0,na,na,0
441,complex,List all SARS-CoV-2 proteins with their corresponding research output counts.,"PREFIX wd: <http://www.wikidata.org/entity/>
PREFIX wdt: <http://www.wikidata.org/prop/direct/>
PREFIX p: <http://www.wikidata.org/prop/>
PREFIX ps: <http://www.wikidata.org/prop/statement/>
PREFIX pq: <http://www.wikidata.org/prop/qualifier/>
PREFIX wikibase: <http://wikiba.se/ontology#>

SELECT ?protein ?proteinLabel (COUNT(?research) AS ?researchCount) WHERE {
  # SARS-CoV-2 proteins
  ?protein wdt:P31 wd:Q111367452 .  # Instance of SARS-CoV-2 protein
  ?protein wdt:P703 wd:Q82069695 .  # Found in SARS-CoV-2
  
  # Research outputs (publications) about this protein
  OPTIONAL {
    ?research wdt:P921 ?protein .  # Main subject of the research
  }
  
  SERVICE wikibase:label { bd:serviceParam wikibase:language ""en"". }
}
GROUP BY ?protein ?proteinLabel
ORDER BY DESC(?researchCount)",True,,True,,0.0,0.0,0.0,0
442,complex,What are the scheduled sections of the Antonine Wall in Scotland?,"SELECT ?section ?sectionLabel WHERE {
  wd:Q180126 wdt:P527 ?section .  # Antonine Wall has parts (scheduled sections)
  ?section wdt:P31 wd:Q179271 .   # instance of scheduled monument
  SERVICE wikibase:label { bd:serviceParam wikibase:language ""en"". }
}",True,,True,,0.0,0.0,0.0,0
443,complex,"Show me a map of Scotland with markers for people accused of witchcraft, including their occupations.","SELECT ?person ?personLabel ?occupationLabel ?placeOfBirth ?placeOfBirthLabel ?coordinates WHERE {
  ?person wdt:P31 wd:Q21542336 .          # person accused of witchcraft
  ?person wdt:P19 ?placeOfBirth .         # place of birth
  ?placeOfBirth wdt:P17 wd:Q22 .          # located in Scotland (country)
  ?placeOfBirth wdt:P625 ?coordinates .   # has geographic coordinates
  OPTIONAL { ?person wdt:P106 ?occupation . }  # optional occupation
  SERVICE wikibase:label { bd:serviceParam wikibase:language ""en"". }
}
LIMIT 1000",True,,True,,0.0,0.0,0.0,0
444,complex,List languages with less than 10 lexemes without statements or senses.,"PREFIX wd: <http://www.wikidata.org/entity/>
PREFIX wdt: <http://www.wikidata.org/prop/direct/>
PREFIX p: <http://www.wikidata.org/prop/>
PREFIX wikibase: <http://wikiba.se/ontology#>
PREFIX ontolex: <http://www.w3.org/ns/lemon/ontolex#>
PREFIX rdfs: <http://www.w3.org/2000/01/rdf-schema#>

SELECT ?language ?languageLabel (COUNT(?lexeme) AS ?count)
WHERE {
  ?lexeme a ontolex:LexicalEntry ;
          wikibase:lexicalLanguage ?language .
  ?language wdt:P31 wd:Q34770 .   # instance of language
  FILTER NOT EXISTS {
    ?lexeme ?prop ?o .
    FILTER (STRSTARTS(STR(?prop), ""http://www.wikidata.org/prop/""))
  }
  FILTER NOT EXISTS { ?lexeme ontolex:sense ?sense . }
  SERVICE wikibase:label { bd:serviceParam wikibase:language ""en"". }
}
GROUP BY ?language ?languageLabel
HAVING (COUNT(?lexeme) < 10)
ORDER BY DESC(?count)",True,,True,,0.0,na,na,0
445,complex,List all institutions that have contributed to every #vBIB conference.,,False,empty response after retries,False,no_query,0.0,0.0,0.0,0
446,complex,Find all small monuments in Borovnice municipality with links to their Commons categories.,"SELECT ?monument ?commonsCategory WHERE {
  # Find items that are instances of ""small monument"" (Q1234567) or similar
  ?monument wdt:P31 wd:Q1234567 .  # Replace Q1234567 with the actual ID for ""small monument""
  
  # Located in the administrative territory of Borovnice municipality
  ?monument wdt:P131 wd:Q123456 .   # Replace Q123456 with the Wikidata ID for Borovnice municipality
  
  # Link to Commons category (property P373)
  ?monument wdt:P373 ?commonsCategory .
}",True,,True,,0.0,na,na,0
447,complex,List all Italian ministers who served in multiple cabinets since 1990.,"SELECT ?person ?personLabel (COUNT(DISTINCT ?cabinet) AS ?cabinetCount) WHERE {
  ?person p:P39 ?positionStmt .
  ?positionStmt ps:P39 ?position .
  ?position wdt:P31/wdt:P279* wd:Q1423891 . # position is a ministerial office in Italy
  ?position wdt:P1001 wd:Q38 .              # applies to jurisdiction Italy
  ?positionStmt pq:P580 ?startTime .
  FILTER(?startTime >= ""1990-01-01T00:00:00Z""^^xsd:dateTime)
  ?positionStmt pq:P5054 ?cabinet .         # cabinet qualifier
  SERVICE wikibase:label { bd:serviceParam wikibase:language ""en"". }
}
GROUP BY ?person ?personLabel
HAVING (COUNT(DISTINCT ?cabinet) > 1)
ORDER BY DESC(?cabinetCount)",True,,True,,0.0,0.0,0.0,0
448,complex,What museums are near the Museum of Modern Art?,"SELECT ?museum ?museumLabel ?distance WHERE {
  wd:Q188740 wdt:P625 ?momaLoc .                          # Museum of Modern Art coordinates
  SERVICE wikibase:around {
    ?museum wdt:P625 ?museumLoc .                         # Nearby location
    bd:serviceParam wikibase:center ?momaLoc .
    bd:serviceParam wikibase:radius ""1"" .                 # 1 km radius
  }
  ?museum wdt:P31 wd:Q33506 .                             # Instance of museum
  FILTER(?museum != wd:Q188740)                           # Exclude MoMA itself
  SERVICE wikibase:label { bd:serviceParam wikibase:language ""en"" . }
  BIND(geof:distance(?momaLoc, ?museumLoc) AS ?distance)  # Compute distance (optional)
}",True,,False,http_400,0.0,0.0,0.0,0
449,complex,List the siblings who have received the Israel Prize.,"SELECT ?sibling ?siblingLabel WHERE {
  ?sibling wdt:P31 wd:Q5.
  ?sibling wdt:P166 wd:Q616393.
  ?sibling wdt:P3373 ?otherSibling.
  ?otherSibling wdt:P166 wd:Q616393.
  SERVICE wikibase:label { bd:serviceParam wikibase:language ""en"". }
}",True,,True,,0.0,0.0,0.0,0
450,complex,List the names of female activists from Latin America born between 1900 and 1999.,"SELECT ?name WHERE {
  ?person wdt:P31 wd:Q5.                    # instance of human
  ?person wdt:P21 wd:Q6581072.              # female gender (Q6581072)
  ?person wdt:P106 wd:Q156326.              # occupation: activist (Q156326)
  ?person wdt:P569 ?birthDate.              # date of birth
  ?person wdt:P937 wd:Q12585.              # country of citizenship: Latin America (Q12585)
  FILTER(YEAR(?birthDate) >= 1900 && YEAR(?birthDate) <= 1999)
  SERVICE wikibase:label { bd:serviceParam wikbase:language ""en"". }
  ?person rdfs:label ?name.
}",False,,True,,0.0,na,na,0
451,complex,List the Twitter usernames of scientists working at Dutch universities.,"SELECT DISTINCT ?twitter WHERE {
  ?scientist wdt:P106 wd:Q901 ;        # occupation: scientist
             wdt:P108 ?university ;    # employer: university
             wdt:P2002 ?twitter .      # Twitter username
  ?university wdt:P31 wd:Q3918 ;       # instance of: university
               wdt:P17 wd:Q55 .        # country: Netherlands
}",True,,True,,0.0039,0.0,0.0054,7
452,complex,Find French occupation-related words with their grammatical gender.,"SELECT ?word ?genderLabel WHERE {
  ?word wdt:P31 wd:Q82059 .  # instance of French word
  ?word wdt:P5191 ?gender .  # grammatical gender
  SERVICE wikibase:label { bd:serviceParam wikibase:language ""fr"". }
}",True,,True,,0.0,0.0,0.0,0
453,complex,"Find Swedish words with examples that show both a form and a sense, along with their sources.","PREFIX wd: <http://www.wikidata.org/entity/>
PREFIX wdt: <http://www.wikidata.org/prop/direct/>
PREFIX p: <http://www.wikidata.org/prop/>
PREFIX ps: <http://www.wikidata.org/prop/statement/>
PREFIX pq: <http://www.wikidata.org/prop/qualifier/>
PREFIX wikibase: <http://wikiba.se/ontology#>
PREFIX rdfs: <http://www.w3.org/2000/01/rdf-schema#>

SELECT ?word ?example ?form ?sense ?source WHERE {
  ?word wdt:P424 ?code.
  FILTER(LANG(?code) = ""sv"")
  ?word p:P5831 ?statement.
  ?statement ps:P5831 ?example.
  OPTIONAL {
    ?statement pq:P6072 ?form.
    ?statement pq:P6073 ?sense.
  }
  OPTIONAL {
    ?statement prov:wasDerivedFrom ?ref.
    ?ref pr:P248 ?source.
  }
}
LIMIT 20",True,,True,,0.0,0.0,0.0,0
454,complex,List all composers along with their most frequently used tonalities.,,False,empty response after retries,False,no_query,0.0,0.0,0.0,0
455,complex,"List all humans who died on August 25, 2001, according to the English Wikipedia.","SELECT ?item ?itemLabel WHERE {
  ?item wdt:P31 wd:Q5.
  ?item wdt:P570 ""2001-08-25""^^xsd:dateTime.
  ?article schema:about ?item.
  ?article schema:isPartOf <https://en.wikipedia.org/>.
  SERVICE wikibase:label { bd:serviceParam wikibase:language ""en"". }
}",True,,True,,0.0,na,na,0
456,complex,What are the historical monuments in Loire-Atlantique?,"SELECT ?monument ?monumentLabel WHERE {
  wd:Q12726 wdt:P31 wd:Q5. # Ensure Loire-Atlantique is a department (optional)
  ?monument wdt:P131 wd:Q12726. # Located in Loire-Atlantique
  ?monument wdt:P31 wd:Q916333. # Instance of historical monument
  SERVICE wikibase:label { bd:serviceParam wikibase:language ""en"". }
}",True,,True,,0.0,na,na,0
457,complex,List famous painters who died before 1800.,"SELECT ?painter ?painterLabel WHERE {
  ?painter wdt:P106 wd:Q1028181.  # instance of painter
  ?painter wdt:P570 ?deathDate.   # date of death
  FILTER(?deathDate < ""1800-01-01T00:00:00Z""^^xsd:dateTime)
  SERVICE wikibase:label { bd:serviceParam wikibase:language ""en"". }
}",True,,True,,0.9344,0.9783,0.0,15049
458,complex,List all railway stations in the Netherlands with their connections.,"SELECT ?station ?stationLabel ?connection ?connectionLabel WHERE {
  ?station wdt:P31 wd:Q55488;          # instance of railway station
           wdt:P17 wd:Q55.             # country: Netherlands
  OPTIONAL { ?station wdt:P81 ?connection }  # connecting line
  SERVICE wikibase:label { bd:serviceParam wikibase:language ""en"". }
}",True,,True,,0.0,0.0,na,1322
459,complex,Find the original creator of items with 'house cat' as an instance.,"PREFIX wd: <http://www.wikidata.org/entity/>
PREFIX wdt: <http://www.wikidata.org/prop/direct/>
SELECT ?item ?creator WHERE {
  ?item wdt:P31 wd:Q146 .
  ?item wdt:P170 ?creator .
}",True,,True,,0.0,0.0,na,2
460,complex,Show me a map of railway stations in Wales.,"SELECT ?station ?stationLabel ?coord WHERE {
  ?station wdt:P31 wd:Q55488 ;   # instance of railway station
           wdt:P17 wd:Q25 ;      # country Wales
           wdt:P625 ?coord .     # coordinate location
  SERVICE wikibase:label { bd:serviceParam wikibase:language ""en"". }
}",True,,True,,0.0,na,na,0
461,complex,Find the publication dates for specific games.,"SELECT ?game ?publicationDate WHERE {
  ?game wdt:P31 wd:Q7889;  # instance of video game
        wdt:P577 ?publicationDate.  # publication date
}",True,,True,,0.0,0.0,0.0,143989
462,complex,What are some popular items with more than 20 site links?,"SELECT ?item ?itemLabel ?sitelinks WHERE {
  ?item wikibase:sitelinks ?sitelinks .
  FILTER(?sitelinks > 20)
  SERVICE wikibase:label { bd:serviceParam wikibase:language ""en"". }
}
ORDER BY DESC(?sitelinks)",False,,False,result_too_large,0.0,0.0,0.0,0
463,complex,List all natural numbers from 1 to 2000.,"SELECT ?number WHERE {
  VALUES ?number {
    1 2 3 4 5 6 7 8 9 10 11 12 13 14 15 16 17 18 19 20
    21 22 23 24 25 26 27 28 29 30 31 32 33 34 35 36 37 38 39 40
    41 42 43 44 45 46 47 48 49 50 51 52 53 54 55 56 57 58 59 60
    61 62 63 64 65 66 67 68 69 70 71 72 73 74 75 76 77 78 79 80
    81 82 83 84 85 86 87 88 89 90 91 92 93 94 95 96 97 98 99 100
    101 102 103 104 105 106 107 108 109 110 111 112 113 114 115 116 117 118 119 120
    121 122 123 124 125 126 127 128 129 130 131 132 133 134 135 136 137 138 139 140
    141 142 143 144 145 146 147 148 149 150 151 152 153 154 155 156 157 158 159 160
    161 162 163 164 165 166 167 168 169 170 171 172 173 174 175 176 177 178 179 180
    181 182 183 184 185 186 187 188 189 190 191 192 193 194 195 196 197 198 199 200
    201 202 203 204 205 206 207 208 209 210 211 212 213 214 215 216 217 218 219 220
    221 222 223 224 225 226 227 228 229 230 231 232 233 234 235 236 237 238 239 240
    241 242 243 244 245 246 247 248 249 250 251 252 253 254 255 256 257 258 259 260
    261 262 263 264 265 266 267 268 269 270 271 272 273 274 275 276 277 278 279 280
    281 282 283 284 285 286 287 288 289 290 291 292 293 294 295 296 297 298 299 300
    301 302 303 304 305 306 307 308 309 310 311 312 313 314 315 316 317 318 319 320
    321 322 323 324 325 326 327 328 329 330 331 332 333 334 335 336 337 338 339 340
    341 342 343 344 345 346 347 348 349 350 351 352 353 354 355 356 357 358 359 360
    361 362 363 364 365 366 367 368 369 370 371 372 373 374 375 376 377 378 379 380
    381 382 383 384 385 386 387 388 389 390 391 392 393 394 395 396 397 398 399 400
    401 402 403 404 405 406 407 408 409 410 411 412 413 414 415 416 417 418 419 420
    421 422 423 424 425 426 427 428 429 430 431 432 433 434 435 436 437 438 439 440
    441 442 443 444 445 446 447 448 449 450 451 452 453 454 455 456 457 458 459 460
    461 462 463 464 465 466 467 468 469 470 471 472 473 474 475 476 477 478 479 480
    481 482 483 484 485 486 487 488 489 490 491 492 493 494 495",False,,False,http_400,0.0,0.0,0.0,0
464,complex,List all the departments in France.,"SELECT ?department ?departmentLabel WHERE {
  ?department wdt:P31 wd:Q6465.  # instance of department of France
  SERVICE wikibase:label { bd:serviceParam wikibase:language ""en"". }
}",True,,True,,0.3538,0.56,0.0,167
465,complex,List twins who were born in different places.,"SELECT ?person ?personLabel ?twin ?twinLabel ?personPlaceLabel ?twinPlaceLabel WHERE {
  ?person p:P3373 [ ps:P3373 ?twin ; pq:P1880 wd:Q146786 ] .
  ?person wdt:P19 ?personPlace .
  ?twin wdt:P19 ?twinPlace .
  FILTER (?personPlace != ?twinPlace)
  SERVICE wikibase:label { bd:serviceParam wikibase:language ""en"". }
}",True,,True,,0.0,na,na,0
466,complex,List the common descendants of George Washington and George W. Bush.,"SELECT ?person ?personLabel WHERE {
  wd:Q23 wdt:P40* ?person .
  wd:Q207 wdt:P40* ?person .
  SERVICE wikibase:label { bd:serviceParam wikibase:language ""en"". }
}",False,,True,,0.0,na,na,0
467,complex,List all places with an elevation of less than 10 meters above sea level.,"SELECT ?place ?elevation WHERE {
  ?place wdt:P2044 ?elevation .
  FILTER(?elevation < 10)
}",True,,True,,0.4346,0.9746,0.0095,89727
468,complex,What are the nearby places that have been written about?,,False,empty response after retries,False,no_query,0.0,0.0,0.0,0
469,complex,List the ages of US presidents when they started their term.,"SELECT ?president ?presidentLabel ?ageAtStart WHERE {
  # Find all instances of ""President of the United States"" (Q11696)
  ?president wdt:P31 wd:Q5;                    # Instance of human
             wdt:P39 wd:Q11696.                # Position held: President of the United States
  ?president p:P39 ?positionStmt.              # Position statement
  ?positionStmt ps:P39 wd:Q11696;              # Position: President of the United States
               pq:P580 ?startTime.             # Start time of presidency
  BIND(YEAR(?startTime) - YEAR(?presidentBirthDate) AS ?ageAtStart)
  ?president wdt:P569 ?presidentBirthDate.     # Date of birth
  SERVICE wikibase:label { bd:serviceParam wikibase:language ""en"". }
}
ORDER BY ?startTime",True,,True,,0.3285,1.0,0.0,45
470,complex,List all the awards and nominations received by Rafael Nadal.,"SELECT ?award ?awardLabel ?pointInTime WHERE {
  wd:Q13364 p:P166 ?awardStatement.
  ?awardStatement ps:P166 ?award.
  OPTIONAL { ?awardStatement pq:P585 ?pointInTime. }
  SERVICE wikibase:label { bd:serviceParam wikibase:language ""en"". }
}",True,,True,,0.0,0.0,0.0,1
471,complex,List the ages of musicians at the time of their death.,"SELECT ?person ?personLabel ?age WHERE {
  ?person wdt:P106 wd:Q639669 .
  ?person wdt:P569 ?birth .
  ?person wdt:P570 ?death .
  BIND((YEAR(?death) - YEAR(?birth)) AS ?age)
  SERVICE wikibase:label { bd:serviceParam wikibase:language ""en"". }
}
ORDER BY ?age",True,,True,,0.0041,0.0,0.3991,21867
472,complex,"List detention centers in Uruguay, Argentina, and Chile that were used for torture.","SELECT ?detentionCenter ?detentionCenterLabel ?countryLabel WHERE {
  VALUES ?country { wd:Q77 wd:Q414 wd:Q298 } # Uruguay, Argentina, Chile
  ?detentionCenter wdt:P31 wd:Q6386997 . # instance of detention center
  ?detentionCenter wdt:P17 ?country .   # located in country
  ?detentionCenter wdt:P31 wd:Q10833348 . # instance of torture site
  SERVICE wikibase:label { bd:serviceParam wikibase:language ""en"". }
}",True,,True,,0.0,0.0,0.0,0
473,complex,List countries named after a specific person.,"SELECT DISTINCT ?country ?countryLabel ?personLabel WHERE {
  ?country wdt:P31 wd:Q6256.          # instance of sovereign state
  ?country wdt:P138 ?person.          # named after something
  ?person wdt:P31 wd:Q5.              # that something is a human
  SERVICE wikibase:label { bd:serviceParam wikibase:language ""en"". }
}",True,,True,,0.3462,0.3462,na,12
474,complex,List all the winners of the Erich Fried Prize along with their images.,"PREFIX wd: <http://www.wikidata.org/entity/>
PREFIX wdt: <http://www.wikidata.org/prop/direct/>
PREFIX wikibase: <http://wikiba.se/ontology#>
PREFIX bd: <http://www.bigdata.com/rdf#>

SELECT ?winner ?winnerLabel ?image WHERE {
  ?winner wdt:P166 wd:Q1352861.   # Erich Fried Prize (Q1352861)
  OPTIONAL { ?winner wdt:P18 ?image. }
  SERVICE wikibase:label { bd:serviceParam wikibase:language ""en"". }
}",True,,True,,0.0,0.0,0.0,0
475,complex,List all historical Chinese states with their corresponding artifacts and collections.,"SELECT DISTINCT ?stateLabel ?artifactLabel ?collectionLabel WHERE {
  # Historical Chinese states (instance or subclass of)
  ?state wdt:P31/wdt:P279* wd:Q107288973 .
  
  # Artifacts (instance or subclass of archaeological artifact or artifact)
  ?artifact wdt:P31/wdt:P279* wd:Q220077 .
  
  # Artifact has country of origin = the historical state
  ?artifact wdt:P495 ?state .
  
  # Optional: collection that contains the artifact
  OPTIONAL { ?artifact wdt:P195 ?collection . }
  
  # Labels in English
  SERVICE wikibase:label {
    bd:serviceParam wikibase:language ""en"" .
    ?state rdfs:label ?stateLabel .
    ?artifact rdfs:label ?artifactLabel .
    ?collection rdfs:label ?collectionLabel .
  }
}
ORDER BY ?stateLabel ?artifactLabel ?collectionLabel",True,,True,,0.0,0.0,0.0,0
476,complex,List all European countries whose ISO 2-letter code contains a letter not present in their native language name.,"SELECT ?country ?isoCode ?nativeName WHERE {
  ?country wdt:P31 wd:Q6256.                    # instance of country
  ?country wdt:P297 ?isoCode.                   # ISO 3166-1 alpha-2 code
  ?country wdt:P1448 ?nativeName.                # official native name
  ?country wdt:P30 wd:Q46.                      # located in Europe
  
  # Filter: ISO code has at least one character not in native name
  FILTER( 
    EXISTS {
      # For each character in the ISO code
      ?country wikibase:hasStatement ?isoStatement.
      ?isoStatement ps:P297 ?isoCode.
      ?isoStatement ?_ ?_ .
      BIND(REPLACE(?isoCode, ""[^a-zA-Z]"", """") AS ?cleanIso)
      BIND(REPLACE(?nativeName, ""[^a-zA-Z]"", """") AS ?cleanNative)
      FILTER( 
        # Check if any character in ISO is not in native name
        ?cleanIso != ?cleanNative &&
        NOT( 
          # All characters of ISO are in native name
          ?cleanIso = ?cleanNative ||
          # Or check character by character
          FALSE
        )
      )
    }
  )
}",False,,False,http_400,0.0,0.0,0.0,0
477,complex,List all current US Supreme Court justices along with their date of birth.,"PREFIX wd: <http://www.wikidata.org/entity/>
PREFIX wdt: <http://www.wikidata.org/prop/direct/>
PREFIX p: <http://www.wikidata.org/prop/>
PREFIX pq: <http://www.wikidata.org/prop/qualifier/>
PREFIX ps: <http://www.wikidata.org/prop/statement/>

SELECT ?justiceLabel ?dob WHERE {
  VALUES ?position { wd:Q1152687 wd:Q11178 } # Associate Justice and Chief Justice
  ?justice p:P39 ?stmt.
  ?stmt ps:P39 ?position.
  FILTER NOT EXISTS { ?stmt pq:P582 ?end. }
  OPTIONAL { ?justice wdt:P569 ?dob. }
  SERVICE wikibase:label { bd:serviceParam wikibase:language ""en"". }
}",True,,True,,0.0,na,0.0,0
478,complex,What are the most common first names among people born in Auvergne?,"SELECT ?firstName (COUNT(DISTINCT ?person) AS ?count) WHERE {
  ?person wdt:P31 wd:Q5.
  ?person wdt:P19/wdt:P131* wd:Q1171.
  ?person wdt:P735 ?givenName.
  ?givenName wdt:P31 wd:Q202444.
  SERVICE wikibase:label { bd:serviceParam wikibase:language ""en"". }
  BIND(STR(?givenName) AS ?firstName)
}
GROUP BY ?firstName
ORDER BY DESC(?count)",True,,True,,0.0,0.0,0.0,12
479,complex,What materials were used in the most paintings?,"SELECT ?material (COUNT(?painting) AS ?count) WHERE {
  ?painting wdt:P31 wd:Q3305213 .  # instance of painting
  ?painting wdt:P186 ?material .   # material used
}
GROUP BY ?material
ORDER BY DESC(?count)
LIMIT 1",False,,True,,0.0029,0.0037,0.0,2
480,complex,"What are the names of stars, galaxies, star clusters and nebulae inspired by?","SELECT DISTINCT ?inspirationLabel WHERE {
  {
    { ?item wdt:P31 wd:Q523 }      # star
    UNION
    { ?item wdt:P31 wd:Q318 }      # galaxy
    UNION
    { ?item wdt:P31 wd:Q186686 }   # star cluster
    UNION
    { ?item wdt:P31 wd:Q50941 }    # nebula
  }
  ?item wdt:P941 ?inspiration.     # inspired by
  SERVICE wikibase:label { bd:serviceParam wikibase:language ""en"". }
}",True,,True,,0.0,0.0,na,0
481,complex,What properties are most commonly qualified?,"SELECT ?property (COUNT(?qualifier) AS ?qualifierCount) WHERE {
  ?statement ?property ?value .
  ?statement ?qualifier ?qualifierValue .
  FILTER(STRSTARTS(STR(?qualifier), ""http://www.wikidata.org/prop/qualifier/""))
}
GROUP BY ?property
ORDER BY DESC(?qualifierCount)
LIMIT 100",False,,False,timeout,0.0,0.0,0.0,0
482,complex,What are the most common election days in different countries?,,False,empty response after retries,False,no_query,0.0,0.0,0.0,0
483,complex,List all pairs of churches in the UK that are almost adjacent to each other.,"PREFIX wd: <http://www.wikidata.org/entity/>
PREFIX wdt: <http://www.wikidata.org/prop/direct/>
PREFIX p: <http://www.wikidata.org/prop/>
PREFIX pq: <http://www.wikidata.org/prop/qualifier/>
PREFIX ps: <http://www.wikidata.org/prop/statement/>

SELECT ?church1 ?church2 WHERE {
  # Both items should be instances of church (Q16970) or Christian church building (Q1088552)
  { ?church1 wdt:P31/wdt:P279* wd:Q16970 } UNION { ?church1 wdt:P31/wdt:P279* wd:Q1088552 }
  { ?church2 wdt:P31/wdt:P279* wd:Q16970 } UNION { ?church2 wdt:P31/wdt:P279* wd:Q1088552 }
  
  # Both churches are located in the UK (Q145)
  ?church1 wdt:P17 wd:Q145 .
  ?church2 wdt:P17 wd:Q145 .
  
  # They are not the same church
  FILTER (?church1 != ?church2)
  
  # Have coordinate location
  ?church1 wdt:P625 ?coords1 .
  ?church2 wdt:P625 ?coords2 .
  
  # Almost adjacent: distance less than 100 meters (adjustable)
  FILTER (geof:distance(?coords1, ?coords2) < 0.1) # 0.1 km = 100 meters
}
LIMIT 100",False,,False,http_400,0.0,0.0,0.0,0
484,complex,What are the most common Roman praenomina?,"SELECT ?praenomen ?count WHERE {
  ?person wdt:P31 wd:Q5 .
  ?person wdt:P2358 ?praenomen .
} GROUP BY ?praenomen
ORDER BY DESC(COUNT(?person))
LIMIT 10",False,,False,http_400,0.0,0.0,0.0,0
485,complex,Find the artist born between 1880 and 1944 with a given name starting with 'D' and family name starting with 'K'.,"SELECT ?item ?itemLabel ?birthDate WHERE {
  ?item wdt:P31 wd:Q5 .                # human
  ?item wdt:P106 wd:Q483501 .          # artist occupation
  ?item wdt:P569 ?birthDate .          # date of birth
  ?item wdt:P735 ?givenName .          # given name
  ?item wdt:P734 ?familyName .         # family name
  FILTER(YEAR(?birthDate) >= 1880 && YEAR(?birthDate) <= 1944) .
  SERVICE wikibase:label { bd:serviceParam wikibase:language ""en"". }
  FILTER(STRSTARTS(?givenNameLabel, ""D"")) .
  FILTER(STRSTARTS(?familyNameLabel, ""K"")) .
}",True,,True,,0.0,na,na,0
486,complex,List all landlocked countries that share a border with a coastal country.,"SELECT DISTINCT ?landlockedCountry ?landlockedCountryLabel ?neighbor ?neighborLabel WHERE {
  # ?landlockedCountry is a sovereign state
  ?landlockedCountry wdt:P31 wd:Q3624078 .
  
  # Ensure it is landlocked: no direct border with a sea or ocean via P206
  FILTER NOT EXISTS {
    ?landlockedCountry wdt:P206 ?water .
    ?water wdt:P31/wdt:P279* wd:Q165 .  # Q165 = sea
  }
  FILTER NOT EXISTS {
    ?landlockedCountry wdt:P206 ?water .
    ?water wdt:P31/wdt:P279* wd:Q9430 .  # Q9430 = ocean
  }
  
  # Find a neighbor country that is coastal
  ?landlockedCountry wdt:P47 ?neighbor .
  ?neighbor wdt:P31 wd:Q3624078 .
  
  # Neighbor must be coastal: has a direct border with a sea or ocean
  FILTER EXISTS {
    ?neighbor wdt:P206 ?water2 .
    ?water2 wdt:P31/wdt:P279* wd:Q165 .
  }
  
  # Get labels
  SERVICE wikibase:label { bd:serviceParam wikibase:language ""en"". }
}
ORDER BY ?landlockedCountryLabel",True,,True,,0.344,0.3496,0.0,100
487,complex,Show me words that describe people from a certain place on the map.,"SELECT?placeLabel ?demonym WHERE {
  wd:Q60 wdt:P1549 ?demonym.
  SERVICE wikibase:label { bd:serviceParam wikibase:language ""en"". }
}",True,,True,,0.0,na,0.0,24
488,complex,List the top drama schools by student population.,"SELECT ?school ?studentPopulation WHERE {
  ?school wdt:P31 wd:Q3918;  # instance of drama school
          wdt:P2196 ?studentPopulation.  # student population
}
ORDER BY DESC(?studentPopulation)
LIMIT 10",True,,True,,0.0,0.0,0.0,20
489,complex,List the members of scholarly societies who died before 1800.,"SELECT ?person ?personLabel ?society ?societyLabel WHERE {
  ?person wdt:P463 ?society .
  ?society wdt:P31 wd:Q3557396 . # learned society
  ?person wdt:P570 ?deathDate .
  FILTER(?deathDate < ""1800-01-01T00:00:00Z""^^xsd:dateTime)
  SERVICE wikibase:label { bd:serviceParam wikibase:language ""en"". }
}",True,,True,,0.0,0.0,0.0,0
490,complex,Find cemeteries in France that are close to churches.,"SELECT ?cemetery ?cemeteryLabel ?church ?churchLabel WHERE {
  ?cemetery wdt:P31 wd:Q39614 .          # instance of cemetery
  ?church wdt:P31 wd:Q16970 .            # instance of church building
  ?cemetery wdt:P47 ?church .            # cemetery adjacent to church
  ?cemetery wdt:P17 wd:Q142 .            # cemetery located in France
  ?church wdt:P17 wd:Q142 .              # church located in France
  SERVICE wikibase:label { bd:serviceParam wikibase:language ""en"". }
}",True,,True,,0.0,na,na,0
491,complex,What are the screenwriting credits of Donald P. Bellisario?,"PREFIX wd: <http://www.wikidata.org/entity/>
PREFIX wdt: <http://www.wikidata.org/prop/direct/>
PREFIX wikibase: <http://wikiba.se/ontology#>
PREFIX bd: <http://www.bigdata.com/rdf#>

SELECT ?work ?workLabel WHERE {
  ?work wdt:P58 wd:Q1234799 .
  SERVICE wikibase:label { bd:serviceParam wikibase:language ""en"". }
}",True,,True,,0.0,0.0,0.0,0
492,complex,List all Twitter handles of current UK Members of Parliament.,"SELECT ?twitterHandle WHERE {
  ?mp wdt:P31 wd:Q5;                # instance of human
      wdt:P39 wd:Q16707842;         # position held: Member of Parliament of the United Kingdom
      wdt:P2002 ?twitterHandle.     # Twitter username
  FILTER NOT EXISTS { ?mp wdt:P582 ?endTime }  # no end time (currently in office)
}",True,,True,,0.0,0.0,0.0,7
493,complex,List all Tour de France stage winners by nationality from 1903 to 2022.,"PREFIX wd: <http://www.wikidata.org/entity/>
PREFIX wdt: <http://www.wikidata.org/prop/direct/>
PREFIX p: <http://www.wikidata.org/prop/>
PREFIX pq: <http://www.wikidata.org/prop/qualifier/>
PREFIX ps: <http://www.wikidata.org/prop/statement/>

SELECT ?winner ?winnerLabel ?nationalityLabel ?stage ?year ?raceLabel WHERE {
  # Tour de France stages (instance of Tour de France stage)
  ?stage wdt:P31 wd:Q17352318 .
  # Part of Tour de France (Q33888)
  ?stage wdt:P361 wd:Q33888 .
  # Filter by year (1903-2022)
  ?stage p:P585 ?dateStatement .
  ?dateStatement ps:P585 ?date .
  FILTER(YEAR(?date) >= 1903 && YEAR(?date) <= 2022)
  BIND(YEAR(?date) AS ?year)
  
  # Winner of the stage
  ?stage p:P1346 ?winnerStatement .
  ?winnerStatement ps:P1346 ?winner .
  
  # Nationality of the winner
  ?winner wdt:P27 ?nationality .
  
  # Optional: label for the race (Tour de France)
  ?stage wdt:P31 wd:Q17352318 .
  ?stage wdt:P361 wd:Q33888 .
  BIND(""Tour de France"" AS ?raceLabel)
  
  SERVICE wikibase:label { bd:serviceParam wikibase:language ""en"". }
}
ORDER BY ?year ?stage",True,,True,,0.0,na,na,0
494,complex,List US companies founded by people or their parents born outside the US.,"SELECT DISTINCT ?company ?companyLabel ?founder ?founderLabel ?founderBirthPlace ?founderBirthPlaceLabel WHERE {
  # Companies based in the US
  ?company wdt:P17 wd:Q30.          # country: United States
  ?company wdt:P31 wd:Q4830453.     # instance of: business
  
  # Founded by a person
  ?company wdt:P112 ?founder.       # founded by
  ?founder wdt:P31 wd:Q5.           # instance of: human
  
  # Founder or their parents born outside the US
  {
    # Founder born outside US
    ?founder wdt:P19 ?founderBirthPlace.
    ?founderBirthPlace wdt:P17 ?founderCountry.
    FILTER(?founderCountry != wd:Q30)
  }
  UNION
  {
    # Founder's parent born outside US
    ?founder wdt:P22|wdt:P25 ?parent.  # father or mother
    ?parent wdt:P19 ?parentBirthPlace.
    ?parentBirthPlace wdt:P17 ?parentCountry.
    FILTER(?parentCountry != wd:Q30)
    BIND(?parentBirthPlace AS ?founderBirthPlace)
  }
  
  SERVICE wikibase:label { bd:serviceParam wikibase:language ""en"". }
}
ORDER BY ?companyLabel",False,,True,,0.0,0.0,0.0,2005
495,complex,List all railway incidents with their locations and number of injured people.,"PREFIX wd: <http://www.wikidata.org/entity/>
PREFIX wdt: <http://www.wikidata.org/prop/direct/>

SELECT ?incident ?location ?injured WHERE {
  ?incident wdt:P31/wdt:P279* wd:Q120789.
  OPTIONAL { ?incident wdt:P276 ?location. }
  OPTIONAL { ?incident wdt:P1331 ?injured. }
}",True,,True,,0.0,na,na,0
496,complex,List all winners of the Theatre World Award with their pictures and a timeline.,"PREFIX wd: <http://www.wikidata.org/entity/>
PREFIX wdt: <http://www.wikidata.org/prop/direct/>
PREFIX p: <http://www.wikidata.org/prop/>
PREFIX ps: <http://www.wikidata.org/prop/statement/>
PREFIX pq: <http://www.wikidata.org/prop/qualifier/>
PREFIX rdfs: <http://www.w3.org/2000/01/rdf-schema#>

SELECT ?winner ?winnerLabel ?image ?pointInTime WHERE {
  ?winner p:P166 ?awardStatement .
  ?awardStatement ps:P166 wd:Q2419191 .  # Theatre World Award
  OPTIONAL { ?awardStatement pq:P585 ?pointInTime . }
  OPTIONAL { ?winner wdt:P18 ?image . }
  SERVICE wikibase:label { bd:serviceParam wikibase:language ""en"". }
}
ORDER BY ?pointInTime",True,,True,,0.0,0.0,0.0,0
497,complex,What are the most common last names among humans?,"SELECT ?surname ?surnameLabel (COUNT(DISTINCT ?human) AS ?count)
WHERE {
  ?human wdt:P31 wd:Q5.
  ?human wdt:P734 ?surname.
  SERVICE wikibase:label { bd:serviceParam wikibase:language ""en"". }
}
GROUP BY ?surname ?surnameLabel
ORDER BY DESC(?count)
LIMIT 20",False,,True,,0.201,0.2,0.202,40
498,complex,What are the key events in Robert Louis Stevenson's life?,,False,empty response after retries,False,no_query,0.0,0.0,0.0,0
499,complex,List all artworks with titles that have a rhyming pattern.,"SELECT ?item ?itemLabel WHERE {
  { # Rhyme by matching last two characters of the label
    SELECT ?item ?itemLabel WHERE {
      ?item wdt:P31 wd:Q3305213.  # instance of artwork
      ?item rdfs:label ?itemLabel.
      FILTER((LANG(?itemLabel)) = ""en"").
    }
    GROUP BY ?item ?itemLabel
    HAVING (STRENDS(?itemLabel, SUBSTR(?itemLabel, STRLEN(?itemLabel)-1, 2)))
  }
  UNION
  { # Rhyme by matching last three characters (for longer words)
    SELECT ?item ?itemLabel WHERE {
      ?item wdt:P31 wd:Q3305213.
      ?item rdfs:label ?itemLabel.
      FILTER((LANG(?itemLabel)) = ""en"").
    }
    GROUP BY ?item ?itemLabel
    HAVING (STRENDS(?itemLabel, SUBSTR(?itemLabel, STRLEN(?itemLabel)-2, 3)))
  }
}
LIMIT 100",False,,True,,0.0,0.0,0.0,200
500,complex,List the names of film composers who have worked on more than 100 films.,"SELECT ?composerLabel (COUNT(?film) AS ?filmCount) WHERE {
  ?composer wdt:P106 wd:Q1417370 .
  ?film wdt:P31 wd:Q11424 .
  ?film wdt:P86 ?composer .
}
GROUP BY ?composer ?composerLabel
HAVING (COUNT(?film) > 100)
SERVICE wikibase:label { bd:serviceParam wikibase:language ""en"". }",False,,True,,0.0,0.0,0.0,0
501,complex,List the UK Parliament members with mythical ancestors.,"SELECT DISTINCT ?member ?memberLabel ?ancestor ?ancestorLabel WHERE {
  VALUES ?position { wd:Q16707842 wd:Q18178272 }
  VALUES ?ancestorProp { wdt:P1025 wdt:P1297 wdt:P22 wdt:P25 wdt:P1038 }
  ?member wdt:P39 ?position .
  ?member ?ancestorProp ?ancestor .
  ?ancestor wdt:P31 wd:Q4271324 .
  SERVICE wikibase:label { bd:serviceParam wikibase:language ""en"". }
}
LIMIT 100",True,,True,,0.0,0.0,0.0,0
502,complex,List the properties used to link preprints and articles.,"SELECT DISTINCT ?property ?propertyLabel WHERE {
  {
    ?preprint wdt:P31 wd:Q580922 .
    ?preprint ?property ?article .
    ?article wdt:P31 wd:Q13442814 .
  } UNION {
    ?article wdt:P31 wd:Q13442814 .
    ?article ?property ?preprint .
    ?preprint wdt:P31 wd:Q580922 .
  }
  SERVICE wikibase:label { bd:serviceParam wikibase:language ""en"". }
}
ORDER BY ?property",True,,True,,0.0,na,0.0,24
503,complex,List the top educational institutions attended by US senators.,"SELECT ?senator ?senatorLabel ?institution ?institutionLabel WHERE {
  ?senator wdt:P39 wd:Q4416090. # US senator
  ?senator wdt:P69 ?institution. # educated at
  ?institution wdt:P31 wd:Q3918. # educational institution
  SERVICE wikibase:label { bd:serviceParam wikibase:language ""en"". }
}
ORDER BY ?senatorLabel",True,,True,,0.101,0.1037,0.0,414
504,complex,List all authors of academic papers connected to Paul Erdos.,"SELECT DISTINCT ?author ?authorLabel WHERE {
  # Find papers connected to Paul Erdős
  ?paper wdt:P31 wd:Q13442814 .  # Instance of scientific article
  ?paper wdt:P50 wd:Q173292 .    # Author includes Paul Erdős
  
  # Find other authors of those papers
  ?paper wdt:P50 ?author .
  
  # Exclude Paul Erdős himself
  FILTER(?author != wd:Q173292)
  
  SERVICE wikibase:label { bd:serviceParam wikibase:language ""en"". }
}",True,,True,,0.0,na,na,0
505,complex,List female dancers and choreographers with an English Wikipedia article but not a French one.,"PREFIX schema: <http://schema.org/>
PREFIX wikibase: <http://wikiba.se/ontology#>
SELECT DISTINCT ?person ?personLabel WHERE {
  ?person wdt:P31 wd:Q5 .              # human
  ?person wdt:P21 wd:Q6581072 .        # female
  { ?person wdt:P106 wd:Q5716684 }     # dancer
    UNION
  { ?person wdt:P106 wd:Q2490358 }     # choreographer
  ?enwiki schema:about ?person ; schema:isPartOf <https://en.wikipedia.org/> .
  FILTER NOT EXISTS {
    ?frwiki schema:about ?person ; schema:isPartOf <https://fr.wikipedia.org/> .
  }
  SERVICE wikibase:label { bd:serviceParam wikibase:language ""en"". }
}
LIMIT 100",False,,True,,0.0,0.0,na,100
506,complex,List the universities attended by UK ambassadors.,"SELECT DISTINCT ?universityLabel WHERE {
  ?person wdt:P106 wd:Q121998 ;    # occupation: ambassador
          wdt:P27 wd:Q145 ;        # country of citizenship: United Kingdom
          wdt:P69 ?university .    # educated at
  SERVICE wikibase:label { bd:serviceParam wikibase:language ""en"". }
}
ORDER BY ?universityLabel",True,,True,,0.0,na,0.0,0
507,complex,List all lighthouses in South America along with their coordinates.,"SELECT ?lighthouse ?coords WHERE {
  ?lighthouse wdt:P31 wd:Q39715;          # instance of lighthouse
             wdt:P17 wd:Q18;             # country: South America (Q18)
             wdt:P625 ?coords.           # coordinate location
}",True,,True,,0.0,na,na,0
508,complex,List languages with overlapping lexemes.,"SELECT ?language1 ?language2 (COUNT(?lexeme) AS ?overlapCount) WHERE {
  ?lexeme wikibase:lexicalCategory ?category ;
          dct:language ?language1 ;
          dct:language ?language2 .
  FILTER(?language1 != ?language2)
}
GROUP BY ?language1 ?language2
ORDER BY DESC(?overlapCount)",False,,True,,0.0,na,0.0,0
509,complex,List the main subjects of each episode in The West Wing TV series.,"SELECT ?episode ?episodeLabel ?subject ?subjectLabel WHERE {
  ?episode wdt:P31 wd:Q21191270;             # instance of episode of television series
           wdt:P179 wd:Q209295;              # part of The West Wing
           wdt:P921 ?subject.                # main subject
  SERVICE wikibase:label { bd:serviceParam wikibase:language ""en"". }
}
ORDER BY ?episode",True,,True,,0.0,0.0,0.0,0
510,complex,"List all people with their birth and death years, along with their places of birth and death.","SELECT ?person ?birthYear ?deathYear ?birthPlaceLabel ?deathPlaceLabel WHERE {
  ?person wdt:P31 wd:Q5 ;                      # instance of human
          wdt:P569 ?birthDate .                # date of birth (mandatory)
  OPTIONAL { ?person wdt:P570 ?deathDate . }   # date of death (optional)
  OPTIONAL { ?person wdt:P19 ?birthPlace . }   # place of birth (optional)
  OPTIONAL { ?person wdt:P20 ?deathPlace . }   # place of death (optional)
  
  BIND(YEAR(?birthDate) AS ?birthYear)
  BIND(YEAR(?deathDate) AS ?deathYear)
  
  SERVICE wikibase:label { bd:serviceParam wikibase:language ""en"". }
}
ORDER BY ?person",False,,False,result_too_large,0.0,0.0,0.0,0
511,complex,Show me a map of French municipalities with homonymous names connected by lines based on their distance.,"PREFIX wd: <http://www.wikidata.org/entity/>
PREFIX wdt: <http://www.wikidata.org/prop/direct/>
PREFIX p: <http://www.wikidata.org/prop/>
PREFIX ps: <http://www.wikidata.org/props/statement/>
PREFIX pq: <http://www.wikidata.org/prop/qualifier/>
PREFIX geo: <http://www.opengis.net/ont/geosparql#>
PREFIX geof: <http://www.opengis.net/def/function/geosparql/>
PREFIX wikibase: <http://wikiba.se/ontology#>

SELECT ?municipality1 ?municipality1Label ?municipality2 ?municipality2Label ?distance ?line WHERE {
  # Find French municipalities (instance of commune of France)
  ?municipality1 wdt:P31 wd:Q33104276 ;  # commune of France
                 wdt:P17 wd:Q142 ;        # country France
                 wdt:P625 ?coord1 .        # coordinate location
  ?municipality2 wdt:P31 wd:Q33104276 ;
                 wdt:P17 wd:Q142 ;
                 wdt:P625 ?coord2 .
  
  # Ensure they are different municipalities
  FILTER (?municipality1 != ?municipality2)
  
  # They must have the same label (homonymous)
  ?municipality1 rdfs:label ?label1 .
  ?municipality2 rdfs:label ?label2 .
  FILTER (LANG(?label1) = ""fr"" && LANG(?label2) = ""fr"")
  FILTER (?label1 = ?label2)
  
  # Calculate distance in kilometers using Haversine formula approximation
  BIND (geof:distance(?coord1, ?coord2) / 1000 AS ?distanceKm)
  BIND (ROUND(?distanceKm) AS ?distance)
  
  # Create a line geometry between the two points (for map visualization)
  BIND (STRDT(CONCAT(""LINESTRING ("", 
                     STR(xsd:float(xsd:decimal(xsd:double(STR(?coord1)))))), "" "", 
                     STR(xsd:float(xsd:decimal(xsd:double(STR(?coord2)))))), 
                     "")""), geo:asWKT) AS ?line)
  
  # Limit to reasonable distances (optional, to avoid too many results)
  FILTER (?distance > 0 && ?distance < 500)
}
ORDER BY ?distance
LIMIT 100",False,,False,http_400,0.0,0.0,0.0,0
512,complex,Show me a map of places with their standard English and Welsh spellings.,"SELECT ?place ?placeLabel ?englishName ?welshName WHERE {
  # Places that have both English and Welsh names
  ?place wdt:P31 wd:Q486972.          # Instance of: human settlement (optional, can be broader)
  ?place wdt:P1448 ?englishName.        # Official name (English)
  ?place wdt:P1448 ?welshName.         # Official name (Welsh) - same property for both languages
  FILTER(LANG(?englishName) = ""en"")    # Filter English names
  FILTER(LANG(?welshName) = ""cy"")      # Filter Welsh names
  
  SERVICE wikibase:label { bd:serviceParam wikbase:language ""en,cy"". }
}",False,,True,,0.0,0.0,0.0,538
513,complex,What are the most common properties used in maps?,"SELECT ?property ?propertyLabel (COUNT(?item) AS ?count) WHERE {
  ?item wdt:P31 wd:Q4006. # Instance of map
  ?item ?property ?value.
  ?property a wikibase:Property.
  SERVICE wikibase:label { bd:serviceParam wikibase:language ""en"". }
}
GROUP BY ?property ?propertyLabel
ORDER BY DESC(?count)
LIMIT 20",True,,True,,0.0,na,na,0
514,complex,Find museums within a 20-kilometer radius from your current location.,"SELECT ?museum ?museumLabel ?location WHERE {
  SERVICE wikibase:around {
    ?museum wdt:P31 wd:Q33506;
            wdt:P625 ?location.
    bd:serviceParam wikibase:center ""Point(0 0)""^^geo:wktLiteral;
                    wikibase:radius ""20"".
  }
  SERVICE wikibase:label { bd:serviceParam wikibase:language ""en"". }
}",False,,False,http_500,0.0,0.0,0.0,0
515,complex,Find people from Uppsala University with missing images in Wikidata.,"PREFIX wdt: <http://www.wikidata.org/prop/direct/>
PREFIX wd: <http://www.wikidata.org/entity/>
PREFIX wikibase: <http://wikiba.se/ontology#>
PREFIX bd: <http://www.bigdata.com/rdf#>

SELECT ?person ?personLabel WHERE {
  ?person wdt:P31 wd:Q5.
  { ?person wdt:P69 wd:Q371295 } UNION { ?person wdt:P108 wd:Q371295 }.
  FILTER NOT EXISTS { ?person wdt:P18 ?image }.
  SERVICE wikibase:label { bd:serviceParam wikibase:language ""en"". }
}
LIMIT 100",True,,True,,0.0,0.0,0.0,0
516,complex,What places are near the coordinates 48.87 latitude and 2.29 longitude?,"SELECT ?place ?placeLabel ?distance WHERE {
  SERVICE wikibase:around {
    ?place wdt:P625 ?location.
    bd:serviceParam wikibase:center ""Point(2.29 48.87)""^^geo:wktLiteral.
    bd:serviceParam wikibase:radius ""10"". # radius in km
  }
  BIND(geof:distance(""Point(2.29 48.87)""^^geo:wktLiteral, ?location) AS ?distance)
  SERVICE wikibase:label { bd:serviceParam wikibase:language ""en"". }
}
ORDER BY ?distance",False,,False,http_400,0.0,0.0,0.0,0
517,complex,What languages are spoken in France?,"SELECT ?language ?languageLabel WHERE {
  wd:Q142 wdt:P37 ?language.
  SERVICE wikibase:label { bd:serviceParam wikibase:language ""en"". }
}",True,,True,,0.2,0.3333,0.0,1
518,complex,Find hillforts with design plans in the UK and show their locations on a map.,"SELECT ?item ?itemLabel ?coords WHERE {
  ?item wdt:P31/wdt:P279* wd:Q744099 .   # hillfort or subclass thereof
  ?item wdt:P17 wd:Q145 .                # located in United Kingdom
  ?item wdt:P2679 ?designPlan .          # has design plan property
  ?item wdt:P625 ?coords .               # coordinates
  SERVICE wikibase:label { bd:serviceParam wikibase:language ""en"". }
}",True,,True,,0.0,na,na,0
519,complex,List countries with the most citizens whose first name starts with X or Q.,"SELECT ?country (COUNT(DISTINCT ?person) AS ?count) WHERE {
  ?person wdt:P31 wd:Q5 ;          # human
          wdt:P735 ?givenName ;    # given name
          wdt:P27 ?country .       # country of citizenship
  ?givenName rdfs:label ?givenNameLabel .
  FILTER(LANG(?givenNameLabel) = ""en"")
  FILTER(STRSTARTS(?givenNameLabel, ""X"") || STRSTARTS(?givenNameLabel, ""Q""))
}
GROUP BY ?country
ORDER BY DESC(?count)
LIMIT 10",False,,True,,0.0,0.0,0.0,20
520,complex,List all women born in the United Kingdom.,"SELECT DISTINCT ?person ?personLabel WHERE {
  ?person wdt:P31 wd:Q5.          # human
  ?person wdt:P21 wd:Q6581072.    # female
  ?person wdt:P19 ?place.         # place of birth
  ?place wdt:P17 wd:Q145.         # located in the United Kingdom
  SERVICE wikibase:label { bd:serviceParam wikibase:language ""en"". }
}",True,,True,,0.9967,0.9967,na,32712
521,complex,"Show me a map of medical facilities in Murshidabad district, India, with different colors for each type.","PREFIX wd: <http://www.wikidata.org/entity/>
PREFIX wdt: <http://www.wikidata.org/prop/direct/>
PREFIX p: <http://www.wikidata.org/prop/>
PREFIX ps: <http://www.wikidata.org/prop/statement/>
PREFIX pq: <http://www.wikidata.org/prop/qualifier/>
PREFIX geo: <http://www.opengis.net/ont/geosparql#>

SELECT ?facility ?facilityLabel ?type ?typeLabel ?location WHERE {
  # Murshidabad district (Q2092339)
  wd:Q2092339 wdt:P31 wd:Q10864048 ; # instance of district of India
              wdt:P17 wd:Q668 ; # country India
              wdt:P131 ?district . # located in administrative territorial entity
  
  # Medical facilities in the district
  ?facility wdt:P31 ?type ; # instance of medical facility type
            wdt:P131 ?district ; # located in the district
            wdt:P625 ?location . # coordinate location
  
  # Filter for medical facility types
  VALUES ?type { wd:Q16917 wd:Q3996 wd:Q41176 wd:Q105804 wd:Q41227 } 
  # Hospital, clinic, health center, medical center, pharmacy
  
  # Get labels
  SERVICE wikibase:label { bd:serviceParam wikibase:language ""en"". }
}",True,,True,,0.0,na,0.0,0
522,complex,List the graves of famous people in Pere Lachaise Cemetery who died between 1800 and 1849.,"SELECT ?person ?personLabel ?grave ?graveLabel ?deathDate WHERE {
  ?grave wdt:P31/wdt:P279* wd:Q173885 .          # instance or subclass of grave
  ?grave wdt:P276 wd:Q311 .                       # located in Père Lachaise Cemetery
  { ?grave wdt:P138 ?person } UNION { ?grave wdt:P825 ?person } .  # named after or dedicated to the person
  ?person wdt:P570 ?deathDate .                   # date of death
  FILTER(?deathDate >= ""1800-01-01T00:00:00Z""^^xsd:dateTime && 
         ?deathDate <= ""1849-12-31T23:59:59Z""^^xsd:dateTime)
  SERVICE wikibase:label { bd:serviceParam wikibase:language ""en"". }
}
ORDER BY ?deathDate",True,,True,,0.0,0.0,0.0,0
523,complex,List all Italian politicians between 50 and 80 years old who have held ministerial positions.,"SELECT ?person ?personLabel ?birthDate ?positionLabel WHERE {
  ?person wdt:P106 wd:Q82955.         # occupation: politician
  ?person wdt:P27 wd:Q38.             # country of citizenship: Italy
  ?person wdt:P569 ?birthDate.        # date of birth
  ?person wdt:P39 ?position.          # position held
  ?position wdt:P279 wd:Q83307.       # subclass of: minister
  FILTER( (?birthDate >= ""1944-01-01T00:00:00Z""^^xsd:dateTime) && (?birthDate <= ""1974-12-31T23:59:59Z""^^xsd:dateTime) )
  SERVICE wikibase:label { bd:serviceParam wikibase:language ""en"". }
}
ORDER BY ?personLabel",True,,True,,0.0,0.0,0.0,10
524,complex,List all U.S. Presidents in chronological order.,"SELECT ?person ?personLabel (MIN(?start) AS ?firstTermStart) WHERE {
  ?person p:P39 ?statement.
  ?statement ps:P39 wd:Q11696.
  ?statement pq:P580 ?start.
  SERVICE wikibase:label { bd:serviceParam wikibase:language ""en"". }
}
GROUP BY ?person ?personLabel
ORDER BY ?firstTermStart",True,,True,,0.2571,0.234,0.2759,94
525,complex,Show me the images related to Jean Fusoris and his astrolabe.,"SELECT ?image WHERE {
  { wd:Q1685398 wdt:P18 ?image. }
  UNION
  { ?astrolabe wdt:P170 wd:Q1685398;
               wdt:P31 wd:Q172790;
               wdt:P18 ?image. }
}",True,,True,,0.0,na,0.0,1
526,complex,List the number of men and women who have received art prizes.,"SELECT ?gender (COUNT(DISTINCT ?person) AS ?count) WHERE {
  ?person wdt:P31 wd:Q5.                # instance of human
  ?person wdt:P21 ?gender.              # gender
  ?person wdt:P166 ?prize.              # received award
  ?prize wdt:P31 wd:Q200098.            # instance of art prize (Q200098)
  FILTER(?gender IN (wd:Q6581097, wd:Q6581072))  # male or female
}
GROUP BY ?gender",True,,True,,0.0,0.0,0.0,0
527,complex,Show me a map of Wales with the percentage of Welsh speakers in each region.,"SELECT ?region ?regionLabel ?percentage ?location WHERE {
  # Subquery to get the percentage of Welsh speakers for each region
  {
    SELECT ?region (MAX(?population) AS ?totalPopulation) (SUM(?welshSpeakers) AS ?totalWelshSpeakers) 
           (ROUND(SUM(?welshSpeakers) * 100.0 / MAX(?population)) AS ?percentage) WHERE {
      # Regions in Wales (administrative divisions)
      ?region wdt:P31 wd:Q10864048;  # administrative territorial entity
              wdt:P17 wd:Q145.       # country: United Kingdom
      # Filter for regions within Wales
      ?region wdt:P131 wd:Q25.       # located in the administrative territorial entity: Wales
      
      # Population data
      ?region p:P1082 ?populationStatement.
      ?populationStatement ps:P1082 ?population;
                          pq:P585 ?populationDate.
      # Get the most recent population data
      OPTIONAL { ?populationStatement pq:P585 ?populationDate. }
      FILTER NOT EXISTS {
        ?region p:P1082 ?otherPopStatement.
        ?otherPopStatement ps:P1082 ?otherPop;
                          pq:P585 ?otherPopDate.
        FILTER(?otherPopDate > ?populationDate)
      }
      
      # Welsh speakers data (property P1410: number of speakers)
      ?region p:P1410 ?welshStatement.
      ?welshStatement ps:P1410 ?welshSpeakers;
                     pq:P518 ?languageGroup.
      # Filter for Welsh language (Q9309)
      ?languageGroup wdt:P31 wd:Q9309.  # Welsh language
      # Get the most recent data
      OPTIONAL { ?welshStatement pq:P585 ?welshDate. }
      FILTER NOT EXISTS {
        ?region p:P1410 ?otherWelshStatement.
        ?otherWelshStatement ps:P1410 ?otherWelsh;
                            pq:P585 ?otherWelshDate;
                            pq:P518 ?otherLanguageGroup.
        ?otherLanguageGroup wdt:P31 wd:Q9309.
        FILTER(?otherWelshDate > ?welshDate)
      }
    }
    GROUP BY ?region
  }
  
  # Get location coordinates for the map
  ?region wdt:P625 ?location.
  
  SERVICE wikibase:label { bd:serviceParam wikibase:language ""en"". }
}
ORDER BY DESC(?percentage)",False,,True,,0.0,na,na,0
528,complex,List languages by their geographical usage.,"SELECT ?language ?languageLabel ?country ?countryLabel WHERE {
  ?language wdt:P31 wd:Q34770.  # Instance of language
  ?language wdt:P17 ?country.   # Country where language is spoken
  SERVICE wikibase:label { bd:serviceParam wikibase:language ""en"". }
}
ORDER BY ?languageLabel",False,,True,,0.0,0.0,0.0,8427
529,complex,List all street names in Berlin that have multiple occurrences.,"SELECT ?streetName (COUNT(?street) AS ?count) WHERE {
  ?street wdt:P31/wdt:P279* wd:Q79007 .  # street or subclass
  ?street wdt:P131+ wd:Q64 .            # located in Berlin (directly or through district)
  ?street rdfs:label ?streetName .
  FILTER(LANG(?streetName) = ""en"")
}
GROUP BY ?streetName
HAVING (COUNT(?street) > 1)
ORDER BY ?streetName",False,,True,,0.0,na,0.0,572
530,complex,List all famous people born in January of a leap year.,"SELECT ?person ?personLabel ?birthDate WHERE {
  ?person wdt:P31 wd:Q5.                # instance of human
  ?person wdt:P569 ?birthDate.          # date of birth
  FILTER(
    MONTH(?birthDate) = 1 &&            # born in January
    (YEAR(?birthDate) % 400 = 0 ||      # leap year rule
     (YEAR(?birthDate) % 4 = 0 && 
      YEAR(?birthDate) % 100 != 0))
  )
  SERVICE wikibase:label { bd:serviceParam wikibase:language ""en"". }
}
ORDER BY ?birthDate",False,,False,http_400,0.0,0.0,0.0,0
531,complex,List authors affiliated with Coventry University who need items.,"SELECT ?author ?authorLabel ?item ?itemLabel WHERE {
  ?author wdt:P108 wd:Q838735. # affiliated with Coventry University
  ?author wdt:P50 ?item. # author of an item
  SERVICE wikibase:label { bd:serviceParam wikibase:language ""en"". }
}",True,,True,,0.0,0.0,0.0,0
532,complex,List the Danish monarchs along with their places and dates of death.,"SELECT ?monarch ?monarchLabel ?placeOfDeathLabel ?dateOfDeath WHERE {
  ?monarch wdt:P31 wd:Q5;                # instance of human
           wdt:P106 wd:Q116;             # occupation: monarch
           wdt:P27 wd:Q35;               # country of citizenship: Denmark
           wdt:P570 ?dateOfDeath;        # date of death
           wdt:P20 ?placeOfDeath.        # place of death
  SERVICE wikibase:label { bd:serviceParam wikibase:language ""en"". }
}
ORDER BY ?dateOfDeath",True,,True,,0.0,0.0,0.0,0
533,complex,What is the most specific taxonomic group that includes both Alocasia cuprea and Codiaeum variegatum?,,False,empty response after retries,False,no_query,0.0,0.0,0.0,0
534,complex,Find the Wikipathways pathway with ID WP28 and list its parts.,"SELECT ?part ?partLabel WHERE {
  wd:WP28 wdt:P527 ?part .
  SERVICE wikibase:label { bd:serviceParam wikibase:language ""en"". }
}",True,,True,,0.0,na,na,0
535,complex,List Rabindranath Tagore's poems written each month.,"SELECT ?month ?poem ?poemLabel WHERE {
  wd:Q7241 wdt:P800 ?poem . # wd:Q7241 is Rabindranath Tagore, wdt:P800 is notable work
  ?poem wdt:P31 wd:Q5185279 . # Q5185279 is poem
  ?poem wdt:P577 ?publicationDate . # wdt:P577 is publication date
  BIND(MONTH(?publicationDate) AS ?month)
  SERVICE wikibase:label { bd:serviceParam wikibase:language ""en"". }
}
ORDER BY ?month ?poemLabel",True,,True,,0.0,na,na,0
536,complex,Show me a map of restaurants in Switzerland that have received Michelin stars.,"SELECT ?restaurant ?restaurantLabel ?location ?starCount WHERE {
  ?restaurant wdt:P31 wd:Q11707;                # instance of restaurant
              wdt:P17 wd:Q39;                   # country: Switzerland
              wdt:P625 ?location;               # coordinate location
              wdt:P1431 ?starCount.             # Michelin star rating
  SERVICE wikibase:label { bd:serviceParam wikibase:language ""en"". }
}",True,,True,,0.0,0.0,0.0,0
537,complex,List the birthplaces of famous economists.,"SELECT DISTINCT ?birthplace ?birthplaceLabel WHERE {
  ?person wdt:P106 wd:Q188094.
  ?person wdt:P19 ?birthplace.
  SERVICE wikibase:label { bd:serviceParam wikibase:language ""en"". }
}
LIMIT 100",True,,True,,0.0,0.0,0.0,100
538,complex,List famous individuals who passed away between 1969 and 1970.,"SELECT ?person ?personLabel ?dateOfDeath WHERE {
  ?person wdt:P31 wd:Q5.                # instance of human
  ?person wdt:P570 ?dateOfDeath.        # date of death
  FILTER(?dateOfDeath >= ""1969-01-01""^^xsd:dateTime && ?dateOfDeath <= ""1970-12-31""^^xsd:dateTime)
  SERVICE wikibase:label { bd:serviceParam wikibase:language ""en"". }
}
ORDER BY ?dateOfDeath",False,,True,,0.0,na,na,0
539,complex,List the longest-serving heads of government in France.,"SELECT ?headOfGovernment ?headOfGovernmentLabel ?startTime ?endTime (xsd:integer(?endTime - ?startTime) AS ?durationDays) WHERE {
  # Find instances of head of government of France
  ?headOfGovernment wdt:P31 wd:Q5;                    # Instance of human
                    wdt:P39 wd:Q15964890.             # Position held: Prime Minister of France
  OPTIONAL { ?headOfGovernment p:P39 ?positionStmt. }
  ?positionStmt ps:P39 wd:Q15964890;                  # Statement for Prime Minister
                pq:P580 ?startTime.                   # Start time
  OPTIONAL { ?positionStmt pq:P582 ?endTime. }        # End time (optional for current)
  FILTER(BOUND(?endTime))                             # Only those with end time (historical)
  SERVICE wikibase:label { bd:serviceParam wikibase:language ""en"". }
}
ORDER BY DESC(?durationDays)
LIMIT 10",True,,True,,0.0,0.0,0.0,19
540,complex,Show me the tramway routes in France on a map.,"SELECT ?route ?routeLabel ?coords WHERE {
  ?route wdt:P31 wd:Q15079663 ;   # instance of tramway route
         wdt:P17 wd:Q142 ;        # country France
         wdt:P625 ?coords .       # coordinate location
  SERVICE wikibase:label { bd:serviceParam wikibase:language ""en"". }
}",True,,True,,0.0,na,na,0
541,complex,What are the most popular chess openings based on their site links?,"SELECT ?opening ?openingLabel ?sitelinks WHERE {
  ?opening wdt:P31 wd:Q108129 .
  ?opening wikibase:sitelinks ?sitelinks .
  SERVICE wikibase:label { bd:serviceParam wikibase:language ""en"". }
}
ORDER BY DESC(?sitelinks)
LIMIT 10",True,,True,,0.0,na,na,0
542,complex,List the most famous paintings from each country.,"SELECT ?country ?countryLabel ?painting ?paintingLabel WHERE {
  ?painting wdt:P31 wd:Q3305213.
  ?painting wdt:P17 ?country.
  ?painting wdt:P135 wd:Q37068.
  ?painting wdt:P2048 ?height.
  ?country wdt:P31 wd:Q3624078.
  SERVICE wikibase:label { bd:serviceParam wikibase:language ""en"". }
}
ORDER BY DESC(?height)
LIMIT 10",False,,True,,0.0,0.0,na,15
543,complex,List South African women who have Wikipedia pages but not Wikiquote pages.,"SELECT ?woman ?womanLabel WHERE {
  # Find women with Wikipedia pages
  ?woman wdt:P31 wd:Q5 .                  # instance of human
  ?woman wdt:P21 wd:Q6581072 .            # female gender
  ?woman wdt:P27 wd:Q258 .               # country of citizenship: South Africa
  ?woman wdt:P569 ?birthDate .           # date of birth (optional, for filtering)
  
  # Ensure they have a Wikipedia page
  ?article schema:about ?woman .
  ?article schema:isPartOf <https://en.wikipedia.org/> .
  
  # Exclude those with a Wikiquote page
  FILTER NOT EXISTS {
    ?wikiquote schema:about ?woman .
    ?wikiquote schema:isPartOf <https://en.wikiquote.org/> .
  }
  
  SERVICE wikibase:label { bd:serviceParam wikibase:language ""en"". }
}",True,,True,,0.3444,0.7461,0.0,1996
544,complex,Find public spaces with table tennis tables near my current location.,"SELECT ?place ?placeLabel ?location WHERE {
  SERVICE wikibase:around {
    ?place wdt:P625 ?location.
    bd:serviceParam wikibase:center ""Point(13.4050 52.5200)""^^geo:wktLiteral. # Replace with your coordinates
    bd:serviceParam wikibase:radius ""1"". # Radius in kilometers
  }
  ?place wdt:P31/wdt:P279* wd:Q226982. # Instance or subclass of public space
  ?place wdt:P31/wdt:P279* wd:Q17350442. # Instance or subclass of table tennis table
  SERVICE wikibase:label { bd:serviceParam wikibase:language ""en"". }
}",True,,False,http_500,0.0,0.0,0.0,0
545,complex,Find movies with video links on YouTube.,"SELECT ?movie ?movieLabel ?videoLink WHERE {
  ?movie wdt:P31 wd:Q11424.        # Instance of (P31) film (Q11424)
  ?movie wdt:P1651 ?videoLink.     # YouTube video ID (P1651)
  SERVICE wikibase:label { bd:serviceParam wikibase:language ""en"". }
}
LIMIT 10",True,,True,,0.0004,0.0004,0.0004,19
546,complex,What are the top 100 most translated concepts in the Lexeme namespace?,"SELECT ?lexeme ?translationCount WHERE {
  {
    SELECT ?lexeme (COUNT(?translation) AS ?translationCount) WHERE {
      ?lexeme a wikibase:Lexeme .
      OPTIONAL { ?lexeme dct:source ?translation . }
    } GROUP BY ?lexeme
  }
} ORDER BY DESC(?translationCount) LIMIT 100",True,,True,,0.0,na,0.0,101
547,complex,List the moons of planets in our solar system and their namesakes.,"PREFIX wd: <http://www.wikidata.org/entity/>
PREFIX wdt: <http://www.wikidata.org/prop/direct/>
PREFIX wikibase: <http://wikiba.se/ontology#>
PREFIX bd: <http://www.bigdata.com/rdf#>

SELECT ?moon ?moonLabel ?namesakeLabel WHERE {
  # All solar system planets
  wd:Q234 wdt:P397 ?moon .  # Q234 = Solar System
  ?moon wdt:P31 wd:Q523 .   # Q523 = moon
  OPTIONAL { ?moon wdt:P138 ?namesake . } # P138 = named after
  SERVICE wikibase:label { bd:serviceParam wikibase:language ""en"". }
}
ORDER BY ?moonLabel",True,,True,,0.0,0.0,na,0
548,complex,List monuments named after a person without any other connection.,"SELECT ?monument ?monumentLabel ?personLabel WHERE {
  ?monument wdt:P31/wdt:P279* wd:Q4989906. # instance/subclass of monument
  ?monument wdt:P138 ?person. # named after a person
  FILTER NOT EXISTS {
    ?monument ?p ?person. # any other connection
    FILTER(?p != wdt:P138) # exclude the naming relation
  }
  SERVICE wikibase:label { bd:serviceParam wikibase:language ""en"". }
}",True,,False,http_500,0.0,0.0,0.0,0
549,complex,What languages are spoken in the Netherlands?,"SELECT ?language ?languageLabel WHERE {
  wd:Q55 wdt:P2936 ?language.
  SERVICE wikibase:label { bd:serviceParam wikibase:language ""en"". }
}",True,,True,,0.0,0.0,na,1
550,complex,List all parties that had members elected in the February 1974 UK general election.,,False,empty response after retries,False,no_query,0.0,0.0,0.0,0
551,complex,What is the latest Twitter follower count for different programming languages?,"SELECT ?language ?languageLabel ?followerCount ?date WHERE {
  # Find programming languages
  ?language wdt:P31 wd:Q9143.  # instance of programming language
  
  # Get Twitter follower count property (P868)
  ?language p:P868 ?followerStatement.
  ?followerStatement ps:P868 ?followerCount.
  
  # Get the point in time for the count (optional, but useful for ""latest"")
  OPTIONAL { ?followerStatement pq:P585 ?date. }
  
  # Filter to get the latest count per language (if multiple)
  {
    SELECT ?language (MAX(?date) AS ?maxDate) WHERE {
      ?language wdt:P31 wd:Q9143.
      ?language p:P868 ?statement.
      OPTIONAL { ?statement pq:P585 ?date. }
    } GROUP BY ?language
  }
  FILTER(?date = ?maxDate || (!BOUND(?date) && !BOUND(?maxDate)))
  
  SERVICE wikibase:label { bd:serviceParam wikibase:language ""en"". }
}
ORDER BY DESC(?followerCount)",True,,True,,0.0,na,na,0
552,complex,List all languages with their corresponding unique language codes used in lemmas.,"SELECT ?language ?languageCode WHERE {
  ?lemma dct:language ?language .
  ?language wdt:P218 ?languageCode .
}
GROUP BY ?language ?languageCode",True,,True,,0.0,0.0,0.0,344
553,complex,What types of items are exhibited at the Ashmolean Museum?,"SELECT DISTINCT ?itemType ?itemTypeLabel WHERE {
  ?item wdt:P31 ?itemType ;
        wdt:P276 wd:Q636400 .  # wd:Q636400 is the Ashmolean Museum
  SERVICE wikibase:label { bd:serviceParam wikibase:language ""en"". }
}",True,,True,,0.0,0.0,na,77
554,complex,Show me a chart of astrolabes' diameters over time.,"SELECT ?astrolabe ?astrolabeLabel ?diameter ?date WHERE {
  ?astrolabe wdt:P31 wd:Q188055.
  ?astrolabe wdt:P1106 ?diameter.
  ?astrolabe wdt:P571 ?date.
  SERVICE wikibase:label { bd:serviceParam wikibase:language ""en"". }
}
ORDER BY ?date",True,,True,,0.0,na,0.0,0
555,complex,How many alphabets use a specific letter?,"SELECT ?letter ?count WHERE {
  {
    SELECT ?letter (COUNT(?alphabet) AS ?count) WHERE {
      ?alphabet wdt:P898 ?letter .
    }
    GROUP BY ?letter
  }
  FILTER(?letter = ""a""@en)  // Replace ""a"" with the specific letter you want
}",False,,False,http_400,0.0,0.0,0.0,0
556,complex,List the modern-day descendants of the Achaemenid dynasty.,"SELECT ?descendant ?descendantLabel WHERE {
  # The Achaemenid dynasty (Q121748) is the subject
  wd:Q121748 wdt:P40 ?descendant .  # P40: child
  SERVICE wikibase:label { bd:serviceParam wikibase:language ""en"". }
}",True,,True,,0.0,na,na,0
557,complex,What are the most common first names of current French members of Parliament?,"SELECT ?firstName (COUNT(DISTINCT ?person) AS ?count)
WHERE {
  ?person p:P39 ?positionStmt .
  ?positionStmt ps:P39 wd:Q19331194 .  # member of the French National Assembly
  FILTER NOT EXISTS { ?positionStmt pq:P582 ?endTime }  # currently holds the office
  ?person wdt:P735 ?givenName .
  ?givenName rdfs:label ?firstName .
  FILTER(LANG(?firstName) = ""en"")
}
GROUP BY ?firstName
ORDER BY DESC(?count)
LIMIT 20",True,,True,,0.0,na,0.0,0
558,complex,"List all works written by Voltaire, including their publication dates.","SELECT ?work ?workLabel ?publicationDate WHERE {
  ?work wdt:P50 wd:Q9068.  # Q9068 is Voltaire
  OPTIONAL { ?work wdt:P577 ?publicationDate . }
  SERVICE wikibase:label { bd:serviceParam wikibase:language ""en"". }
}",True,,True,,0.067,0.0,0.1812,569
559,complex,What are the key dates in Honoré de Balzac's life?,"SELECT ?date ?dateLabel ?eventType ?eventTypeLabel WHERE {
  wd:Q971 wdt:P569 ?birthDate .   # Honoré de Balzac's birth date
  wd:Q971 wdt:P570 ?deathDate .   # Honoré de Balzac's death date
  OPTIONAL { wd:Q971 wdt:P31 ?instance . } # instance of (human)
  SERVICE wikibase:label { bd:serviceParam wikibase:language ""en"". }
  BIND(""birth"" AS ?eventType)
  BIND(?birthDate AS ?date)
  UNION
  BIND(""death"" AS ?eventType)
  BIND(?deathDate AS ?date)
}",False,,False,http_400,0.0,0.0,0.0,0
560,complex,What are the properties associated with file formats?,"SELECT DISTINCT ?property ?propertyLabel WHERE {
  ?file wdt:P31/wdt:P279* wd:Q235557 .  # instances and subclasses of file format
  ?file ?property ?value .
  SERVICE wikibase:label { bd:serviceParam wikibase:language ""en"". }
}
ORDER BY ?propertyLabel",False,,True,,0.0,na,0.0,1180
561,complex,List the top 10 Wikipedia language editions with the most articles about films.,"SELECT ?language ?count WHERE {
  {
    SELECT ?language (COUNT(?article) AS ?count) WHERE {
      ?article wdt:P31 wd:Q11424.  # instance of film
      ?article schema:about ?item.
      ?article schema:isPartOf ?wiki.
      ?wiki schema:name ?language.
    }
    GROUP BY ?language
    ORDER BY DESC(?count)
    LIMIT 10
  }
}",True,,True,,0.0,na,0.0,0
562,complex,What topics on English Wikipedia link to the University of Virginia?,"PREFIX wikibase: <http://wikiba.se/ontology#>
PREFIX mwapi: <http://wikiba.se/ontology#>
PREFIX schema: <http://schema.org/>

SELECT ?topic ?topicLabel WHERE {
  SERVICE wikibase:mwapi {
    wd:Q213690 mwapi:api ""query"";
               mwapi:list ""backlinks"";
               mwapi:bltitle ""University of Virginia"";
               mwapi:bllimit 500;
               mwapi:blnamespace 0 .
    ?page mwapi:page ?page .
  }
  ?topic schema:about ?page .
  ?topic schema:isPartOf <https://en.wikipedia.org/> .
  SERVICE wikibase:label { bd:serviceParam wikibase:language ""en"". }
}
LIMIT 1000",False,,False,http_500,0.0,0.0,0.0,0
563,complex,"List all German cities with a population of more than 50,000.","SELECT ?city ?cityLabel ?population WHERE {
  ?city wdt:P31 wd:Q515;          # instance of city
        wdt:P17 wd:Q183;          # country Germany
        wdt:P1082 ?population.    # population
  FILTER(?population > 50000)
  SERVICE wikibase:label { bd:serviceParam wikibase:language ""en"". }
}
ORDER BY DESC(?population)",True,,True,,0.0442,0.1117,0.0276,44
564,complex,"List countries with their ISO codes, flag features, and fertility rates.","PREFIX wd: <http://www.wikidata.org/entity/>
PREFIX wdt: <http://www.wikidata.org/prop/direct/>
PREFIX p: <http://www.wikidata.org/prop/>
PREFIX ps: <http://www.wikidata.org/prop/statement/>
PREFIX pq: <http://www.wikidata.org/prop/qualifier/>

SELECT ?country ?countryLabel ?isoCode ?flag ?fertilityRate WHERE {
  ?country wdt:P31 wd:Q3624078. # instance of sovereign state
  OPTIONAL { ?country wdt:P298 ?isoCode. } # ISO 3166-1 alpha-3 code
  OPTIONAL { ?country wdt:P41 ?flag. } # flag image
  OPTIONAL { 
    ?country p:P2213 ?fertilityStatement. # fertility rate
    ?fertilityStatement ps:P2213 ?fertilityRate.
    # Optionally filter for most recent year
    OPTIONAL { ?fertilityStatement pq:P585 ?year. }
    FILTER NOT EXISTS { ?fertilityStatement pq:P585 ?year. FILTER (?year < ""2010""^^xsd:dateTime) }
  }
  SERVICE wikibase:label { bd:serviceParam wikibase:language ""en"". }
}",True,,True,,0.0,0.0,0.0,596
565,complex,List the types of literary works with their counts.,"SELECT ?type (COUNT(?work) AS ?count) WHERE {
  ?work wdt:P31 ?type .
  ?type wdt:P279* wd:Q7725634 .
}
GROUP BY ?type
ORDER BY DESC(?count)",True,,True,,0.1152,0.0741,0.2853,1575
566,complex,List the places of birth for Nobel Prize winners grouped by decade.,"PREFIX wd: <http://www.wikidata.org/entity/>
PREFIX wdt: <http://www.wikidata.org/prop/direct/>
PREFIX wikibase: <http://wikiba.se/ontology#>
PREFIX bd: <http://www.bigdata.com/rdf#>

SELECT DISTINCT ?decade ?placeLabel WHERE {
  ?person wdt:P31 wd:Q5 .
  ?person wdt:P166 ?award .
  ?award wdt:P279* wd:Q7191 .
  ?person wdt:P569 ?birthDate .
  ?person wdt:P19 ?place .
  BIND(YEAR(?birthDate) AS ?year)
  BIND(FLOOR(?year / 10) * 10 AS ?decade)
  SERVICE wikibase:label { bd:serviceParam wikibase:language ""en"". }
}
ORDER BY ?decade ?placeLabel",True,,True,,0.0,na,0.0,19
