index,complexity,instruction,generated_query,syntax,error,executed,exec_error,jaccard_pooled,jaccard_entity,jaccard_literal,n_pred_values
0,simple,How many items on Wikidata have a coordinate location?,"SELECT (COUNT(?item) AS ?count) WHERE {
  ?item wdt:P625 ?coordinate .
}",False,,True,,1.0,na,1.0,1
1,simple,List all subproperties related to location.,"SELECT ?subproperty ?subpropertyLabel WHERE {
  ?subproperty wdt:P279* wd:P276 .
  SERVICE wikibase:label { bd:serviceParam wikibase:language ""[AUTO_LANGUAGE],en"" }
}",True,,True,,0.0156,na,0.0156,1
2,simple,List all organisms named in honor of John Sibthorp.,"SELECT ?organism ?organismLabel WHERE {
  ?organism wdt:P138 wd:Q1701635 .
  ?organism wdt:P31/wdt:P279* wd:Q729 .
  SERVICE wikibase:label { bd:serviceParam wikibase:language ""[AUTO_LANGUAGE],en"" }
}",True,,True,,0.0,0.0,0.0,0
3,simple,List politicians who have Mastodon accounts.,"SELECT ?politician ?politicianLabel ?mastodonAccount WHERE {
  ?politician wdt:P106 wd:Q82955 .
  ?politician wdt:P4042 ?mastodonAccount .
  SERVICE wikibase:label { bd:serviceParam wikibase:language ""[AUTO_LANGUAGE],en"" }
}",True,,True,,0.0,0.0,0.0,256
4,simple,List all phrases that are known as catchphrases.,"SELECT ?phrase ?phraseLabel WHERE {
  ?phrase wdt:P31 wd:Q1050666 .
  SERVICE wikibase:label { bd:serviceParam wikibase:language ""[AUTO_LANGUAGE],en"" }
}",True,,True,,0.0,0.0,0.0,0
5,simple,"List the children of Johann Sebastian Bach with his first wife, Maria Barbara Bach.","SELECT ?child ?childLabel WHERE {
  wd:Q1339 wdt:P40 ?child .
  ?child wdt:P25 wd:Q76936 .
  SERVICE wikibase:label { bd:serviceParam wikibase:language ""[AUTO_LANGUAGE],en"" }
}",True,,True,,0.0,0.0,na,0
6,simple,List the Apple M series SoC models in chronological order of their announcement dates.,"SELECT ?model ?modelLabel ?date WHERE {
  ?model wdt:P31 wd:Q104527362 ;
         wdt:P577 ?date .
  SERVICE wikibase:label { bd:serviceParam wikibase:language ""[AUTO_LANGUAGE],en"". }
}
ORDER BY ?date",True,,True,,0.0,na,0.0,0
7,simple,Show me a map of the hometowns of people with Mastodon profiles.,"SELECT ?person ?personLabel ?hometown ?hometownLabel ?hometownLocation WHERE {
  ?person wdt:P4013 ?mastodonProfile .
  ?person wdt:P19 ?hometown .
  ?hometown wdt:P625 ?hometownLocation .
  SERVICE wikibase:label { bd:serviceParam wikibase:language ""[AUTO_LANGUAGE],en"" }
}",True,,True,,0.0232,0.0225,0.0241,977
8,simple,List all literary works and their descriptions.,"SELECT ?work ?workLabel ?description WHERE {
  ?work wdt:P31 wd:Q7725634.
  SERVICE wikibase:label { bd:serviceParam wikibase:language ""[AUTO_LANGUAGE],en"". }
  ?work schema:description ?description.
  FILTER(LANG(?description) = ""en"")
}",False,,False,result_too_large,0.0,0.0,0.0,0
9,simple,List botanists whose names start with the letter H.,"SELECT ?botanist ?botanistLabel WHERE {
  ?botanist wdt:P106 wd:Q2374063 .
  ?botanist rdfs:label ?botanistLabel .
  FILTER(LANG(?botanistLabel) = ""en"")
  FILTER(STRSTARTS(?botanistLabel, ""H""))
}",True,,True,,0.0,0.0,0.0,0
10,simple,List the oldest subway systems in the world.,"SELECT ?subway ?subwayLabel ?inception WHERE {
  ?subway wdt:P31 wd:Q1186050 ;
          wdt:P571 ?inception .
  SERVICE wikibase:label { bd:serviceParam wikibase:language ""[AUTO_LANGUAGE],en"" }
}
ORDER BY ?inception
LIMIT 20",False,,True,,0.0,0.0,0.0,0
11,simple,Find 3D models of items from specific collections.,"SELECT ?item ?itemLabel ?model WHERE {
  ?item wdt:P195 ?collection ;
        wdt:P6804 ?model .
  SERVICE wikibase:label { bd:serviceParam wikibase:language ""[AUTO_LANGUAGE],en"" }
}",True,,True,,0.0,0.0,0.0,2
12,simple,List all books on Bengali Wikisource that have been validated.,"SELECT ?book ?bookLabel WHERE {
  ?book wdt:P31 wd:Q571 ;
        wdt:P1433 ?site .
  ?site wdt:P31 wd:Q1193941 ;
        wdt:P407 wd:Q9610 .
  ?book wdt:P1683 wd:Q10855136 .
  SERVICE wikibase:label { bd:serviceParam wikibase:language ""bn,en"" }
}",True,,True,,0.0,0.0,0.0,0
13,simple,Show me all hackerspaces on a map.,"SELECT ?item ?itemLabel ?coords WHERE {
  ?item wdt:P31 wd:Q1563566 ;
        wdt:P625 ?coords .
  SERVICE wikibase:label { bd:serviceParam wikibase:language ""[AUTO_LANGUAGE],en"" }
}",True,,True,,0.0,0.0,0.0,0
14,simple,List the top 20 humans with the highest recorded weight.,"SELECT ?human ?humanLabel ?weight WHERE {
  ?human wdt:P31 wd:Q5 ;
         wdt:P2067 ?weight .
  SERVICE wikibase:label { bd:serviceParam wikibase:language ""[AUTO_LANGUAGE],en"". }
}
ORDER BY DESC(?weight)
LIMIT 20",False,,True,,0.0,0.0,0.0,39
15,simple,Find authors with the full name 'Bill Thompson'.,"SELECT ?author ?authorLabel WHERE {
  ?author wdt:P106 wd:Q36180 ;
          wdt:P1477 ""Bill Thompson""@en .
  SERVICE wikibase:label { bd:serviceParam wikibase:language ""[AUTO_LANGUAGE],en"" }
}",True,,True,,0.0,0.0,na,0
16,simple,What species are commonly found at Fazenda Tamandua?,"SELECT ?species ?speciesLabel WHERE {
  wd:Q10280165 wdt:P189 ?species .
  SERVICE wikibase:label { bd:serviceParam wikibase:language ""[AUTO_LANGUAGE],en"" }
}",True,,True,,0.0,0.0,0.0,0
17,simple,List all chemical elements along with their symbol and atomic number in ascending order of atomic number.,"SELECT ?element ?elementLabel ?symbol ?atomicNumber WHERE {
  ?element wdt:P31 wd:Q11344 .
  ?element wdt:P246 ?symbol .
  ?element wdt:P1086 ?atomicNumber .
  SERVICE wikibase:label { bd:serviceParam wikibase:language ""[AUTO_LANGUAGE],en"" }
}
ORDER BY ?atomicNumber",True,,True,,1.0,1.0,1.0,522
18,simple,List all CDLI item IDs along with their corresponding labels in every language.,"SELECT ?item ?itemLabel WHERE {
  ?item wdt:P3261 ?cdli_id .
  SERVICE wikibase:label { bd:serviceParam wikibase:language ""[AUTO_LANGUAGE],mul,en,fr,de,es,it,ja,zh,ru"". }
}",True,,True,,0.0,0.0,0.0,1083
19,simple,Find the Wikipathways citation corpus with corresponding IDs and references.,"SELECT ?item ?itemLabel ?id ?reference WHERE {
  ?item wdt:P31 wd:Q113510730 .
  ?item wdt:P3548 ?id .
  OPTIONAL { ?item wdt:P854 ?reference . }
  SERVICE wikibase:label { bd:serviceParam wikibase:language ""[AUTO_LANGUAGE],en"" }
}",True,,True,,0.0,na,na,0
20,simple,Find paintings depicting the Pentecost theme.,"SELECT ?painting ?paintingLabel WHERE {
  ?painting wdt:P31 wd:Q3305213 ;
            wdt:P180 wd:Q189666 .
  SERVICE wikibase:label { bd:serviceParam wikibase:language ""[AUTO_LANGUAGE],en"". }
}",True,,True,,0.0,0.0,0.0,0
21,simple,What are some common phrases related to Redewendung?,"SELECT ?phrase ?phraseLabel WHERE {
  ?phrase wdt:P31 wd:Q188451 .
  SERVICE wikibase:label { bd:serviceParam wikibase:language ""[AUTO_LANGUAGE],en"" }
}",True,,True,,0.0,0.0,na,6222
22,simple,List all type foundries and their corresponding typefaces.,"SELECT ?foundry ?foundryLabel ?typeface ?typefaceLabel WHERE {
  ?foundry wdt:P31 wd:Q1506266 .
  ?typeface wdt:P176 ?foundry .
  SERVICE wikibase:label { bd:serviceParam wikibase:language ""[AUTO_LANGUAGE],en"" }
}",True,,True,,0.0,0.0,0.0,0
23,simple,List all hill forts in the Atlas with their names written in Irish.,"SELECT ?hillfort ?hillfortLabel ?nameIrish WHERE {
  ?hillfort wdt:P31 wd:Q1636566 ;
            wdt:P131 wd:Q12112 .
  ?hillfort rdfs:label ?nameIrish .
  FILTER(LANG(?nameIrish) = ""ga"")
  SERVICE wikibase:label { bd:serviceParam wikibase:language ""[AUTO_LANGUAGE],en"". }
}",True,,True,,0.0,na,na,0
24,simple,Find all items with a 3D model property on Wikidata.,"SELECT ?item ?itemLabel ?model WHERE {
  ?item wdt:P6896 ?model .
  SERVICE wikibase:label { bd:serviceParam wikibase:language ""[AUTO_LANGUAGE],en"" }
}",True,,True,,0.0,0.0,0.0,200
25,simple,Rank countries by their average lifespan.,"SELECT ?country ?countryLabel (AVG(?lifespan) AS ?averageLifespan) WHERE {
  ?person wdt:P27 ?country ;
          wdt:P569 ?birth ;
          wdt:P570 ?death .
  BIND(year(?death) - year(?birth) AS ?lifespan)
  FILTER(?lifespan > 0 && ?lifespan < 125)
  SERVICE wikibase:label { bd:serviceParam wikibase:language ""[AUTO_LANGUAGE],en"" }
}
GROUP BY ?country ?countryLabel
ORDER BY DESC(?averageLifespan)",False,,True,,0.033,0.072,0.0118,4269
26,simple,List the streets in Leiden named after famous people or things.,"SELECT ?street ?streetLabel ?namedAfter ?namedAfterLabel WHERE {
  ?street wdt:P131 wd:Q70388 ;
          wdt:P31 wd:Q79007 ;
          wdt:P138 ?namedAfter .
  SERVICE wikibase:label { bd:serviceParam wikibase:language ""[AUTO_LANGUAGE],en"" }
}",True,,True,,0.0,0.0,0.0,0
27,simple,List the grandchildren of Johann Sebastian Bach.,"SELECT ?grandchild ?grandchildLabel WHERE {
  wd:Q1339 wdt:P40 ?child .
  ?child wdt:P40 ?grandchild .
  SERVICE wikibase:label { bd:serviceParam wikibase:language ""[AUTO_LANGUAGE],en"" }
}",True,,True,,1.0,1.0,na,13
28,simple,List all individuals who studied at the University of Oxford.,"SELECT ?person ?personLabel WHERE {
  ?person wdt:P69 wd:Q34433 .
  SERVICE wikibase:label { bd:serviceParam wikibase:language ""[AUTO_LANGUAGE],en"" }
}",True,,True,,0.0,0.0,0.0,12358
29,simple,List websites associated with projects in the Women's & Gender History DH list.,"SELECT ?website ?websiteLabel WHERE {
  ?project wdt:P1433 wd:Q115862465 ;
           wdt:P856 ?website .
  SERVICE wikibase:label { bd:serviceParam wikibase:language ""[AUTO_LANGUAGE],en"". }
}",True,,True,,0.0,0.0,0.0,0
30,simple,List all monuments in Berlin with their cultural heritage ID and geolocation.,"SELECT ?monument ?monumentLabel ?heritageID ?location WHERE {
  ?monument wdt:P131 wd:Q64 ;
            wdt:P1435 ?heritage ;
            wdt:P625 ?location .
  ?monument p:P1435 ?statement .
  ?statement ps:P1435 ?heritage ;
             pq:P1436 ?heritageID .
  SERVICE wikibase:label { bd:serviceParam wikibase:language ""[AUTO_LANGUAGE],en"" }
}",True,,True,,0.0,0.0,0.0,0
31,simple,Find the UniProt IDs of proteins found in Homo sapiens.,"SELECT ?protein ?proteinLabel ?uniprotID WHERE {
  ?protein wdt:P703 wd:Q1597863 ;
           wdt:P352 ?uniprotID .
  SERVICE wikibase:label { bd:serviceParam wikibase:language ""[AUTO_LANGUAGE],en"" }
}",True,,True,,0.0,0.0,0.0,0
32,simple,What are the nodes and predicates related to 'Wikidata' in English?,"SELECT ?item ?itemLabel ?predicate ?predicateLabel ?object ?objectLabel WHERE {
  { ?item ?predicate wd:Q2013 . }
  UNION
  { wd:Q2013 ?predicate ?object . }
  SERVICE wikibase:label { bd:serviceParam wikibase:language ""en"" }
}
LIMIT 100",True,,True,,0.0296,0.0,0.032,101
33,simple,Find the base form of the word 'bought' in English.,"SELECT ?lemma WHERE {
  ?lexeme dct:language wd:Q1860 ;
          wikibase:lexicalCategory wd:Q10846 ;
          ontolex:lexicalForm ?form .
  ?form ontolex:writtenRep ""bought""@en .
  ?lexeme ontolex:canonicalForm ?canonical .
  ?canonical ontolex:writtenRep ?lemma .
}",True,,True,,0.0,na,0.0,0
34,simple,List all taxons and their eponyms.,"SELECT ?taxon ?taxonLabel ?eponym ?eponymLabel WHERE {
  ?taxon wdt:P31/wdt:P279* wd:Q16521 .
  ?taxon wdt:P138 ?eponym .
  SERVICE wikibase:label { bd:serviceParam wikibase:language ""[AUTO_LANGUAGE],en"" }
}",False,,True,,0.8329,0.8328,1.0,23961
35,simple,List all items that are instances of goats.,"SELECT ?goat ?goatLabel WHERE {
  ?goat wdt:P31 wd:Q2934 .
  SERVICE wikibase:label { bd:serviceParam wikibase:language ""[AUTO_LANGUAGE],en"" }
}",True,,True,,1.0,1.0,na,18
36,simple,List all the letters in the Swedish alphabet.,"SELECT ?letter ?letterLabel WHERE {
  ?letter wdt:P361 wd:Q14655 .
  SERVICE wikibase:label { bd:serviceParam wikibase:language ""sv,en"" }
}",True,,True,,0.0,na,0.0,0
37,simple,List all colors with their corresponding sRGB hex triplets.,"SELECT ?color ?colorLabel ?hex WHERE {
  ?color wdt:P31 wd:Q107566 ;
         wdt:P465 ?hex .
  SERVICE wikibase:label { bd:serviceParam wikibase:language ""[AUTO_LANGUAGE],en"" }
}",True,,True,,0.0,0.0,0.0,0
38,medium,List all countries where a pride parade has taken place.,"SELECT DISTINCT ?country ?countryLabel WHERE {
  ?event wdt:P31 wd:Q1508888 ;
         wdt:P17 ?country .
  SERVICE wikibase:label { bd:serviceParam wikibase:language ""[AUTO_LANGUAGE],en"" }
}",True,,True,,0.0,0.0,0.0,0
39,medium,What are the longest rivers in the world?,"SELECT ?river ?riverLabel ?length WHERE {
  ?river wdt:P31 wd:Q4022 ;
         wdt:P2046 ?length .
  SERVICE wikibase:label { bd:serviceParam wikibase:language ""[AUTO_LANGUAGE],en"". }
}
ORDER BY DESC(?length)
LIMIT 20",True,,True,,0.0114,0.0176,0.0036,40
40,medium,Find properties that can have organizations as values.,"SELECT ?property ?propertyLabel WHERE {
  ?property wikibase:propertyType wikibase:WikibaseItem .
  ?property wdt:P2302 wd:Q21503252 .
  ?property p:P2302 ?statement .
  ?statement pq:P2308 wd:Q43229 .
  SERVICE wikibase:label { bd:serviceParam wikibase:language ""[AUTO_LANGUAGE],en"" }
}",True,,True,,0.0,0.0,0.0,0
41,medium,List all the materials used in paintings along with their labels.,"SELECT ?material ?materialLabel WHERE {
  ?painting wdt:P31 wd:Q3305213 ;
            wdt:P186 ?material .
  SERVICE wikibase:label { bd:serviceParam wikibase:language ""[AUTO_LANGUAGE],en"" }
}
GROUP BY ?material ?materialLabel",False,,True,,0.288,0.3228,0.0,845
42,medium,List all US presidents and their spouses in chronological order.,"SELECT ?president ?presidentLabel ?spouse ?spouseLabel ?start_date WHERE {
  ?president wdt:P39 wd:Q11696 .
  ?president p:P39 ?statement .
  ?statement ps:P39 wd:Q11696 ;
             pq:P580 ?start_date .
  ?president wdt:P26 ?spouse .
  SERVICE wikibase:label { bd:serviceParam wikibase:language ""[AUTO_LANGUAGE],en"" }
}
ORDER BY ?start_date",True,,True,,0.6738,1.0,0.0,141
43,medium,List the birthplaces of artists whose works are part of the Europeana 280 project.,"SELECT DISTINCT ?artist ?artistLabel ?birthplace ?birthplaceLabel WHERE {
  ?work wdt:P5008 wd:Q23058377 .
  ?work wdt:P170 ?artist .
  ?artist wdt:P19 ?birthplace .
  SERVICE wikibase:label { bd:serviceParam wikibase:language ""[AUTO_LANGUAGE],en"" }
}",True,,True,,0.0,0.0,0.0,0
44,medium,Find books published before 1830 with their places of publication.,"SELECT ?book ?bookLabel ?date ?place ?placeLabel WHERE {
  ?book wdt:P31 wd:Q571 ;
        wdt:P577 ?date ;
        wdt:P291 ?place .
  FILTER (?date < ""1830-01-01T00:00:00Z""^^xsd:dateTime)
  SERVICE wikibase:label { bd:serviceParam wikibase:language ""[AUTO_LANGUAGE],en"" }
}",True,,True,,0.0047,0.0092,0.0,226
45,medium,List the compositions that feature both organ and orchestra.,"SELECT ?composition ?compositionLabel WHERE {
  ?composition wdt:P31 wd:Q207628 ;
               wdt:P921 wd:Q70636 ;
               wdt:P921 wd:Q8305 .
  SERVICE wikibase:label { bd:serviceParam wikibase:language ""[AUTO_LANGUAGE],en"". }
}",True,,True,,0.0,0.0,na,0
46,medium,List all masonic lodges with a Wikipedia article but no label.,"SELECT ?lodge WHERE {
  ?lodge wdt:P31 wd:Q1136666 .
  ?s schema:about ?lodge ;
     schema:isPartOf <https://en.wikipedia.org/> .
  FILTER NOT EXISTS { ?lodge rdfs:label ?label . FILTER(LANG(?label) = ""en"") }
}",True,,True,,0.0,0.0,0.0,0
47,medium,List all countries that are part of a free trade area.,"SELECT ?country ?countryLabel WHERE {
  ?country wdt:P31 wd:Q6256 ;
           wdt:P1412 ?agreement .
  ?agreement wdt:P31 wd:Q176346 .
  SERVICE wikibase:label { bd:serviceParam wikibase:language ""[AUTO_LANGUAGE],en"" }
}",True,,True,,0.0,0.0,na,0
48,medium,What are the names of pyramids in Egypt?,"SELECT ?pyramid ?pyramidLabel WHERE {
  ?pyramid wdt:P31 wd:Q12516 ;
           wdt:P17 wd:Q79 .
  SERVICE wikibase:label { bd:serviceParam wikibase:language ""[AUTO_LANGUAGE],en"" }
}",True,,True,,0.0092,0.0235,0.0,2
49,medium,Show me a map of national parks in Sweden.,"SELECT ?park ?parkLabel ?location WHERE {
  ?park wdt:P31 wd:Q46169 ;
        wdt:P17 wd:Q34 ;
        wdt:P625 ?location .
  SERVICE wikibase:label { bd:serviceParam wikibase:language ""[AUTO_LANGUAGE],en"" }
}",True,,True,,0.0,0.0,0.0,58
50,medium,List all UK cabinet ministers along with their positions and dates of death.,"SELECT ?person ?personLabel ?position ?positionLabel ?deathDate WHERE {
  ?person wdt:P39 ?position .
  ?position wdt:P361 wd:Q1635548 .
  ?person wdt:P570 ?deathDate .
  SERVICE wikibase:label { bd:serviceParam wikibase:language ""[AUTO_LANGUAGE],en"" }
}",True,,True,,0.0,0.0,0.0,0
51,medium,List all epic poems with their sitelink counts.,"SELECT ?item ?itemLabel ?sitelinks WHERE {
  ?item wdt:P31 wd:Q202560 .
  ?item wikibase:sitelinks ?sitelinks .
  SERVICE wikibase:label { bd:serviceParam wikibase:language ""[AUTO_LANGUAGE],en"" }
}
ORDER BY DESC(?sitelinks)",True,,True,,0.0,na,na,0
52,medium,List all Western films released before 1925 along with their release dates and locations.,"SELECT ?film ?filmLabel ?date ?location ?locationLabel WHERE {
  ?film wdt:P31 wd:Q11424 ;
        wdt:P136 wd:Q126334 ;
        wdt:P577 ?date .
  FILTER (?date < ""1925-01-01T00:00:00Z""^^xsd:dateTime)
  OPTIONAL { ?film wdt:P840 ?location . }
  SERVICE wikibase:label { bd:serviceParam wikibase:language ""[AUTO_LANGUAGE],en"" }
}",True,,True,,0.0,0.0,0.0,0
53,medium,What are the names of buildings taller than the Eiffel Tower?,"SELECT ?building ?buildingLabel ?height WHERE {
  ?building wdt:P31/wdt:P279* wd:Q41176 ;
            wdt:P2048 ?height .
  FILTER(?height > 330)
  SERVICE wikibase:label { bd:serviceParam wikibase:language ""[AUTO_LANGUAGE],en"" }
}",False,,True,,0.3758,0.73,0.2266,587
54,medium,Show me a map of countries with their respective sign languages.,"SELECT ?country ?countryLabel ?signLanguage ?signLanguageLabel WHERE {
  ?country wdt:P31 wd:Q6256 ;
           wdt:P442 ?signLanguage .
  SERVICE wikibase:label { bd:serviceParam wikibase:language ""[AUTO_LANGUAGE],en"" }
}",True,,True,,0.0,0.0,0.0,0
55,medium,List all things that have a first line.,"SELECT ?item ?itemLabel ?firstLine WHERE {
  ?item wdt:P1476 ?firstLine .
  SERVICE wikibase:label { bd:serviceParam wikibase:language ""[AUTO_LANGUAGE],en"" }
}",False,,False,result_too_large,0.0,0.0,0.0,0
56,medium,What are the areas of each state in Malaysia?,"SELECT ?state ?stateLabel ?area WHERE {
  ?state wdt:P31 wd:Q158562 ;
         wdt:P131 wd:Q833 ;
         wdt:P2046 ?area .
  SERVICE wikibase:label { bd:serviceParam wikibase:language ""[AUTO_LANGUAGE],en"" }
}",True,,True,,0.0,0.0,0.0,0
57,medium,List all racing car drivers who died in a crash.,"SELECT ?driver ?driverLabel ?causeLabel WHERE {
  ?driver wdt:P106 wd:Q5362 ;
          wdt:P509 ?cause .
  FILTER(?cause = wd:Q11877127 || ?cause = wd:Q11877128)
  SERVICE wikibase:label { bd:serviceParam wikibase:language ""[AUTO_LANGUAGE],en"" }
}",True,,True,,0.0,0.0,0.0,0
58,medium,List all movies featuring Bud Spencer as a cast member.,"SELECT ?movie ?movieLabel WHERE {
  ?movie wdt:P161 wd:Q221074 .
  SERVICE wikibase:label { bd:serviceParam wikibase:language ""[AUTO_LANGUAGE],en"" }
}",True,,True,,0.4453,0.9683,0.0,63
59,medium,What are the things named after characters from William Shakespeare's works?,"SELECT ?item ?itemLabel ?character ?characterLabel WHERE {
  ?item wdt:P138 ?character .
  ?character wdt:P179 ?work .
  ?work wdt:P170 wd:Q692 .
  SERVICE wikibase:label { bd:serviceParam wikibase:language ""[AUTO_LANGUAGE],en"" }
}",True,,True,,0.0,0.0,na,0
60,medium,Find all children of Johann Sebastian Bach with his first wife Maria Barbara Bach.,"SELECT ?child ?childLabel WHERE {
  ?child wdt:P22 wd:Q1339 ;
         wdt:P25 wd:Q157358 .
  SERVICE wikibase:label { bd:serviceParam wikibase:language ""[AUTO_LANGUAGE],en"". }
}",True,,True,,0.0,0.0,na,0
61,medium,List all Church of Scotland synods with their corresponding geoshapes.,"SELECT ?synod ?synodLabel ?shape WHERE {
  ?synod wdt:P31 wd:Q113505648 ;
         wdt:P3896 ?shape .
  SERVICE wikibase:label { bd:serviceParam wikibase:language ""[AUTO_LANGUAGE],en"" }
}",True,,True,,0.0,na,0.0,0
62,medium,List all suburbs in New Zealand along with their coordinates.,"SELECT ?suburb ?suburbLabel ?coordinates WHERE {
  ?suburb wdt:P31 wd:Q1064234 ;
          wdt:P131* wd:Q664 .
  ?suburb wdt:P625 ?coordinates .
  SERVICE wikibase:label { bd:serviceParam wikibase:language ""[AUTO_LANGUAGE],en"" }
}",True,,True,,0.0,0.0,0.0,0
63,medium,List the birthplaces of actors from The Matrix movie.,"SELECT DISTINCT ?actor ?actorLabel ?birthplace ?birthplaceLabel WHERE {
  wd:Q80322 wdt:P161 ?actor .
  ?actor wdt:P19 ?birthplace .
  SERVICE wikibase:label { bd:serviceParam wikibase:language ""[AUTO_LANGUAGE],en"" }
}",True,,True,,0.0,0.0,0.0,0
64,medium,What places are within a 1 km radius of the Arc de Triomphe?,"SELECT ?place ?placeLabel ?location WHERE {
  wd:Q64435 wdt:P625 ?center .
  SERVICE wikibase:around {
    ?place wdt:P625 ?location .
    bd:serviceParam wikibase:center ?center .
    bd:serviceParam wikibase:radius ""1"" .
  }
  SERVICE wikibase:label { bd:serviceParam wikibase:language ""[AUTO_LANGUAGE],en"" }
}",True,,False,http_500,0.0,0.0,0.0,0
65,medium,List all software developed by the KDE community.,"SELECT ?software ?softwareLabel WHERE {
  ?software wdt:P178 wd:Q170115 .
  SERVICE wikibase:label { bd:serviceParam wikibase:language ""[AUTO_LANGUAGE],en"" }
}",True,,True,,0.0,0.0,0.0,0
66,medium,List all places with the most public art installations.,"SELECT ?location ?locationLabel (COUNT(?art) AS ?count) WHERE {
  ?art wdt:P31 wd:Q557141 ;
       wdt:P276 ?location .
}
GROUP BY ?location ?locationLabel
ORDER BY DESC(?count)
SERVICE wikibase:label { bd:serviceParam wikibase:language ""[AUTO_LANGUAGE],en"" }",False,,True,,0.0005,0.0002,0.0152,5
67,medium,List all French municipalities with their corresponding banners.,"SELECT ?municipality ?municipalityLabel ?banner WHERE {
  ?municipality wdt:P31 wd:Q484170 ;
                wdt:P17 wd:Q142 ;
                wdt:P154 ?banner .
  SERVICE wikibase:label { bd:serviceParam wikibase:language ""[AUTO_LANGUAGE],en"" }
}",True,,True,,0.0051,0.0103,0.0,103
68,medium,"List all paintings by Ferdinand Georg Waldmüller in the Belvedere, Vienna.","SELECT ?painting ?paintingLabel WHERE {
  ?painting wdt:P170 wd:Q694667 ;
            wdt:P276 wd:Q131233 .
  SERVICE wikibase:label { bd:serviceParam wikibase:language ""[AUTO_LANGUAGE],en"". }
}",True,,True,,0.0,0.0,0.0,0
69,medium,How many words are listed on Wikidata in languages spoken in India?,"SELECT (COUNT(?word) AS ?count) WHERE {
  ?word wdt:P31 wd:Q8242 .
  ?word wdt:P407 ?language .
  ?language wdt:P31 wd:Q34770 .
  ?language wdt:P30 wd:Q668 .
}",True,,True,,0.0,0.0,0.0,1
70,medium,List all images used in more than 10 items.,"SELECT ?image (COUNT(?item) AS ?count) WHERE {
  ?item wdt:P18 ?image .
}
GROUP BY ?image
HAVING (?count > 10)",False,,True,,1.0,na,1.0,1168
71,medium,List all politicians who were members of the Whig party.,"SELECT ?politician ?politicianLabel WHERE {
  ?politician wdt:P106 wd:Q82955 ;
              wdt:P102 wd:Q1139666 .
  SERVICE wikibase:label { bd:serviceParam wikibase:language ""[AUTO_LANGUAGE],en"". }
}",True,,True,,0.0,0.0,na,0
72,medium,"Find parks in Oslo, Norway that are missing images on Wikidata.","SELECT ?park ?parkLabel WHERE {
  ?park wdt:P31 wd:Q22698 ;
        wdt:P131 wd:Q585 .
  FILTER NOT EXISTS { ?park wdt:P18 ?image }
  SERVICE wikibase:label { bd:serviceParam wikibase:language ""[AUTO_LANGUAGE],en"" }
}",True,,True,,0.0,0.0,0.0,0
73,medium,"Show me a map of people's birthplaces, categorized by century.","SELECT ?person ?personLabel ?birthPlace ?birthPlaceLabel ?coords ?century WHERE {
  ?person wdt:P19 ?birthPlace .
  ?birthPlace wdt:P625 ?coords .
  ?person wdt:P569 ?birthDate .
  BIND(YEAR(?birthDate) AS ?year)
  BIND(CEIL(?year / 100) AS ?century)
  SERVICE wikibase:label { bd:serviceParam wikibase:language ""[AUTO_LANGUAGE],en"" }
}",False,,False,result_too_large,0.0,0.0,0.0,0
74,medium,Find research papers on backward contact tracing and list their DOIs.,"SELECT ?paper ?paperLabel ?doi WHERE {
  ?paper wdt:P921 ?topic .
  ?topic rdfs:label ""backward contact tracing""@en .
  ?paper wdt:P356 ?doi .
  SERVICE wikibase:label { bd:serviceParam wikibase:language ""[AUTO_LANGUAGE],en"" }
}",True,,True,,0.2723,0.1635,0.8125,64
75,medium,List the notable alumni of University of Reading who have won awards.,"SELECT ?person ?personLabel ?award ?awardLabel WHERE {
  ?person wdt:P69 wd:Q1142366 ;
          wdt:P166 ?award .
  SERVICE wikibase:label { bd:serviceParam wikibase:language ""[AUTO_LANGUAGE],en"" }
}",True,,True,,0.0,0.0,na,0
76,medium,List all music genres.,"SELECT ?genre ?genreLabel WHERE {
  ?genre wdt:P31 wd:Q188451.
  SERVICE wikibase:label { bd:serviceParam wikibase:language ""[AUTO_LANGUAGE],en"". }
}",True,,True,,0.8295,0.9432,0.0,6222
77,medium,List all museums in Tunisia along with their coordinates and images.,"SELECT ?museum ?museumLabel ?coords ?image WHERE {
  ?museum wdt:P31 wd:Q33506 ;
          wdt:P17 wd:Q948 ;
          wdt:P625 ?coords .
  OPTIONAL { ?museum wdt:P18 ?image . }
  SERVICE wikibase:label { bd:serviceParam wikibase:language ""[AUTO_LANGUAGE],en"" }
}",True,,True,,0.8482,0.8452,0.85,190
78,medium,Show me a list of archives on Wikidata along with their coordinates.,"SELECT ?archive ?archiveLabel ?coordinates WHERE {
  ?archive wdt:P31 wd:Q2429762 .
  ?archive wdt:P625 ?coordinates .
  SERVICE wikibase:label { bd:serviceParam wikibase:language ""[AUTO_LANGUAGE],en"" }
}",True,,True,,0.0,0.0,0.0,0
79,medium,Find images of ancient Egyptian rulers.,"SELECT ?ruler ?rulerLabel ?image WHERE {
  ?ruler wdt:P106 wd:Q116 ;
         wdt:P39 wd:Q193638 ;
         wdt:P18 ?image .
  SERVICE wikibase:label { bd:serviceParam wikibase:language ""[AUTO_LANGUAGE],en"". }
}",True,,True,,0.0,0.0,0.0,0
80,medium,Find locations on iNaturalist and show them on a map.,"SELECT ?location ?locationLabel ?coordinates WHERE {
  ?location wdt:P3151 ?inaturalistID ;
            wdt:P625 ?coordinates .
  SERVICE wikibase:label { bd:serviceParam wikibase:language ""[AUTO_LANGUAGE],en"" }
}",True,,True,,0.0,0.0,0.0,16
81,medium,What are the cathedrals in Paris?,"SELECT ?cathedral ?cathedralLabel WHERE {
  ?cathedral wdt:P31 wd:Q16970 ;
             wdt:P131 wd:Q90 .
  SERVICE wikibase:label { bd:serviceParam wikibase:language ""[AUTO_LANGUAGE],en"" }
}",True,,True,,0.0,0.0,0.0,50
82,medium,"Show me a list of railway stations in France, sorted by the number of tracks they have.","SELECT ?station ?stationLabel ?tracks WHERE {
  ?station wdt:P31 wd:Q55488 ;
           wdt:P17 wd:Q142 ;
           wdt:P1103 ?tracks .
  SERVICE wikibase:label { bd:serviceParam wikibase:language ""[AUTO_LANGUAGE],en"" }
}
ORDER BY DESC(?tracks)",True,,True,,0.4669,0.9672,0.0,844
83,medium,List the birds that are native to a region in France.,"SELECT ?bird ?birdLabel ?region ?regionLabel WHERE {
  ?bird wdt:P31 wd:Q16521;
        wdt:P1433 ?region.
  ?region wdt:P131* wd:Q142.
  SERVICE wikibase:label { bd:serviceParam wikibase:language ""[AUTO_LANGUAGE],en"". }
}",False,,True,,0.0,0.0,0.0,0
84,medium,List all universities in Mexico along with their founding dates.,"SELECT ?university ?universityLabel ?date WHERE {
  ?university wdt:P31 wd:Q3918 ;
              wdt:P17 wd:Q96 ;
              wdt:P571 ?date .
  SERVICE wikibase:label { bd:serviceParam wikibase:language ""[AUTO_LANGUAGE],en"" }
}",True,,True,,1.0,1.0,1.0,374
85,medium,Find the places where people named Michael or its variants were born.,"SELECT DISTINCT ?person ?personLabel ?place ?placeLabel WHERE {
  ?person wdt:P31 wd:Q5 ;
          wdt:P19 ?place .
  ?person rdfs:label ?name .
  FILTER(LANG(?name) = ""en"")
  FILTER(REGEX(?name, ""^Michael"", ""i""))
  SERVICE wikibase:label { bd:serviceParam wikibase:language ""[AUTO_LANGUAGE],en"" }
}",False,,True,,0.0067,0.0083,0.0,20464
86,medium,Find properties with missing labels or descriptions in Spanish.,"SELECT ?property ?propertyLabel WHERE {
  ?property a wikibase:Property .
  FILTER NOT EXISTS { ?property rdfs:label ?label . FILTER(LANG(?label) = ""es"") }
  FILTER NOT EXISTS { ?property schema:description ?desc . FILTER(LANG(?desc) = ""es"") }
  SERVICE wikibase:label { bd:serviceParam wikibase:language ""en"" }
}",True,,True,,0.6895,na,0.6895,7236
87,medium,How many statements are supported by a reference with a DOI?,"SELECT (COUNT(?statement) AS ?count) WHERE {
  ?statement prov:wasDerivedFrom ?reference .
  ?reference pr:P356 ?doi .
}",False,,True,,0.0,na,0.0,1
88,medium,Find images of architectural drawings depicting cathedrals in France.,"SELECT ?item ?itemLabel ?image WHERE {
  ?item wdt:P31 wd:Q133492 ;
        wdt:P17 wd:Q142 ;
        wdt:P18 ?image .
  SERVICE wikibase:label { bd:serviceParam wikibase:language ""[AUTO_LANGUAGE],en"" }
}",True,,True,,0.0,0.0,0.0,104
89,medium,What are the most common ingredients used in a sandwich?,"SELECT ?ingredient ?ingredientLabel (COUNT(?sandwich) AS ?count) WHERE {
  ?sandwich wdt:P31 wd:Q28803 .
  ?sandwich wdt:P527 ?ingredient .
  SERVICE wikibase:label { bd:serviceParam wikibase:language ""[AUTO_LANGUAGE],en"" }
}
GROUP BY ?ingredient ?ingredientLabel
ORDER BY DESC(?count)",True,,True,,0.0,0.0,0.0,59
90,medium,List all items with an inventory number but no collection.,"SELECT ?item ?itemLabel ?inventoryNumber WHERE {
  ?item wdt:P217 ?inventoryNumber .
  FILTER NOT EXISTS { ?item wdt:P195 ?collection . }
  SERVICE wikibase:label { bd:serviceParam wikibase:language ""[AUTO_LANGUAGE],en"" }
}",False,,True,,0.4717,0.4443,0.5012,18513
91,medium,Find the addresses of city halls in Spain.,"SELECT ?cityHall ?cityHallLabel ?address WHERE {
  ?cityHall wdt:P31 wd:Q1322830 ;
            wdt:P17 wd:Q29 .
  ?cityHall wdt:P6375 ?address .
  SERVICE wikibase:label { bd:serviceParam wikibase:language ""[AUTO_LANGUAGE],en"". }
}",True,,True,,0.0,na,na,0
92,medium,List all cities and towns in Denmark along with their population and OSM relation IDs.,"SELECT ?city ?cityLabel ?population ?osmId WHERE {
  ?city wdt:P31 ?type .
  VALUES ?type { wd:Q515 wd:Q3957 }
  ?city wdt:P131* wd:Q35 .
  ?city wdt:P1082 ?population .
  ?city wdt:P402 ?osmId .
  SERVICE wikibase:label { bd:serviceParam wikibase:language ""[AUTO_LANGUAGE],en"" }
}",True,,True,,0.0,0.0,0.0,3
93,medium,What country shares a border with all municipalities in the Basque Country?,"SELECT ?country ?countryLabel WHERE {
  ?municipality wdt:P131 wd:Q4609 .
  ?municipality wdt:P47 ?country .
  ?country wdt:P31 wd:Q6256 .
  {
    SELECT (COUNT(DISTINCT ?municipality) AS ?total) WHERE {
      ?municipality wdt:P131 wd:Q4609 .
    }
  }
  GROUP BY ?country ?countryLabel ?total
  HAVING (COUNT(DISTINCT ?municipality) = ?total)
  SERVICE wikibase:label { bd:serviceParam wikibase:language ""[AUTO_LANGUAGE],en"" }
}",False,,False,http_400,0.0,0.0,0.0,0
94,medium,Find photographs of restoration works in French National Archives from the 19th century.,"SELECT ?item ?itemLabel ?image ?date WHERE {
  ?item wdt:P31 wd:Q125191 ;
        wdt:P18 ?image ;
        wdt:P131 wd:Q142 ;
        wdt:P1081 wd:Q2854938 ;
        wdt:P571 ?date .
  FILTER(?date >= ""1801-01-01T00:00:00Z""^^xsd:dateTime && ?date <= ""1900-12-31T23:59:59Z""^^xsd:dateTime)
  SERVICE wikibase:label { bd:serviceParam wikibase:language ""[AUTO_LANGUAGE],en"". }
}",True,,True,,0.0,0.0,0.0,0
95,medium,Show a line graph of COVID-19 cases over time for each state in India.,"SELECT ?state ?stateLabel ?date ?cases WHERE {
  ?state wdt:P31 wd:Q35657 ;
         wdt:P131 wd:Q668 .
  ?report wdt:P17 wd:Q668 ;
          wdt:P131 ?state ;
          wdt:P585 ?date ;
          wdt:P1603 ?cases .
  SERVICE wikibase:label { bd:serviceParam wikibase:language ""[AUTO_LANGUAGE],en"" }
}
ORDER BY ?stateLabel ?date",True,,True,,0.0,0.0,0.0,0
96,medium,List all databases and digital libraries without an official URL.,"SELECT ?item ?itemLabel WHERE {
  ?item wdt:P31/wdt:P279* wd:Q8513 .
  FILTER NOT EXISTS { ?item wdt:P856 ?url . }
  SERVICE wikibase:label { bd:serviceParam wikibase:language ""[AUTO_LANGUAGE],en"" }
}",True,,True,,0.0395,0.0395,0.0,5666
97,medium,Show me a map of Slovenian cultural monuments with different colours for each type.,"SELECT ?monument ?monumentLabel ?location ?typeLabel ?coords WHERE {
  ?monument wdt:P17 wd:Q215 ;
            wdt:P1435 wd:Q917371 ;
            wdt:P31 ?type ;
            wdt:P625 ?coords .
  SERVICE wikibase:label { bd:serviceParam wikibase:language ""[AUTO_LANGUAGE],en"". }
}",True,,True,,0.0,0.0,0.0,0
98,medium,List French-speaking female writers with their signatures.,"SELECT ?writer ?writerLabel ?signature WHERE {
  ?writer wdt:P106 wd:Q36180 ;
          wdt:P21 wd:Q6581072 ;
          wdt:P1412 wd:Q150 ;
          wdt:P109 ?signature .
  SERVICE wikibase:label { bd:serviceParam wikibase:language ""[AUTO_LANGUAGE],en"". }
}",True,,True,,0.8998,0.9011,0.8986,549
99,medium,List artworks that feature the Moon as a subject.,"SELECT ?artwork ?artworkLabel WHERE {
  ?artwork wdt:P31/wdt:P279* wd:Q838948 ;
           wdt:P180 wd:Q405 .
  SERVICE wikibase:label { bd:serviceParam wikibase:language ""[AUTO_LANGUAGE],en"" }
}",False,,True,,0.0,0.0,na,1082
100,medium,"Find all grandchildren of Johann Sebastian Bach where the parent is his first wife, Maria Barbara Bach.","SELECT ?grandchild ?grandchildLabel WHERE {
  wd:Q1339 wdt:P40 ?child .
  ?child wdt:P25 wd:Q157366 .
  ?child wdt:P40 ?grandchild .
  SERVICE wikibase:label { bd:serviceParam wikibase:language ""[AUTO_LANGUAGE],en"" }
}",True,,True,,0.0,0.0,na,0
101,medium,List all five-letter English words that start with the letter F.,"SELECT ?word ?wordLabel WHERE {
  ?word wdt:P31 wd:Q8134 ;
        wdt:P407 wd:Q1860 ;
        rdfs:label ?wordLabel .
  FILTER(LANG(?wordLabel) = ""en"")
  FILTER(REGEX(?wordLabel, ""^f.{4}$"", ""i""))
}",True,,True,,0.0,na,0.0,0
102,medium,Show me a map of remarkable trees in Bulgaria.,"SELECT ?tree ?treeLabel ?location ?coordinate WHERE {
  ?tree wdt:P31 wd:Q1087 ;
        wdt:P17 wd:Q219 ;
        wdt:P625 ?coordinate .
  OPTIONAL { ?tree wdt:P131 ?location . }
  SERVICE wikibase:label { bd:serviceParam wikibase:language ""[AUTO_LANGUAGE],en"" }
}",True,,True,,0.0,na,na,0
103,medium,List the inventors who are members of the Republican Party.,"SELECT ?inventor ?inventorLabel WHERE {
  ?inventor wdt:P106 wd:Q1672443 ;
            wdt:P102 wd:Q29468 .
  SERVICE wikibase:label { bd:serviceParam wikibase:language ""[AUTO_LANGUAGE],en"". }
}",True,,True,,0.0,0.0,0.0,0
104,medium,List all websites without an official webpage.,"SELECT ?website ?websiteLabel WHERE {
  ?website wdt:P31/wdt:P279* wd:Q35127 .
  FILTER NOT EXISTS { ?website wdt:P856 ?officialWebsite . }
  SERVICE wikibase:label { bd:serviceParam wikibase:language ""[AUTO_LANGUAGE],en"". }
}",True,,True,,1.0,1.0,1.0,7928
105,medium,List all external links mentioned in the Wikipedia article about Ashmolean Museum.,"SELECT ?link WHERE {
  wd:Q633515 wdt:P973 ?link .
}",True,,True,,0.0,na,na,0
106,medium,What organisms live in the vagina?,"SELECT ?organism ?organismLabel WHERE {
  ?organism wdt:P1373 wd:Q10387 .
  SERVICE wikibase:label { bd:serviceParam wikibase:language ""[AUTO_LANGUAGE],en"" }
}",True,,True,,0.0,na,0.0,0
107,medium,Find paintings with RKDimages links and display them in an ImageGrid.,"SELECT ?painting ?paintingLabel ?image ?rkdimage WHERE {
  ?painting wdt:P31 wd:Q3305213 ;
            wdt:P350 ?rkdimage .
  OPTIONAL { ?painting wdt:P18 ?image . }
  SERVICE wikibase:label { bd:serviceParam wikibase:language ""[AUTO_LANGUAGE],en"". }
}",True,,True,,0.0001,0.0001,0.0001,211433
108,medium,Find film directors who have collaborated with Jean-François Stévenin the most.,"SELECT ?director ?directorLabel (COUNT(?film) AS ?collaborationCount) WHERE {
  ?film wdt:P57 ?director ;
        wdt:P161 wd:Q1684856 .
  ?director wdt:P106 wd:Q2526255 .
  FILTER(?director != wd:Q1684856)
  SERVICE wikibase:label { bd:serviceParam wikibase:language ""[AUTO_LANGUAGE],en"". }
}
GROUP BY ?director ?directorLabel
ORDER BY DESC(?collaborationCount)",True,,True,,0.9636,0.9717,0.75,106
109,medium,List all Wikidata properties with their IDs and descriptions.,"SELECT ?property ?propertyLabel ?propertyDescription WHERE {
  ?property a wikibase:Property .
  SERVICE wikibase:label { bd:serviceParam wikibase:language ""[AUTO_LANGUAGE],en"" }
}",True,,True,,0.5,na,0.5,13142
110,medium,List all caves with prehistoric art and their coordinates.,"SELECT ?cave ?caveLabel ?coordinates WHERE {
  ?cave wdt:P31 wd:Q161784 ;
        wdt:P921 wd:Q1135804 ;
        wdt:P625 ?coordinates .
  SERVICE wikibase:label { bd:serviceParam wikibase:language ""[AUTO_LANGUAGE],en"" }
}",True,,True,,0.0,0.0,0.0,0
111,medium,Find a list of women who are computational biologists or bioinformaticians.,"SELECT ?person ?personLabel WHERE {
  ?person wdt:P21 wd:Q6581072 .
  ?person wdt:P106 ?occupation .
  VALUES ?occupation { wd:Q2990538 wd:Q188646 }
  SERVICE wikibase:label { bd:serviceParam wikibase:language ""[AUTO_LANGUAGE],en"" }
}",True,,True,,0.0,0.0,0.0,0
112,medium,List all US states with the letter A in their name.,"SELECT ?state ?stateLabel WHERE {
  ?state wdt:P31 wd:Q35657 ;
         wdt:P17 wd:Q30 .
  SERVICE wikibase:label { bd:serviceParam wikibase:language ""en"" . }
  FILTER(CONTAINS(LCASE(?stateLabel), ""a""))
}",True,,True,,0.0,0.0,0.0,0
113,medium,"List all people in the Dictionary of Welsh Biography, categorized by their birthplace and gender.","SELECT ?person ?personLabel ?birthplaceLabel ?genderLabel WHERE {
  ?person wdt:P1343 wd:Q5273965 ;
          wdt:P19 ?birthplace ;
          wdt:P21 ?gender .
  SERVICE wikibase:label { bd:serviceParam wikibase:language ""[AUTO_LANGUAGE],en"" }
}",True,,True,,0.0,0.0,0.0,2
114,medium,List all weather satellites with their launch dates.,"SELECT ?satellite ?satelliteLabel ?launchDate WHERE {
  ?satellite wdt:P31 wd:Q170304 ;
             wdt:P619 ?launchDate .
  SERVICE wikibase:label { bd:serviceParam wikibase:language ""[AUTO_LANGUAGE],en"" }
}",True,,True,,0.0,0.0,0.0,0
115,medium,Show me hillforts with their protection status on a map.,"SELECT ?hillfort ?hillfortLabel ?protectionStatusLabel ?location WHERE {
  ?hillfort wdt:P31 wd:Q1144696 ;
            wdt:P1435 ?protectionStatus ;
            wdt:P625 ?location .
  SERVICE wikibase:label { bd:serviceParam wikibase:language ""[AUTO_LANGUAGE],en"" }
}",True,,True,,0.0,0.0,0.0,0
116,medium,List all viaducts in the UK with their heritage designations.,"SELECT ?viaduct ?viaductLabel ?designation ?designationLabel WHERE {
  ?viaduct wdt:P31 wd:Q12293 ;
           wdt:P17 wd:Q145 ;
           wdt:P1435 ?designation .
  SERVICE wikibase:label { bd:serviceParam wikibase:language ""[AUTO_LANGUAGE],en"". }
}",True,,True,,0.0,0.0,0.0,0
117,medium,List all humans who received the Theatre World Award in 2016.,"SELECT ?person ?personLabel WHERE {
  ?person wdt:P31 wd:Q5 ;
          p:P166 ?awardStatement .
  ?awardStatement ps:P166 wd:Q2415538 ;
                  pq:P585 ?date .
  FILTER(YEAR(?date) = 2016)
  SERVICE wikibase:label { bd:serviceParam wikibase:language ""[AUTO_LANGUAGE],en"" }
}",True,,True,,0.0,0.0,0.0,0
118,medium,"List all synthesizers manufactured by ARP Instruments, Inc.","SELECT ?synthesizer ?synthesizerLabel WHERE {
  ?synthesizer wdt:P176 wd:Q296065 ;
               wdt:P31 wd:Q163275 .
  SERVICE wikibase:label { bd:serviceParam wikibase:language ""[AUTO_LANGUAGE],en"". }
}",True,,True,,0.0,0.0,0.0,0
119,medium,List all libraries in Austria along with their coordinates.,"SELECT ?library ?libraryLabel ?coordinates WHERE {
  ?library wdt:P31 wd:Q7075 ;
           wdt:P17 wd:Q40 ;
           wdt:P625 ?coordinates .
  SERVICE wikibase:label { bd:serviceParam wikibase:language ""[AUTO_LANGUAGE],en"" }
}",True,,True,,0.0,0.0,0.0,90
120,medium,List all places where people named Desiree were born.,"SELECT DISTINCT ?place ?placeLabel WHERE {
  ?person wdt:P31 wd:Q5 ;
          wdt:P19 ?place .
  ?person rdfs:label ?name .
  FILTER(LANG(?name) = ""en"" && CONTAINS(LCASE(?name), ""desiree""))
  SERVICE wikibase:label { bd:serviceParam wikibase:language ""[AUTO_LANGUAGE],en"" }
}",False,,False,timeout,0.0,0.0,0.0,0
121,medium,List all the house cats that held the position of Chief Mouser to the Cabinet Office.,"SELECT ?cat ?catLabel WHERE {
  ?cat wdt:P39 wd:Q1968853 .
  SERVICE wikibase:label { bd:serviceParam wikibase:language ""[AUTO_LANGUAGE],en"" }
}",True,,True,,0.0,na,na,0
122,medium,Find items published in A Compendium of Irish Biography without page numbers.,"SELECT ?item ?itemLabel WHERE {
  ?item wdt:P1433 wd:Q4655865 .
  FILTER NOT EXISTS { ?item wdt:P304 ?page }
  SERVICE wikibase:label { bd:serviceParam wikibase:language ""[AUTO_LANGUAGE],en"" }
}",True,,True,,0.0,0.0,na,0
123,medium,What are the most popular literary works written in German?,"SELECT ?work ?workLabel (COUNT(?edition) AS ?editionCount) WHERE {
  ?work wdt:P31/wdt:P279* wd:Q7725634 ;
        wdt:P407 wd:Q188 .
  OPTIONAL { ?edition wdt:P629 ?work . }
  SERVICE wikibase:label { bd:serviceParam wikibase:language ""[AUTO_LANGUAGE],en"". }
}
GROUP BY ?work ?workLabel
ORDER BY DESC(?editionCount)
LIMIT 50",False,,True,,0.0074,0.0088,0.0,66
124,medium,Show me the latest heatwaves that have occurred.,"SELECT ?heatwave ?heatwaveLabel ?pointInTime WHERE {
  ?heatwave wdt:P31 wd:Q11424 ;
            wdt:P585 ?pointInTime .
  SERVICE wikibase:label { bd:serviceParam wikibase:language ""[AUTO_LANGUAGE],en"" }
}
ORDER BY DESC(?pointInTime)",True,,True,,0.0323,0.0,0.1172,327
125,medium,Show me the list of countries with multiple official languages.,"SELECT ?country ?countryLabel (COUNT(?language) AS ?languageCount) WHERE {
  ?country wdt:P31 wd:Q6256 ;
           wdt:P37 ?language .
  SERVICE wikibase:label { bd:serviceParam wikibase:language ""[AUTO_LANGUAGE],en"" }
}
GROUP BY ?country ?countryLabel
HAVING (COUNT(?language) > 1)",True,,True,,0.8218,0.8925,0.0,99
126,medium,List Czech buildings that serve as both a place of worship and a fire station.,"SELECT ?building ?buildingLabel WHERE {
  ?building wdt:P31/wdt:P279* wd:Q41176 ;
            wdt:P17 wd:Q213 ;
            wdt:P31 wd:Q16970 ;
            wdt:P31 wd:Q132250 .
  SERVICE wikibase:label { bd:serviceParam wikibase:language ""[AUTO_LANGUAGE],en"" }
}",True,,True,,0.0,0.0,0.0,0
127,medium,List all Mexican presidents with their signature images on Wikidata.,"SELECT ?president ?presidentLabel ?signature WHERE {
  ?president wdt:P39 wd:Q887778 .
  ?president wdt:P109 ?signature .
  SERVICE wikibase:label { bd:serviceParam wikibase:language ""[AUTO_LANGUAGE],en"" }
}",True,,True,,0.0,0.0,0.0,0
128,medium,List all megaliths in the Basque Country with their coordinates.,"SELECT ?megalith ?megalithLabel ?coords WHERE {
  ?megalith wdt:P31 wd:Q185978 ;
            wdt:P131 ?location .
  ?location wdt:P131* wd:Q4607 .
  ?megalith wdt:P625 ?coords .
  SERVICE wikibase:label { bd:serviceParam wikibase:language ""[AUTO_LANGUAGE],en"". }
}",True,,True,,0.0,0.0,0.0,0
129,medium,What are the names of spacecraft and their inspirations?,"SELECT ?spacecraft ?spacecraftLabel ?inspiration ?inspirationLabel WHERE {
  ?spacecraft wdt:P31/wdt:P279* wd:Q40218 ;
              wdt:P941 ?inspiration .
  SERVICE wikibase:label { bd:serviceParam wikibase:language ""[AUTO_LANGUAGE],en"" }
}",True,,True,,0.0,0.0,na,0
130,medium,List all National Trust properties in the UK along with their coordinates.,"SELECT ?property ?propertyLabel ?coordinates WHERE {
  ?property wdt:P127 wd:Q1228352 ;
            wdt:P625 ?coordinates .
  SERVICE wikibase:label { bd:serviceParam wikibase:language ""[AUTO_LANGUAGE],en"" }
}",True,,True,,0.0,0.0,0.0,0
131,medium,Show me the top 50 longest cars in the world.,"SELECT ?car ?carLabel ?length WHERE {
  ?car wdt:P31/wdt:P279* wd:Q1420 .
  ?car wdt:P2043 ?length .
  SERVICE wikibase:label { bd:serviceParam wikibase:language ""[AUTO_LANGUAGE],en"" }
}
ORDER BY DESC(?length)
LIMIT 50",True,,True,,1.0,1.0,1.0,91
132,medium,Find paintings that are taller than they are wide and show me the images.,"SELECT ?painting ?paintingLabel ?height ?width ?image WHERE {
  ?painting wdt:P31 wd:Q3305213 ;
            wdt:P2048 ?height ;
            wdt:P2049 ?width ;
            wdt:P18 ?image .
  FILTER(?height > ?width)
  SERVICE wikibase:label { bd:serviceParam wikibase:language ""[AUTO_LANGUAGE],en"". }
}",True,,False,result_too_large,0.0,0.0,0.0,0
133,medium,List the hometowns of all current US Senators.,"SELECT ?senator ?senatorLabel ?hometown ?hometownLabel WHERE {
  ?senator wdt:P39 wd:Q441690 .
  ?senator wdt:P19 ?hometown .
  SERVICE wikibase:label { bd:serviceParam wikibase:language ""[AUTO_LANGUAGE],en"" }
}",True,,True,,0.0,na,na,0
134,medium,List all the settlements along the Way of Saint James in Basque Country.,"SELECT ?settlement ?settlementLabel WHERE {
  ?settlement wdt:P276 wd:Q156498 ;
              wdt:P131 wd:Q3974 .
  SERVICE wikibase:label { bd:serviceParam wikibase:language ""[AUTO_LANGUAGE],en"" }
}",True,,True,,0.0,0.0,0.0,0
135,medium,"What are the English, Welsh and Scottish counties that share borders?","SELECT ?county1 ?county1Label ?county2 ?county2Label WHERE {
  ?county1 wdt:P31/wdt:P279* wd:Q133661 ;
           wdt:P47 ?county2 .
  ?county2 wdt:P31/wdt:P279* wd:Q133661 .
  FILTER(?county1 < ?county2)
  SERVICE wikibase:label { bd:serviceParam wikibase:language ""en"" }
}",True,,True,,0.0,na,na,0
136,medium,List Indian people who died in 1959 and whose work is now public domain.,"SELECT ?person ?personLabel WHERE {
  ?person wdt:P27 wd:Q668 ;
          wdt:P570 ?deathDate .
  FILTER(YEAR(?deathDate) = 1959)
  ?person wdt:P6216 wd:Q19652 .
  SERVICE wikibase:label { bd:serviceParam wikibase:language ""[AUTO_LANGUAGE],en"" }
}",True,,True,,0.0,0.0,0.0,0
137,medium,"List the top 100 lexemes with their corresponding lemmas, ordered by frequency of compound parts.","SELECT ?lexeme ?lexemeLabel (COUNT(?part) AS ?count) WHERE {
  ?lexeme wikibase:lexicalCategory wd:Q1084 ;
          ontolex:lexicalForm ?form .
  ?form ontolex:representation ?lemma .
  ?lexeme wdt:P5238 ?part .
}
GROUP BY ?lexeme ?lexemeLabel
ORDER BY DESC(?count)
LIMIT 100",True,,True,,0.0,na,0.0,106
138,medium,List all humans without children.,"SELECT ?human ?humanLabel WHERE {
  ?human wdt:P31 wd:Q5.
  FILTER NOT EXISTS { ?human wdt:P40 ?child }
  SERVICE wikibase:label { bd:serviceParam wikibase:language ""[AUTO_LANGUAGE],en"". }
}",False,,False,result_too_large,0.0,0.0,0.0,0
139,medium,List all rivers in Antarctica.,"SELECT ?river ?riverLabel WHERE {
  ?river wdt:P31 wd:Q4022 .
  ?river wdt:P131 wd:Q51 .
  SERVICE wikibase:label { bd:serviceParam wikibase:language ""[AUTO_LANGUAGE],en"" }
}",True,,True,,0.0,0.0,0.0,0
140,medium,Show me a map of libraries located in Austria.,"SELECT ?library ?libraryLabel ?coords WHERE {
  ?library wdt:P31 wd:Q7075 ;
           wdt:P17 wd:Q40 ;
           wdt:P625 ?coords .
  SERVICE wikibase:label { bd:serviceParam wikibase:language ""[AUTO_LANGUAGE],en"". }
}",True,,True,,0.0321,0.0317,0.0326,90
141,medium,List all politicians who died from cancer.,"SELECT ?politician ?politicianLabel ?causeLabel WHERE {
  ?politician wdt:P106 wd:Q82955 ;
              wdt:P509 ?cause .
  ?cause wdt:P279* wd:Q12078 .
  SERVICE wikibase:label { bd:serviceParam wikibase:language ""[AUTO_LANGUAGE],en"" }
}",True,,True,,0.4936,0.9795,0.0,3540
142,medium,List the most popular heritage sites based on their sitelinks.,"SELECT ?site ?siteLabel (COUNT(?sitelink) AS ?sitelinkCount) WHERE {
  ?site wdt:P31/wdt:P279* wd:Q9259 .
  ?sitelink schema:about ?site .
}
GROUP BY ?site ?siteLabel
ORDER BY DESC(?sitelinkCount)
SERVICE wikibase:label { bd:serviceParam wikibase:language ""[AUTO_LANGUAGE],en"" }",False,,True,,0.0,0.0,0.0,192
143,medium,List Belgian artists who died in 1949 and will have their work enter the public domain in 2020.,"SELECT ?artist ?artistLabel WHERE {
  ?artist wdt:P106 wd:Q483501 ;
          wdt:P27 wd:Q31 ;
          wdt:P570 ?deathDate .
  FILTER((STR(YEAR(?deathDate))) = ""1949"")
  SERVICE wikibase:label { bd:serviceParam wikibase:language ""[AUTO_LANGUAGE],en"" }
}",True,,True,,0.0072,0.0145,0.0,2
144,medium,List the top magic schools by student enrollment.,"SELECT ?school ?schoolLabel ?enrollment WHERE {
  ?school wdt:P31 wd:Q18912569 ;
          wdt:P2196 ?enrollment .
  SERVICE wikibase:label { bd:serviceParam wikibase:language ""[AUTO_LANGUAGE],en"" }
}
ORDER BY DESC(?enrollment)",True,,True,,0.0,0.0,0.0,0
145,medium,List the countries of origin for people affiliated with Ghana's top 3 traditional universities.,"SELECT DISTINCT ?country ?countryLabel WHERE {
  VALUES ?university { wd:Q1521936 wd:Q1521937 wd:Q1521938 }
  ?person wdt:P1416 ?university .
  ?person wdt:P27 ?country .
  SERVICE wikibase:label { bd:serviceParam wikibase:language ""[AUTO_LANGUAGE],en"" }
}",True,,True,,0.0,na,0.0,0
146,medium,List all male Americans born between 1875 and 1930 with exact dates of death but only year-specific birthdates.,"SELECT ?person ?personLabel ?birthDate ?deathDate WHERE {
  ?person wdt:P31 wd:Q5 ;
          wdt:P21 wd:Q6581097 ;
          wdt:P27 wd:Q30 ;
          wdt:P569 ?birthDate ;
          wdt:P570 ?deathDate .
  FILTER(DATATYPE(?birthDate) = xsd:dateTime && REGEX(STR(?birthDate), ""-01-01T00:00:00Z$""))
  FILTER(YEAR(?birthDate) >= 1875 && YEAR(?birthDate) <= 1930)
  FILTER(DATATYPE(?deathDate) = xsd:dateTime)
  SERVICE wikibase:label { bd:serviceParam wikibase:language ""[AUTO_LANGUAGE],en"". }
}",True,,True,,0.3527,0.2673,0.5294,20954
147,medium,List the French towns that have a street in Paris named after them.,"SELECT DISTINCT ?town ?townLabel WHERE {
  ?street wdt:P31 wd:Q244235 ;
          wdt:P131 wd:Q90 ;
          wdt:P138 ?town .
  ?town wdt:P31 wd:Q3957 ;
        wdt:P17 wd:Q142 .
  SERVICE wikibase:label { bd:serviceParam wikibase:language ""[AUTO_LANGUAGE],en"". }
}",True,,True,,0.0,0.0,0.0,0
148,medium,Show me a map of German states with links to iNaturalist observations.,"SELECT ?state ?stateLabel ?iNaturalistID WHERE {
  ?state wdt:P31 wd:Q1221156 ;
         wdt:P17 wd:Q183 ;
         wdt:P3151 ?iNaturalistID .
  SERVICE wikibase:label { bd:serviceParam wikibase:language ""[AUTO_LANGUAGE],en"" }
}",True,,True,,0.0,0.0,0.0,0
149,medium,What are the Alpine peaks with an elevation above 1500 meters?,"SELECT ?peak ?peakLabel ?elevation WHERE {
  ?peak wdt:P31 wd:Q8502 ;
        wdt:P2044 ?elevation ;
        wdt:P361 wd:Q1286 .
  FILTER(?elevation > 1500)
  SERVICE wikibase:label { bd:serviceParam wikibase:language ""[AUTO_LANGUAGE],en"" }
}",True,,True,,0.0,0.0,0.0,6
150,medium,Show me the locations of Pablo Picasso's artworks on a map.,"SELECT ?artwork ?artworkLabel ?location ?locationLabel ?coordinates WHERE {
  ?artwork wdt:P170 wd:Q5593 ;
           wdt:P276 ?location .
  ?location wdt:P625 ?coordinates .
  SERVICE wikibase:label { bd:serviceParam wikibase:language ""[AUTO_LANGUAGE],en"" }
}",True,,True,,0.4462,0.7032,0.1105,2231
151,medium,Find scientific statements related to the DOI 10.10.21/JA01577A030.,"SELECT ?statement ?statementLabel WHERE {
  ?statement wdt:P356 ""10.10.21/JA01577A030"" .
  SERVICE wikibase:label { bd:serviceParam wikibase:language ""[AUTO_LANGUAGE],en"" }
}",True,,True,,0.0,0.0,0.0,0
152,medium,List all Hebrew nouns that can be both masculine and feminine.,"SELECT ?noun ?nounLabel WHERE {
  ?noun wdt:P31 wd:Q1084 ;
        wdt:P407 wd:Q8011 ;
        wdt:P5185 wd:Q499327 ;
        wdt:P5185 wd:Q1775415 .
  SERVICE wikibase:label { bd:serviceParam wikibase:language ""he,en"" }
}",True,,True,,0.0,na,0.0,0
153,medium,List all winners of the FSF Award for the Advancement of Free Software along with their images.,"SELECT ?person ?personLabel ?image WHERE {
  ?person wdt:P166 wd:Q1388668 .
  OPTIONAL { ?person wdt:P18 ?image . }
  SERVICE wikibase:label { bd:serviceParam wikibase:language ""[AUTO_LANGUAGE],en"" }
}",True,,True,,0.0,na,0.0,0
154,medium,Find images of languages and their dialects.,"SELECT ?language ?languageLabel ?dialect ?dialectLabel ?image WHERE {
  ?language wdt:P31 wd:Q34770 .
  ?dialect wdt:P1798 ?language .
  ?dialect wdt:P18 ?image .
  SERVICE wikibase:label { bd:serviceParam wikibase:language ""[AUTO_LANGUAGE],en"" }
}",True,,True,,0.0,0.0,0.0,0
155,medium,"Show me a map of parishes in New South Wales, Australia, organized by county.","SELECT ?parish ?parishLabel ?county ?countyLabel ?location WHERE {
  ?parish wdt:P31 wd:Q1134687 ;
          wdt:P131 ?county .
  ?county wdt:P131 wd:Q322276 .
  ?parish wdt:P625 ?location .
  SERVICE wikibase:label { bd:serviceParam wikibase:language ""[AUTO_LANGUAGE],en"" }
}",True,,True,,0.0,0.0,0.0,0
156,medium,List all organizations with their geographic locations.,"SELECT ?organization ?organizationLabel ?location ?locationLabel WHERE {
  ?organization wdt:P31/wdt:P279* wd:Q43229 ;
                wdt:P276 ?location .
  SERVICE wikibase:label { bd:serviceParam wikibase:language ""[AUTO_LANGUAGE],en"" }
}",False,,True,,0.0004,0.0004,0.0,304838
157,medium,List all French watercraft whose name begins with the letter A.,"SELECT ?watercraft ?watercraftLabel WHERE {
  ?watercraft wdt:P31/wdt:P279* wd:Q11446 ;
              wdt:P27 wd:Q142 .
  ?watercraft rdfs:label ?watercraftLabel .
  FILTER(LANG(?watercraftLabel) = ""en"")
  FILTER(STRSTARTS(?watercraftLabel, ""A""))
}",True,,True,,0.0,na,na,0
158,medium,List Indian films that are remakes of other Indian movies.,"SELECT ?film ?filmLabel ?originalFilm ?originalFilmLabel WHERE {
  ?film wdt:P31 wd:Q11424 ;
        wdt:P495 wd:Q668 ;
        wdt:P144 ?originalFilm .
  ?originalFilm wdt:P31 wd:Q11424 ;
                wdt:P495 wd:Q668 .
  SERVICE wikibase:label { bd:serviceParam wikibase:language ""[AUTO_LANGUAGE],en"" }
}",True,,True,,1.0,1.0,na,236
159,medium,List the countries with the most metal bands.,"SELECT ?country ?countryLabel (COUNT(?band) AS ?bandCount) WHERE {
  ?band wdt:P31 wd:Q215380 ;
        wdt:P495 ?country .
  SERVICE wikibase:label { bd:serviceParam wikibase:language ""[AUTO_LANGUAGE],en"". }
}
GROUP BY ?country ?countryLabel
ORDER BY DESC(?bandCount)",False,,True,,0.0,0.0,0.0,321
160,medium,List all popes who had a parent that was also a pope.,"SELECT ?pope ?popeLabel ?parent ?parentLabel WHERE {
  ?pope wdt:P31 wd:Q5 ;
        wdt:P39 wd:Q19546 ;
        wdt:P25|wdt:P22 ?parent .
  ?parent wdt:P39 wd:Q19546 .
  SERVICE wikibase:label { bd:serviceParam wikibase:language ""[AUTO_LANGUAGE],en"" }
}",True,,True,,1.0,1.0,na,6
161,medium,List all locations with the name 'Earth' in any language.,"SELECT ?location ?locationLabel WHERE {
  ?location rdfs:label ""Earth""@en .
  SERVICE wikibase:label { bd:serviceParam wikibase:language ""[AUTO_LANGUAGE],en"". }
}",True,,True,,0.0,0.0,0.0,179
162,medium,List scientific papers where an animal is credited as a co-author.,"SELECT ?paper ?paperLabel ?animal ?animalLabel WHERE {
  ?paper wdt:P31 wd:Q13442814 ;
         wdt:P50 ?animal .
  ?animal wdt:P31/wdt:P279* wd:Q729 .
  SERVICE wikibase:label { bd:serviceParam wikibase:language ""[AUTO_LANGUAGE],en"" }
}",True,,False,result_too_large,0.0,0.0,0.0,0
163,medium,List all archaeological sites without coordinates.,"SELECT ?site ?siteLabel WHERE {
  ?site wdt:P31/wdt:P279* wd:Q839954 .
  FILTER NOT EXISTS { ?site wdt:P625 ?coord . }
  SERVICE wikibase:label { bd:serviceParam wikibase:language ""[AUTO_LANGUAGE],en"" }
}",True,,True,,0.3792,0.3793,0.0,15660
164,medium,List national flags that have inscriptions on them.,"SELECT ?flag ?flagLabel ?inscription WHERE {
  ?flag wdt:P31 wd:Q14660 ;
        wdt:P1684 ?inscription .
  SERVICE wikibase:label { bd:serviceParam wikibase:language ""[AUTO_LANGUAGE],en"" }
}",True,,True,,0.0,0.0,0.0,44
165,medium,Find individuals with both UK National Archives and US NARA IDs.,"SELECT ?person ?personLabel ?ukId ?usId WHERE {
  ?person wdt:P1225 ?ukId ;
          wdt:P1224 ?usId .
  SERVICE wikibase:label { bd:serviceParam wikibase:language ""[AUTO_LANGUAGE],en"" }
}",True,,True,,0.0,na,0.0,0
166,medium,List countries with featured articles on Russian Wikipedia.,"SELECT ?country ?countryLabel WHERE {
  ?country wdt:P31 wd:Q6256.
  ?article schema:about ?country;
           schema:isPartOf <https://ru.wikipedia.org/>;
           wikibase:badge wd:Q17437796.
  SERVICE wikibase:label { bd:serviceParam wikibase:language ""[AUTO_LANGUAGE],en"". }
}",True,,True,,0.0,0.0,na,3
167,medium,List all fortifications related to the Dutch East India Company (VOC) and the Dutch West India Company (WIC).,"SELECT ?fortification ?fortificationLabel ?company ?companyLabel WHERE {
  ?fortification wdt:P31/wdt:P279* wd:Q483262 .
  ?fortification wdt:P112 ?company .
  VALUES ?company { wd:Q1136991 wd:Q1136992 }
  SERVICE wikibase:label { bd:serviceParam wikibase:language ""[AUTO_LANGUAGE],en"" }
}",True,,True,,0.0,0.0,0.0,0
168,medium,List all movies directed by Jean-Luc Godard in chronological order.,"SELECT ?movie ?movieLabel ?publicationDate WHERE {
  ?movie wdt:P31 wd:Q11424 ;
         wdt:P57 wd:Q53002 ;
         wdt:P577 ?publicationDate .
  SERVICE wikibase:label { bd:serviceParam wikibase:language ""[AUTO_LANGUAGE],en"". }
}
ORDER BY ?publicationDate",True,,True,,0.044,0.0,0.0873,106
169,medium,Show me a map of the birthplaces of artists featured in Europeana 280.,"SELECT ?artist ?artistLabel ?birthplace ?birthplaceLabel ?coordinates WHERE {
  ?artist wdt:P106 wd:Q483501 ;
          wdt:P973 ?url .
  FILTER(CONTAINS(STR(?url), ""europeana.eu""))
  ?artist wdt:P19 ?birthplace .
  ?birthplace wdt:P625 ?coordinates .
  SERVICE wikibase:label { bd:serviceParam wikibase:language ""[AUTO_LANGUAGE],en"" }
}",True,,True,,0.0019,0.0,0.0042,6
170,medium,List the people who have both a warship and a microarchitecture named after them.,"SELECT ?person ?personLabel WHERE {
  ?person wdt:P138 ?warship ;
          wdt:P138 ?microarchitecture .
  ?warship wdt:P31 wd:Q11446 .
  ?microarchitecture wdt:P31 wd:Q1065157 .
  SERVICE wikibase:label { bd:serviceParam wikibase:language ""[AUTO_LANGUAGE],en"" }
}",True,,True,,0.0,na,na,0
171,medium,List all types of food in English.,"SELECT ?food ?foodLabel WHERE {
  ?food wdt:P279* wd:Q2095 .
  SERVICE wikibase:label { bd:serviceParam wikibase:language ""en"" . }
}",True,,True,,0.0,0.0,0.0,30205
172,medium,List all female artists.,"SELECT ?person ?personLabel WHERE {
  ?person wdt:P106 wd:Q483501 ;
          wdt:P21 wd:Q6581072 .
  SERVICE wikibase:label { bd:serviceParam wikibase:language ""[AUTO_LANGUAGE],en"" }
}",True,,True,,0.0013,0.0013,na,24306
173,medium,List all paintings that are classified as still life and were created by female artists.,"SELECT ?painting ?paintingLabel ?artist ?artistLabel WHERE {
  ?painting wdt:P31 wd:Q3305213 ;
            wdt:P136 wd:Q170571 ;
            wdt:P170 ?artist .
  ?artist wdt:P21 wd:Q6581072 .
  SERVICE wikibase:label { bd:serviceParam wikibase:language ""[AUTO_LANGUAGE],en"" }
}",True,,True,,0.1611,0.2023,0.0,2448
174,medium,List all articles about Wikidata instances.,"SELECT ?item ?itemLabel WHERE {
  ?item wdt:P31 wd:Q13442814 .
  SERVICE wikibase:label { bd:serviceParam wikibase:language ""[AUTO_LANGUAGE],en"" }
}",True,,False,result_too_large,0.0,0.0,0.0,0
175,medium,Find statements with a specific value assigned to property P1343 and retrieve their references.,"SELECT ?statement ?statementValue ?reference WHERE {
  ?item p:P1343 ?statement .
  ?statement ps:P1343 ?statementValue ;
             prov:wasDerivedFrom ?reference .
}",False,,False,result_too_large,0.0,0.0,0.0,0
176,medium,Show me a map of lakes and rivers in France.,"SELECT ?item ?itemLabel ?location ?coordinate WHERE {
  { ?item wdt:P31 wd:Q23397 . } UNION { ?item wdt:P31 wd:Q4022 . }
  ?item wdt:P17 wd:Q142 ;
        wdt:P625 ?coordinate .
  SERVICE wikibase:label { bd:serviceParam wikibase:language ""[AUTO_LANGUAGE],en"" }
}",True,,True,,0.1494,0.1628,0.1381,12594
177,medium,Find paintings of ships created by Charles Heaphy.,"SELECT ?painting ?paintingLabel WHERE {
  ?painting wdt:P170 wd:Q5079137 ;
            wdt:P180 wd:Q11446 .
  SERVICE wikibase:label { bd:serviceParam wikibase:language ""[AUTO_LANGUAGE],en"". }
}",True,,True,,0.0,0.0,0.0,0
178,medium,Show me a map of images from the Wicipics project in Wales.,"SELECT ?item ?itemLabel ?image ?coordinate WHERE {
  ?item wdt:P17 wd:Q25 ;
        wdt:P18 ?image ;
        wdt:P143 wd:Q20733666 ;
        wdt:P625 ?coordinate .
  SERVICE wikibase:label { bd:serviceParam wikibase:language ""[AUTO_LANGUAGE],en"" }
}",True,,True,,0.0,0.0,0.0,0
179,medium,List all poets from the Kingdom of Great Britain with known birth and death years.,"SELECT ?poet ?poetLabel ?birthYear ?deathYear WHERE {
  ?poet wdt:P106 wd:Q49757 ;
        wdt:P27 wd:Q161885 ;
        wdt:P569 ?birth ;
        wdt:P570 ?death .
  BIND(YEAR(?birth) AS ?birthYear)
  BIND(YEAR(?death) AS ?deathYear)
  SERVICE wikibase:label { bd:serviceParam wikibase:language ""[AUTO_LANGUAGE],en"" }
}",True,,True,,0.6153,0.9909,0.3224,776
180,medium,List all coups d'etat that occurred in the 21st century.,"SELECT ?coup ?coupLabel ?date WHERE {
  ?coup wdt:P31 wd:Q1121935 ;
        wdt:P585 ?date .
  FILTER(?date >= ""2001-01-01T00:00:00Z""^^xsd:dateTime)
  SERVICE wikibase:label { bd:serviceParam wikibase:language ""[AUTO_LANGUAGE],en"" }
}",True,,True,,0.0,na,na,0
181,medium,List all Wikidata entities with multiple Electronic Enlightenment IDs.,"SELECT ?item (COUNT(?id) AS ?count) WHERE {
  ?item wdt:P6024 ?id .
}
GROUP BY ?item
HAVING (COUNT(?id) > 1)",True,,True,,0.0,0.0,0.0,0
182,medium,List German movie titles that imply someone or something doesn't answer.,"SELECT ?movie ?movieLabel WHERE {
  ?movie wdt:P31 wd:Q11424 ;
         wdt:P407 wd:Q188 ;
         rdfs:label ?movieLabel .
  FILTER(LANG(?movieLabel) = ""de"")
  FILTER(REGEX(?movieLabel, ""antwortet nicht"", ""i""))
  SERVICE wikibase:label { bd:serviceParam wikibase:language ""de,en"". }
}",True,,True,,0.0,0.0,0.0,0
183,medium,List all female artists.,"SELECT ?person ?personLabel WHERE {
  ?person wdt:P106 wd:Q483501 ;
          wdt:P21 wd:Q6581072 .
  SERVICE wikibase:label { bd:serviceParam wikibase:language ""[AUTO_LANGUAGE],en"". }
}",True,,True,,0.0013,0.0013,na,24306
184,medium,List all biological taxa named after metal music bands.,"SELECT ?taxon ?taxonLabel ?band ?bandLabel WHERE {
  ?taxon wdt:P171* wd:Q16521 .
  ?taxon wdt:P825 ?band .
  ?band wdt:P136 wd:Q11399 .
  SERVICE wikibase:label { bd:serviceParam wikibase:language ""[AUTO_LANGUAGE],en"" }
}",True,,True,,0.0,0.0,na,0
185,medium,List authors with their Project Gutenberg IDs and Electronic Enlightenment IDs.,"SELECT ?author ?authorLabel ?gutenbergID ?eeID WHERE {
  ?author wdt:P106 wd:Q36180 ;
          wdt:P1938 ?gutenbergID ;
          wdt:P6134 ?eeID .
  SERVICE wikibase:label { bd:serviceParam wikibase:language ""[AUTO_LANGUAGE],en"" }
}",True,,True,,0.0,0.0,0.0,0
186,medium,List all artworks created by Ferdinand Bauer that do not have a 'depicts' property.,"SELECT ?artwork ?artworkLabel WHERE {
  ?artwork wdt:P170 wd:Q673568 .
  FILTER NOT EXISTS { ?artwork wdt:P180 ?depicts . }
  SERVICE wikibase:label { bd:serviceParam wikibase:language ""[AUTO_LANGUAGE],en"" }
}",True,,True,,0.0,0.0,na,0
187,medium,List the notable people whose doctoral advisor was a University of Bristol alum.,"SELECT DISTINCT ?person ?personLabel ?advisor ?advisorLabel WHERE {
  ?person wdt:P184 ?advisor .
  ?advisor wdt:P69 wd:Q168656 .
  SERVICE wikibase:label { bd:serviceParam wikibase:language ""[AUTO_LANGUAGE],en"" }
}",True,,True,,0.0,0.0,na,0
188,medium,List the top software titles with their dependency counts.,"SELECT ?software ?softwareLabel (COUNT(?dependency) AS ?dependencyCount) WHERE {
  ?software wdt:P31/wdt:P279* wd:Q7397 .
  ?software wdt:P1547 ?dependency .
  SERVICE wikibase:label { bd:serviceParam wikibase:language ""[AUTO_LANGUAGE],en"" }
}
GROUP BY ?software ?softwareLabel
ORDER BY DESC(?dependencyCount)",False,,True,,0.0096,0.0059,0.4935,10189
189,medium,List all tram bridges located in France.,"SELECT ?bridge ?bridgeLabel WHERE {
  ?bridge wdt:P31 wd:Q12280 ;
          wdt:P279* wd:Q12280 ;
          wdt:P17 wd:Q142 ;
          wdt:P1802 wd:Q5836 .
  SERVICE wikibase:label { bd:serviceParam wikibase:language ""[AUTO_LANGUAGE],en"". }
}",True,,True,,0.0,0.0,0.0,0
190,medium,List all works with languages spoken in a specific country.,"SELECT ?work ?workLabel ?language ?languageLabel ?country ?countryLabel WHERE {
  ?work wdt:P407 ?language .
  ?language wdt:P37 ?country .
  SERVICE wikibase:label { bd:serviceParam wikibase:language ""[AUTO_LANGUAGE],en"" }
}",True,,True,,0.8019,0.8019,na,758
191,medium,"List the children of Johann Sebastian Bach with his first wife, Maria Barbara Bach.","SELECT ?child ?childLabel WHERE {
  wd:Q1339 wdt:P40 ?child .
  ?child wdt:P25 wd:Q60136 .
  SERVICE wikibase:label { bd:serviceParam wikibase:language ""[AUTO_LANGUAGE],en"" }
}",True,,True,,0.0,0.0,na,0
192,medium,List all lexemes that describe a color.,"SELECT ?lexeme ?lexemeLabel WHERE {
  ?lexeme wdt:P31 wd:Q133156;
          wdt:P279* wd:Q1075.
  SERVICE wikibase:label { bd:serviceParam wikibase:language ""[AUTO_LANGUAGE],en"". }
}",True,,True,,0.0,na,0.0,0
193,medium,List all individuals buried in Pere-Lachaise cemetery who were born in a Ukrainian city.,"SELECT ?person ?personLabel ?birthPlaceLabel WHERE {
  ?person wdt:P119 wd:Q212545 ;
          wdt:P19 ?birthPlace .
  ?birthPlace wdt:P31 wd:Q515 .
  ?birthPlace wdt:P131* wd:Q212 .
  SERVICE wikibase:label { bd:serviceParam wikibase:language ""[AUTO_LANGUAGE],en"" }
}",True,,True,,0.0,0.0,0.0,0
194,medium,List all films shot in Austria.,"SELECT ?film ?filmLabel WHERE {
  ?film wdt:P31 wd:Q11424 ;
        wdt:P915 wd:Q40 .
  SERVICE wikibase:label { bd:serviceParam wikibase:language ""[AUTO_LANGUAGE],en"" }
}",True,,True,,0.3407,0.4673,0.0,93
195,medium,List all entities that have received the Commander of the Legion of Honour award without any references.,"SELECT ?entity ?entityLabel WHERE {
  ?entity p:P166 ?statement .
  ?statement ps:P166 wd:Q10855195 .
  FILTER NOT EXISTS { ?statement prov:wasDerivedFrom ?ref . }
  SERVICE wikibase:label { bd:serviceParam wikibase:language ""[AUTO_LANGUAGE],en"" }
}",True,,True,,0.0602,0.0602,na,3333
196,medium,"List the Jameel items in Ashmolean Museum with their URLs, ordered by the number of statements.","SELECT ?item ?itemLabel ?url (COUNT(?statement) AS ?statementCount) WHERE {
  ?item wdt:P195 wd:Q693789 ;
        wdt:P973 ?url .
  FILTER(CONTAINS(LCASE(?itemLabel), ""jameel""))
  ?item ?p ?statement .
  SERVICE wikibase:label { bd:serviceParam wikibase:language ""[AUTO_LANGUAGE],en"". }
}
GROUP BY ?item ?itemLabel ?url
ORDER BY DESC(?statementCount)",True,,True,,0.0,na,na,0
197,medium,List all album covers that show a specific location.,"SELECT ?album ?albumLabel ?image ?location ?locationLabel WHERE {
  ?album wdt:P31 wd:Q482994 ;
         wdt:P18 ?image ;
         wdt:P276 ?location .
  SERVICE wikibase:label { bd:serviceParam wikibase:language ""[AUTO_LANGUAGE],en"" }
}",True,,True,,0.0,0.0,0.0,15
198,medium,Find locations that have something named after them.,"SELECT DISTINCT ?location ?locationLabel ?namedEntity ?namedEntityLabel WHERE {
  ?namedEntity wdt:P138 ?location .
  SERVICE wikibase:label { bd:serviceParam wikibase:language ""[AUTO_LANGUAGE],en"" }
}",False,,False,result_too_large,0.0,0.0,0.0,0
199,medium,Show a bubble chart of occupations held by people affiliated with the University of Clermont.,"SELECT ?occupation ?occupationLabel (COUNT(?person) AS ?count) WHERE {
  ?person wdt:P1416 wd:Q3551365 ;
          wdt:P106 ?occupation .
  SERVICE wikibase:label { bd:serviceParam wikibase:language ""[AUTO_LANGUAGE],en"" }
}
GROUP BY ?occupation ?occupationLabel",True,,True,,0.0,na,0.0,0
200,medium,Show me a list of nuclear weapons tests with their coordinates.,"SELECT ?test ?testLabel ?coordinate WHERE {
  ?test wdt:P31 wd:Q1146666 ;
        wdt:P625 ?coordinate .
  SERVICE wikibase:label { bd:serviceParam wikibase:language ""[AUTO_LANGUAGE],en"" }
}",True,,True,,0.0,0.0,0.0,0
201,medium,List the number of UK parliament seats where members switched to other seats each year from 1830 to 1910.,"SELECT ?year (COUNT(?member) AS ?count) WHERE {
  ?member p:P39 ?statement .
  ?statement ps:P39 wd:Q16707842 ;
             pq:P580 ?start .
  BIND(YEAR(?start) AS ?year)
  FILTER(?year >= 1830 && ?year <= 1910)
  ?statement pq:P1365 ?previousSeat .
  FILTER(?previousSeat != wd:Q1936384)
}
GROUP BY ?year
ORDER BY ?year",True,,True,,0.0,na,0.0,0
202,medium,List the paintings in the Louvre's Paintings Department created by female artists.,"SELECT ?painting ?paintingLabel ?artist ?artistLabel WHERE {
  ?painting wdt:P31 wd:Q3305213 ;
            wdt:P195 wd:Q160347 ;
            wdt:P170 ?artist .
  ?artist wdt:P21 wd:Q6581072 .
  SERVICE wikibase:label { bd:serviceParam wikibase:language ""[AUTO_LANGUAGE],en"" }
}",True,,True,,0.0,0.0,na,0
203,medium,Find the GADM ID of a specific administrative area and get its corresponding GBIF dataset link.,"SELECT ?area ?areaLabel ?gadmId ?gbifDataset WHERE {
  ?area wdt:P2326 ?gadmId ;
        wdt:P846 ?gbifDataset .
  SERVICE wikibase:label { bd:serviceParam wikibase:language ""[AUTO_LANGUAGE],en"" }
}",False,,True,,0.0,0.0,0.0,3
204,medium,What is the maximum population of cities in each country?,"SELECT ?country ?countryLabel (MAX(?population) AS ?maxPopulation) WHERE {
  ?city wdt:P31/wdt:P279* wd:Q515 ;
        wdt:P17 ?country ;
        wdt:P1082 ?population .
  SERVICE wikibase:label { bd:serviceParam wikibase:language ""[AUTO_LANGUAGE],en"" }
}
GROUP BY ?country ?countryLabel",True,,True,,1.0,1.0,1.0,548
205,medium,List all the birthplaces of Liverpool football players on a map.,"SELECT ?player ?playerLabel ?birthplace ?birthplaceLabel ?coords WHERE {
  ?player wdt:P106 wd:Q937857 ;
          wdt:P54 wd:Q113084 ;
          wdt:P19 ?birthplace .
  ?birthplace wdt:P625 ?coords .
  SERVICE wikibase:label { bd:serviceParam wikibase:language ""[AUTO_LANGUAGE],en"" }
}",True,,True,,0.0,0.0,0.0,0
206,medium,Show me a list of parliament buildings from each country with their corresponding images.,"SELECT ?building ?buildingLabel ?country ?countryLabel ?image WHERE {
  ?building wdt:P31/wdt:P279* wd:Q1126643 ;
            wdt:P17 ?country .
  OPTIONAL { ?building wdt:P18 ?image . }
  SERVICE wikibase:label { bd:serviceParam wikibase:language ""[AUTO_LANGUAGE],en"" }
}",True,,True,,0.0,0.0,0.0,0
207,medium,"List the children of Johann Sebastian Bach with his first wife, Maria Barbara Bach.","SELECT ?child ?childLabel WHERE {
  wd:Q1339 wdt:P40 ?child .
  ?child wdt:P25 wd:Q60136 .
  SERVICE wikibase:label { bd:serviceParam wikibase:language ""[AUTO_LANGUAGE],en"" }
}",True,,True,,0.0,0.0,na,0
208,medium,List scientists who died by burning.,"SELECT ?scientist ?scientistLabel WHERE {
  ?scientist wdt:P106 wd:Q901 ;
             wdt:P509 wd:Q1633429 .
  SERVICE wikibase:label { bd:serviceParam wikibase:language ""[AUTO_LANGUAGE],en"" }
}",True,,True,,0.0,0.0,0.0,0
209,medium,List the institutions where UNR faculty members earned their degrees.,"SELECT ?person ?personLabel ?institution ?institutionLabel WHERE {
  ?person wdt:P108 wd:Q2497300 ;
          wdt:P69 ?institution .
  SERVICE wikibase:label { bd:serviceParam wikibase:language ""[AUTO_LANGUAGE],en"" }
}",True,,True,,0.0,0.0,na,0
210,medium,"List all places in Ghana with names ending in 'li', 'ti', or 'om'.","SELECT ?place ?placeLabel WHERE {
  ?place wdt:P131* wd:Q117 .
  ?place rdfs:label ?placeLabel .
  FILTER(LANG(?placeLabel) = ""en"")
  FILTER(REGEX(?placeLabel, ""(li|ti|om)$"", ""i""))
}",True,,True,,0.5942,0.85,0.454,3704
211,medium,Find people who have been infected with COVID-19.,"SELECT ?person ?personLabel WHERE {
  ?person wdt:P31 wd:Q5 ;
          wdt:P1196 wd:Q84263196 .
  SERVICE wikibase:label { bd:serviceParam wikibase:language ""[AUTO_LANGUAGE],en"" }
}",True,,True,,0.0005,0.0007,0.0,10
212,medium,List all French National Assembly members born outside of France.,"SELECT ?person ?personLabel ?birthPlaceLabel WHERE {
  ?person wdt:P106 wd:Q1887071 ;
          wdt:P19 ?birthPlace .
  FILTER NOT EXISTS { ?birthPlace wdt:P131* wd:Q142 . }
  SERVICE wikibase:label { bd:serviceParam wikibase:language ""[AUTO_LANGUAGE],en"" }
}",True,,True,,0.0,0.0,na,0
213,medium,List all the suffragettes around the world along with their birthplaces and coordinates.,"SELECT ?person ?personLabel ?place ?placeLabel ?coords WHERE {
  ?person wdt:P106 wd:Q2382407 .
  ?person wdt:P19 ?place .
  ?place wdt:P625 ?coords .
  SERVICE wikibase:label { bd:serviceParam wikibase:language ""[AUTO_LANGUAGE],en"" }
}",True,,True,,0.0,0.0,0.0,0
214,medium,List the top 10 botanists who have authored the most taxons.,"SELECT ?botanist ?botanistLabel (COUNT(?taxon) AS ?taxonCount) WHERE {
  ?taxon wdt:P405 ?botanist .
  ?botanist wdt:P106 wd:Q1083331 .
  SERVICE wikibase:label { bd:serviceParam wikibase:language ""[AUTO_LANGUAGE],en"" }
}
GROUP BY ?botanist ?botanistLabel
ORDER BY DESC(?taxonCount)
LIMIT 10",True,,True,,0.0,0.0,0.0,0
215,medium,List the years when pride parades started.,"SELECT ?event ?eventLabel ?start_year WHERE {
  ?event wdt:P31 wd:Q1520865 ;
         wdt:P580 ?start_date .
  BIND(YEAR(?start_date) AS ?start_year)
  SERVICE wikibase:label { bd:serviceParam wikibase:language ""[AUTO_LANGUAGE],en"" }
}",True,,True,,0.0,0.0,0.0,0
216,medium,What are the key initiatives promoting open access to research in Japan?,"SELECT ?initiative ?initiativeLabel ?description WHERE {
  ?initiative wdt:P31/wdt:P279* wd:Q1134876 ;
              wdt:P17 wd:Q17 .
  SERVICE wikibase:label { bd:serviceParam wikibase:language ""[AUTO_LANGUAGE],en"" }
}",True,,True,,0.0,0.0,0.0,0
217,medium,List museums named after a specific person or thing.,"SELECT ?museum ?museumLabel ?namedAfter ?namedAfterLabel WHERE {
  ?museum wdt:P31 wd:Q33506 ;
          wdt:P138 ?namedAfter .
  SERVICE wikibase:label { bd:serviceParam wikibase:language ""[AUTO_LANGUAGE],en"" }
}",True,,True,,0.4884,0.4884,na,3906
218,medium,List all movie titles that contain the word 'it'.,"SELECT ?movie ?movieLabel WHERE {
  ?movie wdt:P31 wd:Q11424 .
  ?movie rdfs:label ?movieLabel .
  FILTER(LANG(?movieLabel) = ""en"")
  FILTER(CONTAINS(LCASE(?movieLabel), ""it""))
}",True,,True,,0.0237,0.0237,0.0237,32104
219,medium,List all the songs composed by Charlie Parker.,"SELECT ?song ?songLabel WHERE {
  ?song wdt:P86 wd:Q212608 .
  SERVICE wikibase:label { bd:serviceParam wikibase:language ""[AUTO_LANGUAGE],en"" }
}",True,,True,,0.0,0.0,0.0,0
220,medium,"List all books written by Arthur Conan Doyle, including their titles, illustrators, publishers, and publication dates if available.","SELECT ?book ?bookLabel ?illustratorLabel ?publisherLabel ?publicationDate WHERE {
  ?book wdt:P50 wd:Q35610 ;
        wdt:P31 wd:Q571 .
  OPTIONAL { ?book wdt:P110 ?illustrator . }
  OPTIONAL { ?book wdt:P123 ?publisher . }
  OPTIONAL { ?book wdt:P577 ?publicationDate . }
  SERVICE wikibase:label { bd:serviceParam wikibase:language ""[AUTO_LANGUAGE],en"" }
}",True,,True,,0.0,0.0,0.0,0
221,medium,List bodies of water with the most rivers flowing into them.,"SELECT ?waterBody ?waterBodyLabel (COUNT(?river) AS ?riverCount) WHERE {
  ?river wdt:P206 ?waterBody .
  ?waterBody wdt:P31/wdt:P279* wd:Q15334 .
  SERVICE wikibase:label { bd:serviceParam wikibase:language ""[AUTO_LANGUAGE],en"" }
}
GROUP BY ?waterBody ?waterBodyLabel
ORDER BY DESC(?riverCount)",True,,True,,0.0,0.0,0.0,0
222,medium,List all the paintings in the Suter Art Gallery.,"SELECT ?painting ?paintingLabel WHERE {
  ?painting wdt:P31 wd:Q3305213 ;
            wdt:P276 wd:Q7650337 .
  SERVICE wikibase:label { bd:serviceParam wikibase:language ""[AUTO_LANGUAGE],en"" }
}",True,,True,,0.0,0.0,0.0,0
223,medium,List all Indian districts that share a border with another district.,"SELECT ?district ?districtLabel ?neighbor ?neighborLabel WHERE {
  ?district wdt:P31 wd:Q149604 ;
            wdt:P17 wd:Q668 .
  ?district wdt:P47 ?neighbor .
  ?neighbor wdt:P31 wd:Q149604 ;
            wdt:P17 wd:Q668 .
  SERVICE wikibase:label { bd:serviceParam wikibase:language ""[AUTO_LANGUAGE],en"". }
}",True,,True,,0.0,0.0,na,0
224,medium,List the inventors who died as a result of their own creations.,"SELECT ?inventor ?inventorLabel ?causeLabel WHERE {
  ?inventor wdt:P106 wd:Q160683 ;
            wdt:P509 ?cause .
  ?cause wdt:P279* wd:Q12136 .
  SERVICE wikibase:label { bd:serviceParam wikibase:language ""[AUTO_LANGUAGE],en"" }
}",True,,True,,0.0,0.0,na,0
225,medium,Find war memorials with their geographical coordinates.,"SELECT ?memorial ?memorialLabel ?coords WHERE {
  ?memorial wdt:P31 wd:Q575759 .
  ?memorial wdt:P625 ?coords .
  SERVICE wikibase:label { bd:serviceParam wikibase:language ""[AUTO_LANGUAGE],en"" }
}",True,,True,,0.9044,0.9252,0.8845,69240
226,medium,List items that have Toki Pona as a language of work or name.,"SELECT ?item ?itemLabel WHERE {
  ?item wdt:P407 wd:Q202052 .
  SERVICE wikibase:label { bd:serviceParam wikibase:language ""[AUTO_LANGUAGE],en"" }
}",True,,True,,0.0,0.0,0.0,0
227,medium,List the number of musical compositions on Wikidata by language in descending order.,"SELECT ?languageLabel (COUNT(?composition) AS ?count) WHERE {
  ?composition wdt:P31 wd:Q207628 .
  ?composition wdt:P407 ?language .
  SERVICE wikibase:label { bd:serviceParam wikibase:language ""[AUTO_LANGUAGE],en"". }
}
GROUP BY ?languageLabel
ORDER BY DESC(?count)",True,,True,,0.0023,0.0,0.0118,1
228,medium,How many musicians are there in each country according to Wikidata?,"SELECT ?country ?countryLabel (COUNT(?musician) AS ?count) WHERE {
  ?musician wdt:P106 wd:Q639669 ;
            wdt:P27 ?country .
  SERVICE wikibase:label { bd:serviceParam wikibase:language ""[AUTO_LANGUAGE],en"" }
}
GROUP BY ?country ?countryLabel
ORDER BY DESC(?count)",True,,True,,0.0,0.0,0.0,596
229,medium,List the influential people born between 1590 and 1750 who were influenced by other humans.,"SELECT ?person ?personLabel ?influencedBy ?influencedByLabel WHERE {
  ?person wdt:P106 wd:Q1028181 ;
          wdt:P569 ?birthDate ;
          wdt:P737 ?influencedBy .
  FILTER (?birthDate >= ""1590-01-01T00:00:00Z""^^xsd:dateTime && ?birthDate <= ""1750-12-31T23:59:59Z""^^xsd:dateTime)
  SERVICE wikibase:label { bd:serviceParam wikibase:language ""[AUTO_LANGUAGE],en"" }
}",True,,True,,0.0,0.0,na,235
230,medium,How many items are not linked to any statements?,"SELECT (COUNT(?item) AS ?count) WHERE {
  ?item wikibase:sitelinks ?sitelinks .
  FILTER NOT EXISTS { ?item ?p ?o . }
}",False,,True,,0.0,na,0.0,1
231,medium,What nationalities are represented among authors who have published papers related to Australian fauna?,"SELECT DISTINCT ?nationality ?nationalityLabel WHERE {
  ?paper wdt:P921 wd:Q1426156 .
  ?paper wdt:P50 ?author .
  ?author wdt:P27 ?nationality .
  SERVICE wikibase:label { bd:serviceParam wikibase:language ""[AUTO_LANGUAGE],en"" }
}",True,,True,,0.0,0.0,0.0,0
232,medium,List all the collections that have photos taken by Carleton Watkins.,"SELECT ?collection ?collectionLabel WHERE {
  ?photo wdt:P170 wd:Q1036237 ;
         wdt:P195 ?collection .
  SERVICE wikibase:label { bd:serviceParam wikibase:language ""[AUTO_LANGUAGE],en"" }
}",True,,True,,0.0,0.0,na,0
233,medium,Find the coordinates of places where people named Antoine were born.,"SELECT ?person ?personLabel ?place ?placeLabel ?coords WHERE {
  ?person wdt:P31 wd:Q5 ;
          rdfs:label ?label .
  FILTER(CONTAINS(?label, ""Antoine""))
  ?person wdt:P19 ?place .
  ?place wdt:P625 ?coords .
  SERVICE wikibase:label { bd:serviceParam wikibase:language ""[AUTO_LANGUAGE],en"" }
}",False,,True,,0.4352,0.3834,0.6033,9968
234,medium,List the birthplaces of famous art historians.,"SELECT ?person ?personLabel ?birthplace ?birthplaceLabel WHERE {
  ?person wdt:P106 wd:Q1936384 ;
          wdt:P19 ?birthplace .
  SERVICE wikibase:label { bd:serviceParam wikibase:language ""[AUTO_LANGUAGE],en"" }
}",True,,True,,0.0,na,0.0,0
235,medium,List all items with official names containing a slash.,"SELECT ?item ?itemLabel ?name WHERE {
  ?item wdt:P1448 ?name .
  FILTER(CONTAINS(?name, ""/""))
  SERVICE wikibase:label { bd:serviceParam wikibase:language ""[AUTO_LANGUAGE],en"" }
}",True,,True,,0.0141,0.0151,0.0133,11453
236,medium,List mathematicians who have siblings that are actors or musicians.,"SELECT DISTINCT ?mathematician ?mathematicianLabel ?sibling ?siblingLabel WHERE {
  ?mathematician wdt:P106 wd:Q170790 ;
                 wdt:P3373 ?sibling .
  ?sibling wdt:P106 ?occupation .
  VALUES ?occupation { wd:Q33999 wd:Q177220 }
  SERVICE wikibase:label { bd:serviceParam wikibase:language ""[AUTO_LANGUAGE],en"" }
}",True,,True,,0.3544,0.4912,0.0,38
237,medium,List the women who have received awards from Women in Technology International.,"SELECT ?person ?personLabel WHERE {
  ?person wdt:P166 wd:Q8031367 ;
          wdt:P21 wd:Q6581072 .
  SERVICE wikibase:label { bd:serviceParam wikibase:language ""[AUTO_LANGUAGE],en"" }
}",True,,True,,0.0,na,na,0
238,medium,List the actors who have worked with Shah Rukh Khan in multiple films.,"SELECT ?actor ?actorLabel (COUNT(DISTINCT ?film) AS ?filmCount) WHERE {
  ?film wdt:P161 wd:Q9535 ;
        wdt:P161 ?actor .
  FILTER(?actor != wd:Q9535)
  SERVICE wikibase:label { bd:serviceParam wikibase:language ""[AUTO_LANGUAGE],en"". }
}
GROUP BY ?actor ?actorLabel
HAVING (?filmCount > 1)
ORDER BY DESC(?filmCount)",True,,True,,0.0,0.0,0.0,109
239,medium,List all 355 municipalities in the Netherlands along with their geo coordinates and provinces.,"SELECT ?municipality ?municipalityLabel ?coordinates ?province ?provinceLabel WHERE {
  ?municipality wdt:P31 wd:Q2039348 ;
                wdt:P131 wd:Q55 .
  ?municipality wdt:P625 ?coordinates ;
                wdt:P131 ?province .
  ?province wdt:P31 wd:Q11076 .
  SERVICE wikibase:label { bd:serviceParam wikibase:language ""[AUTO_LANGUAGE],en"". }
}",True,,True,,0.0,0.0,0.0,0
240,medium,What language do the labels of Q137 and Q12518 have in common?,"SELECT ?language ?languageLabel WHERE {
  wd:Q137 rdfs:label ?label1 .
  wd:Q12518 rdfs:label ?label2 .
  FILTER(LANG(?label1) = LANG(?label2))
  BIND(LANG(?label1) AS ?langCode)
  ?language wdt:P424 ?langCode .
  SERVICE wikibase:label { bd:serviceParam wikibase:language ""[AUTO_LANGUAGE],en"" }
}",True,,True,,0.0,0.0,na,625
241,medium,What are the UK parliamentary constituencies that share a border with each other?,"SELECT ?constituency1 ?constituency1Label ?constituency2 ?constituency2Label WHERE {
  ?constituency1 wdt:P31 wd:Q192611 ;
                 wdt:P47 ?constituency2 .
  ?constituency2 wdt:P31 wd:Q192611 .
  FILTER(?constituency1 < ?constituency2)
  SERVICE wikibase:label { bd:serviceParam wikibase:language ""[AUTO_LANGUAGE],en"". }
}",True,,True,,0.0,0.0,na,39
242,medium,List all groups of fictional characters from the Marvel universe.,"SELECT ?group ?groupLabel WHERE {
  ?group wdt:P31 wd:Q16335166 ;
         wdt:P361 wd:Q173608 .
  SERVICE wikibase:label { bd:serviceParam wikibase:language ""[AUTO_LANGUAGE],en"" }
}",True,,True,,0.0,na,na,0
243,medium,Show me the locations of libraries in India on a map.,"SELECT ?library ?libraryLabel ?location ?coordinates WHERE {
  ?library wdt:P31 wd:Q7075 ;
           wdt:P17 wd:Q668 ;
           wdt:P625 ?coordinates .
  OPTIONAL { ?library wdt:P131 ?location . }
  SERVICE wikibase:label { bd:serviceParam wikibase:language ""[AUTO_LANGUAGE],en"" }
}",True,,True,,0.5806,0.4091,1.0,120
244,medium,Show me the tram lines in Vienna.,"SELECT ?tramLine ?tramLineLabel WHERE {
  ?tramLine wdt:P31 wd:Q1190576 ;
            wdt:P131 wd:Q1741 .
  SERVICE wikibase:label { bd:serviceParam wikibase:language ""[AUTO_LANGUAGE],en"". }
}",True,,True,,0.0,0.0,0.0,0
245,medium,List Mexican writers born between 1800 and 1900.,"SELECT ?writer ?writerLabel ?birthDate WHERE {
  ?writer wdt:P106 wd:Q36180 ;
          wdt:P27 wd:Q96 ;
          wdt:P569 ?birthDate .
  FILTER (?birthDate >= ""1800-01-01T00:00:00Z""^^xsd:dateTime && ?birthDate <= ""1900-12-31T23:59:59Z""^^xsd:dateTime)
  SERVICE wikibase:label { bd:serviceParam wikibase:language ""[AUTO_LANGUAGE],en"" }
}",True,,True,,0.0,0.0,0.0,1038
246,medium,"List all National Film Award winners from the 1990s, organized by award category.","SELECT ?winner ?winnerLabel ?award ?awardLabel ?year WHERE {
  ?winner p:P166 ?statement .
  ?statement ps:P166 ?award .
  ?award wdt:P361 wd:Q11601 .
  ?statement pq:P585 ?date .
  FILTER(YEAR(?date) >= 1990 && YEAR(?date) <= 1999)
  BIND(YEAR(?date) AS ?year)
  SERVICE wikibase:label { bd:serviceParam wikibase:language ""[AUTO_LANGUAGE],en"" }
}
ORDER BY ?awardLabel ?year",True,,True,,0.0,0.0,na,0
247,medium,Find hills in the UK with horse figures drawn on them.,"SELECT ?hill ?hillLabel WHERE {
  ?hill wdt:P31 wd:Q271658 ;
        wdt:P17 wd:Q145 ;
        wdt:P180 wd:Q726038 .
  SERVICE wikibase:label { bd:serviceParam wikibase:language ""[AUTO_LANGUAGE],en"". }
}",True,,True,,0.0,0.0,0.0,0
248,medium,List Tex-Mex singers who are also musicians.,"SELECT ?person ?personLabel WHERE {
  ?person wdt:P106 wd:Q177220 ;
          wdt:P106 wd:Q11815547 .
  SERVICE wikibase:label { bd:serviceParam wikibase:language ""[AUTO_LANGUAGE],en"". }
}",True,,True,,0.0,0.0,na,0
249,medium,List all athletes born in a specific location who play for Real Sociedad.,"SELECT ?athlete ?athleteLabel ?birthPlaceLabel WHERE {
  ?athlete wdt:P106 wd:Q2066131 ;
           wdt:P54 wd:Q207447 ;
           wdt:P19 ?birthPlace .
  SERVICE wikibase:label { bd:serviceParam wikibase:language ""[AUTO_LANGUAGE],en"" }
}",True,,True,,0.0,0.0,0.0,0
250,medium,List all individuals born on a river.,"SELECT ?person ?personLabel ?river ?riverLabel WHERE {
  ?person wdt:P19 ?river .
  ?river wdt:P31 wd:Q4022 .
  SERVICE wikibase:label { bd:serviceParam wikibase:language ""[AUTO_LANGUAGE],en"" }
}",True,,True,,0.9888,0.9888,na,620
251,medium,Find the locations of boundary stones near Radibor.,"SELECT ?item ?itemLabel ?location ?locationLabel WHERE {
  ?item wdt:P31 wd:Q1506266.
  ?item wdt:P276 ?location.
  ?location wdt:P131* wd:Q673666.
  SERVICE wikibase:label { bd:serviceParam wikibase:language ""[AUTO_LANGUAGE],en"". }
}",True,,True,,0.0,na,na,0
252,medium,List all paintings by Rembrandt in the Louvre or Rijksmuseum.,"SELECT ?painting ?paintingLabel ?museum ?museumLabel WHERE {
  ?painting wdt:P170 wd:Q5598 ;
            wdt:P31 wd:Q3305213 ;
            wdt:P276 ?museum .
  FILTER(?museum IN (wd:Q19675, wd:Q190804))
  SERVICE wikibase:label { bd:serviceParam wikibase:language ""[AUTO_LANGUAGE],en"" }
}",True,,True,,0.2636,0.5179,0.0,30
253,medium,Show a map of countries by the year they joined the United Nations.,"SELECT ?country ?countryLabel ?date ?coords WHERE {
  ?country wdt:P463 wd:Q1065 .
  ?country p:P463 ?statement .
  ?statement ps:P463 wd:Q1065 ;
             pq:P580 ?date .
  ?country wdt:P625 ?coords .
  SERVICE wikibase:label { bd:serviceParam wikibase:language ""[AUTO_LANGUAGE],en"" }
}",True,,True,,0.0056,0.0047,0.0062,530
254,medium,What jobs did UK Prime Ministers have before becoming politicians?,"SELECT ?person ?personLabel ?occupation ?occupationLabel WHERE {
  ?person wdt:P39 wd:Q14211 .
  ?person wdt:P106 ?occupation .
  FILTER NOT EXISTS { ?person wdt:P106 wd:Q82955 }
  SERVICE wikibase:label { bd:serviceParam wikibase:language ""[AUTO_LANGUAGE],en"" }
}",True,,True,,0.0,0.0,0.0,0
255,medium,What are the laws in Indonesia that apply to indigenous people?,"SELECT ?law ?lawLabel WHERE {
  ?law wdt:P31 wd:Q7748 ;
       wdt:P17 wd:Q252 .
  ?law wdt:P921 wd:Q1503666 .
  SERVICE wikibase:label { bd:serviceParam wikibase:language ""[AUTO_LANGUAGE],en"" }
}",True,,True,,0.0,0.0,0.0,0
256,medium,List all the authors who have received a Nobel Prize and cited Egon Willighagen's work.,"SELECT DISTINCT ?author ?authorLabel WHERE {
  ?author wdt:P106 wd:Q36180 ;
          wdt:P166 wd:Q37922 .
  ?work wdt:P50 ?author ;
        wdt:P2860 wd:Q21282566 .
  SERVICE wikibase:label { bd:serviceParam wikibase:language ""[AUTO_LANGUAGE],en"". }
}",True,,True,,0.0,na,na,0
257,medium,List documents from the Boyer collection organized by decade.,"SELECT ?document ?documentLabel ?date (CONCAT(STR(FLOOR(YEAR(?date)/10)*10), 's') AS ?decade) WHERE {
  ?document wdt:P195 wd:Q16973666 ;
            wdt:P571 ?date .
  SERVICE wikibase:label { bd:serviceParam wikibase:language ""[AUTO_LANGUAGE],en"" }
}
ORDER BY ?decade",True,,True,,0.0,na,0.0,0
258,medium,List all items in the History of Science Museum with their descriptions.,"SELECT ?item ?itemLabel ?itemDescription WHERE {
  ?item wdt:P276 wd:Q1620638 .
  SERVICE wikibase:label { bd:serviceParam wikibase:language ""[AUTO_LANGUAGE],en"" }
}",True,,True,,0.0,0.0,0.0,0
259,medium,List all items with their CBDB and VIAF IDs.,"SELECT ?item ?itemLabel ?cbdbID ?viafID WHERE {
  ?item wdt:P1539 ?cbdbID ;
        wdt:P214 ?viafID .
  SERVICE wikibase:label { bd:serviceParam wikibase:language ""[AUTO_LANGUAGE],en"" }
}",True,,True,,0.0,0.0,0.0,54878
260,complex,List the top film directors by their number of films and sitelinks.,"SELECT ?director ?directorLabel (COUNT(?film) AS ?filmCount) (COUNT(?sitelink) AS ?sitelinkCount) WHERE {
  ?film wdt:P31 wd:Q11424 ;
        wdt:P57 ?director .
  ?director wdt:P106 wd:Q2526731 .
  OPTIONAL { ?director schema:description ?sitelink . }
  SERVICE wikibase:label { bd:serviceParam wikibase:language ""[AUTO_LANGUAGE],en"". }
}
GROUP BY ?director ?directorLabel
ORDER BY DESC(?filmCount) DESC(?sitelinkCount)",True,,True,,0.0,0.0,0.0,0
261,complex,List the countries with their corresponding number of coronavirus cases.,"SELECT ?country ?countryLabel ?cases WHERE {
  ?country wdt:P31 wd:Q6256 ;
           wdt:P1603 ?cases .
  SERVICE wikibase:label { bd:serviceParam wikibase:language ""[AUTO_LANGUAGE],en"" }
}",True,,True,,0.0,na,0.0,0
262,complex,List all doctoral theses with their authors and institutions.,"SELECT ?thesis ?thesisLabel ?author ?authorLabel ?institution ?institutionLabel WHERE {
  ?thesis wdt:P31 wd:Q189533 .
  ?thesis wdt:P50 ?author .
  ?thesis wdt:P108 ?institution .
  SERVICE wikibase:label { bd:serviceParam wikibase:language ""[AUTO_LANGUAGE],en"" }
}",True,,True,,0.0,0.0,0.0,0
263,complex,What are the parent taxa of Asterophryinae?,"SELECT ?parent ?parentLabel WHERE {
  wd:Q2868374 wdt:P171 ?parent .
  SERVICE wikibase:label { bd:serviceParam wikibase:language ""[AUTO_LANGUAGE],en"" }
}",True,,True,,0.0,0.0,na,1
264,complex,Find the CIViC citation corpus and extract PubMed IDs.,"SELECT ?item ?itemLabel ?pubmedID WHERE {
  ?item wdt:P31 wd:Q113505566 ;
        wdt:P698 ?pubmedID .
  SERVICE wikibase:label { bd:serviceParam wikibase:language ""[AUTO_LANGUAGE],en"". }
}",True,,True,,0.0,0.0,0.0,0
265,complex,List all instruments created by Antonio Stradivari.,"SELECT ?instrument ?instrumentLabel WHERE {
  ?instrument wdt:P170 wd:Q206336 .
  SERVICE wikibase:label { bd:serviceParam wikibase:language ""[AUTO_LANGUAGE],en"" }
}",True,,True,,0.0,na,na,0
266,complex,Find scholarly articles with 'Zika' in their title.,"SELECT ?article ?articleLabel WHERE {
  ?article wdt:P31 wd:Q13442814.
  ?article rdfs:label ?articleLabel.
  FILTER(CONTAINS(LCASE(?articleLabel), ""zika""))
  SERVICE wikibase:label { bd:serviceParam wikibase:language ""[AUTO_LANGUAGE],en"". }
}",True,,False,connection,0.0,0.0,0.0,0
267,complex,List all items that have a description in English but no English label.,"SELECT ?item WHERE {
  ?item schema:description ?desc .
  FILTER(LANG(?desc) = ""en"")
  FILTER NOT EXISTS {
    ?item rdfs:label ?label .
    FILTER(LANG(?label) = ""en"")
  }
}",False,,False,result_too_large,0.0,0.0,0.0,0
268,complex,"What are the ingredients in a sandwich, excluding bread?","SELECT ?ingredient ?ingredientLabel WHERE {
  wd:Q28803 wdt:P527 ?ingredient .
  FILTER(?ingredient != wd:Q12047)
  SERVICE wikibase:label { bd:serviceParam wikibase:language ""[AUTO_LANGUAGE],en"" }
}",True,,True,,0.0,0.0,na,0
269,complex,List all Law & Order episodes along with their season and episode numbers.,"SELECT ?episode ?episodeLabel ?seasonNumber ?episodeNumber WHERE {
  ?episode wdt:P179 wd:Q321428 ;
           wdt:P4908 ?season ;
           wdt:P1545 ?episodeNumber .
  ?season wdt:P1545 ?seasonNumber .
  SERVICE wikibase:label { bd:serviceParam wikibase:language ""[AUTO_LANGUAGE],en"" }
}
ORDER BY ?seasonNumber ?episodeNumber",True,,True,,0.0,na,na,0
270,complex,List all images used by multiple churches.,"SELECT ?image (COUNT(?church) AS ?count) WHERE {
  ?church wdt:P31/wdt:P279* wd:Q16970 .
  ?church wdt:P18 ?image .
}
GROUP BY ?image
HAVING (?count > 1)",True,,True,,0.057,na,0.057,13095
271,complex,List all virtual conferences along with their environment and other details.,"SELECT ?conference ?conferenceLabel ?environment ?environmentLabel ?location ?locationLabel WHERE {
  ?conference wdt:P31 wd:Q2020153 .
  OPTIONAL { ?conference wdt:P1192 ?environment . }
  OPTIONAL { ?conference wdt:P276 ?location . }
  SERVICE wikibase:label { bd:serviceParam wikibase:language ""[AUTO_LANGUAGE],en"" }
}",True,,True,,0.0006,0.0006,0.0,24312
272,complex,What is the average lifespan of people in different professions?,"SELECT ?professionLabel (AVG(?lifespan) AS ?averageLifespan) WHERE {
  ?person wdt:P106 ?profession ;
          wdt:P569 ?birth ;
          wdt:P570 ?death .
  BIND(year(?death) - year(?birth) AS ?lifespan)
  FILTER(?lifespan > 0 && ?lifespan < 120)
  SERVICE wikibase:label { bd:serviceParam wikibase:language ""[AUTO_LANGUAGE],en"" }
}
GROUP BY ?professionLabel
ORDER BY DESC(?averageLifespan)",False,,True,,0.0,0.0,0.0,1
273,complex,List the identifiers present on Penelope Cruz's item but not on Sean Connery's.,"SELECT ?property ?propertyLabel WHERE {
  {
    SELECT ?property WHERE {
      wd:Q39666 ?p ?statement .
      ?property wikibase:directClaim ?p .
    }
  }
  FILTER NOT EXISTS { wd:Q4573 ?p ?statement2 . ?property wikibase:directClaim ?p . }
  SERVICE wikibase:label { bd:serviceParam wikibase:language ""[AUTO_LANGUAGE],en"". }
}",True,,True,,0.0,na,0.0,112
274,complex,List all trans artists with their occupation and image.,"SELECT ?person ?personLabel ?occupationLabel ?image WHERE {
  ?person wdt:P106 ?occupation ;
          wdt:P1725 wd:Q1097630 .
  OPTIONAL { ?person wdt:P18 ?image . }
  SERVICE wikibase:label { bd:serviceParam wikibase:language ""[AUTO_LANGUAGE],en"" }
}",True,,True,,0.0,0.0,0.0,0
275,complex,What are the places near Papa Stour?,"SELECT ?place ?placeLabel WHERE {
  wd:Q1635588 wdt:P206 ?place .
  SERVICE wikibase:label { bd:serviceParam wikibase:language ""[AUTO_LANGUAGE],en"" }
}",True,,True,,0.0,na,na,0
276,complex,List the longest English words in alphabetical order.,"SELECT ?word ?wordLabel (STRLEN(?wordLabel) AS ?length) WHERE {
  ?word wdt:P31 wd:Q8112 ;
        wdt:P407 wd:Q1860 .
  ?word rdfs:label ?wordLabel .
  FILTER(LANG(?wordLabel) = ""en"")
}
ORDER BY DESC(?length) ?wordLabel
LIMIT 100",True,,True,,0.0,na,0.0,0
277,complex,List all Welsh journals and newspapers with their publication dates and places.,"SELECT ?item ?itemLabel ?date ?place ?placeLabel WHERE {
  ?item wdt:P31/wdt:P279* wd:Q11032 ;
        wdt:P17 wd:Q25 ;
        wdt:P571 ?date .
  OPTIONAL { ?item wdt:P291 ?place . }
  SERVICE wikibase:label { bd:serviceParam wikibase:language ""[AUTO_LANGUAGE],en"". }
}",True,,True,,0.0,na,na,0
278,complex,List economists by their fields of work and nationalities.,"SELECT ?person ?personLabel ?fieldLabel ?nationalityLabel WHERE {
  ?person wdt:P106 wd:Q188094 ;
          wdt:P101 ?field ;
          wdt:P27 ?nationality .
  SERVICE wikibase:label { bd:serviceParam wikibase:language ""[AUTO_LANGUAGE],en"" }
}",False,,True,,0.1152,0.1574,0.0,5628
279,complex,List the top animals depicted in artworks.,"SELECT ?animal ?animalLabel (COUNT(?artwork) AS ?count) WHERE {
  ?artwork wdt:P180 ?animal .
  ?animal wdt:P279* wd:Q729 .
  SERVICE wikibase:label { bd:serviceParam wikibase:language ""[AUTO_LANGUAGE],en"" }
}
GROUP BY ?animal ?animalLabel
ORDER BY DESC(?count)
LIMIT 20",True,,True,,0.0,0.0,0.0,40
280,complex,List the European regions with a population density of less than 30 people per square kilometer.,"SELECT ?region ?regionLabel ?density WHERE {
  ?region wdt:P31/wdt:P279* wd:Q107390 .
  ?region wdt:P2046 ?area .
  ?region wdt:P1082 ?population .
  BIND(?population / ?area AS ?density)
  FILTER(?density < 30)
  SERVICE wikibase:label { bd:serviceParam wikibase:language ""[AUTO_LANGUAGE],en"" }
}",True,,True,,0.0,0.0,0.0,165
281,complex,List all restaurants in Luxembourg that have a Michelin star.,"SELECT ?restaurant ?restaurantLabel WHERE {
  ?restaurant wdt:P31 wd:Q11707 ;
              wdt:P131 wd:Q1842 ;
              wdt:P166 wd:Q114416 .
  SERVICE wikibase:label { bd:serviceParam wikibase:language ""[AUTO_LANGUAGE],en"" }
}",True,,True,,0.0,0.0,0.0,0
282,complex,What properties are most commonly used in references?,"SELECT ?property ?propertyLabel (COUNT(?ref) AS ?count) WHERE {
  ?statement prov:wasDerivedFrom ?ref .
  ?ref ?property ?value .
  FILTER(?property != rdf:type)
  SERVICE wikibase:label { bd:serviceParam wikibase:language ""[AUTO_LANGUAGE],en"" }
}
GROUP BY ?property ?propertyLabel
ORDER BY DESC(?count)
LIMIT 100",False,,False,timeout,0.0,0.0,0.0,0
283,complex,List all WikiProjects focused on women.,"SELECT ?project ?projectLabel WHERE {
  ?project wdt:P31 wd:Q17442446 ;
           wdt:P921 wd:Q467 .
  SERVICE wikibase:label { bd:serviceParam wikibase:language ""[AUTO_LANGUAGE],en"" }
}",True,,True,,0.0,na,na,0
284,complex,Find pictures of theatres in Carthalia from the outside and inside.,"SELECT ?theatre ?theatreLabel ?image WHERE {
  ?theatre wdt:P31 wd:Q24354 ;
           wdt:P131 wd:Q1048666 ;
           wdt:P18 ?image .
  SERVICE wikibase:label { bd:serviceParam wikibase:language ""[AUTO_LANGUAGE],en"" }
}",True,,True,,0.0,na,na,0
285,complex,List the countries with their number of citizens having a specific blood type.,"SELECT ?country ?countryLabel (COUNT(?person) AS ?citizenCount) WHERE {
  ?person wdt:P31 wd:Q5 ;
          wdt:P27 ?country ;
          wdt:P172 ?bloodType .
  SERVICE wikibase:label { bd:serviceParam wikibase:language ""[AUTO_LANGUAGE],en"" }
}
GROUP BY ?country ?countryLabel",True,,True,,0.0,0.0,0.0,862
286,complex,What artworks are commonly depicted in both the Ashmolean Museum and the Cleveland Museum of Art?,"SELECT DISTINCT ?artwork ?artworkLabel WHERE {
  ?artwork wdt:P276 wd:Q693350 ;
           wdt:P276 wd:Q1100025 .
  SERVICE wikibase:label { bd:serviceParam wikibase:language ""[AUTO_LANGUAGE],en"" }
}",True,,True,,0.0,0.0,0.0,0
287,complex,"List the movies featuring Jean-Paul Belmondo, ranked by their number of sitelinks.","SELECT ?movie ?movieLabel (COUNT(?sitelink) AS ?sitelinkCount) WHERE {
  ?movie wdt:P161 wd:Q106255 .
  ?movie wdt:P31 wd:Q11424 .
  ?sitelink schema:about ?movie .
  SERVICE wikibase:label { bd:serviceParam wikibase:language ""[AUTO_LANGUAGE],en"" }
}
GROUP BY ?movie ?movieLabel
ORDER BY DESC(?sitelinkCount)",True,,True,,0.0,0.0,0.0,122
288,complex,List male actors who played the same character in a trilogy of movies when they were young and again decades later.,"SELECT DISTINCT ?actor ?actorLabel ?character ?characterLabel ?movie1 ?movie1Label ?movie2 ?movie2Label ?movie3 ?movie3Label WHERE {
  ?actor wdt:P106 wd:Q33999 ;
         wdt:P21 wd:Q6581097 .
  ?movie1 wdt:P161 ?actor ;
          wdt:P179 ?trilogy .
  ?movie2 wdt:P161 ?actor ;
          wdt:P179 ?trilogy .
  ?movie3 wdt:P161 ?actor ;
          wdt:P179 ?trilogy .
  ?movie1 wdt:P1441 ?character .
  ?movie2 wdt:P1441 ?character .
  ?movie3 wdt:P1441 ?character .
  FILTER(?movie1 != ?movie2 && ?movie1 != ?movie3 && ?movie2 != ?movie3)
  ?movie1 wdt:P577 ?date1 .
  ?movie3 wdt:P577 ?date3 .
  BIND(abs(year(?date3) - year(?date1)) AS ?diff)
  FILTER(?diff >= 20)
  SERVICE wikibase:label { bd:serviceParam wikibase:language ""[AUTO_LANGUAGE],en"". }
}",False,,True,,0.0,na,na,0
289,complex,Find churches in the Czech Republic dedicated to St. Wenceslas or St. Cyril and Methodius.,"SELECT ?church ?churchLabel WHERE {
  ?church wdt:P31/wdt:P279* wd:Q16970 .
  ?church wdt:P17 wd:Q213 .
  ?church wdt:P825 ?saint .
  VALUES ?saint { wd:Q156366 wd:Q106638 }
  SERVICE wikibase:label { bd:serviceParam wikibase:language ""[AUTO_LANGUAGE],en"" }
}",True,,True,,0.0,0.0,0.0,0
290,complex,Show me a map of all Wikidata items located in Ukraine.,"SELECT ?item ?itemLabel ?coords WHERE {
  ?item wdt:P131* wd:Q212 .
  ?item wdt:P625 ?coords .
  SERVICE wikibase:label { bd:serviceParam wikibase:language ""[AUTO_LANGUAGE],en"". }
}",False,,True,,0.0,0.0,0.0,183047
291,complex,List photographers born before the first photograph was taken.,"SELECT ?photographer ?photographerLabel ?birthDate WHERE {
  ?photographer wdt:P106 wd:Q33231 ;
                wdt:P569 ?birthDate .
  FILTER(?birthDate < ""1826-01-01T00:00:00Z""^^xsd:dateTime)
  SERVICE wikibase:label { bd:serviceParam wikibase:language ""[AUTO_LANGUAGE],en"". }
}",True,,True,,0.0,0.0,0.0,3126
292,complex,List all grammatical features and their subclasses.,"SELECT ?feature ?featureLabel ?subclass ?subclassLabel WHERE {
  ?feature wdt:P31 wd:Q11059 ;
           wdt:P279 ?subclass .
  SERVICE wikibase:label { bd:serviceParam wikibase:language ""[AUTO_LANGUAGE],en"" }
}",True,,True,,0.0,na,na,0
293,complex,List famous Latin American female musicians who don't have a Wikipedia article in Spanish.,"SELECT ?person ?personLabel WHERE {
  ?person wdt:P106 wd:Q639669 ;
          wdt:P27 wd:Q12585 ;
          wdt:P21 wd:Q6581072 .
  FILTER NOT EXISTS {
    ?sitelink schema:about ?person ;
              schema:isPartOf <https://es.wikipedia.org/> .
  }
  SERVICE wikibase:label { bd:serviceParam wikibase:language ""[AUTO_LANGUAGE],en"" }
}",False,,True,,0.0,na,na,0
294,complex,List the events where most video games were announced.,"SELECT ?event ?eventLabel (COUNT(?game) AS ?gameCount) WHERE {
  ?game wdt:P31 wd:Q7889 ;
        wdt:P1753 ?event .
  SERVICE wikibase:label { bd:serviceParam wikibase:language ""[AUTO_LANGUAGE],en"". }
}
GROUP BY ?event ?eventLabel
ORDER BY DESC(?gameCount)",True,,True,,0.0,0.0,0.0,0
295,complex,Find the century when archaeological objects in St Raymond museum were discovered.,"SELECT DISTINCT ?object ?objectLabel ?discoveryDate ?century WHERE {
  ?object wdt:P276 wd:Q3329876 ;
          wdt:P189 ?discoveryDate .
  BIND(CONCAT(STR(FLOOR(YEAR(?discoveryDate) / 100) + 1), ""th century"") AS ?century)
  SERVICE wikibase:label { bd:serviceParam wikibase:language ""[AUTO_LANGUAGE],en"" }
}",True,,True,,0.0,na,na,0
296,complex,List all statues in the UK that depict women or nobles.,"SELECT ?statue ?statueLabel ?depicts ?depictsLabel WHERE {
  ?statue wdt:P31 wd:Q860861 ;
          wdt:P17 wd:Q145 ;
          wdt:P180 ?depicts .
  { ?depicts wdt:P21 wd:Q6581072 . }
  UNION
  { ?depicts wdt:P106 wd:Q1162667 . }
  SERVICE wikibase:label { bd:serviceParam wikibase:language ""[AUTO_LANGUAGE],en"" }
}",True,,True,,0.0059,0.0111,0.0,74
297,complex,List all cricket teams with their number of players and gender.,"SELECT ?team ?teamLabel ?playersCount ?genderLabel WHERE {
  ?team wdt:P31 wd:Q11896647 .
  ?team wdt:P1343 ?playersCount .
  ?team wdt:P21 ?gender .
  SERVICE wikibase:label { bd:serviceParam wikibase:language ""[AUTO_LANGUAGE],en"" }
}",True,,True,,0.0,0.0,0.0,0
298,complex,Find entities related to Percy Bysshe Shelley and their corresponding images.,"SELECT ?entity ?entityLabel ?image WHERE {
  ?entity ?p wd:Q154456 .
  OPTIONAL { ?entity wdt:P18 ?image . }
  SERVICE wikibase:label { bd:serviceParam wikibase:language ""[AUTO_LANGUAGE],en"" }
}",True,,True,,0.0,na,na,0
299,complex,What are the most common characteristics of objects in a specific collection?,"SELECT ?characteristic ?characteristicLabel (COUNT(?item) AS ?count) WHERE {
  ?item wdt:P195 wd:Q123456 .
  ?item ?p ?characteristic .
  ?property wikibase:directClaim ?p .
  SERVICE wikibase:label { bd:serviceParam wikibase:language ""[AUTO_LANGUAGE],en"" }
}
GROUP BY ?characteristic ?characteristicLabel
ORDER BY DESC(?count)",True,,True,,0.0,0.0,0.0,0
300,complex,List all Swiss films along with their duration in minutes and release date.,"SELECT ?film ?filmLabel ?duration ?releaseDate WHERE {
  ?film wdt:P31 wd:Q11424 ;
        wdt:P495 wd:Q39 .
  OPTIONAL { ?film wdt:P2047 ?duration . }
  OPTIONAL { ?film wdt:P577 ?releaseDate . }
  SERVICE wikibase:label { bd:serviceParam wikibase:language ""[AUTO_LANGUAGE],en"" }
}",True,,True,,0.0293,0.0102,0.0484,3406
301,complex,List all members of the Illuminati Order along with their birth dates.,"SELECT ?person ?personLabel ?birthDate WHERE {
  ?person wdt:P463 wd:Q154438 ;
          wdt:P569 ?birthDate .
  SERVICE wikibase:label { bd:serviceParam wikibase:language ""[AUTO_LANGUAGE],en"". }
}",True,,True,,0.0,na,na,0
302,complex,List all Czech art collections with their sizes.,"SELECT ?collection ?collectionLabel ?size WHERE {
  ?collection wdt:P31 wd:Q207663 ;
              wdt:P17 wd:Q213 ;
              wdt:P1104 ?size .
  SERVICE wikibase:label { bd:serviceParam wikibase:language ""[AUTO_LANGUAGE],en"" }
}",True,,True,,0.0,na,0.0,0
303,complex,List airports named after famous poets.,"SELECT ?airport ?airportLabel ?poet ?poetLabel WHERE {
  ?airport wdt:P31 wd:Q1248784 ;
           wdt:P138 ?poet .
  ?poet wdt:P106 wd:Q49757 .
  SERVICE wikibase:label { bd:serviceParam wikibase:language ""[AUTO_LANGUAGE],en"" }
}",True,,True,,0.0,0.0,na,86
304,complex,"Show me a map of Italian cities with schools, highlighting areas with high school density.","SELECT ?city ?cityLabel ?school ?schoolLabel ?location WHERE {
  ?city wdt:P31 wd:Q515 ;
        wdt:P17 wd:Q38 ;
        wdt:P625 ?location .
  ?school wdt:P131 ?city ;
          wdt:P31/wdt:P279* wd:Q3914 .
  SERVICE wikibase:label { bd:serviceParam wikibase:language ""[AUTO_LANGUAGE],en"" }
}",False,,True,,0.0097,0.0058,0.0301,9821
305,complex,Show me hillforts in the UK without images on a map.,"SELECT ?hillfort ?hillfortLabel ?coords WHERE {
  ?hillfort wdt:P31 wd:Q1322666 ;
            wdt:P17 wd:Q145 ;
            wdt:P625 ?coords .
  FILTER NOT EXISTS { ?hillfort wdt:P18 ?image }
  SERVICE wikibase:label { bd:serviceParam wikibase:language ""[AUTO_LANGUAGE],en"" }
}",True,,True,,0.0,0.0,0.0,0
306,complex,List all pathways with their corresponding gene and metabolite counts.,"SELECT ?pathway ?pathwayLabel (COUNT(DISTINCT ?gene) AS ?geneCount) (COUNT(DISTINCT ?metabolite) AS ?metaboliteCount) WHERE {
  ?pathway wdt:P31 wd:Q49168 .
  OPTIONAL { ?pathway wdt:P703 ?gene . ?gene wdt:P31 wd:Q7187 . }
  OPTIONAL { ?pathway wdt:P2579 ?metabolite . }
  SERVICE wikibase:label { bd:serviceParam wikibase:language ""[AUTO_LANGUAGE],en"" }
}
GROUP BY ?pathway ?pathwayLabel",True,,True,,0.0,na,na,0
307,complex,Find authors with works published online during the Early Modern period.,"SELECT DISTINCT ?author ?authorLabel ?work ?workLabel WHERE {
  ?work wdt:P50 ?author ;
        wdt:P123 ?publisher ;
        wdt:P577 ?date .
  FILTER(?date >= ""1500-01-01T00:00:00Z""^^xsd:dateTime && ?date <= ""1799-12-31T23:59:59Z""^^xsd:dateTime)
  ?work wdt:P10627 ?medium .
  FILTER(?medium = wd:Q196050)
  SERVICE wikibase:label { bd:serviceParam wikibase:language ""[AUTO_LANGUAGE],en"". }
}",True,,True,,0.0,na,na,0
308,complex,Find artworks featuring individuals from the Electronic Enlightenment database.,"SELECT ?artwork ?artworkLabel ?person ?personLabel WHERE {
  ?person wdt:P6072 ?ee_id .
  ?artwork wdt:P180 ?person .
  SERVICE wikibase:label { bd:serviceParam wikibase:language ""[AUTO_LANGUAGE],en"" }
}",True,,True,,0.0,na,na,0
309,complex,List the types of notable things that have an Instagram account.,"SELECT DISTINCT ?instanceOf ?instanceOfLabel WHERE {
  ?item wdt:P2003 [] .
  ?item wdt:P31 ?instanceOf .
  SERVICE wikibase:label { bd:serviceParam wikibase:language ""[AUTO_LANGUAGE],en"" }
}",True,,True,,0.9707,1.0,0.0,9230
310,complex,What organizations were founded by University of Oxford alumni?,"SELECT DISTINCT ?organization ?organizationLabel WHERE {
  ?person wdt:P69 wd:Q34433 .
  ?organization wdt:P112 ?person .
  SERVICE wikibase:label { bd:serviceParam wikibase:language ""[AUTO_LANGUAGE],en"" }
}",True,,True,,0.1473,0.1473,na,214
311,complex,"List politicians who have accounts on GitHub, CPAN, or Wikimedia.","SELECT DISTINCT ?politician ?politicianLabel ?github ?cpan ?wikimedia WHERE {
  ?politician wdt:P106 wd:Q82955 .
  { ?politician wdt:P2037 ?github . }
  UNION
  { ?politician wdt:P2038 ?cpan . }
  UNION
  { ?politician wdt:P1030 ?wikimedia . }
  SERVICE wikibase:label { bd:serviceParam wikibase:language ""[AUTO_LANGUAGE],en"". }
}",True,,True,,0.0074,0.0075,0.0074,525
312,complex,List the countries with the most colorful flags.,"SELECT ?country ?countryLabel ?flag ?colorCount WHERE {
  ?country wdt:P31 wd:Q6256 ;
           wdt:P41 ?flag .
  {
    SELECT ?country (COUNT(DISTINCT ?color) AS ?colorCount) WHERE {
      ?country wdt:P31 wd:Q6256 ;
               wdt:P462 ?color .
    }
    GROUP BY ?country
  }
  SERVICE wikibase:label { bd:serviceParam wikibase:language ""[AUTO_LANGUAGE],en"" }
}
ORDER BY DESC(?colorCount)",True,,True,,0.0,na,na,0
313,complex,Find online travel stories with French texts and map the locations mentioned.,"SELECT ?item ?itemLabel ?location ?locationLabel ?coordinate WHERE {
  ?item wdt:P31 wd:Q191067 ;
        wdt:P407 wd:Q150 ;
        wdt:P276 ?location .
  ?location wdt:P625 ?coordinate .
  SERVICE wikibase:label { bd:serviceParam wikibase:language ""[AUTO_LANGUAGE],en"". }
}",True,,True,,0.0,0.0,0.0,5
314,complex,List all statues and monuments dedicated to slave owners or traders.,"SELECT ?item ?itemLabel ?person ?personLabel WHERE {
  ?item wdt:P31/wdt:P279* wd:Q860861 .
  ?item wdt:P180 ?person .
  ?person wdt:P106 ?occupation .
  FILTER(?occupation IN (wd:Q125466, wd:Q1191225))
  SERVICE wikibase:label { bd:serviceParam wikibase:language ""[AUTO_LANGUAGE],en"" }
}",True,,True,,0.0,0.0,0.0,0
315,complex,List all town halls located in communes that share a border with Paris.,"SELECT ?townHall ?townHallLabel ?commune ?communeLabel WHERE {
  ?commune wdt:P31 wd:Q484170 ;
           wdt:P47 wd:Q90 .
  ?townHall wdt:P31 wd:Q1243828 ;
            wdt:P131 ?commune .
  SERVICE wikibase:label { bd:serviceParam wikibase:language ""[AUTO_LANGUAGE],en"" }
}",True,,True,,0.0,0.0,0.0,0
316,complex,What are the geographic coordinates of Ordnance Survey Old Series preparatory drawings?,"SELECT ?item ?itemLabel ?coordinates WHERE {
  ?item wdt:P31 wd:Q113505666 ;
        wdt:P625 ?coordinates .
  SERVICE wikibase:label { bd:serviceParam wikibase:language ""[AUTO_LANGUAGE],en"". }
}",True,,True,,0.0,na,na,0
317,complex,List the political parties of world leaders and their alignments.,"SELECT ?leader ?leaderLabel ?party ?partyLabel ?alignment ?alignmentLabel WHERE {
  ?leader wdt:P39 wd:Q11696 .
  ?leader wdt:P102 ?party .
  OPTIONAL { ?party wdt:P114 ?alignment . }
  SERVICE wikibase:label { bd:serviceParam wikibase:language ""[AUTO_LANGUAGE],en"" }
}",True,,True,,0.0029,0.0031,0.0,58
318,complex,List the people who received the most letters.,"SELECT ?person ?personLabel (COUNT(?letter) AS ?letterCount) WHERE {
  ?letter wdt:P129 ?person .
  SERVICE wikibase:label { bd:serviceParam wikibase:language ""[AUTO_LANGUAGE],en"" }
}
GROUP BY ?person ?personLabel
ORDER BY DESC(?letterCount)",True,,True,,0.003,0.0,0.2373,4397
319,complex,List Wikipedia articles about people without pictures on Wikidata.,"SELECT ?person ?personLabel WHERE {
  ?person wdt:P31 wd:Q5.
  FILTER NOT EXISTS { ?person wdt:P18 ?image. }
  ?sitelink schema:about ?person;
            schema:isPartOf <https://en.wikipedia.org/>.
  SERVICE wikibase:label { bd:serviceParam wikibase:language ""[AUTO_LANGUAGE],en"". }
}",False,,False,result_too_large,0.0,0.0,0.0,0
320,complex,How many successful election petitions were there in each UK parliamentary term since 1859?,"SELECT ?term ?termLabel (COUNT(?petition) AS ?count) WHERE {
  ?petition wdt:P31 wd:Q113626656 ;
            wdt:P585 ?date .
  FILTER(?date >= ""1859-01-01T00:00:00Z""^^xsd:dateTime)
  ?petition wdt:P1554 wd:Q113626657 .
  ?petition wdt:P276 ?term .
  ?term wdt:P31 wd:Q1665446 .
  SERVICE wikibase:label { bd:serviceParam wikibase:language ""[AUTO_LANGUAGE],en"" }
}
GROUP BY ?term ?termLabel
ORDER BY ?term",True,,True,,0.0,na,0.0,0
321,complex,List all characters from the Marvel Universe.,"SELECT ?character ?characterLabel WHERE {
  ?character wdt:P1080 wd:Q17360630 .
  SERVICE wikibase:label { bd:serviceParam wikibase:language ""[AUTO_LANGUAGE],en"" }
}",True,,True,,0.0,0.0,na,0
322,complex,"Show me a map of medical facilities in Kalimpong district, India, with different colors for each type.","SELECT ?facility ?facilityLabel ?location ?typeLabel ?coords WHERE {
  ?facility wdt:P31/wdt:P279* wd:Q169172 ;
            wdt:P131 wd:Q1723360 ;
            wdt:P31 ?type ;
            wdt:P625 ?coords .
  SERVICE wikibase:label { bd:serviceParam wikibase:language ""[AUTO_LANGUAGE],en"" }
}",True,,True,,0.0,na,0.0,0
323,complex,What are the canals within an 800km radius of Glasgow?,"SELECT ?canal ?canalLabel ?dist WHERE {
  wd:Q23148 wdt:P625 ?glasgowLoc .
  ?canal wdt:P31 wd:Q12284 .
  ?canal wdt:P625 ?canalLoc .
  SERVICE wikibase:around {
    ?canal wdt:P625 ?canalLoc .
    bd:serviceParam wikibase:center ?glasgowLoc .
    bd:serviceParam wikibase:radius ""800"" .
  }
  SERVICE wikibase:label { bd:serviceParam wikibase:language ""[AUTO_LANGUAGE],en"" }
}",False,,False,http_500,0.0,0.0,0.0,0
324,complex,List all hillforts with their Atlas of Hillforts ID and a link to their Wikipedia page.,"SELECT ?hillfort ?hillfortLabel ?id ?sitelink WHERE {
  ?hillfort wdt:P31 wd:Q1619665 ;
            wdt:P5254 ?id .
  ?sitelink schema:about ?hillfort ;
            schema:isPartOf <https://en.wikipedia.org/> .
  SERVICE wikibase:label { bd:serviceParam wikibase:language ""[AUTO_LANGUAGE],en"" }
}",True,,True,,0.0,0.0,0.0,0
325,complex,List the top 500 paintings according to their importance on Wikidata.,"SELECT ?painting ?paintingLabel (COUNT(?sitelink) AS ?sitelinkCount) WHERE {
  ?painting wdt:P31 wd:Q3305213 .
  ?sitelink schema:about ?painting .
  SERVICE wikibase:label { bd:serviceParam wikibase:language ""[AUTO_LANGUAGE],en"" }
}
GROUP BY ?painting ?paintingLabel
ORDER BY DESC(?sitelinkCount)
LIMIT 500",True,,True,,0.4228,0.7452,0.0768,542
326,complex,List all buildings with coordinates and at least one sitelink.,"SELECT ?building ?buildingLabel ?coordinates WHERE {
  ?building wdt:P31/wdt:P279* wd:Q41176 .
  ?building wdt:P625 ?coordinates .
  ?sitelink schema:about ?building .
  SERVICE wikibase:label { bd:serviceParam wikibase:language ""[AUTO_LANGUAGE],en"". }
}",False,,False,result_too_large,0.0,0.0,0.0,0
327,complex,List public spaces named after women.,"SELECT ?space ?spaceLabel ?person ?personLabel WHERE {
  ?space wdt:P138 ?person .
  ?person wdt:P21 wd:Q6581072 .
  ?space wdt:P31/wdt:P279* wd:Q174710 .
  SERVICE wikibase:label { bd:serviceParam wikibase:language ""[AUTO_LANGUAGE],en"" }
}",True,,True,,0.0,na,na,0
328,complex,List the longest rivers for each of the 7 continents.,"SELECT ?continent ?continentLabel ?river ?riverLabel (MAX(?length) AS ?maxLength) WHERE {
  ?river wdt:P31 wd:Q4022 ;
         wdt:P2043 ?length ;
         wdt:P30 ?continent .
  ?continent wdt:P31 wd:Q5107 .
  SERVICE wikibase:label { bd:serviceParam wikibase:language ""[AUTO_LANGUAGE],en"". }
}
GROUP BY ?continent ?continentLabel ?river ?riverLabel
ORDER BY ?continentLabel DESC(?maxLength)",True,,True,,0.0,0.0,0.0,3474
329,complex,Find the route of The Antartic Circumpolar Voyage expedition.,"SELECT ?location ?locationLabel WHERE {
  wd:Q105636655 wdt:P276 ?location .
  SERVICE wikibase:label { bd:serviceParam wikibase:language ""[AUTO_LANGUAGE],en"" }
}",True,,True,,0.0,0.0,0.0,0
330,complex,List cities with more Wikipedia sitelinks than their country.,"SELECT ?city ?cityLabel ?citySitelinks ?country ?countryLabel ?countrySitelinks WHERE {
  ?city wdt:P31/wdt:P279* wd:Q515 .
  ?city wdt:P17 ?country .
  
  ?city wikibase:sitelinks ?citySitelinks .
  ?country wikibase:sitelinks ?countrySitelinks .
  
  FILTER(?citySitelinks > ?countrySitelinks)
  
  SERVICE wikibase:label { bd:serviceParam wikibase:language ""[AUTO_LANGUAGE],en"". }
}",True,,True,,0.0,na,na,0
331,complex,List the latest research papers related to COVID-19.,"SELECT ?paper ?paperLabel ?publicationDate WHERE {
  ?paper wdt:P921 wd:Q84263196 ;
         wdt:P31 wd:Q13442814 ;
         wdt:P577 ?publicationDate .
  SERVICE wikibase:label { bd:serviceParam wikibase:language ""[AUTO_LANGUAGE],en"". }
}
ORDER BY DESC(?publicationDate)
LIMIT 100",True,,True,,0.0,0.0,0.0,142
332,complex,List the languages of poems and their first lines.,"SELECT ?poem ?poemLabel ?language ?languageLabel ?firstLine WHERE {
  ?poem wdt:P31 wd:Q58627 .
  ?poem wdt:P407 ?language .
  ?poem wdt:P1884 ?firstLine .
  SERVICE wikibase:label { bd:serviceParam wikibase:language ""[AUTO_LANGUAGE],en"" }
}",True,,True,,0.0,na,0.0,0
333,complex,List all colors with multiple RGB values.,"SELECT ?color ?colorLabel (COUNT(?rgb) AS ?rgbCount) WHERE {
  ?color wdt:P31 wd:Q1075 ;
         wdt:P465 ?rgb .
}
GROUP BY ?color ?colorLabel
HAVING (COUNT(?rgb) > 1)
SERVICE wikibase:label { bd:serviceParam wikibase:language ""[AUTO_LANGUAGE],en"" }",False,,True,,0.2423,0.7679,0.029,47
334,complex,"List the occupations of people born in New Zealand, ranked by popularity.","SELECT ?occupation ?occupationLabel (COUNT(?person) AS ?count) WHERE {
  ?person wdt:P19/wdt:P131* wd:Q664 ;
          wdt:P106 ?occupation .
  SERVICE wikibase:label { bd:serviceParam wikibase:language ""[AUTO_LANGUAGE],en"" }
}
GROUP BY ?occupation ?occupationLabel
ORDER BY DESC(?count)",True,,True,,0.0,0.0,0.0,1393
335,complex,List all fibulas in Musée Saint-Raymond along with their dates and materials.,"SELECT ?item ?itemLabel ?date ?materialLabel WHERE {
  ?item wdt:P31 wd:Q1410566 ;
        wdt:P276 wd:Q3330636 ;
        wdt:P186 ?material .
  OPTIONAL { ?item wdt:P571 ?date . }
  SERVICE wikibase:label { bd:serviceParam wikibase:language ""[AUTO_LANGUAGE],en"" }
}",True,,True,,0.0,0.0,0.0,0
336,complex,Find individuals with Electronic Enlightenment IDs but no Wikipedia articles in any language.,"SELECT ?person ?personLabel ?eeID WHERE {
  ?person wdt:P6115 ?eeID .
  FILTER NOT EXISTS {
    ?article schema:about ?person ;
             schema:isPartOf <https://en.wikipedia.org/> .
  }
  FILTER NOT EXISTS {
    ?article schema:about ?person ;
             schema:isPartOf ?site .
    ?site wikibase:wikiGroup ""wikipedia"" .
  }
  SERVICE wikibase:label { bd:serviceParam wikibase:language ""[AUTO_LANGUAGE],en"" }
}",True,,True,,0.0,0.0,0.0,226
337,complex,Show me a map of places where accused witches lived.,"SELECT ?person ?personLabel ?place ?placeLabel ?coordinates WHERE {
  ?person wdt:P106 wd:Q10729326 ;
          wdt:P19|wdt:P551 ?place .
  ?place wdt:P625 ?coordinates .
  SERVICE wikibase:label { bd:serviceParam wikibase:language ""[AUTO_LANGUAGE],en"" }
}",True,,True,,0.0004,0.0,0.0008,482
338,complex,What are the COVID-19 cases in different Indian states?,"SELECT ?state ?stateLabel ?cases WHERE {
  ?state wdt:P31 wd:Q35657 ;
         wdt:P131 wd:Q668 ;
         p:P1603 ?statement .
  ?statement ps:P1603 ?cases .
  SERVICE wikibase:label { bd:serviceParam wikibase:language ""[AUTO_LANGUAGE],en"" }
}",True,,True,,0.0,0.0,0.0,0
339,complex,Find paintings with 'portrait' in their name that do not depict anything.,"SELECT ?painting ?paintingLabel WHERE {
  ?painting wdt:P31 wd:Q3305213 .
  ?painting rdfs:label ?paintingLabel .
  FILTER(CONTAINS(LCASE(?paintingLabel), ""portrait""))
  FILTER(LANG(?paintingLabel) = ""en"")
  FILTER NOT EXISTS { ?painting wdt:P180 ?depiction . }
  SERVICE wikibase:label { bd:serviceParam wikibase:language ""en"". }
}",False,,True,,0.0,0.0,0.0,61290
340,complex,List all countries with an average player weight above 80 kilos in the FIFA World Cup 2022.,"SELECT ?country ?countryLabel (AVG(?weight) AS ?avgWeight) WHERE {
  ?match wdt:P3450 wd:Q101730 ;
         wdt:P54 ?team .
  ?team wdt:P31 wd:Q6256 ;
        wdt:P17 ?country .
  ?player wdt:P54 ?team ;
          wdt:P2067 ?weightValue .
  BIND(xsd:float(?weightValue) AS ?weight)
  SERVICE wikibase:label { bd:serviceParam wikibase:language ""[AUTO_LANGUAGE],en"". }
}
GROUP BY ?country ?countryLabel
HAVING (?avgWeight > 80)",True,,True,,0.0,0.0,0.0,0
341,complex,Find items in the UK with coordinates near 1 degree 50 west longitude.,"SELECT ?item ?itemLabel ?coord WHERE {
  ?item wdt:P17 wd:Q145 ;
        wdt:P625 ?coord .
  FILTER(ABS(longitude(?coord) - (-1.833333)) < 0.1)
  SERVICE wikibase:label { bd:serviceParam wikibase:language ""[AUTO_LANGUAGE],en"". }
}",False,,False,http_400,0.0,0.0,0.0,0
342,complex,What languages are used in Wikidata lexemes?,"SELECT DISTINCT ?language ?languageLabel WHERE {
  ?lexeme a ontolex:LexicalEntry ;
          dct:language ?language .
  SERVICE wikibase:label { bd:serviceParam wikibase:language ""[AUTO_LANGUAGE],en"" }
}",False,,True,,0.0,0.0,na,1495
343,complex,List the awards with the highest percentage of female recipients.,"SELECT ?award ?awardLabel (COUNT(?recipient) AS ?total) (SUM(IF(?gender = wd:Q6581072, 1, 0)) AS ?femaleCount) ((?femaleCount / ?total) AS ?percentage) WHERE {
  ?award wdt:P31 wd:Q618779 .
  ?recipient p:P166 ?statement .
  ?statement ps:P166 ?award .
  ?recipient wdt:P21 ?gender .
  SERVICE wikibase:label { bd:serviceParam wikibase:language ""[AUTO_LANGUAGE],en"". }
}
GROUP BY ?award ?awardLabel
HAVING (?total > 5)
ORDER BY DESC(?percentage)",True,,True,,0.0,0.0,0.0,6710
344,complex,List the names of fictional characters created by French authors.,"SELECT ?character ?characterLabel WHERE {
  ?character wdt:P31 wd:Q95074 .
  ?character wdt:P170 ?author .
  ?author wdt:P27 wd:Q142 .
  SERVICE wikibase:label { bd:serviceParam wikibase:language ""[AUTO_LANGUAGE],en"" }
}",True,,True,,0.0,0.0,na,28
345,complex,List names similar to Filaret.,"SELECT ?item ?itemLabel WHERE {
  ?item wdt:P31 wd:Q101352 .
  ?item rdfs:label ?itemLabel .
  FILTER(LANG(?itemLabel) = ""en"")
  FILTER(CONTAINS(LCASE(?itemLabel), ""filaret""))
}",False,,True,,0.0,0.0,0.0,8
346,complex,List the most cited Danish authors.,"SELECT ?author ?authorLabel (COUNT(?work) AS ?workCount) WHERE {
  ?author wdt:P106 wd:Q36180 ;
          wdt:P27 wd:Q35 .
  ?work wdt:P50 ?author .
}
GROUP BY ?author ?authorLabel
ORDER BY DESC(?workCount)
LIMIT 100
SERVICE wikibase:label { bd:serviceParam wikibase:language ""[AUTO_LANGUAGE],en"". }",False,,True,,0.0,na,na,0
347,complex,List all World Snooker Champions along with their total number of wins.,"SELECT ?player ?playerLabel (COUNT(?win) AS ?totalWins) WHERE {
  ?win wdt:P31 wd:Q16958687 ;
       wdt:P170 ?player .
  SERVICE wikibase:label { bd:serviceParam wikibase:language ""[AUTO_LANGUAGE],en"" }
}
GROUP BY ?player ?playerLabel
ORDER BY DESC(?totalWins)",True,,True,,0.0,na,0.0,0
348,complex,List all economists along with their birthplaces and years.,"SELECT ?person ?personLabel ?birthplace ?birthplaceLabel ?birthDate WHERE {
  ?person wdt:P106 wd:Q188094 ;
          wdt:P19 ?birthplace ;
          wdt:P569 ?birthDate .
  SERVICE wikibase:label { bd:serviceParam wikibase:language ""[AUTO_LANGUAGE],en"". }
}",True,,True,,0.1693,0.2758,0.0,54586
349,complex,List all artworks falsely attributed to Johannes Vermeer.,"SELECT ?artwork ?artworkLabel WHERE {
  ?artwork wdt:P170 wd:Q41267 ;
           wdt:P1875 wd:Q1751442 .
  SERVICE wikibase:label { bd:serviceParam wikibase:language ""[AUTO_LANGUAGE],en"". }
}",True,,True,,0.0,na,na,0
350,complex,List all fictional spaceship captains from the Star Trek universe.,"SELECT ?character ?characterLabel WHERE {
  ?character wdt:P106 wd:Q18814683 ;
             wdt:P361 wd:Q10771 .
  SERVICE wikibase:label { bd:serviceParam wikibase:language ""[AUTO_LANGUAGE],en"" }
}",True,,True,,0.0,0.0,na,0
351,complex,List the people buried at Pere Lachaise Cemetery along with their birthplace and date of birth.,"SELECT ?person ?personLabel ?birthplace ?birthplaceLabel ?dateOfBirth WHERE {
  ?person wdt:P119 wd:Q212543 ;
          wdt:P19 ?birthplace ;
          wdt:P569 ?dateOfBirth .
  SERVICE wikibase:label { bd:serviceParam wikibase:language ""[AUTO_LANGUAGE],en"". }
}",True,,True,,0.0,0.0,0.0,0
352,complex,List all Swedish forms without examples.,"SELECT ?form ?formLabel WHERE {
  ?form wdt:P407 wd:Q9027 .
  FILTER NOT EXISTS { ?form wdt:P1343 ?example . }
  SERVICE wikibase:label { bd:serviceParam wikibase:language ""[AUTO_LANGUAGE],en"" }
}",True,,True,,0.0,0.0,0.0,368701
353,complex,What are the subclasses of malware?,"SELECT ?subclass ?subclassLabel WHERE {
  ?subclass wdt:P279 wd:Q14006.
  SERVICE wikibase:label { bd:serviceParam wikibase:language ""[AUTO_LANGUAGE],en"". }
}",True,,True,,0.0,na,na,0
354,complex,What percentage of Nobel Prize winners are women?,"SELECT (100 * ?femaleCount / ?totalCount AS ?percentage) WHERE {
  {
    SELECT (COUNT(DISTINCT ?person) AS ?totalCount) WHERE {
      ?person wdt:P166 wd:Q37922 .
    }
  }
  {
    SELECT (COUNT(DISTINCT ?person) AS ?femaleCount) WHERE {
      ?person wdt:P166 wd:Q37922 ;
              wdt:P21 wd:Q6581072 .
    }
  }
}",True,,True,,0.04,0.0,0.05,1
355,complex,List all Wikipedia articles about controversies with the most language versions.,"SELECT ?item ?itemLabel (COUNT(?sitelink) AS ?count) WHERE {
  ?item wdt:P31 wd:Q2634668 .
  ?sitelink schema:about ?item ;
            schema:isPartOf ?wiki .
  ?wiki wikibase:wikiGroup ""wikipedia"" .
  SERVICE wikibase:label { bd:serviceParam wikibase:language ""[AUTO_LANGUAGE],en"" }
}
GROUP BY ?item ?itemLabel
ORDER BY DESC(?count)",True,,True,,0.0,na,na,0
356,complex,List all science fiction movies and series featuring an actor born in Liverpool.,"SELECT DISTINCT ?work ?workLabel WHERE {
  ?work wdt:P31/wdt:P279* wd:Q11424 .
  ?work wdt:P136 wd:Q471839 .
  ?work wdt:P161 ?actor .
  ?actor wdt:P19 wd:Q24826 .
  SERVICE wikibase:label { bd:serviceParam wikibase:language ""[AUTO_LANGUAGE],en"" }
}",False,,True,,0.0,0.0,na,40
357,complex,List all government agencies operating in Scotland.,"SELECT ?agency ?agencyLabel WHERE {
  ?agency wdt:P31/wdt:P279* wd:Q327333 ;
          wdt:P131 wd:Q22 .
  SERVICE wikibase:label { bd:serviceParam wikibase:language ""[AUTO_LANGUAGE],en"". }
}",True,,True,,0.0255,0.0255,na,14
358,complex,List all manuscript collections with their official websites.,"SELECT ?collection ?collectionLabel ?website WHERE {
  ?collection wdt:P31 wd:Q2429397 .
  ?collection wdt:P856 ?website .
  SERVICE wikibase:label { bd:serviceParam wikibase:language ""[AUTO_LANGUAGE],en"" }
}",True,,True,,0.0,0.0,0.0,0
359,complex,List all infectious diseases with their minimum and maximum incubation periods in humans.,"SELECT ?disease ?diseaseLabel ?minIncubation ?maxIncubation WHERE {
  ?disease wdt:P31 wd:Q181237 .
  ?disease wdt:P4326 ?minIncubation .
  ?disease wdt:P4327 ?maxIncubation .
  SERVICE wikibase:label { bd:serviceParam wikibase:language ""[AUTO_LANGUAGE],en"" }
}",True,,True,,0.0,na,0.0,0
360,complex,Find the railway stations between Dibrugarh and Scottish Highlands with the fewest stops.,"SELECT ?station ?stationLabel WHERE {
  ?route wdt:P31 wd:Q1136541 ;
         wdt:P279* wd:Q1136541 ;
         wdt:P176 wd:Q1136541 .
  ?route wdt:P192 ?station .
  ?station wdt:P131* wd:Q102505 ;
           wdt:P131* wd:Q189966 .
  SERVICE wikibase:label { bd:serviceParam wikibase:language ""[AUTO_LANGUAGE],en"". }
}
ORDER BY ?stationLabel",True,,True,,0.0,na,na,0
361,complex,Show me a map of people buried in Pere Lachaise Cemetery organized by their place of birth.,"SELECT ?person ?personLabel ?birthPlace ?birthPlaceLabel ?coordinates WHERE {
  ?person wdt:P119 wd:Q212547 .
  ?person wdt:P19 ?birthPlace .
  ?birthPlace wdt:P625 ?coordinates .
  SERVICE wikibase:label { bd:serviceParam wikibase:language ""[AUTO_LANGUAGE],en"" }
}",True,,True,,0.0,0.0,0.0,0
362,complex,List plant genera named after female botanists.,"SELECT ?genus ?genusLabel ?botanist ?botanistLabel WHERE {
  ?genus wdt:P31 wd:Q34740 ;
         wdt:P138 ?botanist .
  ?botanist wdt:P21 wd:Q6581072 ;
            wdt:P106 wd:Q2374063 .
  SERVICE wikibase:label { bd:serviceParam wikibase:language ""[AUTO_LANGUAGE],en"" }
}",True,,True,,0.0,0.0,na,0
363,complex,List the languages with the most examples in Wikidata's lexicographical data.,"SELECT ?language ?languageLabel (COUNT(?lexeme) AS ?count) WHERE {
  ?lexeme dct:language ?language .
  ?lexeme wikibase:lexicalCategory ?category .
}
GROUP BY ?language ?languageLabel
ORDER BY DESC(?count)
SERVICE wikibase:label { bd:serviceParam wikibase:language ""[AUTO_LANGUAGE],en"". }",False,,True,,0.0,0.0,0.0,1710
364,complex,List the top scorers in the 2018 FIFA World Cup.,"SELECT ?player ?playerLabel ?goals WHERE {
  ?match wdt:P3450 wd:Q170645 ;
         p:P1346 ?statement .
  ?statement ps:P1346 ?player ;
             pq:P3301 ?goals .
  SERVICE wikibase:label { bd:serviceParam wikibase:language ""[AUTO_LANGUAGE],en"" }
}
ORDER BY DESC(?goals)",True,,True,,0.0,na,na,0
365,complex,Show the workplaces of Philip de László on a map.,"SELECT ?workplace ?workplaceLabel ?coordinates WHERE {
  wd:Q7184638 wdt:P108 ?workplace .
  ?workplace wdt:P625 ?coordinates .
  SERVICE wikibase:label { bd:serviceParam wikibase:language ""[AUTO_LANGUAGE],en"" }
}",True,,True,,0.0,na,na,0
366,complex,List the universities attended by creators of popular programming languages.,"SELECT DISTINCT ?creator ?creatorLabel ?university ?universityLabel WHERE {
  ?language wdt:P31 wd:Q9143 ;
            wdt:P170 ?creator .
  ?creator wdt:P69 ?university .
  SERVICE wikibase:label { bd:serviceParam wikibase:language ""[AUTO_LANGUAGE],en"" }
}",True,,True,,0.0506,0.0567,0.0,72
367,complex,List the female Oxford University alumni who are not from the United Kingdom.,"SELECT ?person ?personLabel WHERE {
  ?person wdt:P69 wd:Q34433 ;
          wdt:P21 wd:Q6581072 ;
          wdt:P27 ?country .
  FILTER (?country != wd:Q145)
  SERVICE wikibase:label { bd:serviceParam wikibase:language ""[AUTO_LANGUAGE],en"" }
}",True,,True,,0.1517,0.1729,0.0,761
368,complex,"List people born in Czechia who died in Germany, grouped by decade of birth.","SELECT ?decade ?person ?personLabel WHERE {
  ?person wdt:P31 wd:Q5 ;
          wdt:P19 wd:Q213 ;
          wdt:P20 wd:Q183 ;
          wdt:P569 ?birthDate .
  BIND(FLOOR(YEAR(?birthDate) / 10) * 10 AS ?decade)
  SERVICE wikibase:label { bd:serviceParam wikibase:language ""[AUTO_LANGUAGE],en"" }
}
ORDER BY ?decade ?personLabel",True,,True,,0.0,na,0.0,0
369,complex,List the names of English monarchs and their causes of death.,"SELECT ?monarch ?monarchLabel ?cause ?causeLabel WHERE {
  ?monarch wdt:P39 wd:Q9960 ;
           wdt:P27 wd:Q145 ;
           wdt:P509 ?cause .
  SERVICE wikibase:label { bd:serviceParam wikibase:language ""[AUTO_LANGUAGE],en"" }
}",True,,True,,0.0,na,0.0,0
370,complex,What are the most common subjects depicted in both the Cleveland Museum of Art and Ashmolean Museum collections?,"SELECT ?subject ?subjectLabel (COUNT(?item) AS ?count) WHERE {
  VALUES ?collection { wd:Q1163483 wd:Q725336 }
  ?item wdt:P195 ?collection ;
        wdt:P180 ?subject .
}
GROUP BY ?subject ?subjectLabel
ORDER BY DESC(?count)
LIMIT 20
SERVICE wikibase:label { bd:serviceParam wikibase:language ""[AUTO_LANGUAGE],en"". }",False,,True,,0.0,0.0,0.0,0
371,complex,List the number of music albums by language in descending order.,"SELECT ?languageLabel (COUNT(?album) AS ?count) WHERE {
  ?album wdt:P31 wd:Q482994 .
  ?album wdt:P407 ?language .
  SERVICE wikibase:label { bd:serviceParam wikibase:language ""[AUTO_LANGUAGE],en"" }
}
GROUP BY ?languageLabel
ORDER BY DESC(?count)",True,,True,,0.0,0.0,0.0,1
372,complex,List the capitals of two countries that are not bordering and are less than 200 km apart.,"SELECT ?country1 ?capital1 ?country2 ?capital2 WHERE {
  ?country1 wdt:P31 wd:Q6256 ; wdt:P36 ?capital1 .
  ?country2 wdt:P31 wd:Q6256 ; wdt:P36 ?capital2 .
  FILTER(?country1 < ?country2)
  FILTER NOT EXISTS { ?country1 wdt:P47 ?country2 }
  
  ?capital1 wdt:P625 ?loc1 .
  ?capital2 wdt:P625 ?loc2 .
  
  BIND(geof:distance(?loc1, ?loc2) AS ?dist)
  FILTER(?dist < 200)
  
  SERVICE wikibase:label { bd:serviceParam wikibase:language ""[AUTO_LANGUAGE],en"" }
}
LIMIT 2",True,,False,http_400,0.0,0.0,0.0,0
373,complex,What are the artworks in the Khalili Collections that have images?,"SELECT ?artwork ?artworkLabel ?image WHERE {
  ?artwork wdt:P195 wd:Q6399697 ;
           wdt:P18 ?image .
  SERVICE wikibase:label { bd:serviceParam wikibase:language ""[AUTO_LANGUAGE],en"". }
}",True,,True,,0.0,na,0.0,0
374,complex,List all individuals with multiple social media accounts that differ only in capitalization.,"SELECT ?person ?personLabel (GROUP_CONCAT(?account; separator="", "") AS ?accounts) WHERE {
  ?person wdt:P106 wd:Q16970 ;
          wdt:P2003 ?account1 ;
          wdt:P2003 ?account2 .
  FILTER(?account1 != ?account2 && LCASE(?account1) = LCASE(?account2))
  BIND(?account1 AS ?account)
  SERVICE wikibase:label { bd:serviceParam wikibase:language ""[AUTO_LANGUAGE],en"". }
}
GROUP BY ?person ?personLabel
HAVING (COUNT(DISTINCT ?account) > 1)",True,,True,,0.0,0.0,0.0,0
375,complex,What are the first letters of free software names?,"SELECT DISTINCT ?firstLetter WHERE {
  ?software wdt:P31 wd:Q341 ;
            rdfs:label ?label .
  FILTER(LANG(?label) = ""en"")
  BIND(UCASE(SUBSTR(?label, 1, 1)) AS ?firstLetter)
}
ORDER BY ?firstLetter",True,,True,,0.5065,na,0.5065,39
376,complex,List the countries with their number of demonstrations.,"SELECT ?country ?countryLabel (COUNT(?demonstration) AS ?count) WHERE {
  ?demonstration wdt:P31 wd:Q166568 ;
                 wdt:P17 ?country .
  SERVICE wikibase:label { bd:serviceParam wikibase:language ""[AUTO_LANGUAGE],en"" }
}
GROUP BY ?country ?countryLabel
ORDER BY DESC(?count)",True,,True,,0.0,0.0,0.0,0
377,complex,What museums are near Cesis?,"SELECT ?museum ?museumLabel WHERE {
  ?museum wdt:P31/wdt:P279* wd:Q33506 .
  ?museum wdt:P131 ?location .
  ?location wdt:P131* wd:Q212866 .
  SERVICE wikibase:label { bd:serviceParam wikibase:language ""[AUTO_LANGUAGE],en"" }
}",True,,True,,0.0,na,na,0
378,complex,List all Nobel Prize categories by gender of the winners.,"SELECT ?categoryLabel ?genderLabel (COUNT(?winner) AS ?count) WHERE {
  ?winner wdt:P166 wd:Q37922 ;
          wdt:P21 ?gender .
  ?award p:P166 ?statement .
  ?statement ps:P166 wd:Q37922 ;
             pq:P199 ?category .
  SERVICE wikibase:label { bd:serviceParam wikibase:language ""[AUTO_LANGUAGE],en"" }
}
GROUP BY ?categoryLabel ?genderLabel
ORDER BY ?categoryLabel ?genderLabel",True,,True,,0.0,na,0.0,1
379,complex,List artists who died in concentration camps during World War II.,"SELECT ?artist ?artistLabel ?deathDate WHERE {
  ?artist wdt:P106 wd:Q483501 ;
          wdt:P509 wd:Q1633516 ;
          wdt:P570 ?deathDate .
  ?artist wdt:P20 ?placeOfDeath .
  ?placeOfDeath wdt:P279* wd:Q212805 .
  SERVICE wikibase:label { bd:serviceParam wikibase:language ""[AUTO_LANGUAGE],en"" }
}",True,,True,,0.0,0.0,na,0
380,complex,"List databases with a SPARQL endpoint, ranked by the number of IDs known to Wikidata.","SELECT ?database ?databaseLabel (COUNT(?item) AS ?count) WHERE {
  ?item ?property [] .
  ?property wikibase:directClaim ?p .
  ?database wdt:P31 wd:Q8513 ;
            wdt:P6269 ?p .
}
GROUP BY ?database ?databaseLabel
ORDER BY DESC(?count)
SERVICE wikibase:label { bd:serviceParam wikibase:language ""[AUTO_LANGUAGE],en"". }",False,,True,,0.0,0.0,0.0,0
381,complex,How many French words are linked to a single dictionary?,"SELECT (COUNT(?word) AS ?count) WHERE {
  ?word wdt:P407 wd:Q150 ;
        wdt:P31 wd:Q8242 ;
        wdt:P248 ?dictionary .
}",True,,True,,0.0476,na,0.0476,1
382,complex,List all open-source research software categorized by field.,"SELECT ?software ?softwareLabel ?field ?fieldLabel WHERE {
  ?software wdt:P31 wd:Q2766 ;
            wdt:P101 ?field .
  SERVICE wikibase:label { bd:serviceParam wikibase:language ""[AUTO_LANGUAGE],en"" }
}",True,,True,,0.0,0.0,na,0
383,complex,"List people who died in 2018, ranked by the number of Wikipedia pages they are mentioned on.","SELECT ?person ?personLabel (COUNT(?sitelink) AS ?count) WHERE {
  ?person wdt:P570 ?deathDate .
  FILTER((?deathDate >= ""2018-01-01T00:00:00Z""^^xsd:dateTime) && (?deathDate <= ""2018-12-31T23:59:59Z""^^xsd:dateTime))
  ?sitelink schema:about ?person .
  SERVICE wikibase:label { bd:serviceParam wikibase:language ""[AUTO_LANGUAGE],en"". }
}
GROUP BY ?person ?personLabel
ORDER BY DESC(?count)",True,,True,,0.0,0.0,0.0,31274
384,complex,List all individuals born in Wales who have held the position of head of government.,"SELECT ?person ?personLabel WHERE {
  ?person wdt:P19/wdt:P131* wd:Q25 .
  ?person wdt:P39 ?position .
  ?position wdt:P279* wd:Q2285706 .
  SERVICE wikibase:label { bd:serviceParam wikibase:language ""[AUTO_LANGUAGE],en"" }
}",False,,True,,0.0,0.0,na,39
385,complex,What are the properties that connect a church to its patron saint?,"SELECT ?property ?propertyLabel WHERE {
  ?property wikibase:directClaim ?p .
  ?p wikibase:propertyType wikibase:WikibaseItem .
  SERVICE wikibase:label { bd:serviceParam wikibase:language ""[AUTO_LANGUAGE],en"" }
  FILTER EXISTS {
    ?church wdt:P31 wd:Q16970 ;
            ?p ?saint .
    ?saint wdt:P31 wd:Q5 .
  }
}",True,,True,,0.0,na,0.0,0
386,complex,What are the longest rivers in France that do not have a department named after them?,"SELECT ?river ?riverLabel ?length WHERE {
  ?river wdt:P31 wd:Q4022 ;
         wdt:P17 wd:Q142 ;
         wdt:P2043 ?length .
  FILTER NOT EXISTS {
    ?department wdt:P31 wd:Q646065 ;
                wdt:P17 wd:Q142 ;
                wdt:P138 ?river .
  }
  SERVICE wikibase:label { bd:serviceParam wikibase:language ""[AUTO_LANGUAGE],en"". }
}
ORDER BY DESC(?length)",False,,True,,0.0,0.0,0.0,4954
387,complex,List all biological pathways with their corresponding protein structures in the PDB database.,"SELECT ?pathway ?pathwayLabel ?pdbID WHERE {
  ?pathway wdt:P31 wd:Q4915012 .
  ?pathway wdt:P637 ?pdbID .
  SERVICE wikibase:label { bd:serviceParam wikibase:language ""[AUTO_LANGUAGE],en"" }
}",True,,True,,0.0,0.0,0.0,0
388,complex,List the properties used in instances of public libraries along with their frequency.,"SELECT ?property ?propertyLabel (COUNT(?item) AS ?count) WHERE {
  ?item wdt:P31 wd:Q7075 .
  ?item ?p ?statement .
  ?property wikibase:directClaim ?p .
  SERVICE wikibase:label { bd:serviceParam wikibase:language ""[AUTO_LANGUAGE],en"" }
}
GROUP BY ?property ?propertyLabel
ORDER BY DESC(?count)",False,,True,,0.0,na,0.0,1276
389,complex,What scenes are depicted in Mediterranean Scenes drawings?,"SELECT ?scene ?sceneLabel WHERE {
  ?work wdt:P136 wd:Q114736646 ;
        wdt:P180 ?scene .
  SERVICE wikibase:label { bd:serviceParam wikibase:language ""[AUTO_LANGUAGE],en"" }
}",True,,True,,0.0,0.0,0.0,0
390,complex,List all stages of the Tour de France.,"SELECT ?stage ?stageLabel WHERE {
  ?stage wdt:P361 wd:Q3332882 .
  SERVICE wikibase:label { bd:serviceParam wikibase:language ""[AUTO_LANGUAGE],en"" }
}",True,,True,,0.0,na,na,0
391,complex,List the most populous first-level country subdivisions without a legislative body.,"SELECT ?subdivision ?subdivisionLabel ?population WHERE {
  ?subdivision wdt:P31/wdt:P279* wd:Q10864048 .
  FILTER NOT EXISTS { ?subdivision wdt:P194 ?legislature . }
  ?subdivision wdt:P1082 ?population .
  SERVICE wikibase:label { bd:serviceParam wikibase:language ""[AUTO_LANGUAGE],en"" }
}
ORDER BY DESC(?population)",True,,True,,0.0,0.0,0.0,6511
392,complex,List the types of properties with their frequency and an example property for each type.,"SELECT ?type ?typeLabel (COUNT(?property) AS ?frequency) (SAMPLE(?property) AS ?exampleProperty) WHERE {
  ?property a wikibase:Property ;
            wdt:P31 ?type .
  SERVICE wikibase:label { bd:serviceParam wikibase:language ""[AUTO_LANGUAGE],en"" }
}
GROUP BY ?type ?typeLabel
ORDER BY DESC(?frequency)",True,,True,,0.0057,0.0,0.0105,1516
393,complex,List song titles that are also female given names.,"SELECT ?song ?songLabel ?nameLabel WHERE {
  ?song wdt:P31 wd:Q7366 .
  ?song rdfs:label ?songLabel .
  FILTER(LANG(?songLabel) = ""en"")
  ?name wdt:P31 wd:Q11879590 .
  ?name rdfs:label ?nameLabel .
  FILTER(LANG(?nameLabel) = ""en"")
  FILTER(LCASE(?songLabel) = LCASE(?nameLabel))
}",False,,False,timeout,0.0,0.0,0.0,0
394,complex,List all external identifiers from Wikidata.,"SELECT ?property ?propertyLabel WHERE {
  ?property wdt:P31 wd:Q18616576 .
  SERVICE wikibase:label { bd:serviceParam wikibase:language ""[AUTO_LANGUAGE],en"" }
}",True,,True,,0.0004,na,0.0004,160
395,complex,List mathematicians born in years that are prime numbers.,"SELECT ?mathematician ?mathematicianLabel ?birthYear WHERE {
  ?mathematician wdt:P106 wd:Q170790 ;
                 wdt:P569 ?birthDate .
  BIND(YEAR(?birthDate) AS ?birthYear)
  FILTER(?birthYear > 1 && 
         NOT EXISTS {
           SELECT ?i WHERE {
             FILTER(?i > 1 && ?i * ?i <= ?birthYear)
             FILTER(?birthYear % ?i = 0)
           }
         })
  SERVICE wikibase:label { bd:serviceParam wikibase:language ""[AUTO_LANGUAGE],en"". }
}",False,,False,http_400,0.0,0.0,0.0,0
396,complex,"Show me the relationships between Elsa Lanchester, Charles Laughton, and other notable individuals.","SELECT ?person1 ?person1Label ?relation ?relationLabel ?person2 ?person2Label WHERE {
  VALUES ?person1 { wd:Q233052 wd:Q55264 }
  ?person1 ?p ?person2 .
  ?person2 wdt:P31 wd:Q5 .
  ?relation wikibase:directClaim ?p .
  FILTER(?person2 != ?person1)
  SERVICE wikibase:label { bd:serviceParam wikibase:language ""[AUTO_LANGUAGE],en"" }
}",True,,True,,0.0,0.0,0.0,5
397,complex,Find PubMed references related to renal cell carcinoma variants.,"SELECT ?item ?itemLabel ?pubmedID WHERE {
  ?item wdt:P279* wd:Q154565.
  ?item wdt:P698 ?pubmedID.
  SERVICE wikibase:label { bd:serviceParam wikibase:language ""[AUTO_LANGUAGE],en"". }
}",True,,True,,0.0,0.0,0.0,0
398,complex,What are the official songs of each U.S. state?,"SELECT ?state ?stateLabel ?song ?songLabel WHERE {
  ?state wdt:P31 wd:Q35657 ;
         wdt:P131* wd:Q16115 ;
         wdt:P826 ?song .
  SERVICE wikibase:label { bd:serviceParam wikibase:language ""[AUTO_LANGUAGE],en"". }
}",True,,True,,0.0,0.0,0.0,0
399,complex,What are the most common last names among humans?,"SELECT ?surname ?surnameLabel (COUNT(?human) AS ?count) WHERE {
  ?human wdt:P31 wd:Q5 ;
         wdt:P734 ?surname .
  SERVICE wikibase:label { bd:serviceParam wikibase:language ""[AUTO_LANGUAGE],en"" }
}
GROUP BY ?surname ?surnameLabel
ORDER BY DESC(?count)
LIMIT 100",False,,True,,1.0,1.0,1.0,199
400,complex,"List all Basque people with known birthplaces on Wikipedia, grouped by the century they died in.","SELECT ?person ?personLabel ?deathDate (CONCAT(STR(FLOOR(YEAR(?deathDate)/100)), ""th century"") AS ?century) WHERE {
  ?person wdt:P172 wd:Q8752 ;
          wdt:P19 ?birthplace ;
          wdt:P570 ?deathDate .
  SERVICE wikibase:label { bd:serviceParam wikibase:language ""[AUTO_LANGUAGE],en"" }
}
ORDER BY ?century ?deathDate",True,,True,,0.0,0.0,0.0,0
401,complex,What are the top companies by revenue in USD?,"SELECT ?company ?companyLabel ?revenue WHERE {
  ?company wdt:P31 wd:Q4830453 ;
           wdt:P2139 ?revenue .
  FILTER(LANG(?revenue) = """" || LANG(?revenue) = ""en"")
  SERVICE wikibase:label { bd:serviceParam wikibase:language ""[AUTO_LANGUAGE],en"" }
}
ORDER BY DESC(?revenue)
LIMIT 100",True,,True,,0.0324,0.0412,0.0252,196
402,complex,What are the most gender-imbalanced occupations in the US?,"SELECT ?occupation ?occupationLabel (SUM(?male) AS ?totalMales) (SUM(?female) AS ?totalFemales) WHERE {
  ?item wdt:P31 wd:Q12737 ;
        wdt:P106 ?occupation ;
        wdt:P27 wd:Q30 .
  { ?item wdt:P21 wd:Q6581097 . BIND(1 AS ?male) BIND(0 AS ?female) }
  UNION
  { ?item wdt:P21 wd:Q6581072 . BIND(0 AS ?male) BIND(1 AS ?female) }
  SERVICE wikibase:label { bd:serviceParam wikibase:language ""[AUTO_LANGUAGE],en"" }
}
GROUP BY ?occupation ?occupationLabel
HAVING ((SUM(?male) > 10 || SUM(?female) > 10))
ORDER BY ABS((SUM(?male) - SUM(?female)) / (SUM(?male) + SUM(?female))) DESC",False,,False,http_400,0.0,0.0,0.0,0
403,complex,"List all artworks from the Musée Saint-Raymond in Toulouse, France.","SELECT ?artwork ?artworkLabel WHERE {
  ?artwork wdt:P276 wd:Q3330636 .
  SERVICE wikibase:label { bd:serviceParam wikibase:language ""[AUTO_LANGUAGE],en"" }
}",True,,True,,0.0,0.0,0.0,0
404,complex,What is the count of Twitter IDs versus Facebook IDs for non-human entities?,"SELECT ?type (COUNT(?item) AS ?count) WHERE {
  {
    ?item wdt:P2002 ?twitter .
    FILTER NOT EXISTS { ?item wdt:P31 wd:Q5 . }
    BIND(""Twitter ID"" AS ?type)
  }
  UNION
  {
    ?item wdt:P2013 ?facebook .
    FILTER NOT EXISTS { ?item wdt:P31 wd:Q5 . }
    BIND(""Facebook ID"" AS ?type)
  }
}
GROUP BY ?type",True,,True,,0.0,0.0,0.0,4
405,complex,Show me a map of people buried at Norra Begravningsplatsen cemetery.,"SELECT ?person ?personLabel ?coordinates WHERE {
  ?person wdt:P119 wd:Q1536366 ;
          wdt:P625 ?coordinates .
  SERVICE wikibase:label { bd:serviceParam wikibase:language ""[AUTO_LANGUAGE],en"" }
}",True,,True,,0.0,0.0,0.0,0
406,complex,"Show me a map of sports teams, categorized by sport.","SELECT ?team ?teamLabel ?sport ?sportLabel ?coordinates WHERE {
  ?team wdt:P31 wd:Q476028 ;
        wdt:P641 ?sport ;
        wdt:P625 ?coordinates .
  SERVICE wikibase:label { bd:serviceParam wikibase:language ""[AUTO_LANGUAGE],en"" }
}",True,,True,,0.0084,0.0117,0.0035,4061
407,complex,List all the Chairs of the US Federal Reserve along with their tenure.,"SELECT ?person ?personLabel ?start ?end WHERE {
  ?person wdt:P39 wd:Q16334528 .
  ?person p:P39 ?statement .
  ?statement ps:P39 wd:Q16334528 ;
             pq:P580 ?start .
  OPTIONAL { ?statement pq:P582 ?end . }
  SERVICE wikibase:label { bd:serviceParam wikibase:language ""[AUTO_LANGUAGE],en"" }
}
ORDER BY ?start",True,,True,,0.0,0.0,0.0,0
408,complex,List the numbers from 0 to 20 in alphabetical order.,"SELECT ?number ?numberLabel WHERE {
  VALUES ?number {
    wd:Q190131 wd:Q190132 wd:Q190133 wd:Q190134 wd:Q190135 
    wd:Q190136 wd:Q190137 wd:Q190138 wd:Q190139 wd:Q190140 
    wd:Q190141 wd:Q190142 wd:Q190143 wd:Q190144 wd:Q190145 
    wd:Q190146 wd:Q190147 wd:Q190148 wd:Q190149 wd:Q190150 wd:Q190151
  }
  SERVICE wikibase:label { bd:serviceParam wikibase:language ""en"" }
}
ORDER BY ?numberLabel",True,,True,,0.0,0.0,na,21
409,complex,List cities situated near multiple rivers.,"SELECT ?city ?cityLabel (COUNT(?river) AS ?riverCount) WHERE {
  ?city wdt:P31/wdt:P279* wd:Q515 ;
        wdt:P206 ?river .
  ?river wdt:P31 wd:Q4022 .
  SERVICE wikibase:label { bd:serviceParam wikibase:language ""[AUTO_LANGUAGE],en"" }
}
GROUP BY ?city ?cityLabel
HAVING (?riverCount > 1)",True,,True,,0.1475,0.1424,0.3667,1196
410,complex,List all GLAM institutions in Wales along with their coordinates and types.,"SELECT ?item ?itemLabel ?coords ?typeLabel WHERE {
  ?item wdt:P31 ?type ;
        wdt:P131 wd:Q25 ;
        wdt:P625 ?coords .
  VALUES ?type { wd:Q1741548 wd:Q33506 wd:Q206381 wd:Q186672 }
  SERVICE wikibase:label { bd:serviceParam wikibase:language ""[AUTO_LANGUAGE],en"" }
}",True,,True,,0.0,na,na,0
411,complex,List people who have received military honors from two different countries.,"SELECT ?person ?personLabel (COUNT(DISTINCT ?country) AS ?countryCount) WHERE {
  ?person wdt:P166 ?award .
  ?award wdt:P17 ?country .
  ?country wdt:P31 wd:Q6256 .
  ?person wdt:P31 wd:Q5 .
  ?award wdt:P279* wd:Q185535 .
}
GROUP BY ?person ?personLabel
HAVING (COUNT(DISTINCT ?country) >= 2)
SERVICE wikibase:label { bd:serviceParam wikibase:language ""[AUTO_LANGUAGE],en"" }",False,,True,,0.0,0.0,0.0,0
412,complex,What occupations were most common among accused witches in Scotland?,"SELECT ?occupation ?occupationLabel (COUNT(?person) AS ?count) WHERE {
  ?person wdt:P106 ?occupation ;
          wdt:P140 wd:Q10876 ;
          wdt:P27 wd:Q22 ;
          wdt:P509 wd:Q127323 .
  SERVICE wikibase:label { bd:serviceParam wikibase:language ""[AUTO_LANGUAGE],en"". }
}
GROUP BY ?occupation ?occupationLabel
ORDER BY DESC(?count)",True,,True,,0.0,0.0,0.0,0
413,complex,List all economists with a Project Gutenberg ID and their corresponding birth and death years.,"SELECT ?person ?personLabel ?birthYear ?deathYear ?gutenbergID WHERE {
  ?person wdt:P106 wd:Q188094 ;
          wdt:P1938 ?gutenbergID ;
          wdt:P569 ?birthDate ;
          wdt:P570 ?deathDate .
  BIND(YEAR(?birthDate) AS ?birthYear)
  BIND(YEAR(?deathDate) AS ?deathYear)
  SERVICE wikibase:label { bd:serviceParam wikibase:language ""[AUTO_LANGUAGE],en"" }
}",True,,True,,0.1198,0.2822,0.0743,673
414,complex,List all the stations in Amsterdam Metro along with their coordinates.,"SELECT ?station ?stationLabel ?coords WHERE {
  ?station wdt:P31/wdt:P279* wd:Q928027 ;
           wdt:P131 wd:Q727 .
  ?station wdt:P625 ?coords .
  SERVICE wikibase:label { bd:serviceParam wikibase:language ""[AUTO_LANGUAGE],en"" }
}",True,,True,,0.0,na,na,0
415,complex,List all the materials used in paintings along with their labels.,"SELECT ?material ?materialLabel WHERE {
  ?painting wdt:P31 wd:Q3305213 ;
            wdt:P186 ?material .
  SERVICE wikibase:label { bd:serviceParam wikibase:language ""[AUTO_LANGUAGE],en"" }
}
GROUP BY ?material ?materialLabel",False,,True,,0.288,0.3228,0.0,845
416,complex,What lakes are near Berlin?,"SELECT ?lake ?lakeLabel WHERE {
  ?lake wdt:P31 wd:Q23397 .
  ?lake wdt:P206 wd:Q64 .
  SERVICE wikibase:label { bd:serviceParam wikibase:language ""[AUTO_LANGUAGE],en"" }
}",True,,True,,0.0,na,na,0
417,complex,List all Wikidata properties in numerical order.,"SELECT ?property ?propertyLabel WHERE {
  ?property a wikibase:Property .
  SERVICE wikibase:label { bd:serviceParam wikibase:language ""[AUTO_LANGUAGE],en"" }
}
ORDER BY (xsd:integer(STRAFTER(STR(?property), ""P"")))",True,,True,,0.9986,na,0.9986,13142
418,complex,Find all National Trust properties in the UK without an official website on Wikidata.,"SELECT ?property ?propertyLabel WHERE {
  ?property wdt:P31/wdt:P279* wd:Q1274375 .
  ?property wdt:P17 wd:Q145 .
  FILTER NOT EXISTS { ?property wdt:P856 ?website . }
  SERVICE wikibase:label { bd:serviceParam wikibase:language ""[AUTO_LANGUAGE],en"" }
}",True,,True,,0.0,na,na,0
419,complex,"Find cathedrals in Paris, France and show their images.","SELECT ?cathedral ?cathedralLabel ?image WHERE {
  ?cathedral wdt:P31 wd:Q2977 ;
             wdt:P131 wd:Q90 .
  OPTIONAL { ?cathedral wdt:P18 ?image . }
  SERVICE wikibase:label { bd:serviceParam wikibase:language ""[AUTO_LANGUAGE],en"" }
}",True,,True,,0.0,0.0,0.0,4
420,complex,List the names of programming languages along with their creation years and images of their inventors.,"SELECT ?language ?languageLabel ?year ?inventorImage WHERE {
  ?language wdt:P31 wd:Q9143 ;
            wdt:P571 ?date .
  BIND(YEAR(?date) AS ?year)
  ?language wdt:P61 ?inventor .
  ?inventor wdt:P18 ?inventorImage .
  SERVICE wikibase:label { bd:serviceParam wikibase:language ""[AUTO_LANGUAGE],en"". }
}",True,,True,,0.0,0.0,0.0,7
421,complex,"What are the professions of people whose works are kept in the Musee de Bretagne, categorized by gender?","SELECT ?genderLabel ?professionLabel (COUNT(DISTINCT ?person) AS ?count) WHERE {
  ?work wdt:P276 wd:Q3330667 .
  ?person wdt:P800 ?work ;
          wdt:P106 ?profession ;
          wdt:P21 ?gender .
  SERVICE wikibase:label { bd:serviceParam wikibase:language ""[AUTO_LANGUAGE],en"" }
}
GROUP BY ?genderLabel ?professionLabel
ORDER BY ?genderLabel ?professionLabel",True,,True,,0.0,na,0.0,1
422,complex,What is the average height of male figure skaters in each discipline?,"SELECT ?disciplineLabel (AVG(?height) AS ?averageHeight) WHERE {
  ?person wdt:P106 wd:Q131753 ;
          wdt:P21 wd:Q6581097 ;
          wdt:P2048 ?height ;
          wdt:P106 ?discipline .
  ?discipline wdt:P279* wd:Q131753 .
  FILTER(?discipline != wd:Q131753)
  SERVICE wikibase:label { bd:serviceParam wikibase:language ""[AUTO_LANGUAGE],en"" }
}
GROUP BY ?disciplineLabel",True,,True,,0.0,na,0.0,1
423,complex,What materials are used to make the items in the Ashmolean Museum collection?,"SELECT DISTINCT ?material ?materialLabel WHERE {
  ?item wdt:P195 wd:Q659473 ;
        wdt:P186 ?material .
  SERVICE wikibase:label { bd:serviceParam wikibase:language ""[AUTO_LANGUAGE],en"" }
}",True,,True,,0.0,na,na,0
424,complex,List the occupations of authors who have written scholarly articles.,"SELECT DISTINCT ?occupation ?occupationLabel WHERE {
  ?author wdt:P106 ?occupation .
  ?article wdt:P50 ?author ;
           wdt:P31 wd:Q13442814 .
  SERVICE wikibase:label { bd:serviceParam wikibase:language ""[AUTO_LANGUAGE],en"" }
}",True,,True,,0.0,0.0,0.0,3742
425,complex,Show me a map of Indian cities with their sister cities.,"SELECT ?city ?cityLabel ?sisterCity ?sisterCityLabel ?coord WHERE {
  ?city wdt:P31 wd:Q515 ;
        wdt:P131* wd:Q668 ;
        wdt:P190 ?sisterCity ;
        wdt:P625 ?coord .
  SERVICE wikibase:label { bd:serviceParam wikibase:language ""[AUTO_LANGUAGE],en"" }
}",False,,True,,0.0,0.0,0.0,98
426,complex,List the number of punk bands from each region in Indonesia.,"SELECT ?regionLabel (COUNT(?band) AS ?count) WHERE {
  ?band wdt:P31 wd:Q215380 ;
        wdt:P136 wd:Q11707 ;
        wdt:P131 ?region .
  ?region wdt:P131* wd:Q252 .
  SERVICE wikibase:label { bd:serviceParam wikibase:language ""[AUTO_LANGUAGE],en"" }
}
GROUP BY ?regionLabel
ORDER BY DESC(?count)",True,,True,,0.0,na,0.0,1
427,complex,List all museums in Barcelona along with their coordinates.,"SELECT ?museum ?museumLabel ?coords WHERE {
  ?museum wdt:P31/wdt:P279* wd:Q33506 ;
          wdt:P131 wd:Q1492 ;
          wdt:P625 ?coords .
  SERVICE wikibase:label { bd:serviceParam wikibase:language ""[AUTO_LANGUAGE],en"". }
}",True,,True,,0.0,0.0,0.0,98
428,complex,"List all ancient Greek pottery items stored in Museum St-Raymond, France.","SELECT ?item ?itemLabel WHERE {
  ?item wdt:P31 wd:Q178561 ;
        wdt:P195 wd:Q3329866 ;
        wdt:P180 wd:Q178561 .
  SERVICE wikibase:label { bd:serviceParam wikibase:language ""[AUTO_LANGUAGE],en"" }
}",True,,True,,0.0,0.0,0.0,0
429,complex,List people who share their birthday with the day their mother passed away.,"SELECT ?person ?personLabel ?birthDate ?mother ?motherLabel ?motherDeathDate WHERE {
  ?person wdt:P31 wd:Q5 ;
          wdt:P569 ?birthDate ;
          wdt:P25 ?mother .
  ?mother wdt:P570 ?motherDeathDate .
  
  FILTER(MONTH(?birthDate) = MONTH(?motherDeathDate) && DAY(?birthDate) = DAY(?motherDeathDate))
  
  SERVICE wikibase:label { bd:serviceParam wikibase:language ""[AUTO_LANGUAGE],en"". }
}",False,,True,,0.0048,0.0026,0.0487,67517
430,complex,List all people employed by Coventry University without a UID.,"SELECT ?person ?personLabel WHERE {
  ?person wdt:P108 wd:Q2996025 .
  FILTER NOT EXISTS { ?person wdt:P214 ?uid . }
  SERVICE wikibase:label { bd:serviceParam wikibase:language ""[AUTO_LANGUAGE],en"" }
}",True,,True,,0.0,0.0,na,0
431,complex,List people who have received economics awards but are not classified as economists.,"SELECT ?person ?personLabel WHERE {
  ?person wdt:P166 ?award .
  ?award wdt:P31 wd:Q19088 .
  FILTER NOT EXISTS { ?person wdt:P106 wd:Q188094 . }
  SERVICE wikibase:label { bd:serviceParam wikibase:language ""[AUTO_LANGUAGE],en"" }
}",True,,True,,0.0,0.0,0.0,0
432,complex,"List cities with a population of over 1 million where no person in Wikidata was born, lived or died.","SELECT ?city ?cityLabel WHERE {
  ?city wdt:P31/wdt:P279* wd:Q515 ;
        wdt:P1082 ?population .
  FILTER(?population > 1000000)
  FILTER NOT EXISTS {
    ?person wdt:P19|wdt:P27|wdt:P551|wdt:P20 ?city .
  }
  SERVICE wikibase:label { bd:serviceParam wikibase:language ""[AUTO_LANGUAGE],en"". }
}",True,,True,,0.0,0.0,na,7
433,complex,How many lakes in the UK have a 'UK Lakes Portal ID'?,"SELECT (COUNT(?lake) AS ?count) WHERE {
  ?lake wdt:P31 wd:Q23397 ;
        wdt:P17 wd:Q145 ;
        wdt:P3035 ?id .
}",True,,True,,0.0,na,0.0,1
434,complex,List all individuals who are both parents and children of the same person.,"SELECT ?person ?personLabel ?parentChild ?parentChildLabel WHERE {
  ?person wdt:P40 ?parentChild .
  ?parentChild wdt:P40 ?person .
  SERVICE wikibase:label { bd:serviceParam wikibase:language ""[AUTO_LANGUAGE],en"" }
}",True,,True,,0.6327,0.6327,na,223
435,complex,List all countries whose capital city names can be formed using only the letters of the country's name.,"SELECT ?country ?countryLabel ?capital ?capitalLabel WHERE {
  ?country wdt:P31 wd:Q6256 ;
           wdt:P36 ?capital .
  ?capital rdfs:label ?capitalLabel .
  FILTER(LANG(?capitalLabel) = ""en"")
  ?country rdfs:label ?countryLabel .
  FILTER(LANG(?countryLabel) = ""en"")
  
  BIND(LCASE(?countryLabel) AS ?cName)
  BIND(LCASE(?capitalLabel) AS ?capName)
  
  FILTER(REGEX(?capName, ""^["" + REPLACE(REPLACE(?cName, "" "", """"), ""([^])"", ""$1"") + ""]+$""))
  
  SERVICE wikibase:label { bd:serviceParam wikibase:language ""en"". }
}",False,,True,,0.0,na,na,0
436,complex,List all African countries with their official languages and English names.,"SELECT ?country ?countryLabel ?languageLabel WHERE {
  ?country wdt:P31 wd:Q6256 ;
           wdt:P30 wd:Q15 ;
           wdt:P37 ?language .
  SERVICE wikibase:label { bd:serviceParam wikibase:language ""en"". }
}",True,,True,,0.2778,1.0,0.0,55
437,complex,List all female actresses under 70 years old who are descendants of the first king of Navarre.,"SELECT DISTINCT ?actress ?actressLabel ?birthDate WHERE {
  ?actress wdt:P106 wd:Q33999 ;
           wdt:P21 wd:Q6581072 ;
           wdt:P569 ?birthDate ;
           wdt:P40+ wd:Q343466 .
  FILTER (?birthDate > ""1954-01-01""^^xsd:dateTime)
  SERVICE wikibase:label { bd:serviceParam wikibase:language ""[AUTO_LANGUAGE],en"" }
}",True,,True,,0.0,na,na,0
438,complex,List all saints' feast days by month and day.,"SELECT ?saint ?saintLabel ?feastDay WHERE {
  ?saint wdt:P31 wd:Q2385802 ;
         wdt:P841 ?feastDay .
  SERVICE wikibase:label { bd:serviceParam wikibase:language ""[AUTO_LANGUAGE],en"" }
}
ORDER BY ?feastDay",True,,True,,0.0,na,na,0
439,complex,Find a list of diplomatic missions operated by the United Kingdom.,"SELECT ?mission ?missionLabel WHERE {
  ?mission wdt:P31/wdt:P279* wd:Q193296 ;
           wdt:P137 wd:Q145 .
  SERVICE wikibase:label { bd:serviceParam wikibase:language ""[AUTO_LANGUAGE],en"" }
}",True,,True,,0.0,0.0,na,0
440,complex,List the most famous people in the world.,"SELECT ?person ?personLabel WHERE {
  ?person wdt:P106 wd:Q33999 ;
          wdt:P18 ?image .
  SERVICE wikibase:label { bd:serviceParam wikibase:language ""[AUTO_LANGUAGE],en"". }
}
LIMIT 100",True,,True,,0.0,0.0,na,99
441,complex,List all SARS-CoV-2 proteins with their corresponding research output counts.,"SELECT ?protein ?proteinLabel ?count WHERE {
  ?protein wdt:P703 wd:Q82069696 ;
           wdt:P31 wd:Q11406 .
  ?protein wikibase:sitelinks ?count .
  SERVICE wikibase:label { bd:serviceParam wikibase:language ""[AUTO_LANGUAGE],en"" }
}
ORDER BY DESC(?count)",True,,True,,0.0,0.0,0.0,0
442,complex,What are the scheduled sections of the Antonine Wall in Scotland?,"SELECT ?section ?sectionLabel WHERE {
  ?section wdt:P361 wd:Q206365 .
  SERVICE wikibase:label { bd:serviceParam wikibase:language ""[AUTO_LANGUAGE],en"" }
}",True,,True,,0.0,0.0,0.0,0
443,complex,"Show me a map of Scotland with markers for people accused of witchcraft, including their occupations.","SELECT ?person ?personLabel ?occupationLabel ?coordinates WHERE {
  ?person wdt:P1343 wd:Q1545655 ;
          wdt:P106 ?occupation ;
          wdt:P19 ?birthplace .
  ?birthplace wdt:P131* wd:Q22 ;
              wdt:P625 ?coordinates .
  SERVICE wikibase:label { bd:serviceParam wikibase:language ""[AUTO_LANGUAGE],en"" }
}",True,,True,,0.0,0.0,0.0,0
444,complex,List languages with less than 10 lexemes without statements or senses.,"SELECT ?language ?languageLabel (COUNT(?lexeme) AS ?count) WHERE {
  ?lexeme dct:language ?language .
  FILTER NOT EXISTS { ?lexeme ontolex:sense ?sense . }
  FILTER NOT EXISTS { ?lexeme ?p ?o . FILTER(?p != dct:language && ?p != wikibase:lemma && ?p != wikibase:lexicalCategory && ?p != rdf:type) }
  SERVICE wikibase:label { bd:serviceParam wikibase:language ""[AUTO_LANGUAGE],en"". }
}
GROUP BY ?language ?languageLabel
HAVING (?count < 10)",False,,False,timeout,0.0,0.0,0.0,0
445,complex,List all institutions that have contributed to every #vBIB conference.,"SELECT ?institution ?institutionLabel WHERE {
  ?conference wdt:P31 wd:Q2020153 ;
              wdt:P1476 ?title .
  FILTER(CONTAINS(LCASE(?title), ""#vbib""))
  ?conference wdt:P123 ?institution .
}
GROUP BY ?institution ?institutionLabel
HAVING (COUNT(DISTINCT ?conference) = (
  SELECT COUNT(?c) WHERE {
    ?c wdt:P31 wd:Q2020153 ;
       wdt:P1476 ?t .
    FILTER(CONTAINS(LCASE(?t), ""#vbib""))
  }
))
SERVICE wikibase:label { bd:serviceParam wikibase:language ""[AUTO_LANGUAGE],en"". }",False,,False,http_400,0.0,0.0,0.0,0
446,complex,Find all small monuments in Borovnice municipality with links to their Commons categories.,"SELECT ?monument ?monumentLabel ?commonsCategory WHERE {
  ?monument wdt:P131 wd:Q1085856 ;
            wdt:P31 wd:Q575759 .
  ?monument wdt:P373 ?commonsCategory .
  SERVICE wikibase:label { bd:serviceParam wikibase:language ""[AUTO_LANGUAGE],en"". }
}",True,,True,,0.0,na,na,0
447,complex,List all Italian ministers who served in multiple cabinets since 1990.,"SELECT DISTINCT ?person ?personLabel WHERE {
  ?person wdt:P106 wd:Q167056 ;
          p:P39 ?statement .
  ?statement ps:P39 wd:Q18810551 ;
             pq:P580 ?start .
  FILTER(?start >= ""1990-01-01T00:00:00Z""^^xsd:dateTime)
  ?person p:P39 ?statement2 .
  ?statement2 ps:P39 wd:Q18810551 ;
              pq:P580 ?start2 .
  FILTER(?start2 >= ""1990-01-01T00:00:00Z""^^xsd:dateTime)
  FILTER(?statement != ?statement2)
  SERVICE wikibase:label { bd:serviceParam wikibase:language ""[AUTO_LANGUAGE],en"" }
}",True,,True,,0.0,0.0,0.0,0
448,complex,What museums are near the Museum of Modern Art?,"SELECT ?museum ?museumLabel WHERE {
  wd:Q188740 wdt:P625 ?momaCoord .
  ?museum wdt:P31 wd:Q33506 ;
          wdt:P625 ?museumCoord .
  FILTER(?museum != wd:Q188740)
  SERVICE wikibase:around {
    ?museum wdt:P625 ?museumCoord .
    bd:serviceParam wikibase:center ?momaCoord .
    bd:serviceParam wikibase:radius ""2"" .
  }
  SERVICE wikibase:label { bd:serviceParam wikibase:language ""[AUTO_LANGUAGE],en"" }
}",False,,False,http_500,0.0,0.0,0.0,0
449,complex,List the siblings who have received the Israel Prize.,"SELECT ?sibling1 ?sibling1Label ?sibling2 ?sibling2Label WHERE {
  ?sibling1 wdt:P166 wd:Q166631 ;
            wdt:P3373 ?sibling2 .
  ?sibling2 wdt:P166 wd:Q166631 .
  SERVICE wikibase:label { bd:serviceParam wikibase:language ""[AUTO_LANGUAGE],en"" }
}",True,,True,,0.0,0.0,0.0,0
450,complex,List the names of female activists from Latin America born between 1900 and 1999.,"SELECT ?person ?personLabel WHERE {
  ?person wdt:P106 wd:Q1585819 ;
          wdt:P21 wd:Q6581072 ;
          wdt:P27 ?country .
  ?country wdt:P30 wd:Q28 .
  ?person wdt:P569 ?birthDate .
  FILTER(?birthDate >= ""1900-01-01T00:00:00Z""^^xsd:dateTime && ?birthDate <= ""1999-12-31T23:59:59Z""^^xsd:dateTime)
  SERVICE wikibase:label { bd:serviceParam wikibase:language ""[AUTO_LANGUAGE],en"" }
}",True,,True,,0.0,na,na,0
451,complex,List the Twitter usernames of scientists working at Dutch universities.,"SELECT ?scientist ?scientistLabel ?twitter WHERE {
  ?scientist wdt:P106 wd:Q901 .
  ?scientist wdt:P108 ?employer .
  ?employer wdt:P31 wd:Q38723 .
  ?employer wdt:P17 wd:Q55 .
  ?scientist wdt:P2002 ?twitter .
  SERVICE wikibase:label { bd:serviceParam wikibase:language ""[AUTO_LANGUAGE],en"" }
}",True,,True,,0.0,0.0,0.0,0
452,complex,Find French occupation-related words with their grammatical gender.,"SELECT ?word ?wordLabel ?gender ?genderLabel WHERE {
  ?word wdt:P31 wd:Q1085513 ;
        wdt:P407 wd:Q150 ;
        wdt:P5185 ?gender .
  SERVICE wikibase:label { bd:serviceParam wikibase:language ""[AUTO_LANGUAGE],en"" }
}",True,,True,,0.0,0.0,0.0,0
453,complex,"Find Swedish words with examples that show both a form and a sense, along with their sources.","SELECT ?lexeme ?lexemeLabel ?form ?sense ?source WHERE {
  ?lexeme dct:language wd:Q9027 ;
          wikibase:lexicalCategory wd:Q10846 .
  ?lexeme ontolex:lexicalForm ?form .
  ?lexeme ontolex:sense ?sense .
  ?sense wdt:P248 ?source .
  SERVICE wikibase:label { bd:serviceParam wikibase:language ""[AUTO_LANGUAGE],en"". }
}",True,,True,,0.0,0.0,0.0,0
454,complex,List all composers along with their most frequently used tonalities.,"SELECT ?composer ?composerLabel ?tonality ?tonalityLabel WHERE {
  ?composer wdt:P106 wd:Q36834 .
  ?composer wdt:P2833 ?tonality .
  SERVICE wikibase:label { bd:serviceParam wikibase:language ""[AUTO_LANGUAGE],en"" }
}",True,,True,,0.0,na,na,0
455,complex,"List all humans who died on August 25, 2001, according to the English Wikipedia.","SELECT ?person ?personLabel WHERE {
  ?person wdt:P31 wd:Q5 ;
          wdt:P570 ""2001-08-25""^^xsd:dateTime .
  SERVICE wikibase:label { bd:serviceParam wikibase:language ""en"" . }
}",True,,True,,0.0,na,na,0
456,complex,What are the historical monuments in Loire-Atlantique?,"SELECT ?monument ?monumentLabel WHERE {
  ?monument wdt:P31 wd:Q4989906 ;
            wdt:P131 wd:Q12667 .
  SERVICE wikibase:label { bd:serviceParam wikibase:language ""[AUTO_LANGUAGE],en"" }
}",True,,True,,0.0,na,na,0
457,complex,List famous painters who died before 1800.,"SELECT ?painter ?painterLabel ?deathDate WHERE {
  ?painter wdt:P106 wd:Q1028181 ;
           wdt:P570 ?deathDate .
  FILTER (?deathDate < ""1800-01-01T00:00:00Z""^^xsd:dateTime)
  SERVICE wikibase:label { bd:serviceParam wikibase:language ""[AUTO_LANGUAGE],en"" }
}",True,,True,,0.6603,0.9783,0.0,21732
458,complex,List all railway stations in the Netherlands with their connections.,"SELECT ?station ?stationLabel ?connection ?connectionLabel WHERE {
  ?station wdt:P31 wd:Q55488 ;
           wdt:P17 wd:Q55 .
  ?station wdt:P1192 ?connection .
  SERVICE wikibase:label { bd:serviceParam wikibase:language ""[AUTO_LANGUAGE],en"" }
}",True,,True,,0.0,0.0,na,419
459,complex,Find the original creator of items with 'house cat' as an instance.,"SELECT ?item ?itemLabel ?creator ?creatorLabel WHERE {
  ?item wdt:P31 wd:Q146 .
  ?item wdt:P170 ?creator .
  SERVICE wikibase:label { bd:serviceParam wikibase:language ""[AUTO_LANGUAGE],en"" }
}",True,,True,,0.0,0.0,na,2
460,complex,Show me a map of railway stations in Wales.,"SELECT ?station ?stationLabel ?coords WHERE {
  ?station wdt:P31 wd:Q55488 ;
           wdt:P131 wd:Q25 ;
           wdt:P625 ?coords .
  SERVICE wikibase:label { bd:serviceParam wikibase:language ""[AUTO_LANGUAGE],en"" }
}",True,,True,,0.0,0.0,0.0,74
461,complex,Find the publication dates for specific games.,"SELECT ?game ?gameLabel ?date WHERE {
  ?game wdt:P31 wd:Q7889 ;
        wdt:P577 ?date .
  SERVICE wikibase:label { bd:serviceParam wikibase:language ""[AUTO_LANGUAGE],en"" }
}",True,,True,,0.0,0.0,0.0,143989
462,complex,What are some popular items with more than 20 site links?,"SELECT ?item ?itemLabel (wikibase:sitelinks(?item) AS ?sitelinks) WHERE {
  ?item wikibase:sitelinks ?sitelinks .
  FILTER(?sitelinks > 20)
  SERVICE wikibase:label { bd:serviceParam wikibase:language ""[AUTO_LANGUAGE],en"" }
}
ORDER BY DESC(?sitelinks)
LIMIT 100",False,,False,http_400,0.0,0.0,0.0,0
463,complex,List all natural numbers from 1 to 2000.,"SELECT ?number WHERE {
  BIND(1 AS ?start)
  BIND(2000 AS ?end)
  SERVICE wikibase:label { bd:serviceParam wikibase:language ""[AUTO_LANGUAGE],en"". }
  {
    SELECT (xsd:integer(?n) AS ?number) WHERE {
      BIND(IRI(CONCAT(""http://www.wikidata.org/entity/Q"", STR(?n))) AS ?item)
      FILTER(?n >= 1 && ?n <= 2000)
      SERVICE gas:service {
        gas:program gas:gasClass ""com.bigdata.rdf.graph.analytics.BFS"" ;
                    gas:in wd:Q21198 ;
                    gas:traversalDirection ""forward"" ;
                    gas:out ?item ;
                    gas:out1 ?depth ;
                    gas:maxDepth 2000 .
      }
    }
  }
}
ORDER BY ?number",False,,False,http_500,0.0,0.0,0.0,0
464,complex,List all the departments in France.,"SELECT ?department ?departmentLabel WHERE {
  ?department wdt:P31 wd:Q6465 ;
              wdt:P17 wd:Q142 .
  SERVICE wikibase:label { bd:serviceParam wikibase:language ""[AUTO_LANGUAGE],en"" }
}",True,,True,,0.3616,0.5799,0.0,161
465,complex,List twins who were born in different places.,"SELECT ?person1 ?person1Label ?person2 ?person2Label ?place1 ?place1Label ?place2 ?place2Label WHERE {
  ?person1 wdt:P31 wd:Q5 ;
           wdt:P1543 ?person2 ;
           wdt:P19 ?place1 .
  ?person2 wdt:P19 ?place2 .
  FILTER(?person1 < ?person2)
  FILTER(?place1 != ?place2)
  SERVICE wikibase:label { bd:serviceParam wikibase:language ""[AUTO_LANGUAGE],en"". }
}",True,,True,,0.0,na,na,0
466,complex,List the common descendants of George Washington and George W. Bush.,"SELECT ?descendant ?descendantLabel WHERE {
  ?descendant wdt:P40* wd:Q23 ;
              wdt:P40* wd:Q207 .
  SERVICE wikibase:label { bd:serviceParam wikibase:language ""[AUTO_LANGUAGE],en"" }
}",False,,True,,0.0,0.0,na,6396
467,complex,List all places with an elevation of less than 10 meters above sea level.,"SELECT ?place ?placeLabel ?elevation WHERE {
  ?place wdt:P2044 ?elevation .
  FILTER(?elevation < 10)
  SERVICE wikibase:label { bd:serviceParam wikibase:language ""[AUTO_LANGUAGE],en"" }
}",False,,True,,0.4346,0.9746,0.0095,89727
468,complex,What are the nearby places that have been written about?,"SELECT ?place ?placeLabel ?work ?workLabel WHERE {
  ?place wdt:P31/wdt:P279* wd:Q515 .
  ?work wdt:P921 ?place .
  SERVICE wikibase:label { bd:serviceParam wikibase:language ""[AUTO_LANGUAGE],en"" }
}",True,,True,,0.0,0.0,na,86718
469,complex,List the ages of US presidents when they started their term.,"SELECT ?president ?presidentLabel ?start_date ?birth_date (year(?start_date) - year(?birth_date) AS ?age) WHERE {
  ?president wdt:P39 wd:Q11696 .
  ?president p:P39 ?statement .
  ?statement ps:P39 wd:Q11696 ;
             pq:P580 ?start_date .
  ?president wdt:P569 ?birth_date .
  SERVICE wikibase:label { bd:serviceParam wikibase:language ""[AUTO_LANGUAGE],en"". }
}
ORDER BY ?start_date",True,,True,,0.8509,1.0,0.7931,161
470,complex,List all the awards and nominations received by Rafael Nadal.,"SELECT ?award ?awardLabel ?date WHERE {
  wd:Q10119 wdt:P166 ?award .
  OPTIONAL { ?award p:P166 ?statement . ?statement pq:P585 ?date . }
  SERVICE wikibase:label { bd:serviceParam wikibase:language ""[AUTO_LANGUAGE],en"" }
}",True,,True,,0.0,na,0.0,0
471,complex,List the ages of musicians at the time of their death.,"SELECT ?musician ?musicianLabel ?birthDate ?deathDate (year(?deathDate) - year(?birthDate) AS ?age) WHERE {
  ?musician wdt:P106 wd:Q639669 ;
            wdt:P569 ?birthDate ;
            wdt:P570 ?deathDate .
  SERVICE wikibase:label { bd:serviceParam wikibase:language ""[AUTO_LANGUAGE],en"" }
}",True,,True,,0.0019,0.0,0.0033,48806
472,complex,"List detention centers in Uruguay, Argentina, and Chile that were used for torture.","SELECT ?center ?centerLabel WHERE {
  ?center wdt:P31/wdt:P279* wd:Q1200336 ;
          wdt:P131 ?country .
  ?country wdt:P31 wd:Q6256 .
  VALUES ?country { wd:Q77 wd:Q414 wd:Q298 }
  ?center wdt:P366 wd:Q132636 .
  SERVICE wikibase:label { bd:serviceParam wikibase:language ""[AUTO_LANGUAGE],en"" }
}",True,,True,,0.0,0.0,0.0,0
473,complex,List countries named after a specific person.,"SELECT ?country ?countryLabel ?person ?personLabel WHERE {
  ?country wdt:P31 wd:Q6256 ;
           wdt:P138 ?person .
  ?person wdt:P31 wd:Q5 .
  SERVICE wikibase:label { bd:serviceParam wikibase:language ""[AUTO_LANGUAGE],en"" }
}",True,,True,,0.5862,0.5862,na,23
474,complex,List all the winners of the Erich Fried Prize along with their images.,"SELECT ?person ?personLabel ?image WHERE {
  ?person wdt:P166 wd:Q683566 .
  OPTIONAL { ?person wdt:P18 ?image . }
  SERVICE wikibase:label { bd:serviceParam wikibase:language ""[AUTO_LANGUAGE],en"" }
}",True,,True,,0.0,0.0,0.0,0
475,complex,List all historical Chinese states with their corresponding artifacts and collections.,"SELECT ?state ?stateLabel ?artifact ?artifactLabel ?collection ?collectionLabel WHERE {
  ?state wdt:P31 wd:Q3024240 .
  ?artifact wdt:P1705 ?state ;
            wdt:P195 ?collection .
  SERVICE wikibase:label { bd:serviceParam wikibase:language ""[AUTO_LANGUAGE],en"" }
}",True,,True,,0.0,0.0,0.0,0
476,complex,List all European countries whose ISO 2-letter code contains a letter not present in their native language name.,"SELECT ?country ?countryLabel ?isoCode ?nativeName WHERE {
  ?country wdt:P31 wd:Q6256 ;
           wdt:P30 wd:Q46 ;
           wdt:P297 ?isoCode ;
           wdt:P1705 ?nativeName .
  
  BIND(LCASE(?isoCode) AS ?isoLower)
  BIND(LCASE(?nativeName) AS ?nativeLower)
  
  FILTER(
    (STRSTARTS(?isoLower, SUBSTR(?isoLower, 1, 1)) && !CONTAINS(?nativeLower, SUBSTR(?isoLower, 1, 1))) ||
    (STRSTARTS(?isoLower, SUBSTR(?isoLower, 2, 1)) && !CONTAINS(?nativeLower, SUBSTR(?isoLower, 2, 1)))
  )
  
  SERVICE wikibase:label { bd:serviceParam wikibase:language ""[AUTO_LANGUAGE],en"". }
}",True,,True,,0.0,0.0,0.0,62
477,complex,List all current US Supreme Court justices along with their date of birth.,"SELECT ?justice ?justiceLabel ?dob WHERE {
  ?justice wdt:P39 wd:Q11134 ;
           wdt:P569 ?dob .
  FILTER NOT EXISTS { ?justice wdt:P570 ?deathDate }
  SERVICE wikibase:label { bd:serviceParam wikibase:language ""[AUTO_LANGUAGE],en"" }
}",True,,True,,0.0,na,0.0,0
478,complex,What are the most common first names among people born in Auvergne?,"SELECT ?firstName ?firstNameLabel (COUNT(?person) AS ?count) WHERE {
  ?person wdt:P19/wdt:P131* wd:Q170043 .
  ?person wdt:P735 ?firstName .
  SERVICE wikibase:label { bd:serviceParam wikibase:language ""[AUTO_LANGUAGE],en"" }
}
GROUP BY ?firstName ?firstNameLabel
ORDER BY DESC(?count)",True,,True,,0.0,na,0.0,0
479,complex,What materials were used in the most paintings?,"SELECT ?material ?materialLabel (COUNT(?painting) AS ?count) WHERE {
  ?painting wdt:P31 wd:Q3305213 ;
            wdt:P186 ?material .
  SERVICE wikibase:label { bd:serviceParam wikibase:language ""[AUTO_LANGUAGE],en"" }
}
GROUP BY ?material ?materialLabel
ORDER BY DESC(?count)",False,,True,,0.2987,0.3228,0.1947,973
480,complex,"What are the names of stars, galaxies, star clusters and nebulae inspired by?","SELECT ?item ?itemLabel ?inspiredBy ?inspiredByLabel WHERE {
  VALUES ?class { wd:Q523 wd:Q318 wd:Q11380 wd:Q42360 }
  ?item wdt:P31/wdt:P279* ?class ;
        wdt:P941 ?inspiredBy .
  SERVICE wikibase:label { bd:serviceParam wikibase:language ""[AUTO_LANGUAGE],en"" }
}",True,,True,,0.0,0.0,na,0
481,complex,What properties are most commonly qualified?,"SELECT ?property ?propertyLabel (COUNT(?statement) AS ?count) WHERE {
  ?statement a wikibase:BestRank .
  ?statement ?property ?value .
  ?property wikibase:propertyType ?type .
  FILTER(?property != rdf:type)
  FILTER EXISTS { ?statement pq:?p ?v . }
}
GROUP BY ?property ?propertyLabel
ORDER BY DESC(?count)
LIMIT 20
SERVICE wikibase:label { bd:serviceParam wikibase:language ""[AUTO_LANGUAGE],en"". }",False,,False,http_400,0.0,0.0,0.0,0
482,complex,What are the most common election days in different countries?,"SELECT ?date (COUNT(?election) AS ?count) WHERE {
  ?election wdt:P31 wd:Q40231 ;
            wdt:P585 ?date .
}
GROUP BY ?date
ORDER BY DESC(?count)
LIMIT 20",True,,True,,0.0,na,0.0,40
483,complex,List all pairs of churches in the UK that are almost adjacent to each other.,"SELECT ?church1 ?church1Label ?church2 ?church2Label WHERE {
  ?church1 wdt:P31 wd:Q16970 ;
           wdt:P17 wd:Q145 ;
           wdt:P625 ?coord1 .
  ?church2 wdt:P31 wd:Q16970 ;
           wdt:P17 wd:Q145 ;
           wdt:P625 ?coord2 .
  FILTER(?church1 < ?church2)
  SERVICE wikibase:around {
    ?church1 wdt:P625 ?coord1 .
    bd:serviceParam wikibase:center ?coord2 .
    bd:serviceParam wikibase:radius ""0.1"" .
  }
  SERVICE wikibase:label { bd:serviceParam wikibase:language ""[AUTO_LANGUAGE],en"". }
}
LIMIT 100",False,,False,http_500,0.0,0.0,0.0,0
484,complex,What are the most common Roman praenomina?,"SELECT ?praenomen ?praenomenLabel (COUNT(?person) AS ?count) WHERE {
  ?person wdt:P31 wd:Q5 ;
          wdt:P1709 wd:Q101352 ;
          wdt:P1477 ?name .
  FILTER(REGEX(?name, ""^(Aulus|Appius|Gaius|Gnaeus|Decimus|Kaeso|Lucius|Marcus|Manius|Numerius|Publius|Quintus|Servius|Sextus|Spurius|Titus|Tiberius)""))
  BIND(STRBEFORE(?name, "" "") AS ?praenomen)
  SERVICE wikibase:label { bd:serviceParam wikibase:language ""[AUTO_LANGUAGE],en"". }
}
GROUP BY ?praenomen ?praenomenLabel
ORDER BY DESC(?count)",True,,True,,0.0,0.0,0.0,0
485,complex,Find the artist born between 1880 and 1944 with a given name starting with 'D' and family name starting with 'K'.,"SELECT ?artist ?artistLabel ?birthDate WHERE {
  ?artist wdt:P106 wd:Q483501 ;
          wdt:P569 ?birthDate ;
          wdt:P734 ?familyName ;
          wdt:P735 ?givenName .
  ?givenName rdfs:label ?givenNameLabel .
  ?familyName rdfs:label ?familyNameLabel .
  FILTER(STRSTARTS(?givenNameLabel, ""D""))
  FILTER(STRSTARTS(?familyNameLabel, ""K""))
  FILTER(LANG(?givenNameLabel) = ""en"")
  FILTER(LANG(?familyNameLabel) = ""en"")
  FILTER(?birthDate >= ""1880-01-01T00:00:00Z""^^xsd:dateTime && ?birthDate <= ""1944-12-31T23:59:59Z""^^xsd:dateTime)
  SERVICE wikibase:label { bd:serviceParam wikibase:language ""en"". }
}",False,,True,,0.0,0.0,0.0,20
486,complex,List all landlocked countries that share a border with a coastal country.,"SELECT DISTINCT ?country ?countryLabel ?neighbor ?neighborLabel WHERE {
  ?country wdt:P31 wd:Q6256 ;
           wdt:P47 ?neighbor .
  FILTER NOT EXISTS { ?country wdt:P206 ?sea }
  ?neighbor wdt:P206 ?sea .
  SERVICE wikibase:label { bd:serviceParam wikibase:language ""[AUTO_LANGUAGE],en"" }
}",True,,True,,0.2871,0.29,0.0,192
487,complex,Show me words that describe people from a certain place on the map.,"SELECT ?demonym ?demonymLabel ?place ?placeLabel WHERE {
  ?demonym wdt:P31 wd:Q1126643 ;
           wdt:P1542 ?place .
  SERVICE wikibase:label { bd:serviceParam wikibase:language ""[AUTO_LANGUAGE],en"" }
}",True,,True,,0.0,na,0.0,0
488,complex,List the top drama schools by student population.,"SELECT ?school ?schoolLabel ?students WHERE {
  ?school wdt:P31/wdt:P279* wd:Q1701330 ;
          wdt:P2196 ?students .
  SERVICE wikibase:label { bd:serviceParam wikibase:language ""[AUTO_LANGUAGE],en"" }
}
ORDER BY DESC(?students)",True,,True,,0.0,0.0,0.0,0
489,complex,List the members of scholarly societies who died before 1800.,"SELECT ?person ?personLabel ?deathDate WHERE {
  ?person wdt:P106 wd:Q11879590 ;
          wdt:P570 ?deathDate .
  FILTER (?deathDate < ""1800-01-01T00:00:00Z""^^xsd:dateTime)
  SERVICE wikibase:label { bd:serviceParam wikibase:language ""[AUTO_LANGUAGE],en"" }
}",True,,True,,0.0,0.0,0.0,0
490,complex,Find cemeteries in France that are close to churches.,"SELECT ?cemetery ?cemeteryLabel ?church ?churchLabel WHERE {
  ?cemetery wdt:P31 wd:Q39614 ;
            wdt:P17 wd:Q142 ;
            wdt:P131 ?location .
  ?church wdt:P31 wd:Q16970 ;
          wdt:P131 ?location .
  SERVICE wikibase:label { bd:serviceParam wikibase:language ""[AUTO_LANGUAGE],en"" }
}",False,,True,,0.0,0.0,na,78829
491,complex,What are the screenwriting credits of Donald P. Bellisario?,"SELECT ?work ?workLabel WHERE {
  wd:Q713657 wdt:P58 ?work .
  SERVICE wikibase:label { bd:serviceParam wikibase:language ""[AUTO_LANGUAGE],en"" }
}",True,,True,,0.0,0.0,0.0,0
492,complex,List all Twitter handles of current UK Members of Parliament.,"SELECT ?mp ?mpLabel ?twitter WHERE {
  ?mp wdt:P39 wd:Q16707841 ;
      wdt:P2002 ?twitter .
  FILTER NOT EXISTS { ?mp wdt:P582 ?endDate . }
  SERVICE wikibase:label { bd:serviceParam wikibase:language ""[AUTO_LANGUAGE],en"". }
}",True,,True,,0.0,0.0,0.0,0
493,complex,List all Tour de France stage winners by nationality from 1903 to 2022.,"SELECT ?winner ?winnerLabel ?country ?countryLabel WHERE {
  ?stage wdt:P31 wd:Q1136556 ;
         wdt:P1346 ?winner .
  ?winner wdt:P27 ?country .
  ?stage wdt:P585 ?date .
  FILTER(?date >= ""1903-01-01T00:00:00Z""^^xsd:dateTime && ?date <= ""2022-12-31T23:59:59Z""^^xsd:dateTime)
  SERVICE wikibase:label { bd:serviceParam wikibase:language ""[AUTO_LANGUAGE],en"" }
}",True,,True,,0.0,na,na,0
494,complex,List US companies founded by people or their parents born outside the US.,"SELECT DISTINCT ?company ?companyLabel ?founder ?founderLabel ?birthPlace ?birthPlaceLabel WHERE {
  ?company wdt:P31 wd:Q4830453 ;
           wdt:P17 wd:Q30 ;
           wdt:P112 ?founder .
  {
    ?founder wdt:P19 ?birthPlace .
    FILTER(?birthPlace != wd:Q30)
  } UNION {
    ?founder wdt:P22 ?father .
    ?father wdt:P19 ?birthPlace .
    FILTER(?birthPlace != wd:Q30)
  } UNION {
    ?founder wdt:P25 ?mother .
    ?mother wdt:P19 ?birthPlace .
    FILTER(?birthPlace != wd:Q30)
  }
  SERVICE wikibase:label { bd:serviceParam wikibase:language ""[AUTO_LANGUAGE],en"". }
}",True,,True,,0.0,0.0,0.0,6659
495,complex,List all railway incidents with their locations and number of injured people.,"SELECT ?incident ?incidentLabel ?location ?locationLabel ?injured WHERE {
  ?incident wdt:P31 wd:Q1196129 ;
            wdt:P276 ?location ;
            wdt:P1339 ?injured .
  SERVICE wikibase:label { bd:serviceParam wikibase:language ""[AUTO_LANGUAGE],en"" }
}",True,,True,,0.0,na,na,0
496,complex,List all winners of the Theatre World Award with their pictures and a timeline.,"SELECT ?person ?personLabel ?image ?date WHERE {
  ?person wdt:P166 wd:Q1750704 ;
          wdt:P18 ?image .
  ?awardStatement ps:P166 wd:Q1750704 .
  ?person p:P166 ?awardStatement .
  OPTIONAL { ?awardStatement pq:P585 ?date . }
  SERVICE wikibase:label { bd:serviceParam wikibase:language ""[AUTO_LANGUAGE],en"". }
}
ORDER BY ?date",True,,True,,0.0,0.0,0.0,0
497,complex,What are the most common last names among humans?,"SELECT ?surname ?surnameLabel (COUNT(?human) AS ?count) WHERE {
  ?human wdt:P31 wd:Q5 ;
         wdt:P734 ?surname .
  SERVICE wikibase:label { bd:serviceParam wikibase:language ""[AUTO_LANGUAGE],en"" }
}
GROUP BY ?surname ?surnameLabel
ORDER BY DESC(?count)
LIMIT 100",False,,True,,1.0,1.0,1.0,199
498,complex,What are the key events in Robert Louis Stevenson's life?,"SELECT ?event ?eventLabel ?date ?pointInTime WHERE {
  ?event wdt:P170 ?person .
  FILTER(?person = wd:Q160559)
  OPTIONAL { ?event wdt:P585 ?pointInTime . }
  OPTIONAL { ?event wdt:P569 ?date . }
  SERVICE wikibase:label { bd:serviceParam wikibase:language ""[AUTO_LANGUAGE],en"" }
}
ORDER BY ?pointInTime ?date",True,,True,,0.0,na,na,0
499,complex,List all artworks with titles that have a rhyming pattern.,"SELECT ?artwork ?artworkLabel WHERE {
  ?artwork wdt:P31 wd:Q838909 .
  ?artwork rdfs:label ?artworkLabel .
  FILTER(LANG(?artworkLabel) = ""en"")
  FILTER(REGEX(?artworkLabel, ""(.*) (.*) \\1 \\2"", ""i""))
}",True,,False,http_400,0.0,0.0,0.0,0
500,complex,List the names of film composers who have worked on more than 100 films.,"SELECT ?composer ?composerLabel (COUNT(?film) AS ?filmCount) WHERE {
  ?film wdt:P86 ?composer .
  ?composer wdt:P106 wd:Q24856 .
  SERVICE wikibase:label { bd:serviceParam wikibase:language ""[AUTO_LANGUAGE],en"". }
}
GROUP BY ?composer ?composerLabel
HAVING (?filmCount > 100)",True,,True,,0.0,0.0,0.0,0
501,complex,List the UK Parliament members with mythical ancestors.,"SELECT ?member ?memberLabel ?ancestor ?ancestorLabel WHERE {
  ?member wdt:P39 wd:Q16707841 ;
          wdt:P40* ?ancestor .
  ?ancestor wdt:P31 wd:Q171133 .
  SERVICE wikibase:label { bd:serviceParam wikibase:language ""[AUTO_LANGUAGE],en"" }
}",True,,True,,0.0,0.0,0.0,0
502,complex,List the properties used to link preprints and articles.,"SELECT DISTINCT ?property ?propertyLabel WHERE {
  ?property wdt:P31 wd:Q18614948 .
  SERVICE wikibase:label { bd:serviceParam wikibase:language ""[AUTO_LANGUAGE],en"" }
}",True,,True,,0.0,na,0.0,393
503,complex,List the top educational institutions attended by US senators.,"SELECT ?university ?universityLabel (COUNT(?senator) AS ?count) WHERE {
  ?senator wdt:P39 wd:Q1321 ;
           wdt:P69 ?university .
  SERVICE wikibase:label { bd:serviceParam wikibase:language ""[AUTO_LANGUAGE],en"" }
}
GROUP BY ?university ?universityLabel
ORDER BY DESC(?count)",True,,True,,0.0,0.0,0.0,0
504,complex,List all authors of academic papers connected to Paul Erdos.,"SELECT DISTINCT ?author ?authorLabel WHERE {
  ?paper wdt:P50 wd:Q124968 .
  ?paper wdt:P50 ?author .
  FILTER(?author != wd:Q124968)
  SERVICE wikibase:label { bd:serviceParam wikibase:language ""[AUTO_LANGUAGE],en"" }
}",False,,True,,0.0,na,na,0
505,complex,List female dancers and choreographers with an English Wikipedia article but not a French one.,"SELECT ?person ?personLabel WHERE {
  ?person wdt:P31 wd:Q5 ;
          wdt:P21 wd:Q6581072 ;
          wdt:P106 ?occupation .
  FILTER(?occupation IN (wd:Q11634, wd:Q11032))
  
  ?sitelink_en schema:about ?person ;
                schema:isPartOf <https://en.wikipedia.org/> .
  
  FILTER NOT EXISTS {
    ?sitelink_fr schema:about ?person ;
                 schema:isPartOf <https://fr.wikipedia.org/> .
  }
  
  SERVICE wikibase:label { bd:serviceParam wikibase:language ""en"". }
}",False,,True,,0.0,na,na,0
506,complex,List the universities attended by UK ambassadors.,"SELECT DISTINCT ?ambassador ?ambassadorLabel ?university ?universityLabel WHERE {
  ?ambassador wdt:P106 wd:Q1930187 ;
              wdt:P27 wd:Q145 ;
              wdt:P69 ?university .
  SERVICE wikibase:label { bd:serviceParam wikibase:language ""[AUTO_LANGUAGE],en"" }
}",True,,True,,0.0,0.0,0.0,4858
507,complex,List all lighthouses in South America along with their coordinates.,"SELECT ?lighthouse ?lighthouseLabel ?coordinates WHERE {
  ?lighthouse wdt:P31 wd:Q39715 ;
              wdt:P131 ?location .
  ?location wdt:P131* wd:Q18 .
  ?lighthouse wdt:P625 ?coordinates .
  SERVICE wikibase:label { bd:serviceParam wikibase:language ""[AUTO_LANGUAGE],en"" }
}",True,,True,,0.0,na,na,0
508,complex,List languages with overlapping lexemes.,"SELECT ?language ?languageLabel ?lexeme WHERE {
  ?lexeme dct:language ?language .
  ?lexeme wikibase:lexicalCategory ?category .
  SERVICE wikibase:label { bd:serviceParam wikibase:language ""[AUTO_LANGUAGE],en"" }
}
GROUP BY ?language ?languageLabel ?lexeme
HAVING (COUNT(?lexeme) > 1)",False,,True,,0.0,na,0.0,0
509,complex,List the main subjects of each episode in The West Wing TV series.,"SELECT ?episode ?episodeLabel ?mainSubject ?mainSubjectLabel WHERE {
  ?series wdt:P179 wd:Q3577023 .
  ?episode wdt:P179 ?series ;
           wdt:P921 ?mainSubject .
  SERVICE wikibase:label { bd:serviceParam wikibase:language ""[AUTO_LANGUAGE],en"" }
}",True,,True,,0.0,0.0,0.0,0
510,complex,"List all people with their birth and death years, along with their places of birth and death.","SELECT ?person ?personLabel ?birthYear ?deathYear ?birthPlaceLabel ?deathPlaceLabel WHERE {
  ?person wdt:P31 wd:Q5 .
  ?person wdt:P569 ?birthDate .
  ?person wdt:P570 ?deathDate .
  ?person wdt:P19 ?birthPlace .
  ?person wdt:P20 ?deathPlace .
  
  BIND(YEAR(?birthDate) AS ?birthYear)
  BIND(YEAR(?deathDate) AS ?deathYear)
  
  SERVICE wikibase:label { bd:serviceParam wikibase:language ""[AUTO_LANGUAGE],en"" }
}",False,,False,result_too_large,0.0,0.0,0.0,0
511,complex,Show me a map of French municipalities with homonymous names connected by lines based on their distance.,"SELECT ?item1 ?item1Label ?coord1 ?item2 ?item2Label ?coord2 WHERE {
  ?item1 wdt:P31 wd:Q484170 ;
         wdt:P17 wd:Q142 ;
         wdt:P625 ?coord1 ;
         rdfs:label ?name .
  FILTER(LANG(?name) = ""fr"")
  
  ?item2 wdt:P31 wd:Q484170 ;
         wdt:P17 wd:Q142 ;
         wdt:P625 ?coord2 ;
         rdfs:label ?name .
  
  FILTER(?item1 != ?item2)
  
  SERVICE wikibase:label { bd:serviceParam wikibase:language ""fr,en"". }
}
LIMIT 1000",False,,True,,0.0,0.0,0.0,2495
512,complex,Show me a map of places with their standard English and Welsh spellings.,"SELECT ?place ?placeLabel ?welshName WHERE {
  ?place wdt:P31/wdt:P279* wd:Q486972 .
  ?place rdfs:label ?placeLabel .
  FILTER(LANG(?placeLabel) = ""en"")
  ?place wdt:P1448 ?welshName .
  FILTER(LANG(?welshName) = ""cy"")
  ?place wdt:P625 ?location .
  SERVICE wikibase:label { bd:serviceParam wikibase:language ""en"" }
}",False,,True,,0.0,0.0,0.0,7183
513,complex,What are the most common properties used in maps?,"SELECT ?property ?propertyLabel (COUNT(?item) AS ?count) WHERE {
  ?item wdt:P31 wd:Q4006 .
  ?item ?p ?value .
  ?property wikibase:directClaim ?p .
  SERVICE wikibase:label { bd:serviceParam wikibase:language ""[AUTO_LANGUAGE],en"" }
}
GROUP BY ?property ?propertyLabel
ORDER BY DESC(?count)
LIMIT 20",True,,True,,0.0,na,0.0,40
514,complex,Find museums within a 20-kilometer radius from your current location.,"SELECT ?museum ?museumLabel ?location WHERE {
  SERVICE wikibase:around {
    ?museum wdt:P31 wd:Q33506 .
    ?museum wdt:P625 ?location .
    bd:serviceParam wikibase:center ""Point(0 0)""^^geo:wktLiteral .
    bd:serviceParam wikibase:radius ""20"" .
  }
  SERVICE wikibase:label { bd:serviceParam wikibase:language ""[AUTO_LANGUAGE],en"" }
}",False,,False,http_500,0.0,0.0,0.0,0
515,complex,Find people from Uppsala University with missing images in Wikidata.,"SELECT ?person ?personLabel WHERE {
  ?person wdt:P69 wd:Q219668 .
  FILTER NOT EXISTS { ?person wdt:P18 ?image . }
  SERVICE wikibase:label { bd:serviceParam wikibase:language ""[AUTO_LANGUAGE],en"" }
}",True,,True,,0.0,0.0,0.0,0
516,complex,What places are near the coordinates 48.87 latitude and 2.29 longitude?,"SELECT ?place ?placeLabel ?dist WHERE {
  SERVICE wikibase:around {
    ?place wdt:P625 ?location .
    bd:serviceParam wikibase:center ""Point(2.29 48.87)""^^geo:wktLiteral .
    bd:serviceParam wikibase:radius ""10"" .
  }
  SERVICE wikibase:label { bd:serviceParam wikibase:language ""[AUTO_LANGUAGE],en"" }
}",True,,False,http_500,0.0,0.0,0.0,0
517,complex,What languages are spoken in France?,"SELECT ?language ?languageLabel WHERE {
  wd:Q142 wdt:P37 ?language .
  SERVICE wikibase:label { bd:serviceParam wikibase:language ""[AUTO_LANGUAGE],en"" }
}",True,,True,,0.2,0.3333,0.0,1
518,complex,Find hillforts with design plans in the UK and show their locations on a map.,"SELECT ?hillfort ?hillfortLabel ?location ?coordinate WHERE {
  ?hillfort wdt:P31 wd:Q1144696 ;
            wdt:P17 wd:Q145 ;
            wdt:P625 ?coordinate .
  FILTER EXISTS { ?hillfort wdt:P3337 ?plan . }
  OPTIONAL { ?hillfort wdt:P131 ?location . }
  SERVICE wikibase:label { bd:serviceParam wikibase:language ""[AUTO_LANGUAGE],en"" }
}",True,,True,,0.0,na,na,0
519,complex,List countries with the most citizens whose first name starts with X or Q.,"SELECT ?country ?countryLabel (COUNT(?person) AS ?count) WHERE {
  ?person wdt:P31 wd:Q5 ;
          wdt:P27 ?country ;
          rdfs:label ?name .
  FILTER(LANG(?name) = ""en"")
  FILTER(STRSTARTS(?name, ""X"") || STRSTARTS(?name, ""Q""))
  SERVICE wikibase:label { bd:serviceParam wikibase:language ""[AUTO_LANGUAGE],en"" }
}
GROUP BY ?country ?countryLabel
ORDER BY DESC(?count)",False,,True,,0.0,0.0,0.0,499
520,complex,List all women born in the United Kingdom.,"SELECT ?person ?personLabel WHERE {
  ?person wdt:P31 wd:Q5 ;
          wdt:P21 wd:Q6581072 ;
          wdt:P19 ?place .
  ?place wdt:P131* wd:Q145 .
  SERVICE wikibase:label { bd:serviceParam wikibase:language ""[AUTO_LANGUAGE],en"" }
}",True,,True,,0.9648,0.9648,na,31666
521,complex,"Show me a map of medical facilities in Murshidabad district, India, with different colors for each type.","SELECT ?facility ?facilityLabel ?location ?typeLabel ?lat ?long WHERE {
  ?facility wdt:P31 ?type ;
            wdt:P131 wd:Q1474766 ;
            wdt:P625 ?location .
  ?type wdt:P279* wd:Q169172 .
  BIND(geof:latitude(?location) AS ?lat)
  BIND(geof:longitude(?location) AS ?long)
  SERVICE wikibase:label { bd:serviceParam wikibase:language ""[AUTO_LANGUAGE],en"" }
}",True,,False,http_400,0.0,0.0,0.0,0
522,complex,List the graves of famous people in Pere Lachaise Cemetery who died between 1800 and 1849.,"SELECT ?person ?personLabel ?grave WHERE {
  ?person wdt:P119 wd:Q212543 ;
          wdt:P570 ?deathDate .
  FILTER (?deathDate >= ""1800-01-01T00:00:00Z""^^xsd:dateTime && ?deathDate <= ""1849-12-31T23:59:59Z""^^xsd:dateTime)
  OPTIONAL { ?person wdt:P1442 ?grave . }
  SERVICE wikibase:label { bd:serviceParam wikibase:language ""[AUTO_LANGUAGE],en"" }
}",True,,True,,0.0,0.0,0.0,0
523,complex,List all Italian politicians between 50 and 80 years old who have held ministerial positions.,"SELECT DISTINCT ?person ?personLabel ?birthDate WHERE {
  ?person wdt:P106 wd:Q82955 ;
          wdt:P27 wd:Q38 ;
          wdt:P106 wd:Q83307 ;
          wdt:P569 ?birthDate .
  
  BIND(YEAR(NOW()) - YEAR(?birthDate) AS ?age)
  FILTER(?age >= 50 && ?age <= 80)
  
  SERVICE wikibase:label { bd:serviceParam wikibase:language ""[AUTO_LANGUAGE],en"" }
}",True,,True,,0.0,0.0,0.0,12
524,complex,List all U.S. Presidents in chronological order.,"SELECT ?president ?presidentLabel ?start_date WHERE {
  ?president wdt:P39 wd:Q11696 .
  ?president p:P39 ?statement .
  ?statement ps:P39 wd:Q11696 ;
             pq:P580 ?start_date .
  SERVICE wikibase:label { bd:serviceParam wikibase:language ""[AUTO_LANGUAGE],en"" }
}
ORDER BY ?start_date",True,,True,,0.2523,0.234,0.2667,96
525,complex,Show me the images related to Jean Fusoris and his astrolabe.,"SELECT ?image WHERE {
  wd:Q3171968 wdt:P18 ?image .
  UNION
  {
    wd:Q751367 wdt:P18 ?image .
  }
}",False,,False,http_400,0.0,0.0,0.0,0
526,complex,List the number of men and women who have received art prizes.,"SELECT ?genderLabel (COUNT(?person) AS ?count) WHERE {
  ?person wdt:P166 ?prize .
  ?prize wdt:P31 wd:Q19020 .
  ?person wdt:P21 ?gender .
  FILTER(?gender IN (wd:Q6581097, wd:Q6581072))
  SERVICE wikibase:label { bd:serviceParam wikibase:language ""[AUTO_LANGUAGE],en"" }
}
GROUP BY ?genderLabel",True,,True,,0.0,0.0,0.0,1
527,complex,Show me a map of Wales with the percentage of Welsh speakers in each region.,"SELECT ?region ?regionLabel ?percentage ?location WHERE {
  ?region wdt:P131 wd:Q25 ;
          wdt:P1114 ?percentage ;
          wdt:P625 ?location .
  SERVICE wikibase:label { bd:serviceParam wikibase:language ""[AUTO_LANGUAGE],en"" }
}",True,,True,,0.0,na,na,0
528,complex,List languages by their geographical usage.,"SELECT ?language ?languageLabel ?location ?locationLabel WHERE {
  ?language wdt:P31 wd:Q34770 .
  ?language wdt:P276 ?location .
  SERVICE wikibase:label { bd:serviceParam wikibase:language ""[AUTO_LANGUAGE],en"" }
}",True,,True,,0.0,0.0,na,110
529,complex,List all street names in Berlin that have multiple occurrences.,"SELECT ?streetLabel (COUNT(?street) AS ?count) WHERE {
  ?street wdt:P31 wd:Q79007 ;
          wdt:P131 wd:Q64 .
  SERVICE wikibase:label { bd:serviceParam wikibase:language ""[AUTO_LANGUAGE],en"". }
}
GROUP BY ?streetLabel
HAVING (?count > 1)",True,,True,,0.0,na,0.0,1
530,complex,List all famous people born in January of a leap year.,"SELECT ?person ?personLabel ?birthDate WHERE {
  ?person wdt:P31 wd:Q5 ;
          wdt:P569 ?birthDate .
  FILTER((MONTH(?birthDate) = 1) && 
         ((YEAR(?birthDate) % 4 = 0 && YEAR(?birthDate) % 100 != 0) || (YEAR(?birthDate) % 400 = 0)))
  SERVICE wikibase:label { bd:serviceParam wikibase:language ""[AUTO_LANGUAGE],en"". }
}",False,,False,http_400,0.0,0.0,0.0,0
531,complex,List authors affiliated with Coventry University who need items.,"SELECT ?author ?authorLabel WHERE {
  ?author wdt:P106 wd:Q36180 ;
          wdt:P1416 wd:Q1138361 .
  SERVICE wikibase:label { bd:serviceParam wikibase:language ""[AUTO_LANGUAGE],en"" }
}",True,,True,,0.0,0.0,0.0,0
532,complex,List the Danish monarchs along with their places and dates of death.,"SELECT ?monarch ?monarchLabel ?deathDate ?deathPlace ?deathPlaceLabel WHERE {
  ?monarch wdt:P39 wd:Q12208414 ;
           wdt:P570 ?deathDate ;
           wdt:P20 ?deathPlace .
  SERVICE wikibase:label { bd:serviceParam wikibase:language ""[AUTO_LANGUAGE],en"". }
}",True,,True,,0.0,0.0,0.0,0
533,complex,What is the most specific taxonomic group that includes both Alocasia cuprea and Codiaeum variegatum?,"SELECT ?taxon ?taxonLabel WHERE {
  wd:Q15595660 wdt:P171* ?taxon .
  wd:Q159567 wdt:P171* ?taxon .
  ?taxon wdt:P31 wd:Q16521 .
  MINUS {
    ?taxon2 wdt:P171+ ?taxon .
    wd:Q15595660 wdt:P171+ ?taxon2 .
    wd:Q159567 wdt:P171+ ?taxon2 .
  }
  SERVICE wikibase:label { bd:serviceParam wikibase:language ""[AUTO_LANGUAGE],en"" }
}",True,,True,,0.0,0.0,na,0
534,complex,Find the Wikipathways pathway with ID WP28 and list its parts.,"SELECT ?part ?partLabel WHERE {
  ?pathway wdt:P2410 ""WP28"" .
  ?pathway wdt:P527 ?part .
  SERVICE wikibase:label { bd:serviceParam wikibase:language ""[AUTO_LANGUAGE],en"" }
}",True,,True,,0.0,0.0,na,52
535,complex,List Rabindranath Tagore's poems written each month.,"SELECT ?poem ?poemLabel ?date WHERE {
  ?poem wdt:P50 wd:Q7243 ;
        wdt:P31 wd:Q588000 ;
        wdt:P577 ?date .
  SERVICE wikibase:label { bd:serviceParam wikibase:language ""[AUTO_LANGUAGE],en"". }
}
ORDER BY ?date",True,,True,,0.0,na,na,0
536,complex,Show me a map of restaurants in Switzerland that have received Michelin stars.,"SELECT ?restaurant ?restaurantLabel ?coordinates WHERE {
  ?restaurant wdt:P31 wd:Q11707 ;
              wdt:P17 wd:Q39 ;
              wdt:P1419 wd:Q11455 ;
              wdt:P625 ?coordinates .
  SERVICE wikibase:label { bd:serviceParam wikibase:language ""[AUTO_LANGUAGE],en"" }
}",True,,True,,0.0,0.0,0.0,0
537,complex,List the birthplaces of famous economists.,"SELECT ?economist ?economistLabel ?birthplace ?birthplaceLabel WHERE {
  ?economist wdt:P106 wd:Q188094 ;
             wdt:P19 ?birthplace .
  SERVICE wikibase:label { bd:serviceParam wikibase:language ""[AUTO_LANGUAGE],en"" }
}",True,,True,,0.3052,0.355,0.0,37797
538,complex,List famous individuals who passed away between 1969 and 1970.,"SELECT ?person ?personLabel ?deathDate WHERE {
  ?person wdt:P570 ?deathDate .
  FILTER (?deathDate >= ""1969-01-01T00:00:00Z""^^xsd:dateTime && ?deathDate <= ""1970-12-31T23:59:59Z""^^xsd:dateTime)
  SERVICE wikibase:label { bd:serviceParam wikibase:language ""[AUTO_LANGUAGE],en"" }
}",True,,True,,0.0,0.0,0.0,38066
539,complex,List the longest-serving heads of government in France.,"SELECT ?person ?personLabel ?start ?end (SUM(?duration) AS ?totalDuration) WHERE {
  ?person wdt:P39 wd:Q193582 ;
          p:P39 ?statement .
  ?statement ps:P39 wd:Q193582 ;
             pq:P580 ?start .
  OPTIONAL { ?statement pq:P582 ?end . }
  BIND(IF(BOUND(?end), ?end, NOW()) AS ?effectiveEnd)
  BIND(?effectiveEnd - ?start AS ?duration)
  SERVICE wikibase:label { bd:serviceParam wikibase:language ""[AUTO_LANGUAGE],en"". }
}
GROUP BY ?person ?personLabel ?start ?end
ORDER BY DESC(?totalDuration)",True,,True,,0.0,0.0,0.0,0
540,complex,Show me the tramway routes in France on a map.,"SELECT ?route ?routeLabel ?coordinates WHERE {
  ?route wdt:P31 wd:Q11351 ;
         wdt:P17 wd:Q142 ;
         wdt:P625 ?coordinates .
  SERVICE wikibase:label { bd:serviceParam wikibase:language ""[AUTO_LANGUAGE],en"". }
}",True,,True,,0.0,na,na,0
541,complex,What are the most popular chess openings based on their site links?,"SELECT ?opening ?openingLabel (COUNT(?site) AS ?count) WHERE {
  ?opening wdt:P31 wd:Q167666 .
  ?opening wdt:P856 ?site .
  SERVICE wikibase:label { bd:serviceParam wikibase:language ""[AUTO_LANGUAGE],en"" }
}
GROUP BY ?opening ?openingLabel
ORDER BY DESC(?count)",True,,True,,0.0,na,na,0
542,complex,List the most famous paintings from each country.,"SELECT ?painting ?paintingLabel ?country ?countryLabel WHERE {
  ?painting wdt:P31 wd:Q3305213 ;
            wdt:P17 ?country .
  ?country wdt:P31 wd:Q6256 .
  {
    SELECT ?country (MAX(?sitelinks) AS ?maxSitelinks) WHERE {
      ?painting wdt:P31 wd:Q3305213 ;
                wdt:P17 ?country .
      ?painting wikibase:sitelinks ?sitelinks .
    } GROUP BY ?country
  }
  ?painting wikibase:sitelinks ?maxSitelinks .
  SERVICE wikibase:label { bd:serviceParam wikibase:language ""[AUTO_LANGUAGE],en"". }
}",False,,True,,0.0,na,na,0
543,complex,List South African women who have Wikipedia pages but not Wikiquote pages.,"SELECT ?person ?personLabel WHERE {
  ?person wdt:P27 wd:Q258 ;
          wdt:P21 wd:Q6581072 .
  ?sitelink schema:about ?person ;
            schema:isPartOf <https://en.wikipedia.org/> .
  FILTER NOT EXISTS {
    ?qlink schema:about ?person ;
           schema:isPartOf <https://en.wikiquote.org/> .
  }
  SERVICE wikibase:label { bd:serviceParam wikibase:language ""[AUTO_LANGUAGE],en"" }
}",True,,True,,0.3994,0.8654,0.0,2315
544,complex,Find public spaces with table tennis tables near my current location.,"SELECT ?place ?placeLabel ?coords WHERE {
  ?place wdt:P31/wdt:P279* wd:Q11424 .
  ?place wdt:P366 wd:Q175066 .
  ?place wdt:P625 ?coords .
  SERVICE wikibase:around {
    ?place wdt:P625 ?coords .
    bd:serviceParam wikibase:center ""Point(0 0)""^^geo:wktLiteral .
    bd:serviceParam wikibase:radius ""5"" .
  }
  SERVICE wikibase:label { bd:serviceParam wikibase:language ""[AUTO_LANGUAGE],en"" }
}",True,,False,http_500,0.0,0.0,0.0,0
545,complex,Find movies with video links on YouTube.,"SELECT ?movie ?movieLabel ?youtubeLink WHERE {
  ?movie wdt:P31 wd:Q11424 ;
         wdt:P1651 ?youtubeLink .
  SERVICE wikibase:label { bd:serviceParam wikibase:language ""[AUTO_LANGUAGE],en"" }
}",True,,True,,0.483,0.517,0.4566,23754
546,complex,What are the top 100 most translated concepts in the Lexeme namespace?,"SELECT ?lexeme ?lexemeLabel (COUNT(?sitelink) AS ?count) WHERE {
  ?lexeme dct:type wd:Q112005 .
  ?sitelink schema:about ?lexeme .
}
GROUP BY ?lexeme ?lexemeLabel
ORDER BY DESC(?count)
LIMIT 100",True,,True,,0.0,na,na,0
547,complex,List the moons of planets in our solar system and their namesakes.,"SELECT ?moon ?moonLabel ?namesake ?namesakeLabel WHERE {
  ?moon wdt:P31 wd:Q2634 ;
        wdt:P138 ?namesake .
  SERVICE wikibase:label { bd:serviceParam wikibase:language ""[AUTO_LANGUAGE],en"" }
}",True,,True,,0.0,0.0,na,0
548,complex,List monuments named after a person without any other connection.,"SELECT ?monument ?monumentLabel WHERE {
  ?monument wdt:P31/wdt:P279* wd:Q570116 .
  ?monument wdt:P138 ?person .
  FILTER NOT EXISTS {
    ?monument ?p ?o .
    FILTER(?p != wdt:P31 && ?p != wdt:P279 && ?p != wdt:P138 && ?p != wdt:P17 && ?p != wdt:P131)
  }
  SERVICE wikibase:label { bd:serviceParam wikibase:language ""[AUTO_LANGUAGE],en"". }
}",False,,False,timeout,0.0,0.0,0.0,0
549,complex,What languages are spoken in the Netherlands?,"SELECT ?language ?languageLabel WHERE {
  wd:Q55 wdt:P37 ?language .
  SERVICE wikibase:label { bd:serviceParam wikibase:language ""[AUTO_LANGUAGE],en"" }
}",True,,True,,0.0,0.0,na,1
550,complex,List all parties that had members elected in the February 1974 UK general election.,"SELECT DISTINCT ?party ?partyLabel WHERE {
  ?member wdt:P39 ?position .
  ?position wdt:P361 wd:Q17016666 .
  ?member p:P39 ?statement .
  ?statement ps:P39 ?position ;
             pq:P2715 wd:Q17016666 ;
             pq:P580 ?date .
  FILTER(YEAR(?date) = 1974 && MONTH(?date) = 2)
  ?member wdt:P102 ?party .
  SERVICE wikibase:label { bd:serviceParam wikibase:language ""[AUTO_LANGUAGE],en"" }
}",True,,True,,0.0,0.0,0.0,0
551,complex,What is the latest Twitter follower count for different programming languages?,"SELECT ?language ?languageLabel ?followers ?date WHERE {
  ?language wdt:P31 wd:Q9143 ;
            p:P8687 ?statement .
  ?statement ps:P8687 ?followers ;
             pq:P585 ?date .
  SERVICE wikibase:label { bd:serviceParam wikibase:language ""[AUTO_LANGUAGE],en"" }
}
ORDER BY DESC(?date)",True,,True,,0.0,0.0,0.0,122
552,complex,List all languages with their corresponding unique language codes used in lemmas.,"SELECT ?language ?languageLabel ?code WHERE {
  ?language wdt:P31 wd:Q34770 ;
            wdt:P218 ?code .
  SERVICE wikibase:label { bd:serviceParam wikibase:language ""[AUTO_LANGUAGE],en"" }
}",True,,True,,0.0,0.0,0.0,116
553,complex,What types of items are exhibited at the Ashmolean Museum?,"SELECT DISTINCT ?type ?typeLabel WHERE {
  ?item wdt:P276 wd:Q693628 ;
        wdt:P31 ?type .
  SERVICE wikibase:label { bd:serviceParam wikibase:language ""[AUTO_LANGUAGE],en"" }
}",True,,True,,0.0,0.0,na,118
554,complex,Show me a chart of astrolabes' diameters over time.,"SELECT ?astrolabe ?astrolabeLabel ?diameter ?inception WHERE {
  ?astrolabe wdt:P31 wd:Q193567.
  ?astrolabe wdt:P2386 ?diameter.
  ?astrolabe wdt:P571 ?inception.
  SERVICE wikibase:label { bd:serviceParam wikibase:language ""[AUTO_LANGUAGE],en"". }
}
ORDER BY ?inception",True,,True,,0.0,na,0.0,0
555,complex,How many alphabets use a specific letter?,"SELECT ?letter ?letterLabel (COUNT(?alphabet) AS ?count) WHERE {
  ?alphabet wdt:P31 wd:Q820611 ;
            wdt:P282 ?letter .
  SERVICE wikibase:label { bd:serviceParam wikibase:language ""[AUTO_LANGUAGE],en"" }
}
GROUP BY ?letter ?letterLabel
ORDER BY DESC(?count)",True,,True,,0.0,na,0.0,0
556,complex,List the modern-day descendants of the Achaemenid dynasty.,"SELECT ?descendant ?descendantLabel WHERE {
  ?descendant wdt:P40* ?ancestor .
  ?ancestor wdt:P53* wd:Q193655 .
  SERVICE wikibase:label { bd:serviceParam wikibase:language ""[AUTO_LANGUAGE],en"" }
}",True,,True,,0.0,0.0,na,23
557,complex,What are the most common first names of current French members of Parliament?,"SELECT ?firstName (COUNT(?person) AS ?count) WHERE {
  ?person wdt:P39 wd:Q1939566 .
  ?person wdt:P735 ?givenName .
  ?givenName rdfs:label ?firstName .
  FILTER(LANG(?firstName) = ""fr"")
}
GROUP BY ?firstName
ORDER BY DESC(?count)",True,,True,,0.0,na,0.0,0
558,complex,"List all works written by Voltaire, including their publication dates.","SELECT ?work ?workLabel ?date WHERE {
  ?work wdt:P50 wd:Q9068 ;
        wdt:P577 ?date .
  SERVICE wikibase:label { bd:serviceParam wikibase:language ""[AUTO_LANGUAGE],en"" }
}",True,,True,,0.0963,0.0,0.1812,333
559,complex,What are the key dates in Honoré de Balzac's life?,"SELECT ?property ?propertyLabel ?date WHERE {
  wd:Q152236 ?p ?statement .
  ?statement a wikibase:BestRank ;
             ps:P569|ps:P570|ps:P585 ?date .
  ?property wikibase:claim ?p ;
            wikibase:label ?propertyLabel .
  FILTER(LANG(?propertyLabel) = ""en"")
  SERVICE wikibase:label { bd:serviceParam wikibase:language ""en"". }
}
ORDER BY ?date",True,,True,,0.0,na,0.0,0
560,complex,What are the properties associated with file formats?,"SELECT ?property ?propertyLabel WHERE {
  ?property wdt:P31 wd:Q18616576 .
  SERVICE wikibase:label { bd:serviceParam wikibase:language ""[AUTO_LANGUAGE],en"" }
}",True,,True,,0.0312,na,0.0312,160
561,complex,List the top 10 Wikipedia language editions with the most articles about films.,"SELECT ?language ?languageLabel (COUNT(?film) AS ?count) WHERE {
  ?film wdt:P31 wd:Q11424 .
  ?sitelink schema:about ?film ;
            schema:isPartOf ?wiki .
  ?wiki wikibase:wikiGroup ""wikipedia"" ;
        wikibase:preferredLanguageCode ?langCode .
  BIND(IRI(CONCAT(""http://www.wikidata.org/entity/"", ?langCode)) AS ?language)
  SERVICE wikibase:label { bd:serviceParam wikibase:language ""[AUTO_LANGUAGE],en"". }
}
GROUP BY ?language ?languageLabel
ORDER BY DESC(?count)
LIMIT 10",True,,True,,0.0,na,0.0,0
562,complex,What topics on English Wikipedia link to the University of Virginia?,"SELECT ?item ?itemLabel WHERE {
  ?item schema:about ?sitelink .
  ?sitelink schema:isPartOf <https://en.wikipedia.org/> ;
            schema:name ?name .
  FILTER(CONTAINS(?name, ""University of Virginia""))
  SERVICE wikibase:label { bd:serviceParam wikibase:language ""[AUTO_LANGUAGE],en"". }
}",False,,True,,0.0,na,na,0
563,complex,"List all German cities with a population of more than 50,000.","SELECT ?city ?cityLabel ?population WHERE {
  ?city wdt:P31 wd:Q515 ;
        wdt:P17 wd:Q183 ;
        wdt:P1082 ?population .
  FILTER(?population > 50000)
  SERVICE wikibase:label { bd:serviceParam wikibase:language ""[AUTO_LANGUAGE],en"" }
}",True,,True,,0.0442,0.1117,0.0276,44
564,complex,"List countries with their ISO codes, flag features, and fertility rates.","SELECT ?country ?countryLabel ?iso3166_1_alpha_2 ?flag ?fertilityRate WHERE {
  ?country wdt:P31 wd:Q6256 ;
           wdt:P297 ?iso3166_1_alpha_2 ;
           wdt:P41 ?flag ;
           wdt:P4841 ?fertilityRate .
  SERVICE wikibase:label { bd:serviceParam wikibase:language ""[AUTO_LANGUAGE],en"" }
}",True,,True,,0.0,0.0,0.0,782
565,complex,List the types of literary works with their counts.,"SELECT ?type ?typeLabel (COUNT(?work) AS ?count) WHERE {
  ?work wdt:P31 ?type .
  ?type wdt:P279* wd:Q7725634 .
  SERVICE wikibase:label { bd:serviceParam wikibase:language ""[AUTO_LANGUAGE],en"" }
}
GROUP BY ?type ?typeLabel
ORDER BY DESC(?count)",False,,True,,0.1152,0.0741,0.2853,1575
566,complex,List the places of birth for Nobel Prize winners grouped by decade.,"SELECT ?decade ?placeOfBirthLabel (COUNT(?person) AS ?count) WHERE {
  ?person wdt:P166 wd:Q37922 ;
          wdt:P19 ?placeOfBirth ;
          wdt:P569 ?birthDate .
  BIND(CONCAT(STR(FLOOR(YEAR(?birthDate) / 10) * 10), ""s"") AS ?decade)
  SERVICE wikibase:label { bd:serviceParam wikibase:language ""[AUTO_LANGUAGE],en"" }
}
GROUP BY ?decade ?placeOfBirthLabel
ORDER BY ?decade ?placeOfBirthLabel",True,,True,,0.0,na,0.0,28
