index,complexity,instruction,generated_query,syntax,error,executed,exec_error,jaccard_pooled,jaccard_entity,jaccard_literal,n_pred_values
0,simple,How many items on Wikidata have a coordinate location?,"SELECT (COUNT(?item) AS ?count) WHERE {
  ?item wdt:P625 ?coordinate .
}",False,,True,,1.0,na,1.0,1
1,simple,List all subproperties related to location.,"SELECT?prop ?propLabel WHERE {
  ?prop a wikibase:Property ;
        wdt:P1647+ wd:P276 .
  SERVICE wikibase:label { bd:serviceParam wikibase:language ""[AUTO_LANGUAGE],en"". }
}",True,,True,,0.9844,na,0.9844,63
2,simple,List all organisms named in honor of John Sibthorp.,"SELECT ?organism ?organismLabel WHERE {
  ?organism wdt:P31 wd:Q16521. # instance of taxon
  ?organism wdt:P138 wd:Q117123. # named after John Sibthorp
  SERVICE wikibase:label { bd:serviceParam wikibase:language ""[AUTO_LANGUAGE],en"". }
}",True,,True,,0.0,0.0,0.0,0
3,simple,List politicians who have Mastodon accounts.,"SELECT ?person ?personLabel ?mastodonAccount WHERE {
  ?person wdt:P31 wd:Q5 .
  ?person wdt:P106 wd:Q82955 .
  ?person wdt:P4033 ?mastodonAccount .
  SERVICE wikibase:label { bd:serviceParam wikibase:language ""[AUTO_LANGUAGE],en"". }
}",True,,True,,0.4726,0.0,0.9397,857
4,simple,List all phrases that are known as catchphrases.,"SELECT ?phrase ?phraseLabel WHERE {
  ?phrase wdt:P31 wd:Q1318295 .
  SERVICE wikibase:label { bd:serviceParam wikibase:language ""[AUTO_LANGUAGE],en"" }
}",True,,True,,0.0,0.0,0.0,443
5,simple,"List the children of Johann Sebastian Bach with his first wife, Maria Barbara Bach.","SELECT ?child ?childLabel WHERE {
  ?child wdt:P22 wd:Q1339 ;
         wdt:P25 wd:Q57241 .
  SERVICE wikibase:label { bd:serviceParam wikibase:language ""[AUTO_LANGUAGE],en"". }
}",True,,True,,0.0,0.0,na,0
6,simple,List the Apple M series SoC models in chronological order of their announcement dates.,"SELECT ?soc ?socLabel ?announcementDate WHERE {
  ?soc wdt:P31 wd:Q1137109 ;          # instance of system on a chip
       wdt:P178 wd:Q312 ;             # developer: Apple
       wdt:P577 ?announcementDate .   # publication date (announcement)
  SERVICE wikibase:label { bd:serviceParam wikibase:language ""[AUTO_LANGUAGE],en"". }
}
ORDER BY ?announcementDate",True,,True,,0.0,na,0.0,0
7,simple,Show me a map of the hometowns of people with Mastodon profiles.,"SELECT DISTINCT ?person ?personLabel ?hometown ?hometownLabel ?hometownCoordinates WHERE {
  ?person wdt:P4033 ?mastodonProfile .  # Mastodon profile property
  ?person wdt:P19 ?hometown .           # Place of birth (hometown)
  ?hometown wdt:P625 ?hometownCoordinates .  # Coordinates for the map
  SERVICE wikibase:label { bd:serviceParam wikibase:language ""[AUTO_LANGUAGE],en"". }
}",True,,True,,0.6728,1.0,0.3506,4144
8,simple,List all literary works and their descriptions.,"SELECT ?work ?workLabel ?description WHERE {
  ?work wdt:P31 wd:Q7725634.
  ?work schema:description ?description.
  FILTER(LANG(?description) = ""en"")
  SERVICE wikibase:label { bd:serviceParam wikibase:language ""en"". }
}",True,,False,result_too_large,0.0,0.0,0.0,0
9,simple,List botanists whose names start with the letter H.,"SELECT ?botanist ?botanistLabel WHERE {
  ?botanist wdt:P106 wd:Q2374149 .
  FILTER(STRSTARTS(?botanistLabel, ""H""))
  SERVICE wikibase:label { bd:serviceParam wikibase:language ""en"". }
}",True,,True,,0.0,0.0,0.0,0
10,simple,List the oldest subway systems in the world.,"SELECT ?system ?systemLabel ?openingDate WHERE {
  ?system wdt:P31 wd:Q928830 .   # instance of rapid transit
  ?system wdt:P571 ?openingDate . # inception date
  SERVICE wikibase:label { bd:serviceParam wikibase:language ""en"". }
}
ORDER BY ?openingDate",True,,True,,0.0005,0.0,0.0038,7309
11,simple,Find 3D models of items from specific collections.,"SELECT ?item ?itemLabel ?collection ?collectionLabel ?model3D WHERE {
  ?item wdt:P195 ?collection.
  ?item wdt:P1151 ?model3D.
  SERVICE wikibase:label { bd:serviceParam wikibase:language ""[AUTO_LANGUAGE],en"". }
}
LIMIT 100",True,,True,,0.0,0.0,0.0,6
12,simple,List all books on Bengali Wikisource that have been validated.,"SELECT ?book ?bookLabel ?wikisourceUrl WHERE {
  ?book wdt:P31 wd:Q571 ;          # instance of book
        wdt:P9969 wd:Q107458474 ;  # document file on Wikimedia Commons (or similar)
        wdt:P724 ?wikisourceUrl .  # Internet Archive ID (or appropriate property)
  # For validated status, we need to check the Wikisource validation status.
  # This is typically represented by a property like ""P9969"" (document file on Commons)
  # and a qualifier for validation status. However, Wikidata may not directly have
  # a property for Wikisource validation. Instead, we can filter by items that have
  # a ""validated"" status via a qualifier on the Wikisource link.
  # Alternatively, we can use the property ""P9969"" with a qualifier ""P585"" (point in time)
  # but that's not standard. A simpler approach: assume books with a specific property
  # indicating validation, e.g., ""P31"" (instance of) ""Q107458474"" (validated book).
  # Since the question asks for books on Bengali Wikisource, we can filter by
  # the Wikisource site ID. However, the exact property may vary.
  # Let's use a more direct approach: books that have a Wikisource page with a validation template.
  # In Wikidata, this is often captured by the property ""P9969"" (document file on Commons)
  # with a qualifier ""P585"" (point in time) for validation date, but that's not reliable.
  # For simplicity, we'll assume that validated books have a specific property like ""P31"" wd:Q107458474.
  # But that's not standard. Instead, we can query for books that have a ""validated"" status
  # via the property ""P9969"" and a qualifier ""P518"" (applies to part) with value ""validated"".
  # However, this is complex. Given the lack of a direct property, we'll use a simpler filter:
  # books that are instances of ""validated book"" (if such a class exists).
  # For the purpose of this example, we'll assume there is a class ""validated book"" (Q107458474).
  # If not, we can use a different approach: filter by books that have a ""Wikisource"" property
  # and a ""validation status"" property. Since the question is about Bengali Wikisource,
  # we can also filter by the language of the book.
  ?book wdt:P407 wd:Q9610 .        # language: Bengali
  SERVICE wikibase:label { bd:serviceParam wikibase:language ""[AUTO_LANGUAGE],en"" }
}
LIMIT 100",True,,True,,0.0,0.0,0.0,0
13,simple,Show me all hackerspaces on a map.,"SELECT ?hackerspace ?hackerspaceLabel ?coordinates ?image WHERE {
  ?hackerspace wdt:P31 wd:Q1037590 .
  ?hackerspace wdt:P625 ?coordinates .
  OPTIONAL { ?hackerspace wdt:P18 ?image . }
  SERVICE wikibase:label { bd:serviceParam wikibase:language ""en"". }
}",True,,True,,0.0,0.0,0.0,0
14,simple,List the top 20 humans with the highest recorded weight.,"SELECT ?person ?personLabel ?weight ?unitLabel WHERE {
  ?person wdt:P31 wd:Q5 ;
          p:P2067 ?weightStatement .
  ?weightStatement ps:P2067 ?weight ;
                   psv:P2067 ?weightValue .
  ?weightValue wikibase:quantityAmount ?weightAmount ;
               wikibase:quantityUnit ?unit .
  FILTER(?weightAmount > 0)
} 
ORDER BY DESC(?weightAmount) 
LIMIT 20 
SERVICE wikibase:label { bd:serviceParam wikibase:language ""[AUTO_LANGUAGE],en"" }",False,,True,,0.0,0.0,0.0,36
15,simple,Find authors with the full name 'Bill Thompson'.,"SELECT ?author ?authorLabel WHERE {
  ?author wdt:P31 wd:Q5 ;
          wdt:P106 wd:Q482980 ;
          wdt:P2561 ""Bill Thompson""@en .
  SERVICE wikibase:label { bd:serviceParam wikibase:language ""en"". }
}",True,,True,,0.0,0.0,na,0
16,simple,What species are commonly found at Fazenda Tamandua?,"SELECT ?species ?speciesLabel WHERE {
  ?location rdfs:label ""Fazenda Tamandua""@en .
  ?species wdt:P31 wd:Q16521 ;
           wdt:P1589 ?location .
  SERVICE wikibase:label { bd:serviceParam wikibase:language ""en"". }
}",True,,True,,0.0,0.0,0.0,0
17,simple,List all chemical elements along with their symbol and atomic number in ascending order of atomic number.,"SELECT ?element ?elementLabel ?symbol ?atomicNumber WHERE {
  ?element wdt:P31 wd:Q11344 ;
           wdt:P246 ?symbol ;
           wdt:P1086 ?atomicNumber .
  SERVICE wikibase:label { bd:serviceParam wikibase:language ""en"". }
}
ORDER BY ?atomicNumber",True,,True,,1.0,1.0,1.0,522
18,simple,List all CDLI item IDs along with their corresponding labels in every language.,"SELECT ?item ?cdli_id ?label ?lang WHERE {
  ?item wdt:P3593 ?cdli_id .
  ?item rdfs:label ?label .
  BIND(LANG(?label) AS ?lang)
}
ORDER BY ?cdli_id ?lang",False,,False,result_too_large,0.0,0.0,0.0,0
19,simple,Find the Wikipathways citation corpus with corresponding IDs and references.,"SELECT ?pathway ?pathwayLabel ?wikipathwaysId ?reference ?referenceLabel WHERE {
  ?pathway wdt:P2410 ?wikipathwaysId.
  OPTIONAL { ?pathway wdt:P2860 ?reference. }
  SERVICE wikibase:label { bd:serviceParam wikibase:language ""[AUTO_LANGUAGE],en"". }
}",True,,True,,0.0,0.0,0.0,1806
20,simple,Find paintings depicting the Pentecost theme.,"SELECT ?painting ?paintingLabel ?image WHERE {
  ?painting wdt:P31 wd:Q3305213 ;  # instance of painting
            wdt:P921 wd:Q128692 .  # depicts Pentecost
  OPTIONAL { ?painting wdt:P18 ?image . }
  SERVICE wikibase:label { bd:serviceParam wikibase:language ""en"". }
}",True,,True,,0.0,0.0,0.0,0
21,simple,What are some common phrases related to Redewendung?,"SELECT ?phrase ?phraseLabel WHERE {
  ?phrase wdt:P31 wd:Q179700.
  SERVICE wikibase:label { bd:serviceParam wikibase:language ""en"". }
}",True,,True,,0.0,0.0,na,58468
22,simple,List all type foundries and their corresponding typefaces.,"SELECT ?foundry ?foundryLabel ?typeface ?typefaceLabel WHERE {
  ?typeface wdt:P31 wd:Q17451 .  # instance of typeface
  ?typeface wdt:P178 ?foundry .  # developer/foundry
  SERVICE wikibase:label { bd:serviceParam wikibase:language ""[AUTO_LANGUAGE],en"" }
}
ORDER BY ?foundryLabel",True,,True,,0.0104,0.0105,0.0,214
23,simple,List all hill forts in the Atlas with their names written in Irish.,"SELECT ?hillfort ?hillfortLabel WHERE {
  ?hillfort wdt:P31 wd:Q207024;  # instance of hill fort
            wdt:P17 wd:Q183;     # located in the Atlas (considering Atlas Mountains as part of Morocco, Algeria, Tunisia; but specific region ""Atlas"" might be wd:Q59660)
            wdt:P131* wd:Q59660. # located in the Atlas region (optional chain; alternatively, use wdt:P17 wd:Q1028 for broader)
  SERVICE wikibase:label { bd:serviceParam wikibase:language ""ga"" }  # Irish labels
}",True,,True,,0.0,na,na,0
24,simple,Find all items with a 3D model property on Wikidata.,"SELECT ?item ?itemLabel ?model WHERE {
  ?item wdt:P821 ?model .
  SERVICE wikibase:label { bd:serviceParam wikibase:language ""[AUTO_LANGUAGE],en"" }
}",True,,True,,0.0,0.0,0.0,720581
25,simple,Rank countries by their average lifespan.,"SELECT ?country ?countryLabel ?lifeExpectancy WHERE {
  ?country wdt:P31 wd:Q6256 ;
            wdt:P2250 ?lifeExpectancy .
  SERVICE wikibase:label { bd:serviceParam wikibase:language ""[AUTO_LANGUAGE],en"". }
}
ORDER BY DESC(?lifeExpectancy)",True,,True,,0.11,1.0,0.0578,391
26,simple,List the streets in Leiden named after famous people or things.,"SELECT ?street ?streetLabel ?namedAfter ?namedAfterLabel WHERE {
  ?street wdt:P31 wd:Q79007 ;          # instance of street
          wdt:P131 wd:Q43631 ;         # located in Leiden
          wdt:P138 ?namedAfter .       # named after something
  SERVICE wikibase:label { bd:serviceParam wikibase:language ""en"". }
}
ORDER BY ?streetLabel",True,,True,,0.3359,0.5057,0.0,698
27,simple,List the grandchildren of Johann Sebastian Bach.,"SELECT ?grandchild ?grandchildLabel WHERE {
  wd:Q1339 wdt:P40/wdt:P40 ?grandchild .
  SERVICE wikibase:label { bd:serviceParam wikibase:language ""[AUTO_LANGUAGE],en"" }
}",True,,True,,1.0,1.0,na,13
28,simple,List all individuals who studied at the University of Oxford.,"SELECT ?person ?personLabel WHERE {
  ?person wdt:P69 wd:Q34433 .
  SERVICE wikibase:label { bd:serviceParam wikibase:language ""[AUTO_LANGUAGE],en"". }
}",True,,True,,0.0,0.0,0.0,12358
29,simple,List websites associated with projects in the Women's & Gender History DH list.,,False,empty response after retries,False,no_query,0.0,0.0,0.0,0
30,simple,List all monuments in Berlin with their cultural heritage ID and geolocation.,"SELECT ?monument ?monumentLabel ?culturalHeritageId ?geolocation WHERE {
  ?monument wdt:P31 wd:Q4989906 ;  # instance of monument
            wdt:P131 wd:Q64 ;       # located in Berlin
            wdt:P1483 ?culturalHeritageId ;  # cultural heritage ID
            wdt:P625 ?geolocation .  # coordinate location
  SERVICE wikibase:label { bd:serviceParam wikibase:language ""[AUTO_LANGUAGE],en"". }
}",True,,True,,0.0,0.0,0.0,0
31,simple,Find the UniProt IDs of proteins found in Homo sapiens.,"SELECT ?protein ?proteinLabel ?uniprot WHERE {
  ?protein wdt:P31 wd:Q8054 .            # instance of protein
  ?protein wdt:P703 wd:Q15978631 .       # found in taxon Homo sapiens
  ?protein wdt:P352 ?uniprot .           # UniProt ID
  SERVICE wikibase:label { bd:serviceParam wikibase:language ""[AUTO_LANGUAGE],en"" }
}",True,,True,,0.9996,0.9995,0.9996,50129
32,simple,What are the nodes and predicates related to 'Wikidata' in English?,"SELECT ?node ?nodeLabel ?predicate ?predicateLabel WHERE {
  wd:Q2013 ?predicate ?node .
  SERVICE wikibase:label { bd:serviceParam wikibase:language ""en"". }
}",True,,True,,0.0078,0.0183,0.0066,992
33,simple,Find the base form of the word 'bought' in English.,"SELECT ?lexeme ?baseForm WHERE {
  wd:Q1860 wdt:P3452 wd:Q1860. # Ensure we reference English language
  ?lexeme dct:language wd:Q1860;
          wikibase:lemma ""bought""@en.
  ?lexeme ontolex:lexicalForm ?form.
  ?form ontolex:representation ?baseForm;
         wikibase:grammaticalFeature wd:Q1923028. # Base form
}",True,,True,,0.0,na,0.0,0
34,simple,List all taxons and their eponyms.,"SELECT ?taxon ?taxonLabel ?eponym ?eponymLabel WHERE {
  ?taxon wdt:P31 wd:Q16521 ;
         wdt:P138 ?eponym .
  SERVICE wikibase:label { bd:serviceParam wikibase:language ""[AUTO_LANGUAGE],en"". }
}
ORDER BY ?taxonLabel",True,,True,,1.0,1.0,1.0,19958
35,simple,List all items that are instances of goats.,"SELECT ?item ?itemLabel WHERE {
  ?item wdt:P31 wd:Q2934.
  SERVICE wikibase:label { bd:serviceParam wikibase:language ""[AUTO_LANGUAGE],en"". }
}",True,,True,,1.0,1.0,na,18
36,simple,List all the letters in the Swedish alphabet.,"SELECT ?letter ?letterLabel WHERE {
  wd:Q1065705 wdt:P527 ?letter.
  SERVICE wikibase:label { bd:serviceParam wikibase:language ""en,sv"". }
}
ORDER BY ?letterLabel",True,,True,,0.0,na,0.0,0
37,simple,List all colors with their corresponding sRGB hex triplets.,"SELECT?color ?colorLabel ?hex WHERE {
  ?color wdt:P465 ?hex .
  SERVICE wikibase:label { bd:serviceParam wikibase:language ""[AUTO_LANGUAGE],en"". }
}
ORDER BY ?colorLabel",True,,True,,0.0504,0.0375,0.0733,21463
38,medium,List all countries where a pride parade has taken place.,"SELECTDISTINCT ?country ?countryLabel WHERE {
  ?event wdt:P31 wd:Q170050 ;  # instance of pride parade
         wdt:P17 ?country .    # country
  SERVICE wikibase:label { bd:serviceParam wikibase:language ""[AUTO_LANGUAGE],en"". }
}",True,,False,http_400,0.0,0.0,0.0,0
39,medium,What are the longest rivers in the world?,"SELECT ?river ?riverLabel ?length WHERE {
  ?river wdt:P31 wd:Q4022 ;   # instance of river
         wdt:P2043 ?length .  # length
  SERVICE wikibase:label { bd:serviceParam wikibase:language ""en"". }
}
ORDER BY DESC(?length)",False,,True,,0.0086,0.0052,0.0487,66342
40,medium,Find properties that can have organizations as values.,"SELECT ?property ?propertyLabel WHERE {
  ?property a wikibase:Property .
  ?property wdt:P2305 ?constraint .
  ?constraint wdt:P2306 wd:Q43229 .
  SERVICE wikibase:label { bd:serviceParam wikibase:language ""[AUTO_LANGUAGE],en"" }
}",True,,True,,0.0,0.0,0.0,0
41,medium,List all the materials used in paintings along with their labels.,"SELECT ?material ?materialLabel WHERE {
  ?painting wdt:P31 wd:Q3305213 .
  ?painting wdt:P186 ?material .
  SERVICE wikibase:label { bd:serviceParam wikibase:language ""en"". }
}",False,,False,result_too_large,0.0,0.0,0.0,0
42,medium,List all US presidents and their spouses in chronological order.,"SELECT ?president ?presidentLabel ?spouse ?spouseLabel ?startDate WHERE {
  ?president wdt:P39 wd:Q11696 ;
             p:P39 ?positionStatement.
  ?positionStatement ps:P39 wd:Q11696 ;
                     pq:P580 ?startDate.
  OPTIONAL { ?president wdt:P26 ?spouse. }
  SERVICE wikibase:label { bd:serviceParam wikibase:language ""en"". }
}
ORDER BY ?startDate",True,,True,,0.6463,0.9694,0.0,147
43,medium,List the birthplaces of artists whose works are part of the Europeana 280 project.,"SELECT DISTINCT ?artist ?artistLabel ?birthplace ?birthplaceLabel WHERE {
  ?artist wdt:P106 wd:Q483501 ;
          wdt:P569 ?birthdate ;
          wdt:P19 ?birthplace .
  ?work wdt:P170 ?artist ;
        wdt:P361 wd:Q17049428 .
  SERVICE wikibase:label { bd:serviceParam wikibase:language ""[AUTO_LANGUAGE],en"". }
}",True,,True,,0.0,0.0,0.0,0
44,medium,Find books published before 1830 with their places of publication.,"SELECT ?book ?bookLabel ?publicationPlace ?publicationPlaceLabel WHERE {
  ?book wdt:P31 wd:Q571 .
  ?book wdt:P577 ?publicationDate .
  FILTER(?publicationDate < ""1830-01-01T00:00:00Z""^^xsd:dateTime)
  OPTIONAL { ?book wdt:P291 ?publicationPlace . }
  SERVICE wikibase:label { bd:serviceParam wikibase:language ""[AUTO_LANGUAGE],en"". }
}",True,,True,,0.0103,0.0202,0.0,379
45,medium,List the compositions that feature both organ and orchestra.,"SELECT ?composition ?compositionLabel WHERE {
  ?composition wdt:P31 wd:Q207628 .  # instance of musical work/composition
  ?composition wdt:P826 ?instrument1 .  # instrument used
  ?composition wdt:P826 ?instrument2 .
  FILTER(?instrument1 != ?instrument2)
  ?instrument1 wdt:P279* wd:Q1144 .  # organ or subclass thereof
  ?instrument2 wdt:P279* wd:Q1734 .  # orchestra or subclass thereof
  SERVICE wikibase:label { bd:serviceParam wikibase:language ""[AUTO_LANGUAGE],en"". }
}",True,,True,,0.0,0.0,na,0
46,medium,List all masonic lodges with a Wikipedia article but no label.,"SELECT ?item ?itemLabel ?article WHERE {
  ?item wdt:P31 wd:Q1456510.
  ?article schema:about ?item ;
           schema:isPartOf <https://en.wikipedia.org/>.
  FILTER NOT EXISTS { ?item rdfs:label ?label. }
  SERVICE wikibase:label { bd:serviceParam wikibase:language ""en"". }
}",True,,True,,0.0,0.0,0.0,0
47,medium,List all countries that are part of a free trade area.,"SELECT DISTINCT ?country ?countryLabel WHERE {
  ?country wdt:P31 wd:Q6256 .
  ?country wdt:P463 ?fta .
  ?fta wdt:P31 ?ftaType .
  VALUES ?ftaType { wd:Q11213 wd:Q455826 }
  SERVICE wikibase:label { bd:serviceParam wikibase:language ""[AUTO_LANGUAGE],en"" }
}",True,,True,,0.0,0.0,na,0
48,medium,What are the names of pyramids in Egypt?,"SELECT ?pyramid ?pyramidLabel WHERE {
  ?pyramid wdt:P31 wd:Q12502 ;
           wdt:P17 wd:Q79 .
  SERVICE wikibase:label { bd:serviceParam wikibase:language ""en"". }
}",True,,True,,0.0,0.0,0.0,0
49,medium,Show me a map of national parks in Sweden.,"SELECT ?park ?parkLabel ?coords ?image WHERE {
  ?park wdt:P31 wd:Q46169;  # instance of national park
        wdt:P17 wd:Q34;     # country Sweden
        wdt:P625 ?coords.   # coordinate location
  OPTIONAL { ?park wdt:P18 ?image. }
  SERVICE wikibase:label { bd:serviceParam wikibase:language ""en"". }
}",True,,True,,0.2373,0.0,0.3146,86
50,medium,List all UK cabinet ministers along with their positions and dates of death.,"SELECT ?minister ?ministerLabel ?positionLabel ?dateOfDeath WHERE {
  ?minister wdt:P39 wd:Q24060714 ;  # instance of UK cabinet minister
            wdt:P31 wd:Q5 ;         # human
            wdt:P569 ?dateOfDeath . # date of death
  ?minister p:P39 ?positionStatement .
  ?positionStatement ps:P39 ?position .
  SERVICE wikibase:label { bd:serviceParam wikibase:language ""en"". }
}",True,,True,,0.0,0.0,0.0,0
51,medium,List all epic poems with their sitelink counts.,"SELECT ?epicPoem ?epicPoemLabel (COUNT(?sitelink) AS ?sitelinkCount) WHERE {
  ?epicPoem wdt:P31 wd:Q374422.
  ?epicPoem wikibase:sitelink ?sitelink.
  SERVICE wikibase:label { bd:serviceParam wikibase:language ""en"". }
}
GROUP BY ?epicPoem ?epicPoemLabel
ORDER BY DESC(?sitelinkCount)",True,,True,,0.0,na,na,0
52,medium,List all Western films released before 1925 along with their release dates and locations.,"SELECT ?film ?filmLabel ?releaseDate ?locationLabel WHERE {
  ?film wdt:P31 wd:Q11424 ;         # instance of film
        wdt:P136 wd:Q216353 ;       # genre: Western
        wdt:P577 ?releaseDate .     # publication date
  FILTER(?releaseDate < ""1925-01-01T00:00:00Z""^^xsd:dateTime)
  OPTIONAL { ?film wdt:P291 ?location }  # place of publication
  SERVICE wikibase:label { bd:serviceParam wikibase:language ""[AUTO_LANGUAGE],en"" }
}
ORDER BY ?releaseDate",True,,True,,0.0,0.0,0.0,0
53,medium,What are the names of buildings taller than the Eiffel Tower?,"SELECT ?building ?buildingLabel ?height WHERE {
  wd:Q243 wdt:P2048 ?eiffelHeight .
  ?building wdt:P31 wd:Q41176 ;
            wdt:P2048 ?height .
  FILTER(?height > ?eiffelHeight)
  SERVICE wikibase:label { bd:serviceParam wikibase:language ""en"". }
}",True,,True,,0.0551,0.095,0.0382,86
54,medium,Show me a map of countries with their respective sign languages.,"SELECT DISTINCT ?country ?countryLabel ?countryCoords ?signLanguageLabel WHERE {
  ?signLanguage wdt:P31 wd:Q34228 ;  # instance of sign language
                wdt:P17 ?country .    # country
  ?country wdt:P625 ?countryCoords .  # coordinate location
  SERVICE wikibase:label { bd:serviceParam wikibase:language ""en"". }
}
ORDER BY ?countryLabel",True,,True,,0.5731,0.4016,1.0,302
55,medium,List all things that have a first line.,"SELECT ?item ?itemLabel ?firstLine WHERE {
  ?item wdt:P1922 ?firstLine.
  SERVICE wikibase:label { bd:serviceParam wikibase:language ""[AUTO_LANGUAGE],en"". }
}",True,,True,,0.0,0.0,0.0,347561
56,medium,What are the areas of each state in Malaysia?,"SELECT ?state ?stateLabel ?area WHERE {
  ?state wdt:P31 wd:Q180030 ;
         wdt:P2046 ?area .
  SERVICE wikibase:label { bd:serviceParam wikibase:language ""[AUTO_LANGUAGE],en"". }
}
ORDER BY ?stateLabel",True,,True,,0.0,0.0,0.0,0
57,medium,List all racing car drivers who died in a crash.,"SELECTDISTINCT ?driver ?driverLabel ?deathDate ?image WHERE {
  ?driver wdt:P106 wd:Q108403 ;   # occupation: racing car driver
          wdt:P509 wd:Q212108 .   # cause of death: racing accident
  OPTIONAL { ?driver wdt:P570 ?deathDate . }
  OPTIONAL { ?driver wdt:P18 ?image . }
  SERVICE wikibase:label { bd:serviceParam wikibase:language ""[AUTO_LANGUAGE],en"". }
}",True,,False,http_400,0.0,0.0,0.0,0
58,medium,List all movies featuring Bud Spencer as a cast member.,"SELECT ?movie ?movieLabel WHERE {
  ?movie wdt:P31 wd:Q11424 ;        # instance of film
         wdt:P161 wd:Q186654 .      # cast member Bud Spencer
  SERVICE wikibase:label { bd:serviceParam wikibase:language ""[AUTO_LANGUAGE],en"". }
}",True,,True,,0.0,0.0,0.0,0
59,medium,What are the things named after characters from William Shakespeare's works?,"SELECT DISTINCT ?thing ?thingLabel ?character ?characterLabel WHERE {
  ?work wdt:P50 wd:Q692 .
  ?character wdt:P674 ?work .
  ?thing wdt:P138 ?character .
  SERVICE wikibase:label { bd:serviceParam wikibase:language ""[AUTO_LANGUAGE],en"". }
}",True,,True,,0.0,0.0,na,0
60,medium,Find all children of Johann Sebastian Bach with his first wife Maria Barbara Bach.,"SELECT ?child ?childLabel WHERE {
  ?child wdt:P22 wd:Q1339 .
  ?child wdt:P25 wd:Q77484 .
  SERVICE wikibase:label { bd:serviceParam wikibase:language ""[AUTO_LANGUAGE],en"". }
}",True,,True,,0.0,0.0,na,0
61,medium,List all Church of Scotland synods with their corresponding geoshapes.,"SELECT ?synod ?synodLabel ?geoshape WHERE {
  ?synod wdt:P31 wd:Q108705 ; # instance of synod
         wdt:P17 wd:Q145 ;   # country: United Kingdom (Church of Scotland)
         wdt:P3896 ?geoshape . # geoshape property
  SERVICE wikibase:label { bd:serviceParam wikibase:language ""[AUTO_LANGUAGE],en"". }
}",True,,True,,0.0,na,0.0,0
62,medium,List all suburbs in New Zealand along with their coordinates.,"SELECT ?suburb ?suburbLabel ?coord WHERE {
  ?suburb wdt:P31 wd:Q188509 ;  # instance of suburb
          wdt:P17 wd:Q664 ;      # country New Zealand
          wdt:P625 ?coord .      # coordinate location
  SERVICE wikibase:label { bd:serviceParam wikibase:language ""en"". }
}",True,,True,,0.9983,0.9966,1.0,1737
63,medium,List the birthplaces of actors from The Matrix movie.,"SELECT ?actor ?actorLabel ?birthplace ?birthplaceLabel WHERE {
  wd:Q83495 wdt:P161 ?actor .   # The Matrix (Q83495) has cast (P161) ?actor
  ?actor wdt:P106 wd:Q33999 .   # actor has occupation (P106) actor (Q33999)
  ?actor wdt:P19 ?birthplace .  # actor has place of birth (P19) ?birthplace
  SERVICE wikibase:label { bd:serviceParam wikibase:language ""[AUTO_LANGUAGE],en"" }
}",True,,True,,0.25,0.4857,0.0,33
64,medium,What places are within a 1 km radius of the Arc de Triomphe?,"SELECT ?place ?placeLabel ?distance WHERE {
  wd:Q64436 wdt:P625 ?arcLoc .
  SERVICE wikibase:around {
    ?place wdt:P625 ?placeLoc .
    bd:serviceParam wikibase:center ?arcLoc .
    bd:serviceParam wikibase:radius ""1"" .
    bd:serviceParam wikibase:distance ?distance .
  }
  SERVICE wikibase:label { bd:serviceParam wikibase:language ""[AUTO_LANGUAGE],en"" }
}",True,,False,http_500,0.0,0.0,0.0,0
65,medium,List all software developed by the KDE community.,"SELECT ?software ?softwareLabel WHERE {
  ?software wdt:P31/wdt:P279* wd:Q7397 .
  ?software wdt:P178 wd:Q1433376 .
  SERVICE wikibase:label { bd:serviceParam wikibase:language ""[AUTO_LANGUAGE],en"" }
}",True,,True,,0.0,0.0,0.0,0
66,medium,List all places with the most public art installations.,"SELECT ?place ?placeLabel (COUNT(?art) AS ?count) WHERE {
  ?art wdt:P31 wd:Q557523 ;   # public art
       wdt:P131 ?place .      # located in administrative territorial entity
  SERVICE wikibase:label { bd:serviceParam wikibase:language ""[AUTO_LANGUAGE],en"". }
}
GROUP BY ?place
ORDER BY DESC(?count)
LIMIT 20",False,,False,http_400,0.0,0.0,0.0,0
67,medium,List all French municipalities with their corresponding banners.,"SELECT DISTINCT ?municipality ?municipalityLabel ?banner WHERE {
  ?municipality wdt:P31 wd:Q484170 .
  OPTIONAL { ?municipality wdt:P41 ?banner . }
  SERVICE wikibase:label { bd:serviceParam wikibase:language ""en, fr"". }
}",False,,True,,0.0236,0.0243,0.0,46500
68,medium,"List all paintings by Ferdinand Georg Waldmüller in the Belvedere, Vienna.","SELECT ?painting ?paintingLabel WHERE {
  ?painting wdt:P31 wd:Q3305213 .  # instance of painting
  ?painting wdt:P170 wd:Q94710 .   # creator Ferdinand Georg Waldmüller
  ?painting wdt:P195 wd:Q76871 .   # collection Belvedere, Vienna
  SERVICE wikibase:label { bd:serviceParam wikibase:language ""[AUTO_LANGUAGE],en"" }
}",True,,True,,0.0,0.0,0.0,0
69,medium,How many words are listed on Wikidata in languages spoken in India?,"SELECT (COUNT(?lexeme) AS ?count) WHERE {
  ?lexeme a wikibase:Lexeme .
  ?lexeme dct:language ?language .
  ?language wdt:P17 wd:Q668 .
}",True,,True,,0.0,0.0,0.0,1
70,medium,List all images used in more than 10 items.,"SELECT ?image (COUNT(DISTINCT ?item) AS ?count) WHERE {
  ?item wdt:P18 ?image .
}
GROUP BY ?image
HAVING (COUNT(DISTINCT ?item) > 10)",False,,True,,1.0,na,1.0,1168
71,medium,List all politicians who were members of the Whig party.,"SELECT ?politician ?politicianLabel WHERE {
  ?politician wdt:P106 wd:Q82955 ;
              wdt:P102 wd:Q1087004 .
  SERVICE wikibase:label { bd:serviceParam wikibase:language ""en"". }
}",True,,True,,0.0,0.0,na,0
72,medium,"Find parks in Oslo, Norway that are missing images on Wikidata.","SELECT ?park ?parkLabel WHERE {
  wd:Q585 wdt:P625 ?osloCoords .  # Oslo
  ?park wdt:P31 wd:Q22698 ;        # instance of park
        wdt:P131 wd:Q585 .         # located in the administrative territorial entity Oslo
  FILTER NOT EXISTS { ?park wdt:P18 ?image }
  SERVICE wikibase:label { bd:serviceParam wikibase:language ""en"". }
}",True,,True,,0.0,0.0,0.0,0
73,medium,"Show me a map of people's birthplaces, categorized by century.",SELECT ?person ?personLabel ?birthplaceLabel ?coords ?cent,False,,False,http_400,0.0,0.0,0.0,0
74,medium,Find research papers on backward contact tracing and list their DOIs.,"SELECT ?paper ?paperLabel ?doi WHERE {
  ?paper wdt:P31 wd:Q13442814 ;
         wdt:P356 ?doi ;
         wdt:P921 wd:Q107294700 .
  SERVICE wikibase:label { bd:serviceParam wikibase:language ""en"". }
}",True,,True,,0.0,0.0,0.0,0
75,medium,List the notable alumni of University of Reading who have won awards.,"SELECT?person ?personLabel ?award ?awardLabel WHERE {
  ?person wdt:P69 wd:Q214178 ;   # educated at University of Reading
          wdt:P166 ?award .      # award received
  SERVICE wikibase:label { bd:serviceParam wikibase:language ""[AUTO_LANGUAGE],en"". }
}
ORDER BY ?personLabel",True,,True,,0.0,0.0,na,0
76,medium,List all music genres.,"SELECT DISTINCT ?genre ?genreLabel WHERE {
  ?genre wdt:P31 wd:Q188451.
  SERVICE wikibase:label { bd:serviceParam wikibase:language ""[AUTO_LANGUAGE],en"". }
}
ORDER BY ?genreLabel",True,,True,,0.8295,0.9432,0.0,6222
77,medium,List all museums in Tunisia along with their coordinates and images.,"SELECT ?museum ?museumLabel ?coordinates ?image WHERE {
  ?museum wdt:P31/wdt:P279* wd:Q33506 ;  # museums or subclasses
          wdt:P17 wd:Q948 ;              # located in Tunisia
          wdt:P625 ?coordinates .        # coordinates
  OPTIONAL { ?museum wdt:P18 ?image . }
  SERVICE wikibase:label { bd:serviceParam wikibase:language ""[AUTO_LANGUAGE],en"". }
}",True,,True,,0.9821,0.9643,0.9929,220
78,medium,Show me a list of archives on Wikidata along with their coordinates.,"SELECT ?archive ?archiveLabel ?coordinates WHERE {
  ?archive wdt:P31 wd:Q166118 .
  OPTIONAL { ?archive wdt:P625 ?coordinates . }
  SERVICE wikibase:label { bd:serviceParam wikibase:language ""[AUTO_LANGUAGE],en"". }
}",True,,True,,0.5578,0.5951,0.4711,19792
79,medium,Find images of ancient Egyptian rulers.,"SELECT ?ruler ?rulerLabel ?image WHERE {
  ?ruler wdt:P31 wd:Q5 ;
         wdt:P106 wd:Q2304859 ;
         wdt:P18 ?image .
  SERVICE wikibase:label { bd:serviceParam wikibase:language ""en"". }
}",True,,True,,0.06,0.0527,0.0679,2207
80,medium,Find locations on iNaturalist and show them on a map.,"SELECT ?location ?locationLabel ?geo ?image WHERE {
  ?location wdt:P31 wd:Q17334923 ; # instance of iNaturalist location
            wdt:P625 ?geo .        # coordinate location
  OPTIONAL { ?location wdt:P18 ?image . }
  SERVICE wikibase:label { bd:serviceParam wikibase:language ""en"". }
}",True,,True,,0.0,0.0,0.0,180
81,medium,What are the cathedrals in Paris?,"SELECT ?cathedral ?cathedralLabel WHERE {
  ?cathedral wdt:P31 wd:Q2977 ;   # instance of cathedral
             wdt:P131 wd:Q90 .    # located in Paris
  SERVICE wikibase:label { bd:serviceParam wikibase:language ""[AUTO_LANGUAGE],en"". }
}",True,,True,,0.0,0.0,0.0,2
82,medium,"Show me a list of railway stations in France, sorted by the number of tracks they have.","SELECT ?station ?stationLabel ?tracks WHERE {
  ?station wdt:P31/wdt:P279* wd:Q55488 ;   # instance or subclass of railway station
           wdt:P17 wd:Q142 ;               # located in France
           wdt:P1103 ?tracks .             # number of tracks
  SERVICE wikibase:label { bd:serviceParam wikibase:language ""en"". }
}
ORDER BY ?tracks",True,,True,,0.3733,0.6371,0.0,1272
83,medium,List the birds that are native to a region in France.,"SELECT DISTINCT ?bird ?birdLabel ?regionLabel WHERE {
  ?bird wdt:P31 wd:Q16521.  # instance of bird
  ?bird wdt:P17 wd:Q142.    # country France
  ?bird wdt:P183 ?region.   # native to a region
  ?region wdt:P131 ?region. # region is in France (optional, but ensures region is in France)
  SERVICE wikibase:label { bd:serviceParam wikibase:language ""en"". }
}",True,,True,,0.0,0.0,0.0,0
84,medium,List all universities in Mexico along with their founding dates.,"SELECT ?university ?universityLabel ?foundingDate WHERE {
  ?university wdt:P31 wd:Q3918;  # instance of university
              wdt:P17 wd:Q96;    # country Mexico
              wdt:P571 ?foundingDate.  # inception date
  SERVICE wikibase:label { bd:serviceParam wikibase:language ""en"". }
}
ORDER BY ?foundingDate",True,,True,,1.0,1.0,1.0,374
85,medium,Find the places where people named Michael or its variants were born.,"SELECT ?place ?placeLabel WHERE {
  ?person wdt:P735 wd:Q4927524 .  # given name Michael
  ?person wdt:P19 ?place .        # place of birth
  SERVICE wikibase:label { bd:serviceParam wikibase:language ""en"". }
}
GROUP BY ?place ?placeLabel",False,,True,,0.0,0.0,0.0,5813
86,medium,Find properties with missing labels or descriptions in Spanish.,"SELECT ?property ?propertyLabel ?propertyDescription WHERE {
  ?property a wikibase:Property .
  FILTER NOT EXISTS { 
    ?property rdfs:label ?label .
    FILTER(LANG(?label) = ""es"")
  }
  FILTER NOT EXISTS {
    ?property schema:description ?description .
    FILTER(LANG(?description) = ""es"")
  }
  SERVICE wikibase:label { bd:serviceParam wikibase:language ""en"". }
}",True,,True,,0.6895,na,0.6895,7236
87,medium,How many statements are supported by a reference with a DOI?,"SELECT (COUNT(DISTINCT ?statement) AS ?count) WHERE {
  ?statement a wikibase:Statement ;
             prov:wasDerivedFrom ?reference .
  ?reference wdt:P356 ?doi .
}",True,,True,,0.0,na,0.0,1
88,medium,Find images of architectural drawings depicting cathedrals in France.,"SELECT ?image ?item ?itemLabel WHERE {
  ?item wdt:P31 wd:Q5 . # instance of human (not needed, but to ensure it's a drawing)
  ?item wdt:P180 ?cathedral . # depicts a cathedral
  ?cathedral wdt:P31 wd:Q2977 . # instance of cathedral
  ?cathedral wdt:P17 wd:Q142 . # country France
  ?item wdt:P18 ?image . # has image
  SERVICE wikibase:label { bd:serviceParam wikibase:language ""en"". }
}",True,,True,,0.0,0.0,0.0,0
89,medium,What are the most common ingredients used in a sandwich?,"SELECT ?ingredient ?ingredientLabel (COUNT(?sandwich) AS ?count) WHERE {
  ?sandwich wdt:P31 wd:Q28803 ;  # instance of sandwich
            wdt:P527 ?ingredient .   # has part ingredient
  SERVICE wikibase:label { bd:serviceParam wikibase:language ""[AUTO_LANGUAGE],en"" }
}
GROUP BY ?ingredient ?ingredientLabel
ORDER BY DESC(?count)
LIMIT 10",True,,True,,0.0,0.0,0.0,14
90,medium,List all items with an inventory number but no collection.,"SELECT ?item ?itemLabel ?inventoryNumber WHERE {
  ?item wdt:P217 ?inventoryNumber.
  FILTER NOT EXISTS { ?item wdt:P195 ?collection. }
  SERVICE wikibase:label { bd:serviceParam wikibase:language ""[AUTO_LANGUAGE],en"". }
}",False,,True,,0.4717,0.4443,0.5012,18513
91,medium,Find the addresses of city halls in Spain.,"SELECT ?cityhall ?cityhallLabel ?address WHERE {
  ?cityhall wdt:P31 wd:Q251620 ;   # instance of city hall
            wdt:P17 wd:Q29 ;       # country Spain
            wdt:P6375 ?address .   # street address
  SERVICE wikibase:label { bd:serviceParam wikibase:language ""en"". }
}",True,,True,,0.0,na,na,0
92,medium,List all cities and towns in Denmark along with their population and OSM relation IDs.,"SELECT ?city ?cityLabel ?population ?osmRelationId WHERE {
  ?city wdt:P31 wd:Q7930989;  # instance of city or town
        wdt:P17 wd:Q35;       # country Denmark
        wdt:P1082 ?population; # population
        wdt:P402 ?osmRelationId. # OSM relation ID
  SERVICE wikibase:label { bd:serviceParam wikibase:language ""en"". }
}",True,,True,,0.0,0.0,0.0,0
93,medium,What country shares a border with all municipalities in the Basque Country?,"SELECT ?country ?countryLabel WHERE {
  ?country wdt:P31 wd:Q6256 .
  FILTER NOT EXISTS {
    ?municipality wdt:P31 wd:Q15284 ; wdt:P131 wd:Q3995 .
    FILTER NOT EXISTS { ?country wdt:P47 ?municipality . }
  }
  SERVICE wikibase:label { bd:serviceParam wikibase:language ""[AUTO_LANGUAGE],en"". }
}",True,,True,,0.0,0.0,na,217
94,medium,Find photographs of restoration works in French National Archives from the 19th century.,"SELECT ?photo ?photoLabel WHERE {
  ?photo wdt:P31 wd:Q125191 .   # instance of photograph
  ?photo wdt:P180 ?work .       # depicts something
  ?photo wdt:P577 ?date .       # point in time
  ?photo wdt:P195 wd:Q302028 .  # collection: French National Archives
  ?work wdt:P31 wd:Q207250 .    # depicted is a restoration work
  FILTER(YEAR(?date) >= 1801 && YEAR(?date) <= 1900)
  SERVICE wikibase:label { bd:serviceParam wikibase:language ""en"". }
}",True,,True,,0.0,0.0,0.0,0
95,medium,Show a line graph of COVID-19 cases over time for each state in India.,"SELECT ?date ?stateLabel ?cases WHERE {
  wd:Q668 wdt:P31 wd:Q3624078. # COVID-19 is a disease
  ?case wdt:P585 ?date ;
        wdt:P276 ?location ;
        wdt:P1603 ?cases .
  ?location wdt:P17 wd:Q668 . # India
  ?location wdt:P131 ?state .
  SERVICE wikibase:label { bd:serviceParam wikibase:language ""en"". }
}",True,,True,,0.0,0.0,0.0,0
96,medium,List all databases and digital libraries without an official URL.,"SELECT DISTINCT ?entity ?entityLabel WHERE {
  { ?entity wdt:P31 wd:Q8513 } UNION { ?entity wdt:P31 wd:Q212805 }.
  FILTER NOT EXISTS { ?entity wdt:P856 ?url }.
  SERVICE wikibase:label { bd:serviceParam wikibase:language ""[AUTO_LANGUAGE],en"". }
}
ORDER BY ?entityLabel",True,,True,,0.0848,0.0849,0.0,739
97,medium,Show me a map of Slovenian cultural monuments with different colours for each type.,"SELECT ?monument ?monumentLabel ?location ?type ?typeLabel ?color WHERE {
  ?monument wdt:P31 wd:Q219321 ; # instance of cultural monument
            wdt:P17 wd:Q215 ;     # country Slovenia
            wdt:P625 ?location .  # coordinate location
  OPTIONAL { ?monument wdt:P31 ?type . } # type of monument
  BIND(IF(?type = wd:Q219321, ""red"", 
          IF(?type = wd:Q41176, ""blue"", 
          IF(?type = wd:Q4989906, ""green"", ""gray""))) AS ?color)
  SERVICE wikibase:label { bd:serviceParam wikibase:language ""en"". }
}",True,,True,,0.0,0.0,0.0,0
98,medium,List French-speaking female writers with their signatures.,"SELECT ?writer ?writerLabel ?signature WHERE {
  ?writer wdt:P106 wd:Q36180 ;
          wdt:P31 wd:Q5 ;
          wdt:P21 wd:Q6581072 ;
          wdt:P1416 wd:Q150 .
  OPTIONAL { ?writer wdt:P109 ?signature . }
  SERVICE wikibase:label { bd:serviceParam wikibase:language ""[AUTO_LANGUAGE],en"". }
}",True,,True,,0.0,0.0,0.0,0
99,medium,List artworks that feature the Moon as a subject.,"SELECT ?artwork ?artworkLabel ?image WHERE {
  { ?artwork wdt:P31 wd:Q3305213 } UNION { ?artwork wdt:P31 wd:Q838948 }.
  ?artwork wdt:P921 wd:Q405.
  OPTIONAL { ?artwork wdt:P18 ?image. }
  SERVICE wikibase:label { bd:serviceParam wikibase:language ""[AUTO_LANGUAGE],en"". }
}",True,,True,,0.0,na,na,0
100,medium,"Find all grandchildren of Johann Sebastian Bach where the parent is his first wife, Maria Barbara Bach.","SELECT ?grandchild ?grandchildLabel WHERE {
  wd:Q1339 wdt:P26 wd:Q57328 .   # Johann Sebastian Bach married Maria Barbara Bach
  wd:Q1339 wdt:P40 ?child .      # Johann Sebastian Bach has children
  ?child wdt:P22 wd:Q1339 .      # Child's father is Johann Sebastian Bach
  ?child wdt:P25 wd:Q57328 .     # Child's mother is Maria Barbara Bach
  ?grandchild wdt:P22 ?child .   # Grandchild's father is that child
  SERVICE wikibase:label { bd:serviceParam wikibase:language ""en"". }
}",True,,True,,0.0,0.0,na,0
101,medium,List all five-letter English words that start with the letter F.,"PREFIX wd: <http://www.wikidata.org/entity/>
PREFIX wikibase: <http://wikiba.se/ontology#>
PREFIX dct: <http://purl.org/dc/terms/>

SELECT ?lexeme ?lemma WHERE {
  ?lexeme a wikibase:Lexeme ;
          dct:language wd:Q1860 ;
          wikibase:lemma ?lemma .
  FILTER(STRSTARTS(UCASE(?lemma), ""F"") && STRLEN(?lemma) = 5)
}",True,,True,,0.6234,na,0.6234,492
102,medium,Show me a map of remarkable trees in Bulgaria.,"SELECT ?tree ?treeLabel ?coord ?image WHERE {
  ?tree wdt:P31 wd:Q10884 ;          # instance of tree
        wdt:P17 wd:Q219 ;            # country: Bulgaria
        wdt:P625 ?coord .            # coordinate location
  OPTIONAL { ?tree wdt:P18 ?image . }
  SERVICE wikibase:label { bd:serviceParam wikibase:language ""en"". }
}",True,,True,,0.0,na,na,0
103,medium,List the inventors who are members of the Republican Party.,"SELECT ?inventor ?inventorLabel WHERE {
  ?inventor wdt:P106 wd:Q205375 ;
            wdt:P102 wd:Q29468 .
  SERVICE wikibase:label { bd:serviceParam wikibase:language ""en"". }
}",True,,True,,0.0463,0.0467,0.0,33
104,medium,List all websites without an official webpage.,"SELECT ?item ?itemLabel WHERE {
  ?item wdt:P31 wd:Q35127.
  FILTER NOT EXISTS { ?item wdt:P856 ?website. }
  SERVICE wikibase:label { bd:serviceParam wikibase:language ""en"". }
}",True,,True,,0.4368,0.4369,0.0,3463
105,medium,List all external links mentioned in the Wikipedia article about Ashmolean Museum.,,False,empty response after retries,False,no_query,0.0,0.0,0.0,0
106,medium,What organisms live in the vagina?,"SELECT ?organism ?organismLabel WHERE {
  ?organism wdt:P31 wd:Q16521 .  # instance of taxon
  ?organism wdt:P105 wd:Q7432 .  # has rank species (or other appropriate rank)
  ?organism wdt:P171* wd:Q177 .  # subclass of bacteria (or other relevant phyla)
  ?organism wdt:P703 wd:Q105301 . # found in taxon Homo sapiens
  ?organism wdt:P927 wd:Q148 .   # anatomical location vagina
  SERVICE wikibase:label { bd:serviceParam wikibase:language ""[AUTO_LANGUAGE],en"". }
}",True,,True,,0.0,na,0.0,0
107,medium,Find paintings with RKDimages links and display them in an ImageGrid.,"SELECT ?item ?itemLabel ?rkdimages ?image WHERE {
  ?item wdt:P31 wd:Q3305213 .
  ?item wdt:P423 ?rkdimages .
  OPTIONAL { ?item wdt:P18 ?image . }
  SERVICE wikibase:label { bd:serviceParam wikibase:language ""en"" . }
}
LIMIT 100",True,,True,,0.0,0.0,0.0,0
108,medium,Find film directors who have collaborated with Jean-François Stévenin the most.,"SELECT ?director ?directorLabel (COUNT(?film) AS ?collaborations) WHERE {
  ?film wdt:P31 wd:Q11424 ;
        wdt:P57 ?director .
  ?film wdt:P161 wd:Q3165981 .
  SERVICE wikibase:label { bd:serviceParam wikibase:language ""en"". }
}
GROUP BY ?director ?directorLabel
ORDER BY DESC(?collaborations)",True,,True,,0.0,0.0,0.0,0
109,medium,List all Wikidata properties with their IDs and descriptions.,"SELECT ?property ?propertyID ?propertyDescription WHERE {
  ?property a wikibase:Property .
  BIND(STRAFTER(STR(?property), ""http://www.wikidata.org/entity/"") AS ?propertyID)
  SERVICE wikibase:label { bd:serviceParam wikibase:language ""en"". }
}
ORDER BY ?propertyID",True,,True,,0.5,na,0.5,13142
110,medium,List all caves with prehistoric art and their coordinates.,"SELECT ?cave ?caveLabel ?coords WHERE {
  ?cave wdt:P31 wd:Q12198223 ;   # instance of cave with prehistoric art
        wdt:P625 ?coords .       # coordinate location
  SERVICE wikibase:label { bd:serviceParam wikibase:language ""en"". }
}",True,,True,,0.0,0.0,0.0,0
111,medium,Find a list of women who are computational biologists or bioinformaticians.,"SELECT DISTINCT ?person ?personLabel WHERE {
  ?person wdt:P21 wd:Q6581072 .
  { ?person wdt:P106 wd:Q15920988 } UNION { ?person wdt:P106 wd:Q17075793 }
  SERVICE wikibase:label { bd:serviceParam wikibase:language ""en"". }
}
ORDER BY ?personLabel",True,,True,,0.0,0.0,0.0,0
112,medium,List all US states with the letter A in their name.,"SELECT ?state ?stateLabel WHERE {
  ?state wdt:P31 wd:Q35657 .
  ?state wdt:P17 wd:Q30 .
  FILTER(CONTAINS(LCASE(?stateLabel), ""a""))
  SERVICE wikibase:label { bd:serviceParam wikibase:language ""en"" }
}",True,,True,,0.0,0.0,0.0,0
113,medium,"List all people in the Dictionary of Welsh Biography, categorized by their birthplace and gender.","SELECT ?person ?personLabel ?birthplaceLabel ?genderLabel WHERE {
  ?person wdt:P31 wd:Q5 .
  ?person wdt:P9252 ?id .
  OPTIONAL { ?person wdt:P19 ?birthplace . }
  OPTIONAL { ?person wdt:P21 ?gender . }
  SERVICE wikibase:label { bd:serviceParam wikibase:language ""[AUTO_LANGUAGE],en"". }
}
ORDER BY ?personLabel",True,,True,,0.0,0.0,0.0,4
114,medium,List all weather satellites with their launch dates.,"SELECT ?satellite ?satelliteLabel ?launchDate WHERE {
  ?satellite wdt:P31 wd:Q170494 ;
             wdt:P619 ?launchDate .
  SERVICE wikibase:label { bd:serviceParam wikibase:language ""en"". }
}
ORDER BY ?launchDate",True,,True,,0.0,0.0,0.0,0
115,medium,Show me hillforts with their protection status on a map.,"SELECT ?hillfort ?hillfortLabel ?protectionStatusLabel ?coord WHERE {
  ?hillfort wdt:P31 wd:Q105099 .
  OPTIONAL { ?hillfort wdt:P1435 ?protectionStatus . }
  OPTIONAL { ?hillfort wdt:P625 ?coord . }
  SERVICE wikibase:label { bd:serviceParam wikibase:language ""en"". }
}",True,,True,,0.0,0.0,0.0,0
116,medium,List all viaducts in the UK with their heritage designations.,"SELECT ?viaduct ?viaductLabel ?designation ?designationLabel WHERE {
  ?viaduct wdt:P31 wd:Q150784 ;          # instance of viaduct
           wdt:P17 wd:Q145 ;             # located in United Kingdom
           wdt:P1435 ?designation .      # has heritage designation
  SERVICE wikibase:label { bd:serviceParam wikibase:language ""[AUTO_LANGUAGE],en"". }
}
ORDER BY ?viaductLabel",True,,True,,0.0,0.0,0.0,2
117,medium,List all humans who received the Theatre World Award in 2016.,"SELECT ?person ?personLabel WHERE {
  ?person wdt:P31 wd:Q5 ;
          wdt:P166 wd:Q1755990 .
  ?person p:P166 ?awardStatement .
  ?awardStatement ps:P166 wd:Q1755990 ;
                  pq:P585 ""2016-01-01T00:00:00Z""^^xsd:dateTime .
  SERVICE wikibase:label { bd:serviceParam wikibase:language ""[AUTO_LANGUAGE],en"" }
}",True,,True,,0.0,0.0,0.0,0
118,medium,"List all synthesizers manufactured by ARP Instruments, Inc.","SELECT ?synthesizer ?synthesizerLabel WHERE {
  ?synthesizer wdt:P31 wd:Q163651 ;   # instance of synthesizer
               wdt:P176 wd:Q286100 .  # manufacturer ARP Instruments, Inc.
  SERVICE wikibase:label { bd:serviceParam wikibase:language ""en"". }
}",True,,True,,0.0,0.0,0.0,0
119,medium,List all libraries in Austria along with their coordinates.,"SELECT ?library ?libraryLabel ?coords WHERE {
  ?library wdt:P31 wd:Q7075 ;  # instance of library
           wdt:P17 wd:Q40 .    # country Austria
  OPTIONAL { ?library wdt:P625 ?coords . }
  SERVICE wikibase:label { bd:serviceParam wikibase:language ""[AUTO_LANGUAGE],en"". }
}",True,,True,,0.0,0.0,0.0,99
120,medium,List all places where people named Desiree were born.,"SELECT DISTINCT ?place ?placeLabel WHERE {
  ?person wdt:P31 wd:Q5 .
  ?person wdt:P735 wd:Q1249058 .
  ?person wdt:P19 ?place .
  SERVICE wikibase:label { bd:serviceParam wikibase:language ""en"". }
}",True,,True,,0.0,0.0,0.0,0
121,medium,List all the house cats that held the position of Chief Mouser to the Cabinet Office.,"SELECT DISTINCT ?cat ?catLabel WHERE {
  ?cat wdt:P31 wd:Q146 .
  ?cat wdt:P39 wd:Q1072881 .
  SERVICE wikibase:label { bd:serviceParam wikibase:language ""en"". }
}",True,,True,,0.0,na,na,0
122,medium,Find items published in A Compendium of Irish Biography without page numbers.,"SELECT ?item ?itemLabel WHERE {
  ?item wdt:P1433 wd:Q42308166 .
  FILTER NOT EXISTS { ?item wdt:P304 ?page }
  SERVICE wikibase:label { bd:serviceParam wikibase:language ""en"". }
}",True,,True,,0.0,0.0,na,0
123,medium,What are the most popular literary works written in German?,"SELECT ?work ?workLabel ?authorLabel ?sitelinks WHERE {
  ?work wdt:P31/wdt:P279* wd:Q7725634 ;
        wdt:P407 wd:Q188 ;
        wikibase:sitelinks ?sitelinks .
  OPTIONAL { ?work wdt:P50 ?author . }
  SERVICE wikibase:label { bd:serviceParam wikibase:language ""[AUTO_LANGUAGE],en"". }
}
ORDER BY DESC(?sitelinks)
LIMIT 20",False,,True,,0.0,0.0,0.0,0
124,medium,Show me the latest heatwaves that have occurred.,"SELECT ?heatwave ?heatwaveLabel ?startDate ?endDate WHERE {
  ?heatwave wdt:P31 wd:Q182707 .
  OPTIONAL { ?heatwave wdt:P580 ?startDate . }
  OPTIONAL { ?heatwave wdt:P582 ?endDate . }
  SERVICE wikibase:label { bd:serviceParam wikibase:language ""[AUTO_LANGUAGE],en"". }
}
ORDER BY DESC(?startDate)
LIMIT 20",True,,True,,0.0,0.0,0.0,0
125,medium,Show me the list of countries with multiple official languages.,"SELECT ?country ?countryLabel (GROUP_CONCAT(DISTINCT ?languageLabel; SEPARATOR="", "") AS ?languages) WHERE {
  ?country wdt:P31 wd:Q3624078 ; # instance of sovereign state
           wdt:P37 ?language .   # official language
  {
    SELECT ?country (COUNT(DISTINCT ?language) AS ?langCount) WHERE {
      ?country wdt:P31 wd:Q3624078 ;
               wdt:P37 ?language .
    }
    GROUP BY ?country
    HAVING(?langCount >= 2)
  }
  SERVICE wikibase:label { bd:serviceParam wikibase:language ""[AUTO_LANGUAGE],en"". }
}
GROUP BY ?country ?countryLabel
ORDER BY ?countryLabel",True,,True,,1.0,1.0,na,85
126,medium,List Czech buildings that serve as both a place of worship and a fire station.,"SELECT ?building ?buildingLabel WHERE {
  ?building wdt:P31 wd:Q41176 .  # instance of (P31) building (Q41176)
  ?building wdt:P17 wd:Q213 .    # country (P17) Czech Republic (Q213)
  ?building wdt:P31/wdt:P279* wd:Q16970 .  # subclass of place of worship (Q16970)
  ?building wdt:P31/wdt:P279* wd:Q105543609 .  # subclass of fire station (Q105543609)
  SERVICE wikibase:label { bd:serviceParam wikibase:language ""[AUTO_LANGUAGE],en"". }
}",True,,True,,0.0,0.0,0.0,0
127,medium,List all Mexican presidents with their signature images on Wikidata.,"SELECT ?president ?presidentLabel ?signature WHERE {
  ?president wdt:P31 wd:Q5 ;
             wdt:P39 wd:Q936870 ;
             wdt:P109 ?signature .
  SERVICE wikibase:label { bd:serviceParam wikibase:language ""en"". }
}",True,,True,,0.0,0.0,0.0,0
128,medium,List all megaliths in the Basque Country with their coordinates.,"SELECT ?megalith ?megalithLabel ?coords WHERE {
  ?megalith wdt:P31 wd:Q174682 ;   # instance of megalith
            wdt:P131 wd:Q81949 ;   # located in Basque Country
            wdt:P625 ?coords .     # coordinate location
  SERVICE wikibase:label { bd:serviceParam wikibase:language ""en"". }
}",True,,True,,0.0,0.0,0.0,0
129,medium,What are the names of spacecraft and their inspirations?,"SELECT ?spacecraft ?spacecraftLabel ?inspiration ?inspirationLabel WHERE {
  ?spacecraft wdt:P31 wd:Q40218 .
  OPTIONAL { ?spacecraft wdt:P941 ?inspiration . }
  SERVICE wikibase:label { bd:serviceParam wikibase:language ""[AUTO_LANGUAGE],en"". }
}",True,,True,,0.0027,0.0027,na,389
130,medium,List all National Trust properties in the UK along with their coordinates.,"SELECT ?property ?propertyLabel ?coordinates WHERE {
  ?property wdt:P31 wd:Q5 . # Instance of human (placeholder, adjust as needed)
  ?property wdt:P17 wd:Q145 . # Country: United Kingdom
  ?property wdt:P463 wd:Q333515 . # Member of: National Trust
  ?property wdt:P625 ?coordinates . # Coordinate location
  SERVICE wikibase:label { bd:serviceParam wikibase:language ""en"". }
}",True,,True,,0.0,0.0,0.0,0
131,medium,Show me the top 50 longest cars in the world.,"SELECT ?car ?carLabel ?length WHERE {
  ?car wdt:P31 wd:Q1420 .
  ?car wdt:P2043 ?length .
  SERVICE wikibase:label { bd:serviceParam wikibase:language ""en"". }
}
ORDER BY DESC(?length)
LIMIT 50",True,,True,,0.1635,0.1494,0.1806,94
132,medium,Find paintings that are taller than they are wide and show me the images.,"SELECT ?painting ?paintingLabel ?image WHERE {
  ?painting wdt:P31 wd:Q3305213 ;
            wdt:P2048 ?height ;
            wdt:P2049 ?width ;
            wdt:P18 ?image .
  FILTER(?height > ?width)
  SERVICE wikibase:label { bd:serviceParam wikibase:language ""en"". }
}",True,,True,,0.0214,0.0213,0.0215,337316
133,medium,List the hometowns of all current US Senators.,"SELECT ?senator ?senatorLabel ?hometown ?hometownLabel WHERE {
  ?senator wdt:P39 wd:Q4416090 ;  # position held: United States senator
           wdt:P551 ?hometown .   # residence (hometown)
  SERVICE wikibase:label { bd:serviceParam wikibase:language ""en"". }
}",True,,True,,0.0,0.0,na,477
134,medium,List all the settlements along the Way of Saint James in Basque Country.,"SELECT ?settlement ?settlementLabel WHERE {
  ?settlement wdt:P31 wd:Q486972 ; # instance of human settlement
    wdt:P131 wd:Q81949 . # located in the administrative territorial entity of Basque Country
  ?settlement wdt:P361 ?way . # part of some way
  ?way wdt:P31 wd:Q134159 . # instance of Way of Saint James
  SERVICE wikibase:label { bd:serviceParam wikibase:language ""[AUTO_LANGUAGE],en"". }
}",True,,True,,0.0,0.0,0.0,0
135,medium,"What are the English, Welsh and Scottish counties that share borders?","SELECT ?county1 ?county1Label ?county2 ?county2Label WHERE {
  ?county1 wdt:P31 wd:Q28575 ;  # instance of county
           wdt:P17 ?country1 .   # country
  ?county2 wdt:P31 wd:Q28575 ;
           wdt:P17 ?country2 .
  FILTER(?country1 IN (wd:Q145, wd:Q25, wd:Q22))  # England, Wales, Scotland
  FILTER(?country2 IN (wd:Q145, wd:Q25, wd:Q22))
  FILTER(?county1 != ?county2)
  ?county1 wdt:P47 ?county2 .   # shares border with
  SERVICE wikibase:label { bd:serviceParam wikibase:language ""en"". }
}
ORDER BY ?county1Label ?county2Label",True,,True,,0.0,na,na,0
136,medium,List Indian people who died in 1959 and whose work is now public domain.,"SELECT ?person ?personLabel ?dateOfDeath ?work ?workLabel WHERE {
  ?person wdt:P27 wd:Q668 ;
          wdt:P31 wd:Q5 ;
          wdt:P569 ?dateOfBirth ;
          wdt:P570 ?dateOfDeath .
  FILTER(YEAR(?dateOfDeath) = 1959)
  ?work wdt:P50 ?person .
  FILTER(?dateOfDeath + INTERVAL 60 YEAR <= ""2025-01-01""^^xsd:dateTime)
  SERVICE wikibase:label { bd:serviceParam wikibase:language ""[AUTO_LANGUAGE],en"" }
}",False,,False,http_400,0.0,0.0,0.0,0
137,medium,"List the top 100 lexemes with their corresponding lemmas, ordered by frequency of compound parts.","PREFIX wd: <http://www.wikidata.org/entity/>
PREFIX wdt: <http://www.wikidata.org/prop/direct/>
PREFIX wikibase: <http://wikiba.se/ontology#>

SELECT ?part ?lemma (COUNT(DISTINCT ?compound) AS ?frequency) WHERE {
  ?compound wdt:P527 ?part .
  ?compound wikibase:lemma [] .   # ensure compound is a lexeme
  ?part wikibase:lemma ?lemma .
  FILTER(LANG(?lemma) = ""en"")    # keep English lemmas
} GROUP BY ?part ?lemma ORDER BY DESC(?frequency) LIMIT 100",True,,True,,0.0,na,0.0,0
138,medium,List all humans without children.,"SELECT ?human ?humanLabel WHERE {
  ?human wdt:P31 wd:Q5.
  FILTER NOT EXISTS { ?human wdt:P40 ?child. }
  SERVICE wikibase:label { bd:serviceParam wikibase:language ""[AUTO_LANGUAGE],en"". }
}",False,,False,result_too_large,0.0,0.0,0.0,0
139,medium,List all rivers in Antarctica.,"SELECT DISTINCT ?river ?riverLabel WHERE {
  ?river wdt:P31 wd:Q4022 ;
         wdt:P30 wd:Q51 .",False,,False,http_400,0.0,0.0,0.0,0
140,medium,Show me a map of libraries located in Austria.,"SELECT ?library ?libraryLabel ?coord ?image ?website WHERE {
  ?library wdt:P31 wd:Q7075 ;   # instance of library
           wdt:P17 wd:Q40 ;     # country Austria
           wdt:P625 ?coord .     # coordinate location
  OPTIONAL { ?library wdt:P18 ?image . }
  OPTIONAL { ?library wdt:P856 ?website . }
  SERVICE wikibase:label { bd:serviceParam wikibase:language ""en"". }
}",True,,True,,0.0315,0.0317,0.0313,148
141,medium,List all politicians who died from cancer.,"SELECT ?politician ?politicianLabel WHERE {
  ?politician wdt:P106 wd:Q82955 ;
              wdt:P509 wd:Q12078 .
  SERVICE wikibase:label { bd:serviceParam wikibase:language ""en"". }
}",True,,True,,0.1997,0.3962,0.0,1432
142,medium,List the most popular heritage sites based on their sitelinks.,"SELECT ?heritageSite ?heritageSiteLabel ?sitelinksCount WHERE {
  ?heritageSite wdt:P1435 wd:Q9259.  # instance of heritage site
  ?heritageSite wikibase:sitelinks ?sitelinksCount.
  SERVICE wikibase:label { bd:serviceParam wikibase:language ""[AUTO_LANGUAGE],en"". }
}
ORDER BY DESC(?sitelinksCount)
LIMIT 10",True,,True,,0.0,na,na,0
143,medium,List Belgian artists who died in 1949 and will have their work enter the public domain in 2020.,"SELECT ?person ?personLabel ?deathDate WHERE {
  ?person wdt:P106 wd:Q483501 ;
          wdt:P27 wd:Q31 ;
          wdt:P570 ?deathDate .
  FILTER(YEAR(?deathDate) = 1949)
  SERVICE wikibase:label { bd:serviceParam wikibase:language ""[AUTO_LANGUAGE],en"" }
}",True,,True,,0.0144,0.0145,0.0143,4
144,medium,List the top magic schools by student enrollment.,"SELECT ?school ?schoolLabel ?enrollment WHERE {
  ?school wdt:P31 wd:Q3918 . # instance of school
  ?school wdt:P2196 ?enrollment . # student enrollment
  SERVICE wikibase:label { bd:serviceParam wikibase:language ""en"" }
}
ORDER BY DESC(?enrollment)
LIMIT 10",True,,True,,0.0,0.0,0.0,20
145,medium,List the countries of origin for people affiliated with Ghana's top 3 traditional universities.,"SELECT DISTINCT ?country ?countryLabel WHERE {
  # Top 3 traditional universities in Ghana: University of Ghana, Kwame Nkrumah University of Science and Technology, University of Cape Coast
  VALUES ?university { wd:Q1049096 wd:Q1799601 wd:Q2302206 }
  ?person wdt:P69 ?university .
  ?person wdt:P27 ?country .
  SERVICE wikibase:label { bd:serviceParam wikibase:language ""[AUTO_LANGUAGE],en"" }
}",True,,True,,0.0,na,0.0,0
146,medium,List all male Americans born between 1875 and 1930 with exact dates of death but only year-specific birthdates.,"SELECT ?person ?personLabel ?birthdate ?deathdate WHERE {
  ?person wdt:P31 wd:Q5 ;          # instance of human
          wdt:P21 wd:Q6581097 ;    # male
          wdt:P27 wd:Q30 ;         # citizenship United States
          wdt:P569 ?birthdate ;    # date of birth
          wdt:P570 ?deathdate .    # date of death
  FILTER(YEAR(?birthdate) >= 1875 && YEAR(?birthdate) <= 1930)
  BIND(wikibase:timePrecision(?birthdate) AS ?birthPrecision)
  BIND(wikibase:timePrecision(?deathdate) AS ?deathPrecision)
  FILTER(?birthPrecision = 9)    # only year precision for birth
  FILTER(?deathPrecision >= 11)  # exact date (day precision) for death
  SERVICE wikibase:label { bd:serviceParam wikibase:language ""[AUTO_LANGUAGE],en"". }
}
ORDER BY ?personLabel",False,,False,http_400,0.0,0.0,0.0,0
147,medium,List the French towns that have a street in Paris named after them.,"SELECT DISTINCT ?town ?townLabel WHERE {
  ?street wdt:P31 wd:Q79007 ;      # instance of street
          wdt:P131 wd:Q90 ;        # located in Paris
          wdt:P138 ?town .         # named after the town
  ?town wdt:P17 wd:Q142 .         # country France (ensures French towns)
  SERVICE wikibase:label { bd:serviceParam wikibase:language ""[AUTO_LANGUAGE],en"". }
}",True,,True,,0.1389,0.1724,0.0,367
148,medium,Show me a map of German states with links to iNaturalist observations.,"SELECT ?state ?stateLabel ?coords ?iNaturalistLink WHERE {
  ?state wdt:P31 wd:Q1221156;   # German state
         wdt:P625 ?coords;
         wdt:P4094 ?placeId.    # iNaturalist place ID
  BIND(CONCAT(""https://www.inaturalist.org/observations?place_id="", STR(?placeId)) AS ?iNaturalistLink)
  SERVICE wikibase:label { bd:serviceParam wikibase:language ""en"". }
}",True,,True,,0.0,0.0,0.0,0
149,medium,What are the Alpine peaks with an elevation above 1500 meters?,"SELECT ?peak ?peakLabel ?elevation WHERE {
  ?peak wdt:P31 wd:Q207326 ;        # mountain peak
        wdt:P4552 wd:Q123 ;         # mountain range = Alps
        wdt:P2044 ?elevation .      # elevation
  FILTER(?elevation > 1500)
  SERVICE wikibase:label { bd:serviceParam wikibase:language ""en"". }
}
ORDER BY DESC(?elevation)",True,,True,,0.0,na,na,0
150,medium,Show me the locations of Pablo Picasso's artworks on a map.,"SELECT ?artwork ?artworkLabel ?location ?locationLabel ?coordinates WHERE {
  ?artwork wdt:P170 wd:Q5593 .
  OPTIONAL { ?artwork wdt:P276 ?location . }
  OPTIONAL { ?location wdt:P625 ?coordinates . }
  SERVICE wikibase:label { bd:serviceParam wikibase:language ""[AUTO_LANGUAGE],en"". }
}",False,,False,result_too_large,0.0,0.0,0.0,0
151,medium,Find scientific statements related to the DOI 10.10.21/JA01577A030.,"SELECT ?statement ?statementLabel ?property ?value WHERE {
  wd:Q11173 p:P356 [ ps:P356 ""10.10.21/JA01577A030"" ] .
  ?subject ?p ?statement .
  ?statement ?ps ?value .
  ?property wikibase:directClaim ?ps .
  FILTER(?p = wdt:P31 || ?p = wdt:P2860 || ?p = wdt:P921 || ?p = wdt:P361)
  SERVICE wikibase:label { bd:serviceParam wikibase:language ""[AUTO_LANGUAGE],en"". }
}",True,,True,,0.0,0.0,0.0,0
152,medium,List all Hebrew nouns that can be both masculine and feminine.,"SELECT ?noun ?nounLabel WHERE {
  ?noun wdt:P31 wd:Q1084 ;   # instance of noun
         wdt:P5185 ?gender .  # grammatical gender
  FILTER(?gender IN (wd:Q499327, wd:Q1775415))  # masculine and feminine
  SERVICE wikibase:label { bd:serviceParam wikibase:language ""he,en"" }
}",True,,True,,0.0,na,0.0,0
153,medium,List all winners of the FSF Award for the Advancement of Free Software along with their images.,"SELECT ?person ?personLabel ?image WHERE {
  ?person wdt:P166 wd:Q1389900 .
  OPTIONAL { ?person wdt:P18 ?image . }
  SERVICE wikibase:label { bd:serviceParam wikibase:language ""[AUTO_LANGUAGE],en"". }
}",True,,True,,0.0,na,0.0,0
154,medium,Find images of languages and their dialects.,"SELECT ?item ?itemLabel ?image WHERE {
  { ?item wdt:P31 wd:Q34770. } UNION { ?item wdt:P31 wd:Q33384. }
  ?item wdt:P18 ?image.
  SERVICE wikibase:label { bd:serviceParam wikibase:language ""[AUTO_LANGUAGE],en"". }
}
ORDER BY ?itemLabel",True,,True,,0.3776,0.3745,0.3805,687
155,medium,"Show me a map of parishes in New South Wales, Australia, organized by county.","SELECT ?parishLabel ?countyLabel ?coord WHERE {
  ?parish wdt:P31 wd:Q7134970 ;        # instance of parish of New South Wales
          wdt:P131 ?county .           # located in county
  ?county wdt:P31 wd:Q3331125 ;        # instance of county of New South Wales
          wdt:P131 wd:Q3224 .          # located in New South Wales
  OPTIONAL { ?parish wdt:P625 ?coord . }
  SERVICE wikibase:label { bd:serviceParam wikibase:language ""[AUTO_LANGUAGE],en"". }
}
ORDER BY ?countyLabel",True,,True,,0.0,0.0,0.0,0
156,medium,List all organizations with their geographic locations.,"SELECT ?org ?orgLabel ?location ?locationLabel WHERE {
  ?org wdt:P31 wd:Q43229 ;  # instance of organization
       wdt:P276 ?location . # location
  SERVICE wikibase:label { bd:serviceParam wikibase:language ""[AUTO_LANGUAGE],en"" }
}",False,,True,,0.0006,0.0007,0.0,6448
157,medium,List all French watercraft whose name begins with the letter A.,"SELECT DISTINCT ?watercraft ?watercraftLabel WHERE {
  ?watercraft wdt:P31/wdt:P279* wd:Q1229765 ;  # instance or subclass of watercraft
              wdt:P17 wd:Q142 .                # country France
  SERVICE wikibase:label { bd:serviceParam wikibase:language ""en"". }
  FILTER(STRSTARTS(?watercraftLabel, ""A""))
}
ORDER BY ?watercraftLabel",True,,True,,0.0,na,na,0
158,medium,List Indian films that are remakes of other Indian movies.,"SELECT ?film ?filmLabel ?originalFilm ?originalFilmLabel WHERE {
  ?film wdt:P31 wd:Q289542 ;   # instance of remake
        wdt:P495 wd:Q668 ;     # country of origin India
        wdt:P155 ?originalFilm . # the film it remakes
  ?originalFilm wdt:P31 wd:Q11424 ; # original is a film
                wdt:P495 wd:Q668 .   # also Indian
  SERVICE wikibase:label { bd:serviceParam wikibase:language ""[AUTO_LANGUAGE],en"". }
}",True,,True,,0.0,0.0,na,0
159,medium,List the countries with the most metal bands.,"SELECT ?country ?countryLabel (COUNT(DISTINCT ?band) AS ?count) WHERE {
  ?band wdt:P31 wd:Q215380 ;   # instance of band or musical group
        wdt:P136 wd:Q11424 ;   # genre metal
        wdt:P495 ?country .    # country of origin
  ?country wdt:P31 wd:Q3624078 .  # ensure it's a sovereign state
  SERVICE wikibase:label { bd:serviceParam wikibase:language ""en"". }
}
GROUP BY ?country ?countryLabel
ORDER BY DESC(?count)",True,,True,,0.0,na,0.0,0
160,medium,List all popes who had a parent that was also a pope.,"SELECT ?pope ?popeLabel ?parentPope ?parentPopeLabel WHERE {
  ?pope wdt:P31 wd:Q5 ;
        wdt:P106 wd:Q19546 ;
        wdt:P22|wdt:P25 ?parentPope .
  ?parentPope wdt:P31 wd:Q5 ;
              wdt:P106 wd:Q19546 .
  SERVICE wikibase:label { bd:serviceParam wikibase:language ""[AUTO_LANGUAGE],en"". }
}",True,,True,,0.0,0.0,na,0
161,medium,List all locations with the name 'Earth' in any language.,"SELECT ?location ?locationLabel WHERE {
  ?location wdt:P31 wd:Q17334923.
  ?location rdfs:label ?label.
  FILTER(CONTAINS(LCASE(?label), ""earth""))
  SERVICE wikibase:label { bd:serviceParam wikibase:language ""[AUTO_LANGUAGE],en"". }
}",True,,True,,0.0,na,na,0
162,medium,List scientific papers where an animal is credited as a co-author.,"PREFIX wd: <http://www.wikidata.org/entity/>
PREFIX wdt: <http://www.wikidata.org/prop/direct/>

SELECT ?paper ?paperLabel ?animal ?animalLabel WHERE {
  ?paper wdt:P31 wd:Q13442814 .
  ?paper wdt:P50 ?animal .
  ?animal wdt:P31/wdt:P279* wd:Q729 .
  SERVICE wikibase:label { bd:serviceParam wikibase:language ""[AUTO_LANGUAGE],en"" }
}
ORDER BY ?paperLabel",True,,False,result_too_large,0.0,0.0,0.0,0
163,medium,List all archaeological sites without coordinates.,"SELECT ?site ?siteLabel WHERE {
  ?site wdt:P31 wd:Q839954.
  FILTER NOT EXISTS { ?site wdt:P625 ?coordinates. }
  SERVICE wikibase:label { bd:serviceParam wikibase:language ""[AUTO_LANGUAGE],en"". }
}
ORDER BY ?siteLabel",True,,True,,0.7438,0.7441,0.0,6830
164,medium,List national flags that have inscriptions on them.,"SELECT ?flag ?flagLabel ?inscription WHERE {
  ?flag wdt:P31 wd:Q186516;   # instance of national flag
        wdt:P1686 ?inscription.   # has inscription
  SERVICE wikibase:label { bd:serviceParam wikibase:language ""en"". }
}",True,,True,,0.0,0.0,0.0,0
165,medium,Find individuals with both UK National Archives and US NARA IDs.,"SELECT ?person ?personLabel ?ukna ?usnara WHERE {
  ?person wdt:P3029 ?ukna ;
          wdt:P1225 ?usnara .
  SERVICE wikibase:label { bd:serviceParam wikibase:language ""[AUTO_LANGUAGE],en"". }
}",True,,True,,0.0,0.0,0.0,1040
166,medium,List countries with featured articles on Russian Wikipedia.,"SELECT ?country ?countryLabel WHERE {
  ?country wdt:P31 wd:Q6256 ;
           wdt:P1416 wd:Q206855 .
  SERVICE wikibase:label { bd:serviceParam wikibase:language ""en"". }
}
ORDER BY ?countryLabel",True,,True,,0.0,na,na,0
167,medium,List all fortifications related to the Dutch East India Company (VOC) and the Dutch West India Company (WIC).,"SELECT ?item ?itemLabel ?image ?companyLabel WHERE {
  {
    ?item wdt:P31/wdt:P279* wd:Q57821 ;
          wdt:P127 wd:Q183259 .
    BIND(""VOC"" AS ?companyLabel)
  }
  UNION
  {
    ?item wdt:P31/wdt:P279* wd:Q57821 ;
          wdt:P127 wd:Q132447 .
    BIND(""WIC"" AS ?companyLabel)
  }
  OPTIONAL { ?item wdt:P18 ?image . }
  SERVICE wikibase:label { bd:serviceParam wikibase:language ""en, fr, de, it, es"". }
}",True,,True,,0.0,0.0,0.0,0
168,medium,List all movies directed by Jean-Luc Godard in chronological order.,"SELECT ?movie ?movieLabel ?publicationDate WHERE {
  ?movie wdt:P31 wd:Q11424 ;          # instance of film
         wdt:P57 wd:Q51547 .          # directed by Jean-Luc Godard (Q51547)
  OPTIONAL { ?movie wdt:P577 ?publicationDate . }
  SERVICE wikibase:label { bd:serviceParam wikibase:language ""[AUTO_LANGUAGE],en"". }
}
ORDER BY ?publicationDate",True,,True,,0.0391,0.0,0.0787,111
169,medium,Show me a map of the birthplaces of artists featured in Europeana 280.,"SELECT ?artist ?artistLabel ?birthplace ?birthplaceLabel ?coordinates WHERE {
  ?artist wdt:P31 wd:Q5 ;
          wdt:P106 wd:Q483501 ;
          wdt:P1931 wd:Q27079419 ;
          wdt:P19 ?birthplace .
  ?birthplace wdt:P625 ?coordinates .
  SERVICE wikibase:label { bd:serviceParam wikibase:language ""[AUTO_LANGUAGE],en"". }
}",True,,True,,0.0,0.0,0.0,0
170,medium,List the people who have both a warship and a microarchitecture named after them.,"SELECT ?person ?personLabel WHERE {
  ?person wdt:P31 wd:Q5 ;
          wdt:P138 ?warship .
  ?person wdt:P138 ?microarchitecture .
  ?warship wdt:P31 wd:Q188784 .
  ?microarchitecture wdt:P31 wd:Q1756397 .
  SERVICE wikibase:label { bd:serviceParam wikibase:language ""en"" }
}",True,,True,,0.0,na,na,0
171,medium,List all types of food in English.,"SELECT ?food ?foodLabel WHERE {
  ?food wdt:P31 wd:Q2095.
  SERVICE wikibase:label { bd:serviceParam wikibase:language ""en"". }
}",True,,True,,0.0,0.0,0.0,2104
172,medium,List all female artists.,"SELECT ?artist ?artistLabel WHERE {
  ?artist wdt:P31 wd:Q5 ;
          wdt:P21 wd:Q6581072 ;
          wdt:P106 wd:Q483501 .
  SERVICE wikibase:label { bd:serviceParam wikibase:language ""en"". }
}",True,,True,,0.0013,0.0013,na,24293
173,medium,List all paintings that are classified as still life and were created by female artists.,"SELECT DISTINCT ?painting ?paintingLabel ?creatorLabel ?image WHERE {
  ?painting wdt:P31 wd:Q3305213 ;   # instance of painting
            wdt:P136 wd:Q170571 ;    # genre still life
            wdt:P170 ?creator .      # creator
  ?creator wdt:P21 wd:Q6581072 .     # gender female
  OPTIONAL { ?painting wdt:P18 ?image . }
  SERVICE wikibase:label { bd:serviceParam wikibase:language ""[AUTO_LANGUAGE],en"". }
}
ORDER BY ?paintingLabel",True,,True,,0.4223,0.2856,0.8,2225
174,medium,List all articles about Wikidata instances.,"SELECT ?item ?itemLabel ?sitelink WHERE {
  ?item wikibase:sitelink ?sitelink .
  SERVICE wikibase:label { bd:serviceParam wikibase:language ""en"". }
}",True,,True,,0.0,0.0,na,0
175,medium,Find statements with a specific value assigned to property P1343 and retrieve their references.,"SELECT ?statement ?reference ?value WHERE {
  ?statement a wikibase:Statement ;
             p:P1343 ?statementValue .
  ?statementValue ps:P1343 ?value .
  OPTIONAL { ?statementValue prov:wasDerivedFrom ?reference . }
}",True,,True,,0.0,0.0,0.0,0
176,medium,Show me a map of lakes and rivers in France.,"SELECT ?item ?itemLabel ?coordinates ?image WHERE {
  ?item wdt:P31/wdt:P279* wd:Q23397 .  # instance/subclass of lake
  ?item wdt:P17 wd:Q142 .            # country France
  OPTIONAL { ?item wdt:P625 ?coordinates . }
  OPTIONAL { ?item wdt:P18 ?image . }
  SERVICE wikibase:label { bd:serviceParam wikibase:language ""en"". }
}
UNION
SELECT ?item ?itemLabel ?coordinates ?image WHERE {
  ?item wdt:P31/wdt:P279* wd:Q4022 .  # instance/subclass of river
  ?item wdt:P17 wd:Q142 .            # country France
  OPTIONAL { ?item wdt:P625 ?coordinates . }
  OPTIONAL { ?item wdt:P18 ?image . }
  SERVICE wikibase:label { bd:serviceParam wikibase:language ""en"". }
}",False,,False,http_400,0.0,0.0,0.0,0
177,medium,Find paintings of ships created by Charles Heaphy.,"SELECT ?painting ?paintingLabel ?image WHERE {
  ?painting wdt:P31 wd:Q3305213 ;
            wdt:P170 wd:Q5079046 ;
            wdt:P180 wd:Q11446 .
  OPTIONAL { ?painting wdt:P18 ?image . }
  SERVICE wikibase:label { bd:serviceParam wikibase:language ""en"". }
}",True,,True,,0.0,0.0,0.0,0
178,medium,Show me a map of images from the Wicipics project in Wales.,"SELECT ?item ?itemLabel ?image ?coord WHERE {
  ?item wdt:P31 wd:Q5 ; # instance of human (or adjust as needed)
        wdt:P18 ?image ; # image property
        wdt:P625 ?coord . # coordinate location
  ?item wdt:P1343 wd:Q17041364 . # described by source Wicipics
  SERVICE wikibase:label { bd:serviceParam wikibase:language ""en"". }
  FILTER(STRSTARTS(STR(?coord), ""Point(""))
}",True,,True,,0.0,0.0,0.0,0
179,medium,List all poets from the Kingdom of Great Britain with known birth and death years.,"SELECT ?person ?personLabel ?birth ?death WHERE {
  ?person wdt:P106 wd:Q49757 ;  # occupation: poet
          wdt:P27 wd:Q161885 ;  # country of citizenship: Kingdom of Great Britain
          wdt:P569 ?birth ;     # birth date
          wdt:P570 ?death .     # death date
  SERVICE wikibase:label { bd:serviceParam wikibase:language ""[AUTO_LANGUAGE],en"". }
}
ORDER BY ?birth",True,,True,,0.2713,0.9909,0.0,1301
180,medium,List all coups d'etat that occurred in the 21st century.,"SELECT ?coup ?coupLabel ?date ?image WHERE {
  ?coup wdt:P31 wd:Q45382;
        wdt:P585 ?date.
  OPTIONAL { ?coup wdt:P18 ?image. }
  FILTER(?date >= ""2000-01-01""^^xsd:dateTime)
  SERVICE wikibase:label { bd:serviceParam wikibase:language ""en"". }
}
ORDER BY ?date",True,,True,,0.0,na,na,0
181,medium,List all Wikidata entities with multiple Electronic Enlightenment IDs.,"SELECT ?item ?itemLabel (COUNT(?id) AS ?count) WHERE {
  ?item wdt:P1802 ?id .
  SERVICE wikibase:label { bd:serviceParam wikibase:language ""[AUTO_LANGUAGE],en"". }
}
GROUP BY ?item ?itemLabel
HAVING (COUNT(?id) > 1)",True,,True,,0.0037,0.0035,0.3333,149
182,medium,List German movie titles that imply someone or something doesn't answer.,"SELECT DISTINCT ?movie ?movieLabel WHERE {
  ?movie wdt:P31 wd:Q11424;          # instance of film
         rdfs:label ?deLabel.
  FILTER(LANG(?deLabel) = ""de"")
  FILTER(REGEX(LCASE(?deLabel), ""(schweig|antwort|keine antwort|stumm)""))
  SERVICE wikibase:label { bd:serviceParam wikibase:language ""de,en"". ?movie rdfs:label ?movieLabel. }
}
ORDER BY ?movieLabel",False,,True,,0.0651,0.0701,0.0,156
183,medium,List all female artists.,"SELECT ?artist ?artistLabel WHERE {
  ?artist wdt:P31 wd:Q5 ;
          wdt:P21 wd:Q6581072 ;
          wdt:P106 wd:Q483501 .
  SERVICE wikibase:label { bd:serviceParam wikibase:language ""en"". }
}",True,,True,,0.0013,0.0013,na,24293
184,medium,List all biological taxa named after metal music bands.,"SELECT ?taxon ?taxonLabel ?band ?bandLabel WHERE {
  ?taxon wdt:P31/wdt:P279* wd:Q16521 .
  ?taxon wdt:P138 ?band .
  ?band wdt:P31 wd:Q215380 .
  ?band wdt:P136 wd:Q11424 .
  SERVICE wikibase:label { bd:serviceParam wikibase:language ""[AUTO_LANGUAGE],en"". }
}",False,,True,,0.0,0.0,na,0
185,medium,List authors with their Project Gutenberg IDs and Electronic Enlightenment IDs.,"SELECT ?author ?authorLabel ?gutenbergId ?enlightenmentId WHERE {
  ?author wdt:P31 wd:Q5 ;
          wdt:P106 wd:Q36180 .
  OPTIONAL { ?author wdt:P1938 ?gutenbergId . }
  OPTIONAL { ?author wdt:P1802 ?enlightenmentId . }
  SERVICE wikibase:label { bd:serviceParam wikibase:language ""[AUTO_LANGUAGE],en"". }
}",False,,True,,0.0007,0.0007,0.0,407374
186,medium,List all artworks created by Ferdinand Bauer that do not have a 'depicts' property.,"SELECT ?artwork ?artworkLabel WHERE {
  ?artwork wdt:P170 wd:Q3066829 .          # creator: Ferdinand Bauer
  ?artwork wdt:P31/wdt:P279* wd:Q838948 . # instance/subclass of work of art
  FILTER NOT EXISTS { ?artwork wdt:P180 ?depicts . }
  SERVICE wikibase:label { bd:serviceParam wikibase:language ""[AUTO_LANGUAGE],en"". }
}",True,,True,,0.0,0.0,na,0
187,medium,List the notable people whose doctoral advisor was a University of Bristol alum.,"SELECT ?person ?personLabel ?advisor ?advisorLabel WHERE {
  ?person wdt:P31 wd:Q5 ;
          wdt:P185 ?advisor .
  ?advisor wdt:P69 wd:Q459063 .
  SERVICE wikibase:label { bd:serviceParam wikibase:language ""[AUTO_LANGUAGE],en"". }
}
ORDER BY ?personLabel",True,,True,,0.0,0.0,na,0
188,medium,List the top software titles with their dependency counts.,"SELECT ?software ?softwareLabel (COUNT(?dependency) AS ?dependencyCount) WHERE {
  ?software wdt:P31 wd:Q7397 .
  ?software wdt:P1547 ?dependency .
  SERVICE wikibase:label { bd:serviceParam wikibase:language ""[AUTO_LANGUAGE],en"" }
}
GROUP BY ?software ?softwareLabel
ORDER BY DESC(?dependencyCount)
LIMIT 10",True,,True,,0.0175,0.0294,0.0,18
189,medium,List all tram bridges located in France.,"SELECT ?bridge ?bridgeLabel ?location ?locationLabel WHERE {
  ?bridge wdt:P31 wd:Q15831595 ;  # instance of tram bridge
          wdt:P17 wd:Q142 .      # country France
  OPTIONAL { ?bridge wdt:P131 ?location . }  # located in administrative territorial entity
  SERVICE wikibase:label { bd:serviceParam wikibase:language ""en"". }
}",True,,True,,0.0,0.0,0.0,0
190,medium,List all works with languages spoken in a specific country.,"SELECT ?work ?workLabel ?language ?languageLabel WHERE {
  ?work wdt:P31 wd:Q838948 . # instance of work
  ?work wdt:P407 ?language . # language of work
  ?language wdt:P17 wd:Q30 . # spoken in United States (example country, replace Q30 with desired country QID)
  SERVICE wikibase:label { bd:serviceParam wikibase:language ""[AUTO_LANGUAGE],en"". }
}",True,,True,,0.0,0.0,na,159
191,medium,"List the children of Johann Sebastian Bach with his first wife, Maria Barbara Bach.","SELECT ?child ?childLabel WHERE {
  ?child wdt:P22 wd:Q1339 .    # father: Johann Sebastian Bach
  ?child wdt:P25 wd:Q76923 .   # mother: Maria Barbara Bach
  SERVICE wikibase:label { bd:serviceParam wikibase:language ""[AUTO_LANGUAGE],en"". }
}",True,,True,,0.0,0.0,na,0
192,medium,List all lexemes that describe a color.,,False,empty response after retries,False,no_query,0.0,0.0,0.0,0
193,medium,List all individuals buried in Pere-Lachaise cemetery who were born in a Ukrainian city.,"SELECT ?person ?personLabel ?birthplaceLabel WHERE {
  ?person wdt:P119 wd:Q384 .          # buried in Pere-Lachaise Cemetery
  ?person wdt:P19 ?birthplace .       # place of birth
  ?birthplace wdt:P17 wd:Q212 .       # country Ukraine
  SERVICE wikibase:label { bd:serviceParam wikibase:language ""en"". }
}",True,,True,,0.0,0.0,0.0,0
194,medium,List all films shot in Austria.,"SELECT ?film ?filmLabel WHERE {
  ?film wdt:P31 wd:Q11424 ;
        wdt:P915 wd:Q40 .
  SERVICE wikibase:label { bd:serviceParam wikibase:language ""en"". }
}",True,,True,,0.3407,0.4673,0.0,93
195,medium,List all entities that have received the Commander of the Legion of Honour award without any references.,"SELECT ?entity ?entityLabel WHERE {
  ?entity wdt:P166 wd:Q10855271 .
  FILTER NOT EXISTS { ?entity p:P166 ?awardStatement . ?awardStatement prov:wasDerivedFrom ?reference . }
  SERVICE wikibase:label { bd:serviceParam wikibase:language ""[AUTO_LANGUAGE],en"". }
}",True,,True,,0.0271,0.0271,na,6046
196,medium,"List the Jameel items in Ashmolean Museum with their URLs, ordered by the number of statements.","SELECT ?item ?itemLabel ?url ?statementCount WHERE {
  ?item wdt:P195 wd:Q636400 .  # Ashmolean Museum
  ?item wdt:P217 ?url .        # inventory number as URL (or use wdt:P973 for described at URL)
  ?item wikibase:statements ?statementCount .
  SERVICE wikibase:label { bd:serviceParam wikibase:language ""[AUTO_LANGUAGE],en"" }
}
ORDER BY DESC(?statementCount)",True,,True,,0.0,na,na,0
197,medium,List all album covers that show a specific location.,"SELECT?cover ?coverLabel ?location ?locationLabel ?image WHERE {
  ?cover wdt:P31 wd:Q223991 ;          # instance of album cover
         wdt:P180 ?location .          # depicts a location
  OPTIONAL { ?cover wdt:P18 ?image . } # optional image of the cover
  SERVICE wikibase:label { bd:serviceParam wikibase:language ""[AUTO_LANGUAGE],en"". }
}
ORDER BY ?coverLabel",True,,True,,0.0,0.0,0.0,0
198,medium,Find locations that have something named after them.,"SELECT DISTINCT ?location ?locationLabel WHERE {
  ?something wdt:P138 ?location .
  ?location wdt:P31/wdt:P279* wd:Q17334923 .
  SERVICE wikibase:label { bd:serviceParam wikibase:language ""[AUTO_LANGUAGE],en"". }
}
ORDER BY ?locationLabel",False,,True,,0.0257,0.0364,0.0,9030
199,medium,Show a bubble chart of occupations held by people affiliated with the University of Clermont.,"SELECT ?occupationLabel (COUNT(DISTINCT ?person) AS ?count) WHERE {
  ?person wdt:P108 wd:Q3550874 .  # employer = University of Clermont
  ?person wdt:P106 ?occupation .   # occupation
  SERVICE wikibase:label { bd:serviceParam wikibase:language ""en"". }
}
GROUP BY ?occupationLabel
ORDER BY DESC(?count)",True,,True,,0.0,na,0.0,1
200,medium,Show me a list of nuclear weapons tests with their coordinates.,"SELECT ?test ?testLabel ?coordinates WHERE {
  ?test wdt:P31 wd:Q3615860 ;
        wdt:P625 ?coordinates .
  SERVICE wikibase:label { bd:serviceParam wikibase:language ""[AUTO_LANGUAGE],en"". }
}",True,,True,,0.0,0.0,0.0,0
201,medium,List the number of UK parliament seats where members switched to other seats each year from 1830 to 1910.,"SELECT ?year (COUNT(DISTINCT ?member) AS ?switched) WHERE {
  ?member wdt:P39 wd:Q16707842 . # Member of the UK Parliament
  ?member p:P39 ?positionStmt .
  ?positionStmt ps:P39 wd:Q16707842 ;
              pq:P580 ?startTime ;
              pq:P582 ?endTime .
  ?member p:P39 ?otherPositionStmt .
  ?otherPositionStmt ps:P39 wd:Q16707842 ;
                     pq:P580 ?otherStartTime ;
                     pq:P582 ?otherEndTime .
  FILTER(?startTime < ?otherStartTime)
  BIND(YEAR(?otherStartTime) AS ?year)
  FILTER(?year >= 1830 && ?year <= 1910)
}
GROUP BY ?year
ORDER BY ?year",True,,True,,0.0,na,0.0,0
202,medium,List the paintings in the Louvre's Paintings Department created by female artists.,"SELECT ?painting ?paintingLabel ?artist ?artistLabel WHERE {
  ?painting wdt:P31 wd:Q3305213 ;          # instance of painting
            wdt:P276 wd:Q19675 ;           # location: Louvre's Paintings Department
            wdt:P170 ?artist .             # creator
  ?artist wdt:P21 wd:Q6581072 .            # gender: female
  SERVICE wikibase:label { bd:serviceParam wikibase:language ""[AUTO_LANGUAGE],en"". }
}",True,,True,,0.0,0.0,na,2
203,medium,Find the GADM ID of a specific administrative area and get its corresponding GBIF dataset link.,"SELECT ?gadmId ?gbifLink WHERE {
  ?area wdt:P2975 ?gadmId .
  ?area wdt:P846 ?gbifLink .
}",True,,True,,0.0,0.0,0.0,30631
204,medium,What is the maximum population of cities in each country?,"SELECT ?country ?countryLabel (MAX(?population) AS ?maxPopulation) WHERE {
  ?city wdt:P31 wd:Q515 ;
        wdt:P17 ?country ;
        wdt:P1082 ?population .
  SERVICE wikibase:label { bd:serviceParam wikibase:language ""[AUTO_LANGUAGE],en"". }
}
GROUP BY ?country ?countryLabel
ORDER BY ?countryLabel",True,,True,,0.6494,0.8271,0.486,468
205,medium,List all the birthplaces of Liverpool football players on a map.,"SELECT ?player ?playerLabel ?birthplace ?birthplaceLabel ?coordinates WHERE {
  ?player wdt:P106 wd:Q937857 . # instance of human, but more specifically football player
  ?player wdt:P54 wd:Q113086 . # member of sports team: Liverpool FC
  ?player wdt:P19 ?birthplace . # place of birth
  ?birthplace wdt:P625 ?coordinates . # coordinate location
  SERVICE wikibase:label { bd:serviceParam wikibase:language ""[AUTO_LANGUAGE],en"". }
}",True,,True,,0.0,0.0,0.0,0
206,medium,Show me a list of parliament buildings from each country with their corresponding images.,"SELECT ?country ?countryLabel ?parliamentBuilding ?parliamentBuildingLabel ?image WHERE {
  ?parliamentBuilding wdt:P31 wd:Q1089411 ;   # instance of parliament building
                     wdt:P17 ?country .       # country
  OPTIONAL { ?parliamentBuilding wdt:P18 ?image . }
  SERVICE wikibase:label { bd:serviceParam wikibase:language ""en"". }
}
ORDER BY ?countryLabel",True,,True,,0.0,0.0,0.0,0
207,medium,"List the children of Johann Sebastian Bach with his first wife, Maria Barbara Bach.","SELECT ?child ?childLabel WHERE {
  wd:Q1339 wdt:P40 ?child .
  ?child wdt:P25 wd:Q96797 .
  SERVICE wikibase:label { bd:serviceParam wikibase:language ""en"". }
}",True,,True,,0.0,0.0,na,0
208,medium,List scientists who died by burning.,"SELECT ?person ?personLabel ?causeLabel WHERE {
  ?person wdt:P106 wd:Q901 ;
          wdt:P509 wd:Q193999 .
  SERVICE wikibase:label { bd:serviceParam wikibase:language ""[AUTO_LANGUAGE],en"". }
}",True,,True,,0.0,0.0,0.0,0
209,medium,List the institutions where UNR faculty members earned their degrees.,"SELECT DISTINCT ?institution ?institutionLabel WHERE {
  ?person wdt:P108 ?employer .
  ?employer wdt:P31 wd:Q3918 .
  ?person wdt:P69 ?institution .
  FILTER(CONTAINS(LCASE(?employerLabel), ""university of nevada, reno"") || CONTAINS(LCASE(?employerLabel), ""unr""))
  SERVICE wikibase:label { bd:serviceParam wikibase:language ""[AUTO_LANGUAGE],en"" }
}",True,,True,,0.0,0.0,na,0
210,medium,"List all places in Ghana with names ending in 'li', 'ti', or 'om'.","SELECT ?place ?placeLabel WHERE {
  ?place wdt:P17 wd:Q117.
  ?place wdt:P31 wd:Q486972.
  ?place rdfs:label ?placeLabel.
  FILTER(LANG(?placeLabel) = ""en"").
  FILTER(STRENDS(LCASE(?placeLabel), ""li"") || STRENDS(LCASE(?placeLabel), ""ti"") || STRENDS(LCASE(?placeLabel), ""om"")).
}",True,,True,,0.5972,0.8451,0.4593,3658
211,medium,Find people who have been infected with COVID-19.,"SELECT ?person ?personLabel WHERE {
  ?person wdt:P31 wd:Q5 .
  ?person p:P509 ?statement .
  ?statement ps:P509 wd:Q84263196 .
  SERVICE wikibase:label { bd:serviceParam wikibase:language ""[AUTO_LANGUAGE],en"". }
}",True,,True,,0.2223,0.2662,0.0,4797
212,medium,List all French National Assembly members born outside of France.,"SELECT ?member ?memberLabel ?birthPlace ?birthPlaceLabel WHERE {
  ?member wdt:P39 wd:Q3044918 ;  # member of the French National Assembly
          wdt:P19 ?birthPlace .   # place of birth
  FILTER NOT EXISTS { ?birthPlace wdt:P17 wd:Q142 }  # not in France
  SERVICE wikibase:label { bd:serviceParam wikibase:language ""[AUTO_LANGUAGE],en"" }
}",False,,True,,0.6015,0.6043,0.0,1064
213,medium,List all the suffragettes around the world along with their birthplaces and coordinates.,"SELECT ?person ?personLabel ?birthplaceLabel ?coordinates WHERE {
  ?person wdt:P106 wd:Q322039 ;   # occupation suffragette
          wdt:P31 wd:Q5 ;         # instance of human
          wdt:P19 ?birthplace .   # birthplace
  OPTIONAL { ?birthplace wdt:P625 ?coordinates . } # coordinates of birthplace
  SERVICE wikibase:label { bd:serviceParam wikibase:language ""[AUTO_LANGUAGE],en"". }
}
ORDER BY ?personLabel",True,,True,,0.0,0.0,0.0,0
214,medium,List the top 10 botanists who have authored the most taxons.,"SELECT ?person ?personLabel (COUNT(DISTINCT ?taxon) AS ?count) WHERE {
  ?person wdt:P106 wd:Q2374149 ;  # occupation: botanist
          wdt:P697 ?taxon .       # author taxa
  SERVICE wikibase:label { bd:serviceParam wikibase:language ""[AUTO_LANGUAGE],en"". }
}
GROUP BY ?person ?personLabel
ORDER BY DESC(?count)
LIMIT 10",True,,True,,0.0,0.0,0.0,0
215,medium,List the years when pride parades started.,"SELECT DISTINCT ?year ?parade ?paradeLabel WHERE {
  ?parade wdt:P31 wd:Q124698 .
  ?parade wdt:P580 ?startTime .
  BIND(YEAR(?startTime) AS ?year)
  SERVICE wikibase:label { bd:serviceParam wikibase:language ""[AUTO_LANGUAGE],en"". }
}
ORDER BY ?year",True,,True,,0.0,0.0,0.0,0
216,medium,What are the key initiatives promoting open access to research in Japan?,"SELECT ?initiative ?initiativeLabel ?description ?website WHERE {
  ?initiative wdt:P31/wdt:P279* wd:Q25373 . # Instance or subclass of open access
  ?initiative wdt:P17 wd:Q17 .             # Country: Japan
  OPTIONAL { ?initiative wdt:P973 ?website . }
  OPTIONAL { ?initiative wdt:P144 ?description . }
  SERVICE wikibase:label { bd:serviceParam wikibase:language ""[AUTO_LANGUAGE],en,ja"" }
}",True,,True,,0.0,0.0,0.0,0
217,medium,List museums named after a specific person or thing.,"SELECT DISTINCT ?museum ?museumLabel ?namedAfterLabel WHERE {
  ?museum wdt:P31 wd:Q33506 ;  # instance of museum
          wdt:P138 ?namedAfter . # named after
  SERVICE wikibase:label { bd:serviceParam wikibase:language ""[AUTO_LANGUAGE],en"" }
}",True,,True,,0.2457,0.2457,na,1965
218,medium,List all movie titles that contain the word 'it'.,"SELECT ?movie ?movieLabel WHERE {
  ?movie wdt:P31 wd:Q11424 .
  ?movie rdfs:label ?movieLabel .
  FILTER(CONTAINS(LCASE(?movieLabel), ""it""))
  SERVICE wikibase:label { bd:serviceParam wikibase:language ""en"". }
}",False,,True,,0.0098,0.0121,0.0081,79015
219,medium,List all the songs composed by Charlie Parker.,"SELECT ?song ?songLabel WHERE {
  ?song wdt:P31 wd:Q2188189 ;  # instance of musical work/composition
        wdt:P86 wd:Q1035 .     # composer = Charlie Parker
  SERVICE wikibase:label { bd:serviceParam wikibase:language ""[AUTO_LANGUAGE],en"". }
}",True,,True,,0.0,0.0,0.0,0
220,medium,"List all books written by Arthur Conan Doyle, including their titles, illustrators, publishers, and publication dates if available.","SELECT DISTINCT ?book ?bookLabel ?illustrator ?illustratorLabel ?publisher ?publisherLabel ?publicationDate WHERE {
  ?book wdt:P31 wd:Q571 ;          # instance of book
        wdt:P50 wd:Q35610 .        # author Arthur Conan Doyle
  OPTIONAL { ?book wdt:P110 ?illustrator . }
  OPTIONAL { ?book wdt:P123 ?publisher . }
  OPTIONAL { ?book wdt:P577 ?publicationDate . }
  SERVICE wikibase:label { bd:serviceParam wikibase:language ""en"". }
}
ORDER BY ?bookLabel",True,,True,,0.0,0.0,0.0,0
221,medium,List bodies of water with the most rivers flowing into them.,"SELECT ?bodyOfWater ?bodyOfWaterLabel (COUNT(?river) AS ?riverCount) WHERE {
  ?river wdt:P31/wdt:P279* wd:Q4022 .  # instance/subclass of river
  ?river wdt:P974 ?bodyOfWater .       # flows into
  ?bodyOfWater wdt:P31/wdt:P279* wd:Q15324 .  # instance/subclass of body of water
}
GROUP BY ?bodyOfWater ?bodyOfWaterLabel
ORDER BY DESC(?riverCount)",True,,True,,0.0,0.0,0.0,78808
222,medium,List all the paintings in the Suter Art Gallery.,"SELECT ?painting ?paintingLabel WHERE {
  ?painting wdt:P31 wd:Q3305213 ;
            wdt:P276 wd:Q7649990 .
  SERVICE wikibase:label { bd:serviceParam wikibase:language ""en"". }
}",True,,True,,0.0,0.0,0.0,0
223,medium,List all Indian districts that share a border with another district.,"SELECT ?district ?districtLabel ?neighbor ?neighborLabel WHERE {
  ?district wdt:P31 wd:Q1147476 ;  # instance of district of India
            wdt:P47 ?neighbor .   # shares border with
  ?neighbor wdt:P31 wd:Q1147476 . # neighbor is also a district
  SERVICE wikibase:label { bd:serviceParam wikibase:language ""[AUTO_LANGUAGE],en"" }
}",True,,True,,0.0,0.0,na,0
224,medium,List the inventors who died as a result of their own creations.,"SELECT ?inventor ?inventorLabel ?causeOfDeath ?causeOfDeathLabel WHERE {
  ?inventor wdt:P106 wd:Q205375 ;
            wdt:P509 ?causeOfDeath .
  ?invention wdt:P61 ?inventor ;
             wdt:P31 wd:Q131645 .
  FILTER(?causeOfDeath = ?invention)
  SERVICE wikibase:label { bd:serviceParam wikibase:language ""[AUTO_LANGUAGE],en"" }
}",True,,True,,0.0,0.0,na,0
225,medium,Find war memorials with their geographical coordinates.,"SELECT ?memorial ?memorialLabel ?coordinates WHERE {
  ?memorial wdt:P31 wd:Q575759 ;  # instance of war memorial
            wdt:P625 ?coordinates . # coordinate location
  SERVICE wikibase:label { bd:serviceParam wikibase:language ""en"". }
}",True,,True,,0.9044,0.9252,0.8845,69240
226,medium,List items that have Toki Pona as a language of work or name.,"SELECT ?item ?itemLabel WHERE {
  ?item wdt:P407 wd:Q36846.
  SERVICE wikibase:label { bd:serviceParam wikibase:language ""en"". }
}",True,,True,,0.0782,0.0856,0.0,191
227,medium,List the number of musical compositions on Wikidata by language in descending order.,"SELECT ?language ?languageLabel (COUNT(?composition) AS ?count) WHERE {
  ?composition wdt:P31 wd:Q207628 . # instance of musical composition
  ?composition wdt:P407 ?language . # language of work or name
  SERVICE wikibase:label { bd:serviceParam wikibase:language ""[AUTO_LANGUAGE],en"". }
}
GROUP BY ?language ?languageLabel
ORDER BY DESC(?count)",True,,True,,0.0186,0.0116,0.0471,8
228,medium,How many musicians are there in each country according to Wikidata?,"SELECT ?country ?countryLabel (COUNT(DISTINCT ?musician) AS ?count) WHERE {
  ?musician wdt:P31 wd:Q5 ;
             wdt:P106 wd:Q639669 ;
             wdt:P27 ?country .
  SERVICE wikibase:label { bd:serviceParam wikibase:language ""[AUTO_LANGUAGE],en"". }
}
GROUP BY ?country ?countryLabel
ORDER BY DESC(?count)",True,,True,,0.0,0.0,0.0,595
229,medium,List the influential people born between 1590 and 1750 who were influenced by other humans.,"SELECT DISTINCT ?person ?personLabel ?birthDate ?influencedByLabel WHERE {
  ?person wdt:P31 wd:Q5 ;
          wdt:P737 ?influencedBy ;
          wdt:P569 ?birthDate .
  FILTER(YEAR(?birthDate) >= 1590 && YEAR(?birthDate) <= 1750)
  ?influencedBy wdt:P31 wd:Q5 . 
  SERVICE wikibase:label { bd:serviceParam wikibase:language ""[AUTO_LANGUAGE],en"". }
}
ORDER BY ?birthDate",True,,True,,0.0,0.0,0.0,651
230,medium,How many items are not linked to any statements?,"SELECT (COUNT(?item) AS ?count) WHERE {
  ?item wdt:P31 wd:Q5 .
  FILTER NOT EXISTS { ?item ?p ?o . }
}",False,,True,,0.0,na,0.0,1
231,medium,What nationalities are represented among authors who have published papers related to Australian fauna?,"SELECT DISTINCT ?nationality ?nationalityLabel WHERE {
  ?paper wdt:P31 wd:Q13442814 .          # scholarly article
  ?paper wdt:P921 wd:Q6733673 .          # main subject: fauna of Australia
  ?paper wdt:P50 ?author .               # author of the paper
  ?author wdt:P27 ?nationality .         # country of citizenship
  SERVICE wikibase:label { bd:serviceParam wikibase:language ""[AUTO_LANGUAGE],en"". }
}",True,,True,,0.0,0.0,0.0,0
232,medium,List all the collections that have photos taken by Carleton Watkins.,"SELECT ?collection ?collectionLabel ?photo WHERE {
  ?photo wdt:P170 wd:Q2938405 ;  # creator Carleton Watkins
         wdt:P31 wd:Q3305213 ;   # instance of photograph
         wdt:P195 ?collection .  # collection
  SERVICE wikibase:label { bd:serviceParam wikibase:language ""en"". }
}",True,,True,,0.0,0.0,na,0
233,medium,Find the coordinates of places where people named Antoine were born.,"SELECT ?person ?personLabel ?place ?placeLabel ?coords WHERE {
  ?person wdt:P735 wd:Q41176;
          wdt:P19 ?place.
  ?place wdt:P625 ?coords.
  SERVICE wikibase:label { bd:serviceParam wikibase:language ""en, [AUTO_LANGUAGE]"". }
}",True,,True,,0.0,0.0,0.0,0
234,medium,List the birthplaces of famous art historians.,"SELECT DISTINCT ?artHistorian ?artHistorianLabel ?birthplace ?birthplaceLabel WHERE {
  ?artHistorian wdt:P106 wd:Q1792450 ;  # occupation: art historian
               wdt:P31 wd:Q5 ;          # instance of: human
               wdt:P19 ?birthplace .     # place of birth
  SERVICE wikibase:label { bd:serviceParam wikibase:language ""[AUTO_LANGUAGE],en"". }
}",True,,True,,0.0,0.0,0.0,21316
235,medium,List all items with official names containing a slash.,"SELECT ?item ?itemLabel ?officialName WHERE {
  ?item wdt:P1448 ?officialName.
  FILTER(CONTAINS(STR(?officialName), ""/""))
  SERVICE wikibase:label { bd:serviceParam wikibase:language ""[AUTO_LANGUAGE],en"". }
}",False,,True,,0.0141,0.0151,0.0133,11453
236,medium,List mathematicians who have siblings that are actors or musicians.,"SELECT ?mathematician ?mathematicianLabel ?sibling ?siblingLabel WHERE {
  ?mathematician wdt:P106 wd:Q170790 ;  # occupation mathematician
                 wdt:P3373 ?sibling .   # has sibling
  ?sibling wdt:P106 ?siblingOccupation .
  VALUES ?siblingOccupation { wd:Q33999 wd:Q639669 }  # actor or musician
  SERVICE wikibase:label { bd:serviceParam wikibase:language ""[AUTO_LANGUAGE],en"" }
}",True,,True,,0.6056,0.8776,0.0,45
237,medium,List the women who have received awards from Women in Technology International.,"SELECT DISTINCT ?woman ?womanLabel ?award ?awardLabel WHERE {
  ?award wdt:P1027 wd:Q8031381 .   # award awarded by Women in Technology International
  ?woman wdt:P166 ?award .         # woman received that award
  ?woman wdt:P21 wd:Q6581072 .     # female gender
  SERVICE wikibase:label { bd:serviceParam wikibase:language ""[AUTO_LANGUAGE],en"" }
}",True,,True,,0.0,na,na,0
238,medium,List the actors who have worked with Shah Rukh Khan in multiple films.,"SELECT ?actor ?actorLabel (COUNT(?film) AS ?filmCount) WHERE {
  ?film wdt:P31 wd:Q11424 .
  ?film wdt:P161 wd:Q38964 .
  ?film wdt:P161 ?actor .
  ?actor wdt:P106 wd:Q33999 .
  FILTER(?actor != wd:Q38964)
  SERVICE wikibase:label { bd:serviceParam wikibase:language ""[AUTO_LANGUAGE],en"". }
}
GROUP BY ?actor ?actorLabel
HAVING(COUNT(?film) >",False,,False,http_400,0.0,0.0,0.0,0
239,medium,List all 355 municipalities in the Netherlands along with their geo coordinates and provinces.,"SELECT ?municipality ?municipalityLabel ?coordinates ?provinceLabel WHERE {
  ?municipality wdt:P31 wd:Q2039348 .
  ?municipality wdt:P625 ?coordinates .
  ?municipality wdt:P131 ?province .
  ?province wdt:P31 wd:Q34834 .
  SERVICE wikibase:label { bd:serviceParam wikibase:language ""en"". }
}",True,,True,,0.0,0.0,0.0,0
240,medium,What language do the labels of Q137 and Q12518 have in common?,"SELECT ?language WHERE {
  wd:Q137 rdfs:label ?label1.
  wd:Q12518 rdfs:label ?label2.
  BIND(LANG(?label1) AS ?language)
  FILTER(LANG(?label1) = LANG(?label2))
}",True,,True,,0.0,na,0.0,83
241,medium,What are the UK parliamentary constituencies that share a border with each other?,"SELECT ?constituency1 ?constituency1Label ?constituency2 ?constituency2Label WHERE {
  ?constituency1 wdt:P31 wd:Q192611 ;  # instance of UK Parliament constituency
                 wdt:P47 ?constituency2 .  # shares border with
  ?constituency2 wdt:P31 wd:Q192611 .  # also a UK Parliament constituency
  FILTER(STR(?constituency1) < STR(?constituency2))  # avoid duplicates
  SERVICE wikibase:label { bd:serviceParam wikibase:language ""en"". }
}",True,,True,,0.0,0.0,na,39
242,medium,List all groups of fictional characters from the Marvel universe.,"SELECT ?group ?groupLabel WHERE {
  ?group wdt:P1080 wd:Q931597 ;
         wdt:P31 wd:Q21010864 .
  SERVICE wikibase:label { bd:serviceParam wikibase:language ""[AUTO_LANGUAGE],en"". }
}",True,,True,,0.0,na,na,0
243,medium,Show me the locations of libraries in India on a map.,"SELECT ?library ?libraryLabel ?coord WHERE {
  ?library wdt:P31 wd:Q7075 ;   # instance of library
           wdt:P17 wd:Q668 ;    # country India
           wdt:P625 ?coord .    # coordinate location
  SERVICE wikibase:label { bd:serviceParam wikibase:language ""en"". }
}",True,,True,,0.72,0.5625,1.0,90
244,medium,Show me the tram lines in Vienna.,"SELECT ?tramLine ?tramLineLabel WHERE {
  ?tramLine wdt:P31 wd:Q11822935;  # instance of tram line
            wdt:P131 wd:Q1741.      # located in Vienna
  SERVICE wikibase:label { bd:serviceParam wikibase:language ""[AUTO_LANGUAGE],en"". }
}",True,,True,,0.0,0.0,0.0,0
245,medium,List Mexican writers born between 1800 and 1900.,"SELECT ?writer ?writerLabel ?birthDate WHERE {
  ?writer wdt:P106 wd:Q36180 ;   # occupation: writer
          wdt:P27 wd:Q96 ;       # country of citizenship: Mexico
          wdt:P569 ?birthDate .  # date of birth
  FILTER(YEAR(?birthDate) >= 1800 && YEAR(?birthDate) <= 1900)
  SERVICE wikibase:label { bd:serviceParam wikibase:language ""en"". }
}
ORDER BY ?birthDate",True,,True,,0.0,0.0,0.0,1038
246,medium,"List all National Film Award winners from the 1990s, organized by award category.","SELECT ?awardCategory ?awardCategoryLabel ?winner ?winnerLabel ?year WHERE {
  ?winner wdt:P31 wd:Q5 ;                # instance of human
          wdt:P166 ?award .              # award received
  ?award wdt:P31 wd:Q9258 ;             # instance of film award
         wdt:P361 wd:Q1135424 ;          # part of National Film Awards (India)
         wdt:P1686 ?awardCategory .      # award category
  ?award wdt:P585 ?date .                # point in time
  BIND(YEAR(?date) AS ?year)
  FILTER(?year >= 1990 && ?year <= 1999)
  SERVICE wikibase:label { bd:serviceParam wikibase:language ""[AUTO_LANGUAGE],en"" }
}
ORDER BY ?awardCategoryLabel ?year",True,,True,,0.0,0.0,na,0
247,medium,Find hills in the UK with horse figures drawn on them.,"SELECT ?hill ?hillLabel ?image WHERE {
  ?hill wdt:P31 wd:Q1134208 ;          # instance of hill
         wdt:P17 wd:Q145 ;             # country United Kingdom
         wdt:P180 ?figure .            # depicted feature
  ?figure wdt:P31 wd:Q542 ;           # instance of horse
           wdt:P31 wd:Q11424 .        # also instance of figure drawing
  OPTIONAL { ?hill wdt:P18 ?image . }
  SERVICE wikibase:label { bd:serviceParam wikibase:language ""en"". }
}",True,,True,,0.0,0.0,0.0,0
248,medium,List Tex-Mex singers who are also musicians.,"SELECT ?person ?personLabel WHERE {
  ?person wdt:P106 wd:Q177220 .  # occupation: singer
  ?person wdt:P136 wd:Q770609 .  # genre: Tex-Mex music
  ?person wdt:P106 wd:Q639669 .  # occupation: musician
  SERVICE wikibase:label { bd:serviceParam wikibase:language ""en"". }
}",True,,True,,0.0,0.0,na,0
249,medium,List all athletes born in a specific location who play for Real Sociedad.,"SELECT DISTINCT ?athlete ?athleteLabel ?birthPlace ?birthPlaceLabel ?dateOfBirth ?image WHERE {
  ?athlete wdt:P106 wd:Q2066131 .  # occupation = athlete
  ?athlete wdt:P19 ?birthPlace .    # place of birth
  ?athlete wdt:P54 wd:Q10310 .      # member of sports team = Real Sociedad
  ?athlete wdt:P569 ?dateOfBirth .  # date of birth
  OPTIONAL { ?athlete wdt:P18 ?image . }
  SERVICE wikibase:label { bd:serviceParam wikibase:language ""[AUTO_LANGUAGE],en"" }
}
ORDER BY ?athleteLabel",True,,True,,0.0,0.0,0.0,0
250,medium,List all individuals born on a river.,"SELECT ?person ?personLabel ?river ?riverLabel WHERE {
  ?person wdt:P31 wd:Q5 ;
          wdt:P19 ?river .
  ?river wdt:P31/wdt:P279* wd:Q4022 .
  SERVICE wikibase:label { bd:serviceParam wikibase:language ""en"". }
}",True,,True,,0.9888,0.9888,na,620
251,medium,Find the locations of boundary stones near Radibor.,"SELECT ?stone ?stoneLabel ?location ?coordinateLocation WHERE {
  ?stone wdt:P31 wd:Q48452 ;          # instance of boundary stone
         wdt:P276 ?location .         # location
  ?location wdt:P625 ?coordinateLocation . # coordinates
  SERVICE wikibase:label { bd:serviceParam wikibase:language ""en"". }
  FILTER(CONTAINS(LCASE(?locationLabel), ""radibor""))
}",True,,True,,0.0,na,na,0
252,medium,List all paintings by Rembrandt in the Louvre or Rijksmuseum.,"SELECT ?painting ?paintingLabel WHERE {
  ?painting wdt:P170 wd:Q5598 ;  # creator: Rembrandt
            wdt:P31 wd:Q3305213 . # instance of: painting
  { ?painting wdt:P276 wd:Q19675 }  # location: Louvre
  UNION
  { ?painting wdt:P276 wd:Q190804 }  # location: Rijksmuseum
  SERVICE wikibase:label { bd:serviceParam wikibase:language ""en"". }
}",True,,True,,0.2455,0.4821,0.0,28
253,medium,Show a map of countries by the year they joined the United Nations.,"SELECT ?country ?countryLabel ?yearJoined ?coordinateLocation WHERE {
  ?country wdt:P463 wd:Q1065.  # member of United Nations
  ?country p:P463 ?statement.
  ?statement ps:P463 wd:Q1065;
             pq:P580 ?yearJoined.  # start time of membership
  OPTIONAL { ?country wdt:P625 ?coordinateLocation. }  # coordinate location
  SERVICE wikibase:label { bd:serviceParam wikibase:language ""[AUTO_LANGUAGE],en"". }
}
ORDER BY ?yearJoined",True,,True,,0.0056,0.0047,0.0062,534
254,medium,What jobs did UK Prime Ministers have before becoming politicians?,"SELECT ?person ?personLabel ?jobLabel WHERE {
  ?person wdt:P31 wd:Q5 ;
          wdt:P39 wd:Q15964890 .
  ?person wdt:P106 ?job .
  FILTER(?job != wd:Q82955)
  SERVICE wikibase:label { bd:serviceParam wikibase:language ""en"". }
}",True,,True,,0.0,0.0,0.0,4414
255,medium,What are the laws in Indonesia that apply to indigenous people?,"SELECT ?law ?lawLabel WHERE {
  ?law wdt:P31/wdt:P279* wd:Q7748 ;   # instance of or subclass of law
       wdt:P1001 wd:Q252 ;            # applies to jurisdiction: Indonesia
       wdt:P921 wd:Q103817 .          # main subject: indigenous people
  SERVICE wikibase:label { bd:serviceParam wikibase:language ""[AUTO_LANGUAGE],en"". }
}",True,,True,,0.0,0.0,0.0,0
256,medium,List all the authors who have received a Nobel Prize and cited Egon Willighagen's work.,"SELECT DISTINCT ?author ?authorLabel ?nobelPrize ?nobelPrizeLabel WHERE {
  ?author wdt:P106 wd:Q36180 ;  # occupation: writer (author)
         wdt:P166 ?nobelPrize . # received Nobel Prize
  ?nobelPrize wdt:P31 wd:Q7191 . # instance of Nobel Prize
  ?author wdt:P2860 ?work .     # cites work
  ?work wdt:P50 wd:Q5346437 .   # author: Egon Willighagen
  SERVICE wikibase:label { bd:serviceParam wikibase:language ""[AUTO_LANGUAGE],en"". }
}",True,,True,,0.0,na,na,0
257,medium,List documents from the Boyer collection organized by decade.,"SELECT ?decade (GROUP_CONCAT(DISTINCT ?documentLabel; SEPARATOR="", "") AS ?documents) WHERE {
  ?document wdt:P195 wd:Q494704 ;  # collection: Boyer collection
            wdt:P31 wd:Q17112632 ; # instance of: document
            wdt:P571 ?date .       # inception date
  BIND(STR(?date) AS ?dateStr)
  BIND(SUBSTR(?dateStr, 1, 3) AS ?centuryDecade)
  BIND(CONCAT(?centuryDecade, ""0s"") AS ?decade)
  SERVICE wikibase:label { bd:serviceParam wikibase:language ""[AUTO_LANGUAGE],en"". }
}
GROUP BY ?decade
ORDER BY ?decade",True,,True,,0.0,na,0.0,0
258,medium,List all items in the History of Science Museum with their descriptions.,"SELECT?item ?itemLabel ?itemDescription WHERE {
  { ?item wdt:P195 wd:Q1473156 } UNION { ?item wdt:P276 wd:Q1473156 }
  SERVICE wikibase:label { bd:serviceParam wikibase:language ""[AUTO_LANGUAGE],en"" }
}",True,,True,,0.0,0.0,0.0,0
259,medium,List all items with their CBDB and VIAF IDs.,"SELECT ?item ?cbdbId ?viafId WHERE {
  ?item wdt:P4970 ?cbdbId .
  ?item wdt:P214 ?viafId .
}",True,,True,,0.0001,0.0002,0.0001,790
260,complex,List the top film directors by their number of films and sitelinks.,"SELECT ?director ?directorLabel ?films ?sitelinks WHERE {
  (SELECT ?director (COUNT(?film) AS ?films) (COUNT(?sitelink) AS ?sitelinks) WHERE {
    ?film wdt:P31 wd:Q11424 ;
          wdt:P57 ?director .
    OPTIONAL { ?sitelink schema:about ?film . }
    ?director wdt:P106 wd:Q2526255 ;
              wdt:P31 wd:Q5 .
  } GROUP BY ?director HAVING (?films > 0))
  SERVICE wikibase:label { bd:serviceParam wikibase:language ""[AUTO_LANGUAGE],en"" }
}
ORDER BY DESC(?films) DESC(?sitelinks)",False,,False,http_400,0.0,0.0,0.0,0
261,complex,List the countries with their corresponding number of coronavirus cases.,"SELECT ?country ?countryLabel ?cases WHERE {
  ?country wdt:P31 wd:Q3624078 ;
           wdt:P1603 ?cases .
  SERVICE wikibase:label { bd:serviceParam wikibase:language ""en"". }
}
ORDER BY DESC(?cases)",True,,True,,0.0,na,0.0,0
262,complex,List all doctoral theses with their authors and institutions.,"SELECT ?thesis ?thesisLabel ?author ?authorLabel ?institution ?institutionLabel WHERE {
  ?thesis wdt:P31 wd:Q187685 ;
          wdt:P50 ?author ;
          wdt:P1416 ?institution .
  SERVICE wikibase:label { bd:serviceParam wikibase:language ""en"" }
}",True,,True,,0.0,0.0,0.0,6
263,complex,What are the parent taxa of Asterophryinae?,"SELECT ?parent ?parentLabel WHERE {
  wd:Q4808034 wdt:P171 ?parent .
  SERVICE wikibase:label { bd:serviceParam wikibase:language ""en"". }
}",True,,True,,0.0,0.0,na,1
264,complex,Find the CIViC citation corpus and extract PubMed IDs.,"SELECT ?civicCitation ?pubmedID WHERE {
  ?civicCitation wdt:P31 wd:Q109547126 .  # instance of CIViC citation corpus
  ?civicCitation wdt:P698 ?pubmedID .     # PubMed ID property
}",True,,True,,0.0,0.0,0.0,0
265,complex,List all instruments created by Antonio Stradivari.,"SELECT ?instrument ?instrumentLabel WHERE {
  wd:Q182011 wdt:P31 wd:Q5 ; # Antonio Stradivari is a human
            wdt:P800 ?instrument . # notable work
  ?instrument wdt:P31 wd:Q11436 . # instrument is a musical instrument
  SERVICE wikibase:label { bd:serviceParam wikibase:language ""en"". }
}",True,,True,,0.0,na,na,0
266,complex,Find scholarly articles with 'Zika' in their title.,"SELECT ?article ?articleLabel WHERE {
  ?article wdt:P31 wd:Q13442814 ;
           wdt:P1476 ?title .
  FILTER(CONTAINS(LCASE(?title), ""zika""))
  SERVICE wikibase:label { bd:serviceParam wikibase:language ""en"". }
}",True,,False,timeout,0.0,0.0,0.0,0
267,complex,List all items that have a description in English but no English label.,"PREFIX wd: <http://www.wikidata.org/entity/>
PREFIX wdt: <http://www.wikidata.org/prop/direct/>
PREFIX wikibase: <http://wikiba.se/ontology#>
PREFIX rdfs: <http://www.w3.org/2000/01/rdf-schema#>
PREFIX schema: <http://schema.org/>

SELECT ?",False,,False,http_400,0.0,0.0,0.0,0
268,complex,"What are the ingredients in a sandwich, excluding bread?","SELECT ?ingredient ?ingredientLabel WHERE {
  wd:Q28803 wdt:P527 ?ingredient .
  FILTER(?ingredient != wd:Q7802)
  SERVICE wikibase:label { bd:serviceParam wikibase:language ""[AUTO_LANGUAGE],en"" }
}",True,,True,,0.0,0.0,na,0
269,complex,List all Law & Order episodes along with their season and episode numbers.,"SELECT ?episode ?episodeLabel ?season ?episodeNumber WHERE {
  ?episode wdt:P31 wd:Q21191270 ;  # instance of television series episode
           wdt:P179 ?series .      # part of the series
  ?series wdt:P31 wd:Q5398426 ;    # instance of television series
          wdt:P1476 ""Law & Order""@en .  # title
  OPTIONAL { ?episode wdt:P361 ?season . }  # part of the season
  OPTIONAL { ?episode wdt:P1545 ?episodeNumber . }  # series ordinal
  SERVICE wikibase:label { bd:serviceParam wikibase:language ""[AUTO_LANGUAGE],en"". }
}",True,,True,,0.0,0.0,na,458
270,complex,List all images used by multiple churches.,"SELECT ?image ?church1 ?church1Label ?church2 ?church2Label WHERE {
  ?church1 wdt:P31 wd:Q16970 ;
           wdt:P18 ?image .
  ?church2 wdt:P31 wd:Q16970 ;
           wdt:P18 ?image .
  FILTER (?church1 != ?church2)
  SERVICE wikibase:label { bd:serviceParam wikibase:language ""[AUTO_LANGUAGE],en"". }
}
GROUP BY ?image ?church1 ?church1Label ?church2 ?church2Label",True,,True,,0.3321,0.0,0.996,2234
271,complex,List all virtual conferences along with their environment and other details.,"SELECT ?conference ?conferenceLabel ?environment ?environmentLabel ?details WHERE {
  ?conference wdt:P31 wd:Q2020153 .
  OPTIONAL { ?conference wdt:P7377 ?environment . }
  OPTIONAL { ?conference wdt:P31 ?details . }
  SERVICE wikibase:label { bd:serviceParam wikibase:language ""[AUTO_LANGUAGE],en"". }
}",True,,True,,0.0007,0.0007,0.0,20977
272,complex,What is the average lifespan of people in different professions?,"SELECT ?professionLabel ?averageLifespan WHERE {
  {
    SELECT ?profession (AVG(?lifespan) AS ?averageLifespan) WHERE {
      ?person wdt:P31 wd:Q5 ;
              wdt:P569 ?birth ;
              wdt:P570 ?death ;
              wdt:P106 ?profession .
      BIND((YEAR(?death) - YEAR(?birth)) AS ?lifespan)
    } GROUP BY ?profession
  }
  SERVICE wikibase:label { bd:serviceParam wikibase:language ""[AUTO_LANGUAGE],en"" }
}
ORDER BY DESC(?averageLifespan)",False,,True,,0.0,0.0,0.0,2768
273,complex,List the identifiers present on Penelope Cruz's item but not on Sean Connery's.,"SELECT DISTINCT ?prop ?propLabel WHERE {
  wd:Q39664 ?prop ?value .
  FILTER NOT EXISTS { wd:Q4573 ?prop ?value2 . }
  ?prop wdt:P31/wdt:P279* wd:Q19833832 .
  SERVICE wikibase:label { bd:serviceParam wikibase:language ""[AUTO_LANGUAGE],en"". }
}",True,,True,,0.0,na,na,0
274,complex,List all trans artists with their occupation and image.,"SELECT DISTINCT ?artist ?artistLabel ?occupationLabel ?image WHERE {
  ?artist wdt:P31 wd:Q5;                     # instance of human
          wdt:P21 wd:Q107194;                # gender: transgender
          wdt:P106 ?occupation.              # has occupation
  OPTIONAL { ?artist wdt:P18 ?image. }       # optional image
  FILTER EXISTS {                            # ensure artist is in the art domain
    ?artist wdt:P106 ?artOccupation.
    ?artOccupation wdt:P279* wd:Q483501.     # subclass of artist
  }
  SERVICE wikibase:label { bd:serviceParam wikibase:language ""en"". }
}
ORDER BY ?artistLabel",True,,True,,0.0,0.0,0.0,0
275,complex,What are the places near Papa Stour?,"SELECT ?place ?placeLabel WHERE {
  wd:Q1479285 wdt:P625 ?loc .
  SERVICE wikibase:around {
    ?place wdt:P625 ?loc .
    bd:serviceParam wikibase:center ?loc ;
                  wikibase:radius ""10"" ;
                  wikibase:distance ?distance .
  }
  SERVICE wikibase:label { bd:serviceParam wikibase:language ""en"". }
}",True,,False,http_500,0.0,0.0,0.0,0
276,complex,List the longest English words in alphabetical order.,"SELECT ?word ?wordLabel ?length WHERE {
  ?word wdt:P31 wd:Q19683 .  # instance of word
  ?word wdt:P407 wd:Q1860 .  # language is English
  ?word wdt:P1552 ?length .  # has quantity (length)
  FILTER(?length >= 20)      # filter for long words (adjust threshold as needed)
}
ORDER BY ?wordLabel",True,,True,,0.0,na,0.0,0
277,complex,List all Welsh journals and newspapers with their publication dates and places.,"SELECT ?item ?itemLabel ?publicationDate ?placeLabel ?image WHERE {
  ?item wdt:P31 ?type .
  FILTER (?type IN (",False,,False,http_400,0.0,0.0,0.0,0
278,complex,List economists by their fields of work and nationalities.,"SELECT ?economist ?economistLabel ?field ?fieldLabel ?nationality ?nationalityLabel WHERE {
  ?economist wdt:P31 wd:Q5 ;
             wdt:P106 wd:Q188094 .
  ?economist wdt:P101 ?field .
  ?economist wdt:P27 ?nationality .
  SERVICE wikibase:label { bd:serviceParam wikibase:language ""[AUTO_LANGUAGE],en"" }
}
ORDER BY ?economistLabel ?fieldLabel ?nationalityLabel",True,,True,,0.1017,0.1303,0.0,7818
279,complex,List the top animals depicted in artworks.,"SELECT ?animal ?animalLabel ?count WHERE {
  {
    SELECT ?animal (COUNT(DISTINCT ?work) AS ?count) WHERE {
      ?work wdt:P31 wd:Q3305213 .  # artwork
      ?work wdt:P180 ?animal .     # depicts
      ?animal wdt:P31 wd:Q729 .    # instance of animal
    }
    GROUP BY ?animal
    ORDER BY DESC(?count)
    LIMIT 10
  }
  SERVICE wikibase:label { bd:serviceParam wikibase:language ""[AUTO_LANGUAGE],en"" }
}",True,,True,,0.0,na,na,0
280,complex,List the European regions with a population density of less than 30 people per square kilometer.,"SELECT ?region ?regionLabel ?populationDensity WHERE {
  ?region wdt:P31 wd:Q82794 . # instance of region
  ?region wdt:P1082 ?population . # population
  ?region wdt:P2046 ?area . # area in square kilometers
  BIND(?population / ?area AS ?populationDensity)
  FILTER(?populationDensity < 30)
  SERVICE wikibase:label { bd:serviceParam wikibase:language ""[AUTO_LANGUAGE],en"" }
}",True,,True,,0.0,0.0,0.0,97
281,complex,List all restaurants in Luxembourg that have a Michelin star.,"SELECT ?restaurant ?restaurantLabel ?star ?starLabel WHERE {
  ?restaurant wdt:P31 wd:Q11707 .   # instance of restaurant
  ?restaurant wdt:P17 wd:Q32 .      # country Luxembourg
  ?restaurant wdt:P11695 ?star .    # Michelin star rating
  SERVICE wikibase:label { bd:serviceParam wikibase:language ""[AUTO_LANGUAGE],en"". }
}
ORDER BY ?restaurantLabel",True,,True,,0.0,0.0,0.0,0
282,complex,What properties are most commonly used in references?,"SELECT ?property ?propertyLabel (COUNT(?reference) AS ?count) WHERE {
  ?statement ?property ?value .
  ?statement prov:wasDerivedFrom ?reference .
  BIND(IF(?property = wdt:P31, ?property, ?property) AS ?property)
  SERVICE wikibase:label { bd:serviceParam wikibase:language ""en"" }
}
GROUP BY ?property ?propertyLabel
ORDER BY DESC(?count)",False,,False,http_400,0.0,0.0,0.0,0
283,complex,List all WikiProjects focused on women.,"SELECT DISTINCT ?project ?projectLabel ?description WHERE {
  ?project wdt:P31 wd:Q10680459 ;
            wdt:P921 wd:Q467 .
  SERVICE wikibase:label { bd:serviceParam wikibase:language ""[AUTO_LANGUAGE],en"". }
}",True,,True,,0.0,na,na,0
284,complex,Find pictures of theatres in Carthalia from the outside and inside.,"SELECT ?theatre ?theatreLabel ?exteriorImage ?interiorImage WHERE {
  ?theatre wdt:P31 wd:Q24354 ;        # instance of theatre
           wdt:P131 ?location .       # located in some place
  ?location rdfs:label ?locationLabel .
  FILTER(CONTAINS(LCASE(?locationLabel), ""carthalia""))
  OPTIONAL { ?theatre wdt:P8591 ?exteriorImage . }
  OPTIONAL { ?theatre wdt:P5775 ?interiorImage . }
  SERVICE wikibase:label { bd:serviceParam wikibase:language ""en"". }
  FILTER(BOUND(?exteriorImage) || BOUND(?interiorImage))
}",True,,True,,0.0,na,na,0
285,complex,List the countries with their number of citizens having a specific blood type.,"SELECT ?country ?countryLabel ?bloodType ?bloodTypeLabel (COUNT(?person) AS ?count) WHERE {
  ?person wdt:P31 wd:Q5 ;          # instance of human
          wdt:P27 ?country ;       # country of citizenship
          wdt:P1853 ?bloodType .   # blood type
  ?bloodType wdt:P31 wd:Q12130 .  # instance of blood type
  SERVICE wikibase:label { bd:serviceParam wikibase:language ""en"". }
}
GROUP BY ?country ?countryLabel ?bloodType ?bloodTypeLabel
ORDER BY ?countryLabel ?bloodTypeLabel",True,,True,,0.0,na,na,0
286,complex,What artworks are commonly depicted in both the Ashmolean Museum and the Cleveland Museum of Art?,"SELECT DISTINCT ?artwork ?artworkLabel WHERE {
  ?artwork wdt:P31 wd:Q838948 .  # instance of artwork
  ?artwork wdt:P195 wd:Q636400 . # collection: Ashmolean Museum
  ?artwork wdt:P195 wd:Q657415 . # collection: Cleveland Museum of Art
  SERVICE wikibase:label { bd:serviceParam wikibase:language ""[AUTO_LANGUAGE],en"". }
}",True,,True,,0.0,0.0,0.0,0
287,complex,"List the movies featuring Jean-Paul Belmondo, ranked by their number of sitelinks.","SELECT ?movie ?movieLabel ?sitelinks WHERE {
  ?movie wdt:P31 wd:Q11424 ;          # instance of film
         wdt:P161 wd:Q106491 .        # cast member = Jean-Paul Belmondo
  ?movie wikibase:sitelinks ?sitelinks .
  SERVICE wikibase:label { bd:serviceParam wikibase:language ""en"". }
}
ORDER BY DESC(?sitelinks)",True,,True,,0.0,na,na,0
288,complex,List male actors who played the same character in a trilogy of movies when they were young and again decades later.,"SELECT DISTINCT ?actor ?actorLabel ?character ?characterLabel ?firstFilm ?firstDate ?secondFilm ?secondDate WHERE {
  ?actor wdt:P31 wd:Q5 ; wdt:P21 wd:Q6581097 .
  ?firstFilm wdt:P31 wd:Q11424 ; wdt:P161 ?actor ; wdt:P577 ?firstDate ; wdt:P179 ?series .
  ?secondFilm wdt:P31 wd:Q11424 ; wdt:P161 ?actor ; wdt:P577 ?secondDate ; wdt:P179 ?series .
  FILTER(?firstFilm != ?secondFilm)
  FILTER(?firstDate < ?secondDate)
  FILTER(YEAR(?secondDate) - YEAR(?firstDate) >= 20)
  ?series rdfs:label ?seriesLabel .
  FILTER(CONTAINS(LCASE(?seriesLabel), ""trilogy""))
  ?firstFilm p:P161 ?stmt1 . ?stmt1 ps:P161 ?actor ; pq:P453 ?character .
  ?secondFilm p:P161 ?stmt2 . ?stmt2 ps:P161 ?actor ; pq:P453 ?character .
  SERVICE wikibase:label { bd:serviceParam wikibase:language ""en"". }
}
ORDER BY ?actorLabel",False,,False,timeout,0.0,0.0,0.0,0
289,complex,Find churches in the Czech Republic dedicated to St. Wenceslas or St. Cyril and Methodius.,"SELECT ?church ?churchLabel ?image WHERE {
  ?church wdt:P31 wd:Q16970 ;          # instance of church building
          wdt:P17 wd:Q213 ;             # country: Czech Republic
          wdt:P507 ?dedicatedTo .       # dedicated to
  VALUES ?dedicatedTo { wd:Q184766 wd:Q269857 } # St. Wenceslas or St. Cyril and Methodius
  OPTIONAL { ?church wdt:P18 ?image . }
  SERVICE wikibase:label { bd:serviceParam wikibase:language ""en"". }
}",True,,True,,0.0,0.0,0.0,0
290,complex,Show me a map of all Wikidata items located in Ukraine.,"SELECT ?item ?itemLabel ?coord WHERE {
  ?item wdt:P17 wd:Q212;
        wdt:P625 ?coord.
  SERVICE wikibase:label { bd:serviceParam wikibase:language ""[AUTO_LANGUAGE],en"". }
}",False,,True,,0.0,0.0,0.0,196479
291,complex,List photographers born before the first photograph was taken.,"SELECT ?photographer ?photographerLabel ?birthDate WHERE {
  ?photographer wdt:P106 wd:Q33231 ;  # occupation: photographer
                wdt:P569 ?birthDate .  # date of birth
  FILTER(?birthDate < ""1826-01-01T00:00:00Z""^^xsd:dateTime)  # first photograph taken around 1826
  SERVICE wikibase:label { bd:serviceParam wikibase:language ""[AUTO_LANGUAGE],en"" }
}
ORDER BY ?birthDate",True,,True,,0.0,0.0,0.0,3126
292,complex,List all grammatical features and their subclasses.,,False,empty response after retries,False,no_query,0.0,0.0,0.0,0
293,complex,List famous Latin American female musicians who don't have a Wikipedia article in Spanish.,"PREFIX wd: <http://www.wikidata.org/entity/>
PREFIX wdt: <http://www.wikidata.org/prop/direct/>
PREFIX wikibase: <http://wikiba.se/ontology#>
PREFIX schema: <http://schema.org/>

SELECT DISTINCT ?person ?personLabel ?image WHERE {
  ?person wdt:P31 wd:Q5 ;          # human
          wdt:P21 wd:Q6581072 ;     # female
          wdt:P106 wd:Q639669 ;     # musician
          wdt:P27 ?country .        # country of citizenship
  VALUES ?country {
    wd:Q414   # Argentina
    wd:Q750   # Bolivia
    wd:Q155   # Brazil
    wd:Q298   # Chile
    wd:Q739   # Colombia
    wd:Q800   # Costa Rica
    wd:Q241   # Cuba
    wd:Q786   # Dominican Republic
    wd:Q736   # Ecuador
    wd:Q792   # El Salvador
    wd:Q774   # Guatemala
    wd:Q790   # Haiti
    wd:Q783   # Honduras
    wd:Q96    # Mexico
    wd:Q811   # Nicaragua
    wd:Q804   # Panama
    wd:Q733   # Paraguay
    wd:Q419   # Peru
    wd:Q77    # Uruguay
    wd:Q717   # Venezuela
  }
  FILTER NOT EXISTS {
    ?sitelink schema:about ?person ;
              schema:isPartOf <https://es.wikipedia.org/> .
  }
  OPTIONAL { ?person wdt:P18 ?image . }
  SERVICE wikibase:label { bd:serviceParam wikibase:language ""[AUTO_LANGUAGE],en"". }
}
ORDER BY ?personLabel",False,,True,,0.0,0.0,0.0,260
294,complex,List the events where most video games were announced.,"SELECT ?event ?eventLabel (COUNT(DISTINCT ?videoGame) AS ?count) WHERE {
  ?videoGame wdt:P31 wd:Q7889 ;
             wdt:P3896 ?event .
  SERVICE wikibase:label { bd:serviceParam wikibase:language ""[AUTO_LANGUAGE],en"". }
}
GROUP BY ?event ?eventLabel
ORDER BY DESC(?count)
LIMIT 20",True,,True,,0.0,0.0,0.0,0
295,complex,Find the century when archaeological objects in St Raymond museum were discovered.,"SELECT ?object ?objectLabel ?discoveryCentury WHERE {
  ?object wdt:P195 wd:Q2367691 ;   # St Raymond museum
          wdt:P575 ?discoveryDate . # discovered date
  BIND(STR(YEAR(?discoveryDate)) AS ?yearStr)
  BIND(IF(?yearStr >= ""1900"" && ?yearStr < ""2000"", ""20th century"",
          IF(?yearStr >= ""1800"" && ?yearStr < ""1900"", ""19th century"",
          IF(?yearStr >= ""1700"" && ?yearStr < ""1800"", ""18th century"",
          IF(?yearStr >= ""1600"" && ?yearStr < ""1700"", ""17th century"",
          IF(?yearStr >= ""1500"" && ?yearStr < ""1600"", ""16th century"", ""Unknown""))))) AS ?discoveryCentury)
  SERVICE wikibase:label { bd:serviceParam wikibase:language ""[AUTO_LANGUAGE],en"". }
}",True,,True,,0.0,na,na,0
296,complex,List all statues in the UK that depict women or nobles.,"SELECT ?statue ?statueLabel ?image ?depictsLabel WHERE {
  ?statue wdt:P31 wd:Q179700 ;        # instance of statue
          wdt:P17 wd:Q145 .           # country: United Kingdom
  OPTIONAL { ?statue wdt:P18 ?image . }
  ?statue wdt:P180 ?depicts .         # depicts
  { ?depicts wdt:P31 wd:Q6581072 }    # depicts a woman (female human)
  UNION
  { ?depicts wdt:P31 wd:Q3270524 }    # depicts a noble
  SERVICE wikibase:label { bd:serviceParam wikibase:language ""en, fr, de, it, es"". }
}",True,,True,,0.0,0.0,0.0,0
297,complex,List all cricket teams with their number of players and gender.,"SELECT ?team ?teamLabel ?maxPlayers ?genderLabel WHERE {
  ?team wdt:P31 wd:Q15944511 .          # instance of cricket team
  OPTIONAL { ?team wdt:P1431 ?maxPlayers . }
  OPTIONAL { ?team wdt:P2936 ?gender . }
  SERVICE wikibase:label { bd:serviceParam wikibase:language ""[AUTO_LANGUAGE],en"" }
}",True,,True,,0.0,0.0,0.0,2061
298,complex,Find entities related to Percy Bysshe Shelley and their corresponding images.,"SELECT ?entity ?entityLabel ?image WHERE {
  wd:Q93343 wdt:P527 ?entity .  # Percy Bysshe Shelley has parts
  OPTIONAL { ?entity wdt:P18 ?image . }
  SERVICE wikibase:label { bd:serviceParam wikibase:language ""en"". }
}",True,,True,,0.0,na,na,0
299,complex,What are the most common characteristics of objects in a specific collection?,"SELECT ?property ?propertyLabel ?count WHERE {
  {
    SELECT ?property (COUNT(?item) AS ?count) WHERE {
      ?item wdt:P195 wd:Q123456 . # Replace Q123456 with the specific collection ID
      ?item ?property ?value .
    }
    GROUP BY ?property
    ORDER BY DESC(?count)
    LIMIT 10
  }
  SERVICE wikibase:label { bd:serviceParam wikibase:language ""[AUTO_LANGUAGE],en"" }
}",True,,True,,0.0,0.0,0.0,0
300,complex,List all Swiss films along with their duration in minutes and release date.,"SELECT ?film ?filmLabel ?duration ?releaseDate WHERE {
  ?film wdt:P31 wd:Q11424 ;
        wdt:P495 wd:Q39 .
  OPTIONAL { ?film wdt:P2047 ?duration . }
  OPTIONAL { ?film wdt:P577 ?releaseDate . }
  SERVICE wikibase:label { bd:serviceParam wikibase:language ""en"". }
}",True,,True,,0.0293,0.0102,0.0484,3406
301,complex,List all members of the Illuminati Order along with their birth dates.,"SELECT ?member ?memberLabel ?birthDate WHERE {
  ?member wdt:P512 wd:Q42002 ;  # academic degree (P512) -> Illuminati (Q42002) as a proxy
  wdt:P569 ?birthDate .
  SERVICE wikibase:label { bd:serviceParam wikibase:language ""[AUTO_LANGUAGE],en"" }
}",True,,True,,0.0,na,na,0
302,complex,List all Czech art collections with their sizes.,"SELECT ?collection ?collectionLabel ?numberOfWorks WHERE {
  ?collection wdt:P31 wd:Q182840 ;   # instance of art collection
              wdt:P17 wd:Q213 .       # country Czech Republic
  OPTIONAL { ?collection wdt:P3748 ?numberOfWorks . } # number of works (size)
  SERVICE wikibase:label { bd:serviceParam wikibase:language ""en"". }
}
ORDER BY ?collectionLabel",True,,True,,0.0,na,0.0,0
303,complex,List airports named after famous poets.,"SELECT ?airport ?airportLabel ?poet ?poetLabel WHERE {
  ?airport wdt:P31 wd:Q1248784 ;  # instance of airport
           wdt:P138 ?poet .       # named after
  ?poet wdt:P106 wd:Q49757 .      # occupation poet
  SERVICE wikibase:label { bd:serviceParam wikibase:language ""en"". }
}",True,,True,,0.0,0.0,na,86
304,complex,"Show me a map of Italian cities with schools, highlighting areas with high school density.","SELECT ?city ?cityLabel ?coord (COUNT(?school) AS ?schoolCount) WHERE {
  ?city wdt:P31 wd:Q515 ; wdt:P17 wd:Q38 ; wdt:P625 ?coord .
  ?school wdt:P31 wd:Q3914 ; wdt:P131 ?city .
  SERVICE wikibase:label { bd:serviceParam wikibase:language ""en"". }
}
GROUP BY ?city ?cityLabel ?coord
ORDER BY DESC(?schoolCount)",True,,True,,0.0065,0.0065,0.0064,37
305,complex,Show me hillforts in the UK without images on a map.,"SELECT ?hillfort ?hillfortLabel ?location WHERE {
  ?hillfort wdt:P31 wd:Q200539 ;  # instance of hillfort
            wdt:P17 wd:Q145 ;     # country: United Kingdom
            wdt:P625 ?location .   # coordinate location
  FILTER NOT EXISTS { ?hillfort wdt:P18 ?image . }  # no image
  SERVICE wikibase:label { bd:serviceParam wikibase:language ""en"". }
}",True,,True,,0.0,0.0,0.0,0
306,complex,List all pathways with their corresponding gene and metabolite counts.,"SELECT ?pathway ?pathwayLabel ?geneCount ?metaboliteCount WHERE {
  {
    SELECT ?pathway (COUNT(DISTINCT ?gene) AS ?geneCount) (COUNT(DISTINCT ?metabolite) AS ?metaboliteCount) WHERE {
      ?pathway wdt:P31 wd:Q4915012. # instance of biological pathway
      OPTIONAL { ?pathway wdt:P527 ?gene . } # has part (gene)
      OPTIONAL { ?pathway wdt:P527 ?metabolite . } # has part (metabolite)
      FILTER NOT EXISTS { ?gene wdt:P31 wd:Q7187 . } # exclude if gene is not a gene
      FILTER NOT EXISTS { ?metabolite wdt:P31 wd:Q11173 . } # exclude if metabolite is not a metabolite
    }
    GROUP BY ?pathway
  }
  SERVICE wikibase:label { bd:serviceParam wikibase:language ""[AUTO_LANGUAGE],en"". }
}",False,,True,,0.0,0.0,0.0,3372
307,complex,Find authors with works published online during the Early Modern period.,"SELECT DISTINCT ?author ?authorLabel ?work ?workLabel ?publicationDate WHERE {
  ?author wdt:P106 wd:Q482980 ; # author
          wdt:P31 wd:Q5 .       # human
  ?work wdt:P50 ?author ;       # authored by
        wdt:P953 [] ;           # available online at URL
        wdt:P577 ?publicationDate .
  FILTER(YEAR(?publicationDate) >= 1500 && YEAR(?publicationDate) <= 1800)
  SERVICE wikibase:label { bd:serviceParam wikibase:language ""[AUTO_LANGUAGE],en"". }
}
ORDER BY ?authorLabel",True,,True,,0.0,0.0,0.0,98
308,complex,Find artworks featuring individuals from the Electronic Enlightenment database.,"SELECT ?artwork ?artworkLabel ?person ?personLabel WHERE {
  ?person wdt:P1802 ?emlo .
  ?artwork wdt:P180 ?person .
  SERVICE wikibase:label { bd:serviceParam wikibase:language ""[AUTO_LANGUAGE],en"" }
}",True,,True,,0.0,0.0,na,16871
309,complex,List the types of notable things that have an Instagram account.,"SELECT DISTINCT ?type ?typeLabel WHERE {
  ?item wdt:P2003 ?instagramUsername .
  ?item wdt:P31 ?type .
  SERVICE wikibase:label { bd:serviceParam wikibase:language ""[AUTO_LANGUAGE],en"" }
}
ORDER BY ?typeLabel",False,,True,,0.9707,1.0,0.0,9230
310,complex,What organizations were founded by University of Oxford alumni?,"SELECT ?organization ?organizationLabel ?foundedBy ?foundedByLabel WHERE {
  ?organization wdt:P31 wd:Q43229 .  # instance of organization
  ?organization wdt:P112 ?foundedBy .  # founded by
  ?foundedBy wdt:P69 wd:Q34433 .  # educated at University of Oxford
  SERVICE wikibase:label { bd:serviceParam wikibase:language ""[AUTO_LANGUAGE],en"" }
}",True,,True,,0.0323,0.0323,na,47
311,complex,"List politicians who have accounts on GitHub, CPAN, or Wikimedia.","SELECT ?person ?personLabel ?account ?platformLabel WHERE {
  {
    ?person wdt:P106 wd:Q82955 ;
            wdt:P2034 ?account .
    BIND(""GitHub"" AS ?platformLabel)
  }
  UNION
  {
    ?person wdt:P106 wd:Q82955 ;
            wdt:P3632 ?account .
    BIND(""CPAN"" AS ?platformLabel)
  }
  UNION
  {
    ?person wdt:P106 wd:Q82955 ;
            wdt:P5419 ?account .
    BIND(""Wikimedia"" AS ?platformLabel)
  }
  SERVICE wikibase:label { bd:serviceParam wikibase:language ""[AUTO_LANGUAGE],en"". }
}",True,,True,,0.0,0.0,0.0,314
312,complex,List the countries with the most colorful flags.,"SELECT ?country ?countryLabel (COUNT(DISTINCT ?color) AS ?colorCount) WHERE {
  ?country wdt:P31 wd:Q3624078.  # sovereign state
  ?country wdt:P41 ?flag.       # flag image
  ?flag wdt:P462 ?color.        # color of the flag
  SERVICE wikibase:label { bd:serviceParam wikibase:language ""[AUTO_LANGUAGE],en"". }
}
GROUP BY ?country ?countryLabel
ORDER BY DESC(?colorCount)",True,,True,,0.0,na,na,0
313,complex,Find online travel stories with French texts and map the locations mentioned.,"SELECT ?story ?storyLabel ?location ?locationLabel ?coords WHERE {
  ?story wdt:P136 wd:Q1197181 ;   # genre: travel literature
         wdt:P407 wd:Q150 ;        # language: French
         wdt:P840 ?location .      # narrative location
  ?location wdt:P625 ?coords .    # coordinates of location
  # Online aspect: publication format = online publication (optional)
  ?story w",False,,False,http_400,0.0,0.0,0.0,0
314,complex,List all statues and monuments dedicated to slave owners or traders.,"SELECT DISTINCT ?item ?itemLabel ?dedicateeLabel ?image WHERE {
  ?item wdt:P31 wd:Q179700 .  # statue
  UNION
  ?item wdt:P31 wd:Q4989906 . # monument
  ?item wdt:P825 ?dedicatee . # dedicated to
  ?dedicatee wdt:P106 wd:Q277636 .  # slave trader
  UNION
  ?dedicatee wdt:P106 wd:Q3458289 . # slave owner
  OPTIONAL { ?item wdt:P18 ?image . }
  SERVICE wikibase:label { bd:serviceParam wikibase:language ""[AUTO_LANGUAGE],en"". }
}
ORDER BY ?itemLabel",False,,False,http_400,0.0,0.0,0.0,0
315,complex,List all town halls located in communes that share a border with Paris.,"SELECT ?townHall ?townHallLabel ?commune ?communeLabel WHERE {
  # Paris is Q90
  wd:Q90 wdt:P47 ?commune .          # communes that share a border with Paris
  ?commune wdt:P31 wd:Q484170 .      # communes are administrative divisions (Q484170)
  ?townHall wdt:P31 wd:Q543654 ;     # town halls are instances of town hall (Q543654)
             wdt:P131 ?commune .     # located in the commune
  SERVICE wikibase:label { bd:serviceParam wikibase:language ""[AUTO_LANGUAGE],en"". }
}",True,,True,,0.5,1.0,0.0,2
316,complex,What are the geographic coordinates of Ordnance Survey Old Series preparatory drawings?,"SELECT ?coordinates WHERE {
  wd:Q30215946 wdt:P625 ?coordinates .
}",True,,True,,0.0,na,na,0
317,complex,List the political parties of world leaders and their alignments.,"SELECTDISTINCT ?leader ?leaderLabel ?party ?partyLabel ?alignment ?alignmentLabel WHERE {
  ?leader wdt:P31 wd:Q5 ;
          wdt:P39 ?position .
  ?position wdt:P31 ?positionType .
  VALUES ?positionType { wd:Q11696 wd:Q13152409 }
  ?leader wdt:P102 ?party .
  ?party wdt:P1387 ?alignment .
  SERVICE wikibase:label { bd:serviceParam wikibase:language ""[AUTO_LANGUAGE],en"". }
}
ORDER BY ?leaderLabel",True,,False,http_400,0.0,0.0,0.0,0
318,complex,List the people who received the most letters.,"SELECT ?person ?personLabel ?letters WHERE {
  ?person wdt:P3931 ?letters .
  SERVICE wikibase:label { bd:serviceParam wikibase:language ""en"". }
}
ORDER BY DESC(?letters)",True,,True,,0.0,0.0,0.0,37928
319,complex,List Wikipedia articles about people without pictures on Wikidata.,"SELECT DISTINCT ?person ?personLabel ?article WHERE {
  ?person wdt:P31 wd:Q5.
  ?article schema:about ?person ; schema:isPartOf <https://en.wikipedia.org/> .
  OPTIONAL { ?person wdt:P18 ?image . }
  FILTER(!BOUND(?image))
  SERVICE wikibase:label { bd:serviceParam wikibase:language ""[AUTO_LANGUAGE],en"" }
}
ORDER BY ?personLabel",False,,False,result_too_large,0.0,0.0,0.0,0
320,complex,How many successful election petitions were there in each UK parliamentary term since 1859?,"SELECT ?term ?termLabel (COUNT(?petition) AS ?count) WHERE {
  ?petition wdt:P31 wd:Q110049815 .          # successful election petition
  ?petition wdt:P2937 ?term .                # legislative term of the petition
  ?term wdt:P31 wd:Q105295307 ;              # UK parliamentary term
        wdt:P580 ?start .                    # start date of term
  FILTER(?start >= ""1859-01-01T00:00:00Z""^^xsd:dateTime)
  SERVICE wikibase:label { bd:serviceParam wikibase:language ""[AUTO_LANGUAGE],en"". }
}
GROUP BY ?term ?termLabel ?start
ORDER BY ?start",True,,True,,0.0,na,0.0,0
321,complex,List all characters from the Marvel Universe.,"SELECT ?character ?characterLabel WHERE {
  ?character wdt:P31 wd:Q5 ;
             wdt:P1080 wd:Q3293372 .
  SERVICE wikibase:label { bd:serviceParam wikibase:language ""en"". }
}",True,,True,,0.0,0.0,na,0
322,complex,"Show me a map of medical facilities in Kalimpong district, India, with different colors for each type.","SELECT ?facility ?facilityLabel ?coord ?type ?typeLabel WHERE {
  ?facility wdt:P31 ?type ;
            wdt:P131 wd:Q559930 ;
            wdt:P625 ?coord .
  ?type (wdt:P279*) wd:Q3569008 .
  SERVICE wikibase:label { bd:serviceParam wikibase:language ""[AUTO_LANGUAGE],en"". }
}",True,,True,,0.0,na,0.0,0
323,complex,What are the canals within an 800km radius of Glasgow?,"SELECTDISTINCT ?canal ?canalLabel WHERE {
  wd:Q4093 wdt:P625 ?glasgowLoc .
  SERVICE wikibase:around {
    ?canal wdt:P625 ?canalLoc .
    bd:serviceParam wikibase:center ?glasgowLoc .
    bd:serviceParam wikibase:radius ""800"" .
  }
  ?canal wdt:P31/wdt:P279* wd:Q12284 .
  SERVICE",False,,False,http_400,0.0,0.0,0.0,0
324,complex,List all hillforts with their Atlas of Hillforts ID and a link to their Wikipedia page.,"SELECT ?hillfort ?hillfortLabel ?atlasId ?wikipediaLink WHERE {
  ?hillfort wdt:P31 wd:Q2001740;  # instance of hillfort
            wdt:P4264 ?atlasId.   # Atlas of Hillforts ID
  OPTIONAL {
    ?wikipediaLink schema:about ?hillfort ;
                   schema:isPartOf <https://en.wikipedia.org/> .
  }
  SERVICE wikibase:label { bd:serviceParam wikibase:language ""en"". }
}",True,,True,,0.0,0.0,0.0,0
325,complex,List the top 500 paintings according to their importance on Wikidata.,"SELECT ?painting ?paintingLabel ?sitelinks WHERE {
  ?painting wdt:P31 wd:Q3305213 .
  ?painting wikibase:sitelinks ?sitelinks .
  SERVICE wikibase:label { bd:serviceParam wikibase:language ""en"". }
}
ORDER BY DESC(?sitelinks)
LIMIT 500",False,,True,,0.0,0.0,0.0,0
326,complex,List all buildings with coordinates and at least one sitelink.,"SELECT DISTINCT ?building ?buildingLabel ?coord WHERE {
  ?building wdt:P31 wd:Q41176 .
  ?building wdt:P625 ?coord .
  ?building wikibase:sitelinks ?sitelinks .
  FILTER (?sitelinks > 0)
  SERVICE wikibase:label { bd:serviceParam wikibase:language ""[AUTO_LANGUAGE],en"" }
}
ORDER BY ?buildingLabel",False,,True,,0.0,na,na,0
327,complex,List public spaces named after women.,"SELECT ?space ?spaceLabel ?womanLabel WHERE {
  ?space wdt:P31/wdt:P279* wd:Q294382 ;  # public space or subclass
         wdt:P138 ?woman .                 # named after
  ?woman wdt:P31 wd:Q5 ;                  # human
         wdt:P21 wd:Q6581072 .             # female
  SERVICE wikibase:label { bd:serviceParam wikibase:language ""en"". }
}",True,,True,,0.0,na,na,0
328,complex,List the longest rivers for each of the 7 continents.,"SELECT ?continent ?continentLabel ?river ?riverLabel ?length WHERE {
  # Define continents
  VALUES ?continent { wd:Q49 wd:Q51 wd:Q48 wd:Q46 wd:Q50 wd:Q52 wd:Q47 } # North America, South America, Europe, Africa, Asia, Australia, Antarctica
  ?continent wdt:P31 wd:Q5107 . # instance of continent
  
  # Find rivers on each continent
  ?river wdt:P31 wd:Q4022 ; # instance of river
         wdt:P17 ?country . # located in country
  ?country wdt:P30 ?continent . # continent of country
  ?river wdt:P2043 ?length . # length in meters
  
  # Get the longest river per continent
  {
    SELECT ?continent (MAX(?length) AS ?maxLength) WHERE {
      ?river wdt:P31 wd:Q4022 ;
             wdt:P17 ?country .
      ?country wdt:P30 ?continent .
      ?river wdt:P2043 ?length .
    }
    GROUP BY ?continent
  }
  FILTER(?length = ?maxLength)
  
  SERVICE wikibase:label { bd:serviceParam wikibase:language ""[AUTO_LANGUAGE],en"" }
}
ORDER BY ?continentLabel",False,,True,,0.0,0.0,0.0,9
329,complex,Find the route of The Antartic Circumpolar Voyage expedition.,"SELECT ?expedition ?expeditionLabel ?route ?routeLabel WHERE {
  ?expedition wdt:P31 wd:Q49788 .
  ?expedition rdfs:label ?label .
  FILTER(CONTAINS(LCASE(?label), ""antartic circumpolar voyage"") || CONTAINS(LCASE(?label), ""antarctic circumpolar voyage""))
  ?expedition wdt:P2822 ?route .
  SERVICE wikibase:label { bd:serviceParam wikibase:language ""en"". }
}",True,,True,,0.0,0.0,0.0,0
330,complex,List cities with more Wikipedia sitelinks than their country.,"SELECT ?city ?cityLabel ?country ?countryLabel ?city_sitelinks ?country_sitelinks WHERE {
  ?city wdt:P31/wdt:P279* wd:Q515 ;    # city or subclass thereof
        wdt:P17 ?country .
  BIND(wikibase:sitelinks(?city) AS ?city_sitelinks)
  BIND(wikibase:sitelinks(?country) AS ?country_sitelinks)
  FILTER(?city_sitelinks > ?country_sitelinks)
  SERVICE wikibase:label { bd:serviceParam wikibase:language ""en"". }
}
ORDER BY DESC(?city_sitelinks)",False,,False,http_400,0.0,0.0,0.0,0
331,complex,List the latest research papers related to COVID-19.,"SELECT ?paper ?paperLabel ?publicationDate ?doi WHERE {
  ?paper wdt:P31 wd:Q13442814 ;  # instance of scientific article
         wdt:P921 wd:Q84263196 ; # main subject COVID-19
         wdt:P577 ?publicationDate . # publication date
  OPTIONAL { ?paper wdt:P356 ?doi . } # DOI
  SERVICE wikibase:label { bd:serviceParam wikibase:language ""en"". }
}
ORDER BY DESC(?publicationDate)
LIMIT 20",True,,True,,0.0,0.0,0.0,47
332,complex,List the languages of poems and their first lines.,"SELECT ?poem ?poemLabel ?language ?languageLabel ?firstLine WHERE {
  ?poem wdt:P31 wd:Q5185279 ;  # instance of poem
        wdt:P407 ?language ;    # language
        wdt:P1922 ?firstLine .  # first line
  SERVICE wikibase:label { bd:serviceParam wikibase:language ""[AUTO_LANGUAGE],en"". }
}",True,,True,,0.0,na,0.0,0
333,complex,List all colors with multiple RGB values.,"SELECT ?color ?colorLabel (GROUP_CONCAT(?rgb; SEPARATOR="", "") AS ?rgbValues) WHERE {
  ?color wdt:P241 ?rgb .
  SERVICE wikibase:label { bd:serviceParam wikibase:language ""[AUTO_LANGUAGE],en"" }
}
GROUP BY ?color ?colorLabel
HAVING (COUNT(?rgb) > 1)",False,,True,,0.0,0.0,0.0,10378
334,complex,"List the occupations of people born in New Zealand, ranked by popularity.","SELECT ?occupation ?occupationLabel (COUNT(DISTINCT ?person) AS ?count) WHERE {
  ?person wdt:P31 wd:Q5 ;        # instance of human
          wdt:P19 wd:Q664 ;      # place of birth New Zealand
          wdt:P106 ?occupation . # occupation
  SERVICE wikibase:label { bd:serviceParam wikibase:language ""[AUTO_LANGUAGE],en"" }
}
GROUP BY ?occupation ?occupationLabel
ORDER BY DESC(?count)",True,,True,,0.0,0.0,0.0,379
335,complex,List all fibulas in Musée Saint-Raymond along with their dates and materials.,"SELECT ?item ?itemLabel ?date ?materialLabel WHERE {
  ?item wdt:P31 wd:Q10218407 ; # instance of fibula
        wdt:P276 wd:Q3329848 ; # location: Musée Saint-Raymond
        wdt:P571 ?date .       # inception date
  OPTIONAL { ?item wdt:P186 ?material } . # material
  SERVICE wikibase:label { bd:serviceParam wikibase:language ""[AUTO_LANGUAGE],en"". }
}",True,,True,,0.0,0.0,0.0,0
336,complex,Find individuals with Electronic Enlightenment IDs but no Wikipedia articles in any language.,"SELECT ?person ?personLabel ?emlo WHERE {
  ?person wdt:P1802 ?emlo.
  FILTER NOT EXISTS { ?person wikibase:sitelink ?sitelink . }
  SERVICE wikibase:label { bd:serviceParam wikibase:language ""[AUTO_LANGUAGE],en"". }
}",True,,True,,0.0,0.0,0.0,21429
337,complex,Show me a map of places where accused witches lived.,"SELECT DISTINCT ?place ?placeLabel ?coords WHERE {
  ?person wdt:P31 wd:Q5 ;              # instance of human
          wdt:P512 wd:Q9154 .          # accused of witchcraft
  ?person wdt:P551 ?place .           # place of residence
  ?place wdt:P625 ?coords .           # coordinate location
  SERVICE wikibase:label { bd:serviceParam wikibase:language ""[AUTO_LANGUAGE],en"". }
}",True,,True,,0.0,0.0,0.0,0
338,complex,What are the COVID-19 cases in different Indian states?,"SELECT ?state ?stateLabel ?cases ?date WHERE {
  wd:Q84263196 p:P1603 ?statement .
  ?statement ps:P1603 ?cases .
  ?statement pq:P276 ?state .
  ?statement pq:P585 ?date .
  ?state wdt:P31 wd:Q503521 . # state of India
  SERVICE wikibase:label { bd:serviceParam wikibase:language ""[AUTO_LANGUAGE],en"" }
}
ORDER BY DESC(?date)",True,,True,,0.0,0.0,0.0,0
339,complex,Find paintings with 'portrait' in their name that do not depict anything.,"SELECT ?painting ?paintingLabel WHERE {
  ?painting wdt:P31 wd:Q3305213 .
  ?painting rdfs:label ?label .
  FILTER(CONTAINS(LCASE(?label), ""portrait"")) .
  FILTER NOT EXISTS { ?painting wdt:P180 ?depicts . }
  SERVICE wikibase:label { bd:serviceParam wikibase:language ""en"". }
}
LIMIT 100",False,,True,,0.0,0.0,na,100
340,complex,List all countries with an average player weight above 80 kilos in the FIFA World Cup 2022.,"SELECT ?country ?countryLabel (AVG(?weight) AS ?averageWeight) WHERE {
  ?player wdt:P31 wd:Q5 ;
          wdt:P1344 wd:Q4683206 ;
          wdt:P27 ?country ;
          wdt:P2067 ?weight .
  SERVICE wikibase:label { bd:serviceParam wikibase:language ""[AUTO_LANGUAGE],en"" }
}
GROUP BY ?country ?countryLabel
HAVING (AVG(?weight) > 80)",True,,True,,0.0,0.0,0.0,0
341,complex,Find items in the UK with coordinates near 1 degree 50 west longitude.,"SELECT ?item ?itemLabel ?coord WHERE {
  ?item wdt:P625 ?coord.
  ?item wdt:P17 wd:Q145.
  FILTER(ABS(xsd:float(STRBEFORE(STRAFTER(STR(?coord), ""Point(""), "" "")) + 1.8333) < 0.1)
  SERVICE wikibase:label { bd:serviceParam wikibase:language ""en"". }
}",False,,True,,0.0,na,na,0
342,complex,What languages are used in Wikidata lexemes?,"SELECT DISTINCT ?language ?languageLabel WHERE {
  ?lexeme a wikibase:Lexeme ;
          wikibase:lexicalCategory ?category ;
          dct:language ?language .
  SERVICE wikibase:label { bd:serviceParam wikibase:language ""[AUTO_LANGUAGE],en"". }
}
ORDER BY ?languageLabel",True,,True,,0.0,0.0,na,1495
343,complex,List the awards with the highest percentage of female recipients.,"SELECT ?award ?awardLabel ?totalRecipients ?femaleRecipients ?percentage WHERE {
  {
    SELECT ?award (COUNT(DISTINCT ?recipient) AS ?totalRecipients) (COUNT(DISTINCT ?femaleRecipient) AS ?femaleRecipients) WHERE {
      ?award wdt:P31 wd:Q618779 . # instance of award
      ?recipient wdt:P166 ?award . # recipient of award
      OPTIONAL {
        ?femaleRecipient wdt:P166 ?award ;
                         wdt:P21 wd:Q6581072 . # female gender
      }
    }
    GROUP BY ?award
    HAVING (?totalRecipients > 0)
  }
  BIND ((?femaleRecipients * 100.0) / ?totalRecipients AS ?percentage)
  SERVICE wikibase:label { bd:serviceParam wikibase:language ""[AUTO_LANGUAGE],en"". }
}
ORDER BY DESC(?percentage)",False,,False,http_500,0.0,0.0,0.0,0
344,complex,List the names of fictional characters created by French authors.,"SELECT ?character ?characterLabel WHERE {
  ?character wdt:P31/wdt:P279* wd:Q95074 ;  # fictional character or subclass
             wdt:P50 ?author .              # author/creator
  ?author wdt:P27 wd:Q142 .                # French nationality
  SERVICE wikibase:label { bd:serviceParam wikibase:language ""[AUTO_LANGUAGE],en"". }
}",True,,True,,0.0,na,na,0
345,complex,List names similar to Filaret.,"SELECT ?item ?itemLabel WHERE {
  ?item wdt:P31 wd:Q5.
  ?item rdfs:label ?label.
  FILTER(CONTAINS(LCASE(?label), ""filaret"")).
  SERVICE wikibase:label { bd:serviceParam wikibase:language ""en"". }
}",False,,False,timeout,0.0,0.0,0.0,0
346,complex,List the most cited Danish authors.,"SELECT ?author ?authorLabel ?citationCount WHERE {
  ?author wdt:P31 wd:Q5 ;          # instance of human
          wdt:P27 wd:Q35 ;         # country of citizenship: Denmark
          wdt:P106 wd:Q36180 ;     # occupation: author
          wdt:P2860 ?citationCount . # citation count
  SERVICE wikibase:label { bd:serviceParam wikibase:language ""[AUTO_LANGUAGE],en"". }
}
ORDER BY DESC(?citationCount)
LIMIT 10",True,,True,,0.0,na,na,0
347,complex,List all World Snooker Champions along with their total number of wins.,"SELECT ?champion ?championLabel (COUNT(?tournament) AS ?wins) WHERE {
  ?tournament wdt:P31 wd:Q11364 ; # instance of snooker tournament
              wdt:P17 wd:Q145 ;    # country United Kingdom (World Championship)
              wdt:P585 ?date ;     # point in time
              wdt:P1346 ?champion . # winner
  ?champion wdt:P106 wd:Q13381376 . # occupation snooker player
}
GROUP BY ?champion ?championLabel
ORDER BY DESC(?wins)",True,,True,,0.0,na,0.0,0
348,complex,List all economists along with their birthplaces and years.,"SELECT ?person ?personLabel ?birthplaceLabel ?birthYear WHERE {
  ?person wdt:P106 wd:Q188094 ;   # occupation: economist
          wdt:P569 ?birthDate .    # date of birth
  OPTIONAL { ?person wdt:P19 ?birthplace . } # place of birth
  BIND(YEAR(?birthDate) AS ?birthYear)
  SERVICE wikibase:label { bd:serviceParam wikibase:language ""[AUTO_LANGUAGE],en"" }
}
ORDER BY ?personLabel",False,,True,,0.2118,0.2335,0.0601,44513
349,complex,List all artworks falsely attributed to Johannes Vermeer.,"SELECT ?artwork ?artworkLabel WHERE {
  ?artwork wdt:P31 wd:Q3305213 .  # instance of painting
  ?artwork wdt:P127 ?owner .      # owned by
  ?artwork wdt:P170 wd:Q41264 .   # creator Johannes Vermeer
  ?artwork wdt:P189 ?location .   # location
  FILTER NOT EXISTS { ?artwork wdt:P170 wd:Q41264 } . # not actually by Vermeer
  SERVICE wikibase:label { bd:serviceParam wikibase:language ""[AUTO_LANGUAGE],en"" }
}",True,,True,,0.0,na,na,0
350,complex,List all fictional spaceship captains from the Star Trek universe.,"SELECT ?captain ?captainLabel ?image WHERE {
  ?captain wdt:P31 wd:Q95074 ;            # fictional character
           wdt:P106 wd:Q1062034 ;         # occupation: starship captain
           wdt:P1080 wd:Q1092 .           # from fictional universe: Star Trek
  OPTIONAL { ?captain wdt:P18 ?image . }
  SERVICE wikibase:label { bd:serviceParam wikibase:language ""[AUTO_LANGUAGE],en"". }
}",True,,True,,0.0,0.0,na,0
351,complex,List the people buried at Pere Lachaise Cemetery along with their birthplace and date of birth.,"SELECT ?person ?personLabel ?birthplaceLabel ?dateOfBirth WHERE {
  ?person wdt:P119 wd:Q412802 .
  ?person wdt:P569 ?dateOfBirth .
  OPTIONAL { ?person wdt:P19 ?birthplace . }
  SERVICE wikibase:label { bd:serviceParam wikibase:language ""[AUTO_LANGUAGE],en"". }
}
ORDER BY ?personLabel",True,,True,,0.0,0.0,0.0,0
352,complex,List all Swedish forms without examples.,"SELECT ?form ?formLabel WHERE {
  ?form wdt:P31 wd:Q5 ;
        wdt:P17 wd:Q34 .
  FILTER NOT EXISTS { ?form wdt:P18 ?image }
  SERVICE wikibase:label { bd:serviceParam wikibase:language ""en"". }
}",True,,True,,0.0,0.0,0.0,1
353,complex,What are the subclasses of malware?,"SELECT ?subclass ?subclassLabel WHERE {
  wd:Q14001 wdt:P279* ?subclass .
  ?subclass wdt:P279 wd:Q14001 .
  SERVICE wikibase:label { bd:serviceParam wikibase:language ""en"". }
}",True,,True,,0.0,na,na,0
354,complex,What percentage of Nobel Prize winners are women?,"PREFIX wd: <http://www.wikidata.org/entity/>
PREFIX wdt: <http://www.wikidata.org/prop/direct/>
SELECT ((?femaleCount * 100.0) / ?totalCount AS ?percentage) WHERE {
  {
    SELECT (COUNT(DISTINCT ?person) AS ?totalCount) WHERE {
      ?person wdt:P166 wd:Q7191;
              wdt:P31 wd:Q5.
    }
  }
  {
    SELECT (COUNT(DISTINCT ?woman) AS ?femaleCount) WHERE {
      ?woman wdt:P166 wd:Q7191;
             wdt:P31 wd:Q5;
             wdt:P21 wd:Q6581072.
    }
  }
}",True,,True,,0.0,0.0,0.0,0
355,complex,List all Wikipedia articles about controversies with the most language versions.,"SELECT ?controversy ?controversyLabel ?nolang ?article ?langCount WHERE {
  ?controversy wdt:P31 wd:Q1515293 .
  ?article schema:about ?controversy ;
            schema:isPartOf <https://en.wikipedia.org/> ;
            wikibase:statements ?nolang .
  BIND( IRI(REPLACE(STR(?article), ""https://en.wikipedia.org/wiki/"", ""https://en.wikipedia.org/w/index.php?title="")) AS ?articleUrl )
  {
    SELECT ?controversy (COUNT(DISTINCT ?langArticle) AS ?langCount) WHERE {
      ?langArticle schema:about ?controversy .
      ?langArticle schema:isPartOf ?wiki .
      FILTER(CONTAINS(STR(?wiki), ""wikipedia.org""))
    }
    GROUP BY ?controversy
  }
  SERVICE wikibase:label { bd:serviceParam wikibase:language ""[AUTO_LANGUAGE],en"" }
}
ORDER BY DESC(?langCount)",False,,False,timeout,0.0,0.0,0.0,0
356,complex,List all science fiction movies and series featuring an actor born in Liverpool.,"SELECT DISTINCT ?work ?workLabel WHERE {
  ?work wdt:P136 wd:Q24925 .  # genre: science fiction
  { ?work wdt:P31 wd:Q11424 } UNION { ?work wdt:P31 wd:Q5398426 }  # instance of film or television series
  ?work wdt:P161 ?actor .        # cast member
  ?actor wdt:P106 wd:Q33999 ;   # occupation: actor
         wdt:P19 wd:Q24826 .    # place of birth: Liverpool
  SERVICE wikibase:label { bd:serviceParam wikibase:language ""[AUTO_LANGUAGE],en"" }
}
ORDER BY ?workLabel",True,,True,,0.0,na,na,0
357,complex,List all government agencies operating in Scotland.,"SELECT ?agency ?agencyLabel WHERE {
  ?agency wdt:P31 wd:Q327333 .  # instance of government agency
  ?agency wdt:P17 wd:Q145 .     # country: United Kingdom
  ?agency wdt:P131 wd:Q22 .     # located in the administrative territorial entity: Scotland
  SERVICE wikibase:label { bd:serviceParam wikibase:language ""[AUTO_LANGUAGE],en"" }
}",True,,True,,0.0053,0.0053,na,2
358,complex,List all manuscript collections with their official websites.,"SELECT ?collection ?collectionLabel ?website WHERE {
  ?collection wdt:P31 wd:Q20655472 .
  OPTIONAL { ?collection wdt:P856 ?website . }
  SERVICE wikibase:label { bd:serviceParam wikibase:language ""[AUTO_LANGUAGE],en"". }
}",True,,True,,0.0017,0.002,0.0,2283
359,complex,List all infectious diseases with their minimum and maximum incubation periods in humans.,"SELECT ?disease ?diseaseLabel ?minIncubation ?maxIncubation WHERE {
  ?disease wdt:P31 wd:Q12136 ;            # instance of infectious disease
           wdt:P3077 ?minIncubation ;     # minimum incubation period
           wdt:P3076 ?maxIncubation .     # maximum incubation period
  SERVICE wikibase:label { bd:serviceParam wikibase:language ""[AUTO_LANGUAGE],en"". }
}",True,,True,,0.0,na,0.0,0
360,complex,Find the railway stations between Dibrugarh and Scottish Highlands with the fewest stops.,"SELECT ?station ?stationLabel ?previousStation ?previousStationLabel ?nextStation ?nextStationLabel WHERE {
  # Find the railway station for Dibrugarh
  wd:Q1207001 wdt:P31 wd:Q55488 ; # Dibrugarh railway station
              wdt:P197 ?nextStation .
  # Find the railway station for Scottish Highlands (assuming Inverness as a major station)
  wd:Q1001480 wdt:P31 wd:Q55488 ; # Inverness railway station
              wdt:P197 ?previousStation .
  # Find stations on the same line between them
  ?station wdt:P31 wd:Q55488 ;
           wdt:P197 ?nextStation ;
           wdt:P197 ?previousStation .
  SERVICE wikibase:label { bd:serviceParam wikibase:language ""[AUTO_LANGUAGE],en"" }
}
LIMIT 10",True,,True,,0.0,na,na,0
361,complex,Show me a map of people buried in Pere Lachaise Cemetery organized by their place of birth.,"SELECT ?person ?personLabel ?birthPlace ?birthPlaceLabel ?coords WHERE {
  ?person wdt:P119 wd:Q27216 ;  # buried in Pere Lachaise Cemetery
          wdt:P19 ?birthPlace .  # place of birth
  ?birthPlace wdt:P625 ?coords . # coordinates of birthplace
  SERVICE wikibase:label { bd:serviceParam wikibase:language ""[AUTO_LANGUAGE],en"". }
}
ORDER BY ?birthPlaceLabel",True,,True,,0.0,0.0,0.0,0
362,complex,List plant genera named after female botanists.,"SELECT ?genus ?genusLabel ?botanist ?botanistLabel WHERE {
  ?genus wdt:P31 wd:Q16521 ;
         wdt:P105 wd:Q34740 ;
         wdt:P138 ?botanist .
  ?botanist wdt:P31 wd:Q5 ;
            wdt:P106 wd:Q2374149 ;
            wdt:P21 wd:Q6581072 .
  SERVICE wikibase:label { bd:serviceParam wikibase:language ""[AUTO_LANGUAGE],en"" }
}
ORDER BY ?genusLabel",True,,True,,0.8195,0.8195,na,631
363,complex,List the languages with the most examples in Wikidata's lexicographical data.,"SELECT ?language ?languageLabel (COUNT(?lexeme) AS ?count) WHERE {
  ?lexeme dct:language ?language .
  SERVICE wikibase:label { bd:serviceParam wikibase:language ""en"". }
}
GROUP BY ?language ?languageLabel
ORDER BY DESC(?count)",False,,True,,0.0,0.0,0.0,1710
364,complex,List the top scorers in the 2018 FIFA World Cup.,"SELECT ?player ?playerLabel WHERE {
  wd:Q170645 wdt:P1268 ?player .
  SERVICE wikibase:label { bd:serviceParam wikibase:language",False,,False,http_400,0.0,0.0,0.0,0
365,complex,Show the workplaces of Philip de László on a map.,"SELECT?workplace ?workplaceLabel ?coords WHERE {
  wd:Q702943 wdt:P937 ?workplace .
  ?workplace wdt:P625 ?coords .
  SERVICE wikibase:label { bd:serviceParam wikibase:language ""[AUTO_LANGUAGE],en"". }
}",True,,True,,0.0,na,na,0
366,complex,List the universities attended by creators of popular programming languages.,"SELECT DISTINCT ?person ?personLabel ?university ?universityLabel WHERE {
  ?language wdt:P31 wd:Q9143 .          # programming language
  ?language wdt:P178 ?creator .         # creator
  ?creator wdt:P69 ?university .        # attended university
  BIND(?creator AS ?person)
  SERVICE wikibase:label { bd:serviceParam wikibase:language ""[AUTO_LANGUAGE],en"". }
}",True,,True,,0.0436,0.0453,0.0,361
367,complex,List the female Oxford University alumni who are not from the United Kingdom.,"SELECT DISTINCT ?person ?personLabel ?birthDate ?image WHERE {
  ?person wdt:P69 wd:Q34433 ;  # educated at Oxford University
         wdt:P21 wd:Q6581072 ;  # female gender
         wdt:P31 wd:Q5 .        # instance of human
  FILTER NOT EXISTS { ?person wdt:P27 wd:Q145 }  # not from United Kingdom
  OPTIONAL { ?person wdt:P569 ?birthDate }
  OPTIONAL { ?person wdt:P18 ?image }
  SERVICE wikibase:label { bd:serviceParam wikibase:language ""[AUTO_LANGUAGE],en"" }
}",True,,True,,0.4579,0.4947,0.3183,2831
368,complex,"List people born in Czechia who died in Germany, grouped by decade of birth.","SELECT ?decade (COUNT(DISTINCT ?person) AS ?count) WHERE {
  ?person wdt:P569 ?birthDate .
  FILTER(YEAR(?birthDate) >= 1500 && YEAR(?birthDate) <= 2023)
  BIND(FLOOR(YEAR(?birthDate) / 10) * 10 AS ?decade)
  ?person wdt:P19 wd:Q213 .
  ?person wdt:P20 wd:Q183 .
}
GROUP BY ?decade
ORDER BY ?decade",True,,True,,0.0,na,0.0,0
369,complex,List the names of English monarchs and their causes of death.,"SELECT ?monarch ?monarchLabel ?causeLabel WHERE {
  ?monarch wdt:P31 wd:Q5 ;
           wdt:P106 wd:Q116 ?monarchRole .
  ?monarch wdt:P27 wd:Q145 ;
           wdt:P509 ?cause .
  SERVICE wikibase:label { bd:serviceParam wikibase:language ""en"". }
}",False,,False,http_400,0.0,0.0,0.0,0
370,complex,What are the most common subjects depicted in both the Cleveland Museum of Art and Ashmolean Museum collections?,"SELECT ?subject ?subjectLabel (COUNT(DISTINCT ?work) AS ?count) WHERE {
  {
    ?work wdt:P195 wd:Q657415 . # Cleveland Museum of Art
  } UNION {
    ?work wdt:P195 wd:Q636400 . # Ashmolean Museum
  }
  ?work wdt:P180 ?subject .
}
GROUP BY ?subject ?subjectLabel
ORDER BY DESC(?count)
LIMIT 20",True,,True,,0.0494,0.0407,0.125,39
371,complex,List the number of music albums by language in descending order.,"SELECT ?language ?languageLabel (COUNT(?album) AS ?count) WHERE {
  ?album wdt:P31 wd:Q482994 ;  # instance of music album
         wdt:P407 ?language .   # language of work or name
  SERVICE wikibase:label { bd:serviceParam wikibase:language ""[AUTO_LANGUAGE],en"". }
}
GROUP BY ?language ?languageLabel
ORDER BY DESC(?count)",False,,True,,0.9974,1.0,0.99,390
372,complex,List the capitals of two countries that are not bordering and are less than 200 km apart.,"SELECT ?capital1 ?capital1Label ?capital2 ?capital2Label ?country1Label ?country2Label ?distance WHERE {
  # Find all countries (instances of sovereign state or country)
  ?country1 wdt:P31 wd:Q6256; wdt:P36 ?capital1; wdt:P625 ?coord1.
  ?country2 wdt:P31 wd:Q6256; wdt:P36 ?capital2; wdt:P625 ?coord2.
  FILTER(?country1 != ?country2)
  
  # Ensure the countries do not border each other
  FILTER NOT EXISTS { ?country1 wdt:P47 ?country2 }
  
  # Compute distance between capitals' coordinates
  BIND(geof:distance(?coord1, ?coord2) AS ?distance)
  FILTER(?distance < 200)
  
  # Get labels
  SERVICE wikibase:label { bd:serviceParam wikibase:language ""[AUTO_LANGUAGE],en"" }
}
ORDER BY ?distance",False,,False,http_400,0.0,0.0,0.0,0
373,complex,What are the artworks in the Khalili Collections that have images?,"SELECT ?artwork ?artworkLabel ?image WHERE {
  ?artwork wdt:P195 wd:Q1701730;
           wdt:P18 ?image .
  ?artwork wdt:P31/wdt:P279* wd:Q838948 .
  SERVICE wikibase:label { bd:serviceParam wikibase:language ""[AUTO_LANGUAGE],en"". }
}",True,,True,,0.0,na,0.0,0
374,complex,List all individuals with multiple social media accounts that differ only in capitalization.,"SELECT ?person ?personLabel ?account1 ?account2 WHERE {
  ?person wdt:P553 ?account1 .
  ?person wdt:P553 ?account2 .
  FILTER(?account1 != ?account2)
  FILTER(LCASE(?account1) = LCASE(?account2))
  SERVICE wikibase:label { bd:serviceParam wikibase:language ""en"". }
}",True,,True,,0.0,0.0,0.0,0
375,complex,What are the first letters of free software names?,"SELECT DISTINCT (SUBSTR(?softwareLabel, 1, 1) AS ?firstLetter) WHERE {
  ?software wdt:P31 wd:Q341.
  SERVICE wikibase:label { bd:serviceParam wikibase:language ""en"". }
}
ORDER BY ?firstLetter",True,,True,,0.0,na,0.0,0
376,complex,List the countries with their number of demonstrations.,"SELECT ?country ?countryLabel (COUNT(?demonstration) AS ?numberOfDemonstrations) WHERE {
  ?demonstration wdt:P31 wd:Q175331 ;  # instance of demonstration
                 wdt:P17 ?country .    # country
  SERVICE wikibase:label { bd:serviceParam wikibase:language ""[AUTO_LANGUAGE],en"". }
}
GROUP BY ?country ?countryLabel
ORDER BY DESC(?numberOfDemonstrations)",True,,True,,0.8036,0.8963,0.4242,143
377,complex,What museums are near Cesis?,"SELECT ?museum ?museumLabel ?image ?distance WHERE {
  wd:Q177607 wdt:P625 ?cesisLoc .
  ?museum wdt:P31 wd:Q33506 ;
          wdt:P625 ?museumLoc .
  BIND(geof:distance(?cesisLoc, ?museumLoc) AS ?distance)
  FILTER(?distance < 50000)
  OPTIONAL { ?museum wdt:P18 ?image . }
  SERVICE wikibase:label { bd:serviceParam wikibase:language ""en"". }
}
ORDER BY ?distance",True,,False,http_400,0.0,0.0,0.0,0
378,complex,List all Nobel Prize categories by gender of the winners.,"SELECT ?category ?categoryLabel ?gender ?genderLabel (COUNT(?winner) AS ?count) WHERE {
  ?winner wdt:P166 wd:Q7191 .
  ?winner wdt:P31 wd:Q5 .
  ?winner wdt:P21 ?gender .
  ?winner wdt:P166 ?prize .
  ?prize wdt:P31 wd:Q7191 .
  ?prize wdt:P361 ?category .
  ?category wdt:P31 wd:Q7191 .
  SERVICE wikibase:label { bd:serviceParam wikibase:language ""[AUTO_LANGUAGE],en"". }
}
GROUP BY ?category ?categoryLabel ?gender ?genderLabel
ORDER BY ?categoryLabel ?genderLabel",True,,True,,0.0,na,na,0
379,complex,List artists who died in concentration camps during World War II.,"SELECT ?artist ?artistLabel ?deathDate ?causeLabel ?image WHERE {
  ?artist wdt:P106 wd:Q483501 ;            # occupation: artist
          wdt:P509 ?cause .                # cause of death
  FILTER(?cause IN (wd:Q158340, wd:Q18074576))  # death in Nazi concentration camps
  OPTIONAL { ?artist wdt:P570 ?deathDate . }
  OPTIONAL { ?artist wdt:P18 ?image . }
  SERVICE wikibase:label { bd:serviceParam wikibase:language ""en"". }
}
ORDER BY ?artistLabel",True,,True,,0.0,0.0,na,0
380,complex,"List databases with a SPARQL endpoint, ranked by the number of IDs known to Wikidata.","SELECT ?database ?databaseLabel ?idCount WHERE {
  ?database wdt:P31 wd:Q8513 .  # instance of database
  ?database wdt:P1893 ?sparqlEndpoint .  # has SPARQL endpoint
  {
    SELECT ?database (COUNT(?id) AS ?idCount) WHERE {
      ?id wdt:P31 wd:Q5 .  # any item that is a human
      ?id ?property ?database .  # property pointing to database
      FILTER(STRSTARTS(STR(?property), ""http://www.wikidata.org/entity/P""))
    }
    GROUP BY ?database
  }
  SERVICE wikibase:label { bd:serviceParam wikibase:language ""[AUTO_LANGUAGE],en"" }
}
ORDER BY DESC(?idCount)",False,,False,timeout,0.0,0.0,0.0,0
381,complex,How many French words are linked to a single dictionary?,"SELECT (COUNT(DISTINCT ?word) AS ?count) WHERE {
  ?word wdt:P31 wd:Q8171 ;  # instance of word
         wdt:P5186 ?dictionary .  # part of dictionary
  ?dictionary wdt:P31 wd:Q33742 .  # instance of dictionary
  FILTER NOT EXISTS {
    ?word wdt:P5186 ?otherDictionary .
    FILTER(?otherDictionary != ?dictionary)
  }
}",True,,True,,0.0476,na,0.0476,1
382,complex,List all open-source research software categorized by field.,"SELECT ?software ?softwareLabel ?field ?fieldLabel WHERE {
  ?software wdt:P31 wd:Q107649214.          # instance of research software
  ?software wdt:P275 ?license.               # has a license
  ?license wdt:P31 wd:Q1130645.              # license is an open-source license
  ?software wdt:P101 ?field.                 # field of work
  SERVICE wikibase:label { bd:serviceParam wikibase:language ""en"". }
}
ORDER BY ?",False,,False,http_400,0.0,0.0,0.0,0
383,complex,"List people who died in 2018, ranked by the number of Wikipedia pages they are mentioned on.","SELECT ?person ?personLabel ?pageCount WHERE {
  ?person wdt:P31 wd:Q5 ;
          wdt:P570 ?deathDate .
  FILTER(YEAR(?deathDate) = 2018)
  {
    SELECT ?person (COUNT(DISTINCT ?page) AS ?pageCount) WHERE {
      ?page schema:about ?person ;
            schema:isPartOf <https://en.wikipedia.org/> .
    }
    GROUP BY ?person
  }
  SERVICE wikibase:label { bd:serviceParam wikibase:language ""[AUTO_LANGUAGE],en"". }
}
ORDER BY DESC(?pageCount)",False,,True,,0.0,0.0,0.0,10993
384,complex,List all individuals born in Wales who have held the position of head of government.,"SELECT DISTINCT ?person ?personLabel ?dateBirth ?headOfGovLabel ?image WHERE {
  ?person wdt:P31 wd:Q5 ;
          wdt:P19 wd:Q25 ;     # born in Wales (Q25)
          wdt:P569 ?dateBirth ;
          wdt:P1317 ?headOfGov . # held position of head of government
  OPTIONAL { ?person wdt:P18 ?image . }
  SERVICE wikibase:label { bd:serviceParam wikibase:language ""[AUTO_LANGUAGE],en"". }
}
ORDER BY ?personLabel",True,,True,,0.0,0.0,0.0,54
385,complex,What are the properties that connect a church to its patron saint?,"SELECT ?church ?churchLabel ?property ?propertyLabel ?saint ?saintLabel WHERE {
  ?church wdt:P31 wd:Q16970 .  # instance of church
  ?church ?property ?saint .
  ?saint wdt:P31 wd:Q5 .       # instance of human (saint)
  ?property a wikibase:Property .
  SERVICE wikibase:label { bd:serviceParam wikibase:language ""[AUTO_LANGUAGE],en"" }
}",True,,True,,0.0,na,0.0,0
386,complex,What are the longest rivers in France that do not have a department named after them?,"SELECT ?river ?riverLabel (MAX(?length) AS ?maxLength) WHERE {
  ?river wdt:P31 wd:Q4022 ;         # instance of river
         wdt:P17 wd:Q142 ;          # country France
         wdt:P2043 ?length .        # length in meters
  FILTER NOT EXISTS {
    ?department wdt:P31 wd:Q6465 ;  # department of France
                wdt:P138 ?river .   # named after this river
  }
  SERVICE wikibase:label { bd:serviceParam wikibase:language ""en"". }
}
GROUP BY ?river ?riverLabel
ORDER BY DESC(?maxLength)",True,,True,,0.0,0.0,0.0,4855
387,complex,List all biological pathways with their corresponding protein structures in the PDB database.,"SELECT ?pathway ?pathwayLabel ?protein ?proteinLabel ?pdbId WHERE {
  ?pathway wdt:P31 wd:Q4915012.   # instance of biological pathway
  ?pathway wdt:P527 ?protein.     # protein component of the pathway
  ?protein wdt:P638 ?pdbId.       # PDB structure identifier
  SERVICE wikibase:label { bd:serviceParam wikibase:language ""[AUTO_LANGUAGE],en"". }
}
LIMIT 100",True,,True,,0.0011,0.0021,0.0,104
388,complex,List the properties used in instances of public libraries along with their frequency.,"SELECT ?property ?propertyLabel (COUNT(DISTINCT ?library) AS ?frequency) WHERE {
  ?library wdt:P31 wd:Q28564 .
  ?library ?property ?value .
  FILTER(STRSTARTS(STR(?property), ""http://www.wikidata.org/prop/direct/""))
  SERVICE wikibase:label { bd:serviceParam wikibase:language ""[AUTO_LANGUAGE],en"". ?property rdfs:label ?propertyLabel. }
}
GROUP BY ?property ?propertyLabel
ORDER BY DESC(?frequency)",True,,True,,0.0,na,0.0,915
389,complex,What scenes are depicted in Mediterranean Scenes drawings?,"SELECT ?scene ?sceneLabel WHERE {
  wd:Q10729326 wdt:P180 ?scene . # Assuming Mediterranean Scenes is Q10729326, adjust if needed
  SERVICE wikibase:label { bd:serviceParam wikibase:language ""en"". }
}",True,,True,,0.0,0.0,0.0,0
390,complex,List all stages of the Tour de France.,"SELECT ?stage ?stageLabel WHERE {
  ?stage wdt:P31 wd:Q17514300 ;   # instance of stage of Tour de France
         wdt:P361 wd:Q338993 .    # part of Tour de France
  SERVICE wikibase:label { bd:serviceParam wikibase:language ""[AUTO_LANGUAGE],en"" }
}",True,,True,,0.0,na,na,0
391,complex,List the most populous first-level country subdivisions without a legislative body.,"SELECT ?subdivision ?subdivisionLabel ?population WHERE {
  ?subdivision wdt:P31 wd:Q10864048 ; # instance of first-level administrative division
              wdt:P1082 ?population . # has population
  FILTER NOT EXISTS { ?subdivision wdt:P194 ?legislature . } # no legislative body
  SERVICE wikibase:label { bd:serviceParam wikibase:language ""[AUTO_LANGUAGE],en"". }
}
ORDER BY DESC(?population)
LIMIT 10",True,,True,,0.0,0.0,0.0,20
392,complex,List the types of properties with their frequency and an example property for each type.,"SELECT ?propertyType ?propertyTypeLabel (COUNT(?property) AS ?frequency) (SAMPLE(?property) AS ?exampleProperty) WHERE {
  ?property wikibase:propertyType ?propertyType .
}
GROUP BY ?propertyType ?propertyTypeLabel
ORDER BY DESC(?frequency)",True,,True,,0.4186,na,0.4186,52
393,complex,List song titles that are also female given names.,"SELECT ?song ?songLabel WHERE {
  ?song wdt:P31 wd:Q7366 ;          # instance of song
        wdt:P1476 ?title .          # title
  ?name wdt:P31 wd:Q11879590 ;      # instance of female given name
        wdt:P1705 ?nameString .     # native label
  FILTER(LCASE(?title) = LCASE(?nameString))
  SERVICE wikibase:label { bd:serviceParam wikibase:language ""[AUTO_LANGUAGE],en"". }
}",False,,False,timeout,0.0,0.0,0.0,0
394,complex,List all external identifiers from Wikidata.,"SELECT ?property ?propertyLabel ?propertyDescription WHERE {
  ?property wikibase:propertyType wikibase:ExternalId .
  SERVICE wikibase:label { bd:serviceParam wikibase:language ""en"". }
}
ORDER BY ?propertyLabel",True,,True,,0.5,na,0.5,9920
395,complex,List mathematicians born in years that are prime numbers.,"SELECT ?mathematician ?mathematicianLabel ?birthYear WHERE {
  ?mathematician wdt:P106 wd:Q170790 ;
                 wdt:P569 ?birthDate .
  BIND(YEAR(?birthDate) AS ?birthYear)
  FILTER(?birthYear > 1)
  FILTER NOT EXISTS {
    ?divisor wdt:P31 wd:Q5 .
    FILTER(?divisor > 1 && ?divisor < ?birthYear && ?birthYear MOD ?divisor = 0)
  }
  SERVICE wikibase:label { bd:serviceParam wikibase:language ""[AUTO_LANGUAGE],en"". }
}",False,,False,http_400,0.0,0.0,0.0,0
396,complex,"Show me the relationships between Elsa Lanchester, Charles Laughton, and other notable individuals.","SELECT ?person ?personLabel ?relationship ?other ?otherLabel WHERE {
  VALUES ?person { wd:Q230138 wd:Q54460 } # Elsa Lanchester and Charles Laughton
  ?person ?property ?other .
  ?other wdt:P31 wd:Q5 . # other is a human
  ?relationship wikibase:directClaim ?property .
  SERVICE wikibase:label { bd:serviceParam wikibase:language ""[AUTO_LANGUAGE],en"" }
}",True,,True,,0.0,0.0,0.0,14
397,complex,Find PubMed references related to renal cell carcinoma variants.,"SELECT ?variant ?variantLabel ?pmid WHERE {
  ?variant wdt:P279* wd:Q1164529 .
  ?variant wdt:P698 ?pmid .
  SERVICE wikibase:label { bd:serviceParam wikibase:language ""[AUTO_LANGUAGE],en"" }
}",True,,True,,0.0,0.0,0.0,0
398,complex,What are the official songs of each U.S. state?,"SELECT ?state ?stateLabel ?song ?songLabel WHERE {
  ?state wdt:P31 wd:Q35657 ;  # instance of U.S. state
         wdt:P85 ?song .      # official song
  SERVICE wikibase:label { bd:serviceParam wikibase:language ""en"". }
}",True,,True,,0.3559,0.5707,0.0,105
399,complex,What are the most common last names among humans?,"SELECT ?lastname ?lastnameLabel (COUNT(?person) AS ?count) WHERE {
  ?person wdt:P31 wd:Q5 ;
          wdt:P734 ?lastname .
  SERVICE wikibase:label { bd:serviceParam wikibase:language ""[AUTO_LANGUAGE],en"". }
}
GROUP BY ?lastname ?lastnameLabel
ORDER BY DESC(?count)
LIMIT 20",False,,True,,0.201,0.2,0.202,40
400,complex,"List all Basque people with known birthplaces on Wikipedia, grouped by the century they died in.","SELECT ?century ?centuryLabel (GROUP_CONCAT(DISTINCT ?personLabel; SEPARATOR="", "") AS ?people) WHERE {
  ?person wdt:P31 wd:Q5 ;
          wdt:P172 wd:Q47503 ;
          wdt:P569 ?birthDate ;
          wdt:P570 ?deathDate .
  OPTIONAL { ?person wdt:P19 ?birthPlace . }
  FILTER(BOUND(?birthPlace))
  BIND(IF(YEAR(?deathDate) >= 1001 && YEAR(?deathDate) <= 1100, ""11th century"",
          IF(YEAR(?deathDate) >= 1101 && YEAR(?deathDate) <= 1200, ""12th century"",
          IF(YEAR(?deathDate) >= 1201 && YEAR(?deathDate) <= 1300, ""13th century"",
          IF(YEAR(?deathDate) >= 1301 && YEAR(?deathDate) <= 1400, ""14th century"",
          IF(YEAR(?deathDate) >= 1401 && YEAR(?deathDate) <= 1500, ""15th century"",
          IF(YEAR(?deathDate) >= 1501 && YEAR(?deathDate) <= 1600, ""16th century"",
          IF(YEAR(?deathDate) >= 1601 && YEAR(?deathDate) <= 1700, ""17th century"",
          IF(YEAR(?deathDate) >= 1701 && YEAR(?deathDate) <= 1800, ""18th century"",
          IF(YEAR(?deathDate) >= 1801 && YEAR(?deathDate) <= 1900, ""19th century"",
          IF(YEAR(?deathDate) >= 1901 && YEAR(?deathDate) <= 2000, ""20th century"",
          IF(YEAR(?deathDate) >= 2001 && YEAR(?deathDate) <= 2100, ""21st century"", ""Other""))))))))))) AS ?century)
  SERVICE wikibase:label { bd:serviceParam wikibase:language ""[AUTO_LANGUAGE],en"". }
}
GROUP BY ?century ?centuryLabel
ORDER BY ?century",True,,True,,0.0,0.0,0.0,0
401,complex,What are the top companies by revenue in USD?,"SELECT ?company ?companyLabel ?revenue WHERE {
  ?company wdt:P31 wd:Q4830453 ;
           wdt:P2139 ?revenue .
  SERVICE wikibase:label { bd:serviceParam wikibase:language ""en"" }
}
ORDER BY DESC(?revenue)
LIMIT 10",True,,True,,0.0444,0.0714,0.0323,20
402,complex,What are the most gender-imbalanced occupations in the US?,"SELECT ?occupation ?occupationLabel ?maleCount ?femaleCount (ABS(?maleCount - ?femaleCount) AS ?imbalance) WHERE {
  {
    SELECT ?occupation (COUNT(?male) AS ?maleCount) WHERE {
      ?male wdt:P21 wd:Q6581097 ;   # male
             wdt:P106 ?occupation ;  # occupation
             wdt:P569 ?birthDate .   # birth date
      FILTER(YEAR(?birthDate) >= 1980 && YEAR(?birthDate) <= 2000)  # approximate US working age
    }
    GROUP BY ?occupation
  }
  {
    SELECT ?occupation (COUNT(?female) AS ?femaleCount) WHERE {
      ?female wdt:P21 wd:Q6581072 ; # female
             wdt:P106 ?occupation ;
             wdt:P569 ?birthDate .
      FILTER(YEAR(?birthDate) >= 1980 && YEAR(?birthDate) <= 2000)
    }
    GROUP BY ?occupation
  }
  SERVICE wikibase:label { bd:serviceParam wikibase:language ""[AUTO_LANGUAGE],en"" }
}
ORDER BY DESC(?imbalance)
LIMIT 20",False,,True,,0.0,0.0,0.0,80
403,complex,"List all artworks from the Musée Saint-Raymond in Toulouse, France.","SELECT ?item ?itemLabel WHERE {
  wd:Q3329781 wdt:P361 ?item. # Musée Saint-Raymond is the parent collection
  ?item wdt:P31 wd:Q3305213. # Artwork
  SERVICE wikibase:label { bd:serviceParam wikibase:language ""en"". }
}",True,,True,,0.0,0.0,0.0,0
404,complex,What is the count of Twitter IDs versus Facebook IDs for non-human entities?,"SELECT ?type (COUNT(?twitterId) AS ?twitterCount) (COUNT(?facebookId) AS ?facebookCount) WHERE {
  {
    SELECT ?entity ?twitterId WHERE {
      ?entity wdt:P2002 ?twitterId .
      ?entity wdt:P31 ?type .
      FILTER(?type != wd:Q5)
    }
  }
  {
    SELECT ?entity ?facebookId WHERE {
      ?entity wdt:P2013 ?facebookId .
      ?entity wdt:P31 ?type .
      FILTER(?type != wd:Q5)
    }
  }
  BIND(COALESCE(?twitterId, ?facebookId) AS ?id)
} GROUP BY ?type",True,,True,,0.0,0.0,0.0,1
405,complex,Show me a map of people buried at Norra Begravningsplatsen cemetery.,"SELECT ?person ?personLabel ?birthDate ?deathDate ?image ?coord WHERE {
  ?person wdt:P119 wd:Q7069041.
  OPTIONAL { ?person wdt:P569 ?birthDate. }
  OPTIONAL { ?person wdt:P570 ?deathDate. }
  OPTIONAL { ?person wdt:P18 ?image. }
  wd:Q7069041 wdt:P625 ?coord.
  SERVICE wikibase:label { bd:serviceParam wikibase:language ""[AUTO_LANGUAGE],en"". }
}",True,,True,,0.0,0.0,0.0,0
406,complex,"Show me a map of sports teams, categorized by sport.","SELECT ?team ?teamLabel ?coord ?sport ?sportLabel WHERE {
  ?team wdt:P31 wd:Q12973014 .
  ?team wdt:P625 ?coord .
  ?team wdt:P641 ?sport .
  SERVICE wikibase:label { bd:serviceParam wikibase:language ""[AUTO_LANGUAGE],en"". }
}
ORDER BY ?sportLabel",True,,True,,0.0001,0.0001,0.0,61
407,complex,List all the Chairs of the US Federal Reserve along with their tenure.,"SELECT ?person ?personLabel ?start ?end WHERE {
  ?person p:P39 ?statement.
  ?statement ps:P39 wd:Q272635.
  ?statement pq:P580 ?start.
  OPTIONAL { ?statement pq:P582 ?end. }
  SERVICE wikibase:label { bd:serviceParam wikibase:language ""[AUTO_LANGUAGE],en"". }
}
ORDER BY ?start",True,,True,,0.0,0.0,0.0,0
408,complex,List the numbers from 0 to 20 in alphabetical order.,"SELECT ?number WHERE {
  VALUES ?number { ""0"" ""1"" ""2"" ""3"" ""4"" ""5"" ""6"" ""7"" ""8"" ""9"" ""10"" ""11"" ""12"" ""13"" ""14"" ""15"" ""16"" ""17"" ""18"" ""19"" ""20"" }
}
ORDER BY ?number",True,,True,,0.0,na,0.0,21
409,complex,List cities situated near multiple rivers.,"SELECT ?city ?cityLabel (GROUP_CONCAT(DISTINCT ?riverLabel; SEPARATOR="", "") AS ?rivers) WHERE {
  ?city wdt:P31 wd:Q515 ;                # instance of city
        wdt:P881 ?river .                # located on waterbody
  ?river wdt:P31 wd:Q4022 .             # instance of river
  SERVICE wikibase:label { bd:serviceParam wikibase:language ""[AUTO_LANGUAGE],en"". }
}
GROUP BY ?city ?",False,,False,http_400,0.0,0.0,0.0,0
410,complex,List all GLAM institutions in Wales along with their coordinates and types.,"SELECT ?item ?itemLabel ?coords ?typeLabel WHERE {
  ?item wdt:P31 ?type.
  ?item wdt:P17 wd:Q25.
  OPTIONAL { ?item wdt:P625 ?coords. }
  FILTER(?type IN (wd:Q33506, wd:Q7075, wd:Q612422, wd:Q17431399))
  SERVICE wikibase:label { bd:serviceParam wikibase:language ""en"" }
}",True,,True,,0.0,0.0,0.0,6
411,complex,List people who have received military honors from two different countries.,"SELECT ?person ?personLabel ?honor1 ?honor1Label ?honor2 ?honor2Label WHERE {
  ?person wdt:P31 wd:Q5 .
  ?person wdt:P166 ?honor1 .
  ?person wdt:P166 ?honor2 .
  ?honor1 wdt:P17 ?country1 .
  ?honor2 wdt:P17 ?country2 .
  FILTER(?country1 != ?country2)
  SERVICE wikibase:label { bd:serviceParam wikibase:language ""[AUTO_LANGUAGE],en"" }
}
GROUP BY ?person ?personLabel ?honor1 ?honor1Label ?honor2 ?honor2Label",False,,False,result_too_large,0.0,0.0,0.0,0
412,complex,What occupations were most common among accused witches in Scotland?,"SELECT ?occupation ?occupationLabel (COUNT(?person) AS ?count) WHERE {
  ?person wdt:P31 wd:Q5 ;
          wdt:P106 ?occupation ;
          wdt:P512 ?accusation .
  ?accusation wdt:P31 wd:Q106487 .  # instance of accusation of witchcraft
  ?person wdt:P19 ?birthPlace .
  ?birthPlace wdt:P17 wd:Q145 .     # country: Scotland
  SERVICE wikibase:label { bd:serviceParam wikibase:language ""en"". }
}
GROUP BY ?occupation ?occupationLabel
ORDER BY DESC(?count)",True,,True,,0.0,0.0,0.0,0
413,complex,List all economists with a Project Gutenberg ID and their corresponding birth and death years.,"SELECT ?economist ?economistLabel ?gutenbergId ?birthYear ?deathYear WHERE {
  ?economist wdt:P106 wd:Q188094 .
  ?economist wdt:P2034 ?gutenbergId .
  OPTIONAL { ?economist wdt:P569 ?birthDate . }
  OPTIONAL { ?economist wdt:P570 ?deathDate . }
  BIND(YEAR(?birthDate) AS ?birthYear)
  BIND(YEAR(?deathDate) AS ?deathYear)
  SERVICE wikibase:label { bd:serviceParam wikibase:language ""[AUTO_LANGUAGE],en"". }
}",True,,True,,0.0,0.0,0.0,0
414,complex,List all the stations in Amsterdam Metro along with their coordinates.,"SELECT ?station ?stationLabel ?coordinates WHERE {
  ?station wdt:P31 wd:Q928830 ;          # instance of metro station
           wdt:P361 wd:Q217836 ;         # part of Amsterdam Metro
           wdt:P625 ?coordinates .
  SERVICE wikibase:label { bd:serviceParam wikibase:language ""[AUTO_LANGUAGE],en"" }
}",True,,True,,0.0,na,na,0
415,complex,List all the materials used in paintings along with their labels.,"SELECT DISTINCT ?material ?materialLabel WHERE {
  ?painting wdt:P31 wd:Q3305213 ;
            wdt:P186 ?material .
  SERVICE wikibase:label { bd:serviceParam wikibase:language ""[AUTO_LANGUAGE],en"" }
}",False,,True,,0.288,0.3228,0.0,845
416,complex,What lakes are near Berlin?,"SELECT ?lake ?lakeLabel ?coordinateLocation WHERE {
  wd:Q64 wdt:P625 ?berlinCoord .
  ?lake wdt:P31 wd:Q23397 ;
        wdt:P625 ?coordinateLocation .
  FILTER(geof:distance(?berlinCoord, ?coordinateLocation) < 50)
  SERVICE wikibase:label { bd:serviceParam wikibase:language ""en"". }
}",False,,False,http_400,0.0,0.0,0.0,0
417,complex,List all Wikidata properties in numerical order.,"SELECT ?property ?propertyLabel WHERE {
  ?property a wikibase:Property .
  BIND(xsd:integer(STRAFTER(STR(?property), ""http://www.wikidata.org/entity/P"")) AS ?num)
  SERVICE wikibase:label { bd:serviceParam wikibase:language ""[AUTO_LANGUAGE],en"". }
}
ORDER BY ?num",True,,True,,0.9986,na,0.9986,13142
418,complex,Find all National Trust properties in the UK without an official website on Wikidata.,"SELECT ?property ?propertyLabel WHERE {
  ?property wdt:P31 wd:Q7020014 ;   # instance of National Trust property
            wdt:P17 wd:Q145 .       # located in the United Kingdom
  FILTER NOT EXISTS { ?property wdt:P856 ?website }
  SERVICE wikibase:label { bd:serviceParam wikibase:language ""en"". }
}",True,,True,,0.0,na,na,0
419,complex,"Find cathedrals in Paris, France and show their images.","SELECT ?cathedral ?cathedralLabel ?image WHERE {
  ?cathedral wdt:P31 wd:Q2977 ;          # instance of cathedral
             wdt:P131 wd:Q90 .           # located in Paris
  OPTIONAL { ?cathedral wdt:P18 ?image . }
  SERVICE wikibase:label { bd:serviceParam wikibase:language ""en"". }
}",True,,True,,0.0,0.0,0.0,4
420,complex,List the names of programming languages along with their creation years and images of their inventors.,"SELECT DISTINCT ?language ?languageLabel (YEAR(?creationDate) AS ?creationYear) ?inventorImage WHERE {
  ?language wdt:P31 wd:Q9143 ;            # instance of programming language
            wdt:P571 ?creationDate ;       # inception date
            wdt:P170 ?inventor .          # creator
  OPTIONAL { ?inventor wdt:P18 ?inventorImage . }
  SERVICE wikibase:label { bd:serviceParam wikibase:language ""[AUTO_LANGUAGE],en"" }
}
ORDER BY ?languageLabel",True,,True,,0.0101,0.0,0.0145,75
421,complex,"What are the professions of people whose works are kept in the Musee de Bretagne, categorized by gender?","SELECT ?gender ?genderLabel ?profession ?professionLabel (COUNT(DISTINCT ?person) AS ?count) WHERE {
  ?person wdt:P31 wd:Q5 ;
          wdt:P21 ?gender ;
          wdt:P106 ?profession ;
          wdt:P6379 ?work .
  ?work wdt:P195 wd:Q3329550 .
  SERVICE wikibase:label { bd:serviceParam wikibase:language ""[AUTO_LANGUAGE],en"". }
}
GROUP BY ?gender ?genderLabel ?profession ?professionLabel
ORDER BY ?genderLabel ?professionLabel",True,,True,,0.0,na,0.0,0
422,complex,What is the average height of male figure skaters in each discipline?,"SELECT ?discipline ?disciplineLabel (AVG(?height) AS ?averageHeight) WHERE {
  ?person wdt:P106 wd:Q13219637 ; # instance of figure skater
          wdt:P21 wd:Q6581097 ;   # male
          wdt:P2048 ?height ;     # height
          wdt:P241 ?discipline .  # discipline
  SERVICE wikibase:label { bd:serviceParam wikibase:language ""[AUTO_LANGUAGE],en"". }
}
GROUP BY ?discipline ?disciplineLabel",True,,True,,0.0,na,0.0,0
423,complex,What materials are used to make the items in the Ashmolean Museum collection?,"SELECT DISTINCT ?item ?itemLabel ?material ?materialLabel WHERE {
  wd:Q636400 wdt:P361 ?item .  # Ashmolean Museum collection items
  ?item wdt:P186 ?material .   # material used
  SERVICE wikibase:label { bd:serviceParam wikibase:language ""[AUTO_LANGUAGE],en"". }
}",True,,True,,0.0,na,na,0
424,complex,List the occupations of authors who have written scholarly articles.,"SELECT DISTINCT ?occupation ?occupationLabel WHERE {
  ?article wdt:P31 wd:Q13442814 ;  # scholarly article
           wdt:P50 ?author .        # author
  ?author wdt:P31 wd:Q5 ;          # human
          wdt:P106 ?occupation .    # occupation
  SERVICE wikibase:label { bd:serviceParam wikibase:language ""[AUTO_LANGUAGE],en"". }
}
ORDER BY ?occupationLabel",True,,True,,0.0,0.0,0.0,3741
425,complex,Show me a map of Indian cities with their sister cities.,"SELECT ?city ?cityLabel ?coordinates ?sisterCity ?sisterCityLabel WHERE {
  ?city wdt:P31 wd:Q515 ;                        # instance of city
        wdt:P17 wd:Q668 ;                       # country India
        wdt:P190 ?sisterCity ;                  # sister city
        wdt:P625 ?coordinates .                 # coordinates
  SERVICE wikibase:label { bd:serviceParam wikibase:language ""[AUTO_LANGUAGE],en"" }
}
LIMIT 200",True,,True,,0.0,0.0,0.0,98
426,complex,List the number of punk bands from each region in Indonesia.,"SELECT ?regionLabel (COUNT(DISTINCT ?band) AS ?count) WHERE {
  ?band wdt:P31 wd:Q2611665;   # punk band
        wdt:P17 wd:Q252;       # country Indonesia
        wdt:P131 ?place.       # location
  ?place wdt:P131* ?region.    # administrative hierarchy up
  ?region wdt:P31 wd:Q210116. # region is an island
  SERVICE wikibase:label { bd:serviceParam wikibase:language ""en"". }
}
GROUP BY ?regionLabel
ORDER BY ?regionLabel",True,,True,,0.0,na,0.0,1
427,complex,List all museums in Barcelona along with their coordinates.,"SELECT ?museum ?museumLabel ?coordinates WHERE {
  ?museum wdt:P31 wd:Q33506 ;
          wdt:P131 wd:Q1492 .
  OPTIONAL { ?museum wdt:P625 ?coordinates . }
  SERVICE wikibase:label { bd:serviceParam wikibase:language ""[AUTO_LANGUAGE],en"". }
}",True,,True,,0.0,0.0,0.0,64
428,complex,"List all ancient Greek pottery items stored in Museum St-Raymond, France.","SELECT ?item ?itemLabel ?image WHERE {
  ?item wdt:P31/wdt:P279* wd:Q1993897 .
  ?item wdt:P276 wd:Q3327682 .
  OPTIONAL { ?item wdt:P18 ?image . }
  SERVICE wikibase:label { bd:serviceParam wikibase:language ""[AUTO_LANGUAGE],en"". }
}",True,,True,,0.0,0.0,0.0,0
429,complex,List people who share their birthday with the day their mother passed away.,"SELECT ?person ?personLabel ?birthDate ?mother ?motherLabel ?motherDeathDate WHERE {
  ?person wdt:P31 wd:Q5 ;
          wdt:P569 ?birthDate ;
          wdt:P25 ?mother .
  ?mother wdt:P31 wd:Q5 ;
          wdt:P570 ?motherDeathDate .
  FILTER(DAY(?birthDate) = DAY(?motherDeathDate) && MONTH(?birthDate) = MONTH(?motherDeathDate))
  SERVICE wikibase:label { bd:serviceParam wikibase:language ""[AUTO_LANGUAGE],en"". }
}",True,,True,,0.0048,0.0026,0.0487,67486
430,complex,List all people employed by Coventry University without a UID.,"SELECT ?person ?personLabel WHERE {
  ?person wdt:P108 wd:Q44318 .
  FILTER NOT EXISTS { ?person wdt:P31 wd:Q5 . }
  SERVICE wikibase:label { bd:serviceParam wikibase:language ""[AUTO_LANGUAGE],en"" }
}",True,,True,,0.0,0.0,na,0
431,complex,List people who have received economics awards but are not classified as economists.,"SELECT DISTINCT ?person ?personLabel ?awardLabel WHERE {
  ?person wdt:P31 wd:Q5 .
  ?person wdt:P166 ?award .
  ?award wdt:P31/wdt:P279* wd:Q1325281 .
  FILTER NOT EXISTS { ?person wdt:P106 wd:Q188094 . }
  SERVICE wikibase:label { bd:serviceParam wikibase:language ""[AUTO_LANGUAGE],en"". }
}
ORDER BY ?personLabel",True,,True,,0.0,0.0,0.0,0
432,complex,"List cities with a population of over 1 million where no person in Wikidata was born, lived or died.","SELECT ?city ?cityLabel WHERE {
  ?city wdt:P31 wd:Q515 ;          # instance of city
        wdt:P1082 ?population .    # population
  FILTER(?population > 1000000)
  FILTER NOT EXISTS {
    ?person wdt:P19|wdt:P20|wdt:P551 ?city .  # born, died, or lived in city
  }
  SERVICE wikibase:label { bd:serviceParam wikibase:language ""[AUTO_LANGUAGE],en"". }
}",True,,True,,0.0,na,na,0
433,complex,How many lakes in the UK have a 'UK Lakes Portal ID'?,"SELECT (COUNT(DISTINCT ?lake) AS ?count) WHERE {
  ?lake wdt:P31/wdt:P279* wd:Q23397 ;  # instance or subclass of lake
        wdt:P17 wd:Q145 ;               # located in the United Kingdom
        wdt:P9327 [] .                  # has UK Lakes Portal ID
}",True,,True,,0.0,na,0.0,1
434,complex,List all individuals who are both parents and children of the same person.,"SELECT DISTINCT ?person ?personLabel ?otherPerson ?otherPersonLabel WHERE {
  ?person wdt:P40 ?otherPerson .
  { ?otherPerson wdt:P22 ?person } UNION { ?otherPerson wdt:P25 ?person }
  SERVICE wikibase:label { bd:serviceParam wikibase:language ""[AUTO_LANGUAGE],en"" }
}",False,,False,result_too_large,0.0,0.0,0.0,0
435,complex,List all countries whose capital city names can be formed using only the letters of the country's name.,,False,empty response after retries,False,no_query,0.0,0.0,0.0,0
436,complex,List all African countries with their official languages and English names.,"SELECT DISTINCT ?country ?countryLabel ?officialLanguage ?officialLanguageLabel WHERE {
  ?country wdt:P30 wd:Q15 ;
           wdt:P37 ?officialLanguage .
  SERVICE wikibase:label { bd:serviceParam wikibase:language ""en"". }
}
ORDER BY ?countryLabel",True,,True,,0.0514,0.0594,0.0,926
437,complex,List all female actresses under 70 years old who are descendants of the first king of Navarre.,"SELECT ?person ?personLabel ?birthDate ?image ?age WHERE {
  ?person wdt:P21 wd:Q6581072 .           # female
  ?person wdt:P106 wd:Q33999 .           # actress
  ?person wdt:P569 ?birthDate .          # date of birth
  BIND((YEAR(NOW()) - YEAR(?birthDate)) AS ?age)
  FILTER(?age < 70)
  FILTER NOT EXISTS { ?person wdt:P570 ?deathDate . }  # alive
  wd:Q221680 wdt:P40+ ?person .         # descendant of first king of Navarre
  OPTIONAL { ?person wdt:P18 ?image . }
  SERVICE wikibase:label { bd:serviceParam wikibase:language ""[AUTO_LANGUAGE],en"". }
}
ORDER BY ?personLabel",True,,True,,0.0,na,na,0
438,complex,List all saints' feast days by month and day.,"SELECT ?saint ?saintLabel ?feastDay ?month ?day WHERE {
  ?saint wdt:P31 wd:Q5 ;          # instance of human
         wdt:P106 wd:Q170483 ;    # occupation: saint
         wdt:P841 ?feastDay .     # feast day
  BIND(MONTH(?feastDay) AS ?month)
  BIND(DAY(?feastDay) AS ?day)
  SERVICE wikibase:label { bd:serviceParam wikibase:language ""[AUTO_LANGUAGE],en"" }
}
ORDER BY ?month ?day",True,,True,,0.0,na,na,0
439,complex,Find a list of diplomatic missions operated by the United Kingdom.,"SELECT ?mission ?missionLabel WHERE {
  ?mission wdt:P31 wd:Q213283 ;   # instance of diplomatic mission
           wdt:P137 wd:Q145 .     # operated by United Kingdom
  SERVICE wikibase:label { bd:serviceParam wikibase:language ""en"". }
}",True,,True,,0.0,0.0,na,0
440,complex,List the most famous people in the world.,"SELECT ?person ?personLabel ?fameScore WHERE {
  ?person wdt:P31 wd:Q5 ;
          wdt:P585 ?fameScore .
  {
    SELECT ?person (COUNT(?work) AS ?fameScore) WHERE {
      ?work wdt:P50 ?person .
    } GROUP BY ?person
  }
} 
ORDER BY DESC(?fameScore) 
LIMIT 100 
SERVICE wikibase:label { bd:serviceParam wikibase:language ""[AUTO_LANGUAGE],en"" }",False,,True,,0.0,na,na,0
441,complex,List all SARS-CoV-2 proteins with their corresponding research output counts.,"SELECT ?protein ?proteinLabel ?researchOutputCount WHERE {
  ?protein wdt:P31 wd:Q8054 .
  ?protein wdt:P703 wd:Q82069695 .
  OPTIONAL { ?protein wdt:P2860 ?researchOutputCount . }
  SERVICE wikibase:label { bd:serviceParam wikibase:language ""[AUTO_LANGUAGE],en"". }
}",True,,True,,0.5167,0.8857,0.0,35
442,complex,What are the scheduled sections of the Antonine Wall in Scotland?,"SELECT ?section ?sectionLabel WHERE {
  ?section wdt:P361 wd:Q147793 .
  ?section wdt:P1435 wd:Q219538 .
  SERVICE wikibase:label { bd:serviceParam wikibase:language ""[AUTO_LANGUAGE],en"" }
}",True,,True,,0.0,0.0,0.0,0
443,complex,"Show me a map of Scotland with markers for people accused of witchcraft, including their occupations.","SELECT ?person ?personLabel ?occupationLabel ?coordinates WHERE {
  ?person wdt:P31 wd:Q5 ;
          wdt:P21 wd:Q6581072 ; # female (common for witchcraft accusations)
          wdt:P625 ?coordinates .
  ?person wdt:P106 ?occupation .
  SERVICE wikibase:label { bd:serviceParam wikibase:language ""en"". }
  FILTER(STRSTARTS(STR(?coordinates), ""Point(""))
}",False,,True,,0.0,0.0,0.0,0
444,complex,List languages with less than 10 lexemes without statements or senses.,"SELECT ?language ?languageLabel (COUNT(DISTINCT ?lexeme) AS ?count) WHERE {
  # Only consider lexical entries
  ?lexeme a ontolex:LexicalEntry ;
          wdt:P31 wd:Q1511471 ;                     # instance of lexeme
          wdt:P5189 ?language ;                     # language of the lexeme
          wdt:P5188 [] ;                            # must have a lexical category
          wdt:P598 [] .                             # must have a lemma

  # Exclude lexemes that have senses
  FILTER NOT EXISTS { ?lexeme wdt:P5137 ?sense }

  # Exclude lexemes that have any other direct statements outside the mandatory ones
  FILTER NOT EXISTS {
    ?lexeme ?p ?o .
    FILTER(STRSTARTS(STR(?p), ""http://www.wikidata.org/prop/direct/"") &&
           STR(?p) NOT IN(""http://www.wikidata.org/prop/direct/P31"",
                         ""http://www.wikidata.org/prop/direct/P5189"",
                         ""http://www.wikidata.org/prop/direct/P5188"",
                         ""http://www.wikidata.org/prop/direct/P598""))
  }

  SERVICE wikibase:label { bd:serviceParam wikibase:language ""en"" }
}
GROUP BY ?language ?languageLabel
HAVING (COUNT(?lexeme) < 10)
ORDER BY DESC(?count)",True,,False,timeout,0.0,0.0,0.0,0
445,complex,List all institutions that have contributed to every #vBIB conference.,"SELECT ?institution ?institutionLabel WHERE {
  # Identify the vBIB conference series by label (case-insensitive)
  ?series wdt:P31 wd:Q472927 ;           # instance of conference series
          rdfs:label ?label .
  FILTER(CONTAINS(LCASE(?label), ""vbib""))
  
  # Institution should be an organization (optional but aligns with ""institution"")
  ?institution wdt:P31/wdt:P279* wd:Q43229 .
  
  # Ensure the institution contributed to every vBIB conference
  NOT EXISTS {
    ?conf wdt:P31 ?series .
    FILTER NOT EXISTS { ?conf wdt:P710 ?institution . }   # participant property
  }
  
  SERVICE wikibase:label { bd:serviceParam wikibase:language ""en"". }
}",False,,False,http_400,0.0,0.0,0.0,0
446,complex,Find all small monuments in Borovnice municipality with links to their Commons categories.,"SELECT ?item ?itemLabel ?commonsCategory WHERE {
  ?item wdt:P31 wd:Q1172556 ;   # instance of small monument
        wdt:P131 wd:Q894245 ;   # located in Borovnice municipality
        wdt:P373 ?commonsCategory .  # Commons category
  SERVICE wikibase:label { bd:serviceParam wikibase:language ""[AUTO_LANGUAGE],en"". }
}",True,,True,,0.0,na,na,0
447,complex,List all Italian ministers who served in multiple cabinets since 1990.,"SELECT DISTINCT ?minister ?ministerLabel ?startTime ?endTime ?cabinet ?cabinetLabel WHERE {
  ?minister wdt:P39 wd:Q83307 ; # position held: minister of Italy
            wdt:P580 ?startTime . # start time
  FILTER(?startTime >= ""1990-01-01T00:00:00Z""^^xsd:dateTime)
  OPTIONAL { ?minister wdt:P582 ?endTime . }
  ?minister wdt:P31 wd:Q5 . # instance of: human
  ?minister p:P39 ?positionStatement .
  ?positionStatement ps:P39 wd:Q83307 ; # position held: minister of Italy
                     pq:P2937 ?cabinet . # cabinet
  SERVICE wikibase:label { bd:serviceParam wikibase:language ""[AUTO_LANGUAGE],en"" }
}
GROUP BY ?minister ?ministerLabel ?startTime ?endTime ?cabinet ?cabinetLabel
HAVING (COUNT(DISTINCT ?cabinet) > 1)
ORDER BY ?ministerLabel",True,,True,,0.0,0.0,0.0,0
448,complex,What museums are near the Museum of Modern Art?,"SELECT ?museum ?museumLabel WHERE {
  wd:Q188740 wdt:P625 ?momaCoord .
  SERVICE wikibase:around {
    ?museum wdt:P625 ?coord .
    bd:serviceParam wikibase:center ?momaCoord .
    bd:serviceParam wikibase:radius ""5"" .
  }
  ?museum wdt:P31 wd:Q33506 .
  FILTER(?museum != wd:Q188740)
  SERVICE wikibase:label { bd:serviceParam wikibase:language ""[AUTO_LANGUAGE],en"" }
}",True,,False,http_500,0.0,0.0,0.0,0
449,complex,List the siblings who have received the Israel Prize.,"SELECT DISTINCT ?person1 ?person1Label ?person2 ?person2Label WHERE {
  ?person1 wdt:P166 wd:Q132620 ;
           wdt:P31 wd:Q5 ;
           wdt:P3373 ?person2 .
  ?person2 wdt:P166 wd:Q132620 ;
           wdt:P31 wd:Q5 .
  SERVICE wikibase:label { bd:serviceParam wikibase:language ""en"" }
}",True,,True,,0.0,0.0,0.0,0
450,complex,List the names of female activists from Latin America born between 1900 and 1999.,"SELECT ?person ?personLabel WHERE {
  ?person wdt:P31 wd:Q5 ;
          wdt:P21 wd:Q6581072 ;
          wdt:P106 wd:Q482980 ;
          wdt:P569 ?birthDate .
  FILTER(YEAR(?birthDate) >= 1900 && YEAR(?birthDate) <= 1999)
  ?person wdt:P19 ?birthPlace .
  ?birthPlace wdt:P17 ?country .
  ?country wdt:P30 wd:Q12585 .
  SERVICE wikibase:label { bd:serviceParam wikibase:language ""en"". }
}",True,,True,,0.0,na,na,0
451,complex,List the Twitter usernames of scientists working at Dutch universities.,"SELECTDISTINCT ?person ?personLabel ?twitter WHERE {
  ?person wdt:P106 wd:Q901 ;          # occupation scientist
          wdt:P108 ?university ;       # employer
          wdt:P2002 ?twitter .         # Twitter username
  ?university wdt:P31 wd:Q3918 ;       # instance of university
               wdt:P17 wd:Q55 .        # country Netherlands
  SERVICE wikibase:label { bd:serviceParam wikibase:language ""[AUTO_LANGUAGE],en"". }
}
ORDER BY ?personLabel",True,,False,http_400,0.0,0.0,0.0,0
452,complex,Find French occupation-related words with their grammatical gender.,"SELECT ?word ?wordLabel ?genderLabel WHERE {
  ?word wdt:P31 wd:Q8142 ;     # occupation-related word (P31 = instance of; Q8142 = word)
        wdt:P5185 ?gender .    # grammatical gender (P5185 = grammatical gender)
  ?word wdt:P407 wd:Q150 .     # language (P407 = language; Q150 = French)
  SERVICE wikibase:label { bd:serviceParam wikibase:language ""en, fr"". }
}",True,,True,,0.0,0.0,0.0,0
453,complex,"Find Swedish words with examples that show both a form and a sense, along with their sources.",,False,empty response after retries,False,no_query,0.0,0.0,0.0,0
454,complex,List all composers along with their most frequently used tonalities.,"SELECT ?composer ?composerLabel ?tonality ?tonalityLabel (COUNT(?work) AS ?count) WHERE {
  ?work wdt:P86 ?composer .
  ?work w",False,,False,http_400,0.0,0.0,0.0,0
455,complex,"List all humans who died on August 25, 2001, according to the English Wikipedia.","SELECT ?person ?personLabel WHERE {
  ?person wdt:P31 wd:Q5 .
  ?person p:P570 ?deathStmt .
  ?deathStmt ps:P570 ""2001-08-25""^^xsd:dateTime .
  ?deathStmt pq:P143 wd:Q328 .
  SERVICE wikibase:label { bd:serviceParam wikibase:language ""en"". }
}",True,,True,,0.0,na,na,0
456,complex,What are the historical monuments in Loire-Atlantique?,"SELECT ?monument ?monumentLabel ?image WHERE {
  ?monument wdt:P31 wd:Q916333 ;  # instance of historical monument
            wdt:P131 wd:Q3063 .   # located in Loire-Atlantique
  OPTIONAL { ?monument wdt:P18 ?image . }
  SERVICE wikibase:label { bd:serviceParam wikibase:language ""en"". }
}",True,,True,,0.0,na,na,0
457,complex,List famous painters who died before 1800.,"SELECT ?painter ?painterLabel ?deathDate WHERE {
  ?painter wdt:P106 wd:Q1028181 ;  # occupation: painter
           wdt:P31 wd:Q5 ;         # instance of human
           wdt:P570 ?deathDate .   # date of death
  FILTER(YEAR(?deathDate) < 1800)
  SERVICE wikibase:label { bd:serviceParam wikibase:language ""en"". }
}
ORDER BY ?painterLabel",True,,True,,0.6605,0.9785,0.0,21728
458,complex,List all railway stations in the Netherlands with their connections.,"SELECT ?station ?stationLabel ?lineLabel WHERE {
  ?station wdt:P31 wd:Q55488 ;
           wdt:P17 wd:Q55 .
  OPTIONAL { ?station wdt:P81 ?line . }
  SERVICE wikibase:label { bd:serviceParam wikibase:language ""en"". }
}
ORDER BY ?stationLabel",True,,True,,0.0,0.0,na,1176
459,complex,Find the original creator of items with 'house cat' as an instance.,"SELECT ?item ?itemLabel ?creator ?creatorLabel WHERE {
  ?item wdt:P31 wd:Q146 ;   # instance of house cat (Q146)
        wdt:P170 ?creator . # original creator
  SERVICE wikibase:label { bd:serviceParam wikibase:language ""[AUTO_LANGUAGE],en"" }
}",True,,True,,0.0,0.0,na,2
460,complex,Show me a map of railway stations in Wales.,"SELECT DISTINCT ?station ?stationLabel ?coordinates WHERE {
  ?station wdt:P31 wd:Q55488 ;          # instance of railway station
           wdt:P17 wd:Q25 ;             # country Wales
           wdt:P625 ?coordinates .      # coordinate location
  SERVICE wikibase:label { bd:serviceParam wikibase:language ""[AUTO_LANGUAGE],en"" . }
}",True,,True,,0.0,na,na,0
461,complex,Find the publication dates for specific games.,"SELECT ?game ?gameLabel ?publicationDate WHERE {
  ?game wdt:P31 wd:Q7889;   # instance of video game
         wdt:P577 ?publicationDate.  # publication date
  SERVICE wikibase:label { bd:serviceParam wikibase:language ""[AUTO_LANGUAGE],en"". }
}
ORDER BY ?publicationDate",True,,True,,0.0,0.0,0.0,143989
462,complex,What are some popular items with more than 20 site links?,"SELECT ?item ?itemLabel (COUNT(?sitelink) AS ?count) WHERE {
  ?item wdt:P31 wd:Q11424 .  # instance of (P31) popular item (Q11424)
  ?sitelink schema:about ?item .
  ?sitelink schema:isPartOf <https://en.wikipedia.org/> .
}
GROUP BY ?item ?itemLabel
HAVING (COUNT(?sitelink) > 20)
ORDER BY DESC(?count)",False,,True,,0.0,na,na,0
463,complex,List all natural numbers from 1 to 2000.,"SELECT ?number ?numberLabel WHERE {
  ?number wdt:P31 wd:Q21199 ;
          wdt:P1181 ?value .
  FILTER(?value >= 1 && ?value <= 2000)
  SERVICE wikibase:label { bd:serviceParam wikibase:language ""en"". }
} ORDER BY ?value",True,,True,,0.0,na,na,0
464,complex,List all the departments in France.,"SELECT ?department ?departmentLabel WHERE {
  ?department wdt:P31 wd:Q6465 ;   # instance of department of France
             wdt:P17 wd:Q142 .     # country France
  SERVICE wikibase:label { bd:serviceParam wikibase:language ""en"". }
}
ORDER BY ?departmentLabel",True,,True,,0.3616,0.5799,0.0,161
465,complex,List twins who were born in different places.,"SELECT ?twins ?twinsLabel ?place1 ?place1Label ?place2 ?place2Label WHERE {
  ?twins wdt:P31 wd:Q5 .
  ?twins p:P3373 ?statement1 .
  ?statement1 ps:P3373 ?twin1 .
  ?twins p:P3373 ?statement2 .
  ?statement2 ps:P3373 ?twin2 .
  FILTER (?twin1 != ?twin2)
  ?twin1 wdt:P19 ?place1 .
  ?twin2 wdt:P19 ?place2 .
  FILTER (?place1 != ?place2)
  SERVICE wikibase:label { bd:serviceParam wikibase:language ""[AUTO_LANGUAGE],en"" }
}",False,,False,result_too_large,0.0,0.0,0.0,0
466,complex,List the common descendants of George Washington and George W. Bush.,"SELECT ?person ?personLabel WHERE {
  ?person wdt:P31 wd:Q5.
  wd:Q23 wdt:P40* ?person.
  wd:Q207 wdt:P40* ?person.
  SERVICE wikibase:label { bd:serviceParam wikibase:language ""[AUTO_LANGUAGE],en"". }
}
ORDER BY ?personLabel",True,,True,,0.0,na,na,0
467,complex,List all places with an elevation of less than 10 meters above sea level.,"SELECT ?place ?placeLabel ?elevation WHERE {
  ?place wdt:P2044 ?elevation.
  FILTER(?elevation < 10)
  SERVICE wikibase:label { bd:serviceParam wikibase:language ""[AUTO_LANGUAGE],en"". }
}",True,,True,,0.4346,0.9746,0.0095,89727
468,complex,What are the nearby places that have been written about?,"SELECT ?place ?placeLabel ?article WHERE {
  ?place wdt:P31 wd:Q486972 . # instance of human settlement
  ?article schema:about ?place .
  ?article schema:isPartOf <https://en.wikipedia.org/> .
  SERVICE wikibase:label { bd:serviceParam wikibase:language ""en"". }
}",False,,True,,0.0,0.0,0.0,173292
469,complex,List the ages of US presidents when they started their term.,"SELECT ?president ?presidentLabel ?startDate ?age WHERE {
  ?president wdt:P31 wd:Q5 ;                # instance of human
             wdt:P39 wd:Q11696 .            # position held: President of the United States
  ?president p:P39 ?positionStatement .
  ?positionStatement ps:P39 wd:Q11696 ;      # statement for that position
                          pq:P580 ?startDate .  # start time
  OPTIONAL { ?president wdt:P569 ?birthDate . }
  BIND(YEAR(?startDate) - YEAR(?birthDate) AS ?age)
  SERVICE wikibase:label { bd:serviceParam wikibase:language ""[AUTO_LANGUAGE],en"". }
}
ORDER BY ?startDate",True,,True,,0.5714,1.0,0.4052,116
470,complex,List all the awards and nominations received by Rafael Nadal.,"SELECT ?award ?awardLabel ?date ?type WHERE {
  {
    wd:Q108914 p:P166 ?awardStatement .
    ?awardStatement ps:P166 ?award .
    OPTIONAL { ?awardStatement pq:P585 ?date . }
    BIND(""award"" AS ?type)
  }
  UNION
  {
    wd:Q108914 p:P1411 ?nominationStatement .
    ?nominationStatement ps:P1411 ?award .
    OPTIONAL { ?nominationStatement pq:P585 ?date . }
    BIND(""nomination"" AS ?type)
  }
  SERVICE wikibase:label { bd:serviceParam wikibase:language ""[AUTO_LANGUAGE],en"". }
}
ORDER BY ?type ?date",True,,True,,0.0,0.0,0.0,2
471,complex,List the ages of musicians at the time of their death.,"SELECT ?person ?personLabel ?birth ?death ?age WHERE {
  ?person wdt:P106 wd:Q639669 ;
          wdt:P31 wd:Q5 ;
          wdt:P569 ?birth ;
          wdt:P570 ?death .
  BIND((YEAR(?death) - YEAR(?birth)) AS ?age)
  SERVICE wikibase:label { bd:serviceParam wikibase:language ""[AUTO_LANGUAGE],en"". }
}
ORDER BY ?personLabel",True,,True,,0.0019,0.0,0.0034,48798
472,complex,"List detention centers in Uruguay, Argentina, and Chile that were used for torture.","SELECT ?center ?centerLabel ?countryLabel ?image WHERE {
  VALUES ?country { wd:Q77 wd:Q414 wd:Q298 }
  ?center wdt:P31 wd:Q245842 ;   # instance of detention center
          wdt:P17 ?country ;     # country
          wdt:P1535 wd:Q131279 . # used for torture
  OPTIONAL { ?center wdt:P18 ?image . }
  SERVICE wikibase:label { bd:serviceParam wikibase:language ""[AUTO_LANGUAGE],en"" }
}
ORDER BY ?countryLabel ?centerLabel",True,,True,,0.0,0.0,0.0,0
473,complex,List countries named after a specific person.,"SELECT ?country ?countryLabel ?personLabel WHERE {
  ?country wdt:P31 wd:Q3624078 ;  # instance of sovereign state
           wdt:P138 ?person .     # named after a person
  SERVICE wikibase:label { bd:serviceParam wikibase:language ""en"". }
}",True,,True,,0.1,0.1,na,109
474,complex,List all the winners of the Erich Fried Prize along with their images.,"SELECT ?winner ?winnerLabel ?image WHERE {
  ?winner wdt:P31 wd:Q5 ;
          wdt:P166 wd:Q1352400 .
  OPTIONAL { ?winner wdt:P18 ?image . }
  SERVICE wikibase:label { bd:serviceParam wikibase:language ""en"". }
}",True,,True,,0.0,0.0,0.0,0
475,complex,List all historical Chinese states with their corresponding artifacts and collections.,"SELECT DISTINCT ?state ?stateLabel ?artifact ?artifactLabel ?collection ?collectionLabel WHERE {
  ?state wdt:P31/wdt:P279* wd:Q108552573 .  # historical Chinese state or subclass
  OPTIONAL {
    ?artifact wdt:P2596 ?state .            # artifact with culture = state
    OPTIONAL { ?artifact wdt:P195 ?collection . } # collection holding artifact
  }
  SERVICE wikibase:label { bd:serviceParam wikibase:language ""en"". }
}
ORDER BY ?stateLabel",True,,True,,0.0,0.0,0.0,0
476,complex,List all European countries whose ISO 2-letter code contains a letter not present in their native language name.,"SELECT ?country ?countryLabel ?isoCode ?nativeName WHERE {
  ?country wdt:P31 wd:Q3624078 ;  # instance of sovereign state
           wdt:P30 wd:Q46 ;       # located in Europe
           wdt:P297 ?isoCode .    # ISO 3166-1 alpha-2 code
  ?country wdt:P1705 ?nativeName . # native name
  FILTER(!REGEX(?nativeName, REPLACE(?isoCode, ""(.)"", ""[$1]""), ""i""))
  SERVICE wikibase:label { bd:serviceParam wikibase:language ""en"". }
}",True,,True,,0.0,0.0,0.0,122
477,complex,List all current US Supreme Court justices along with their date of birth.,"SELECT ?justice ?justiceLabel ?dateOfBirth WHERE {
  ?justice wdt:P31 wd:Q5 ;
           wdt:P39 wd:Q11177 .
  OPTIONAL { ?justice wdt:P569 ?dateOfBirth . }
  SERVICE wikibase:label { bd:serviceParam wikibase:language ""en"". }
}",True,,True,,0.0,na,0.0,0
478,complex,What are the most common first names among people born in Auvergne?,"SELECT ?givenName ?givenNameLabel (COUNT(?person) AS ?count) WHERE {
  ?person wdt:P31 wd:Q5 ;
          wdt:P19 wd:Q6271 ;
          wdt:P735 ?givenName .
  SERVICE wikibase:label { bd:serviceParam wikibase:language ""en"". }
}
GROUP BY ?givenName ?givenNameLabel
ORDER BY DESC(?count)
LIMIT 10",True,,True,,0.0,na,0.0,0
479,complex,What materials were used in the most paintings?,"SELECT ?material ?materialLabel (COUNT(?painting) AS ?count) WHERE {
  ?painting wdt:P31 wd:Q3305213 ;  # instance of painting
            wdt:P186 ?material .   # material used
  SERVICE wikibase:label { bd:serviceParam wikibase:language ""en"". }
}
GROUP BY ?material ?materialLabel
ORDER BY DESC(?count)
LIMIT 10",False,,True,,0.0286,0.0373,0.0,20
480,complex,"What are the names of stars, galaxies, star clusters and nebulae inspired by?","SELECT ?object ?objectLabel ?inspiration ?inspirationLabel WHERE {
  { ?object wdt:P31 wd:Q523 }   # star
  UNION
  { ?object wdt:P31 wd:Q318 }   # galaxy
  UNION
  { ?object wdt:P31 wd:Q194462 } # star cluster
  UNION
  { ?object wdt:P31 wd:Q50934 } # nebula
  ?object wdt:P941 ?inspiration .
  SERVICE wikibase:label { bd:serviceParam wikibase:language ""en"". }
}
ORDER BY ?objectLabel",True,,True,,0.0,0.0,na,0
481,complex,What properties are most commonly qualified?,"SELECT ?property ?propertyLabel (COUNT(?statement) AS ?count) WHERE {
  ?statement a wikibase:BestRank ;
             ?qualifier ?value .
  ?qualifier wikibase:qualifier ?property .
}
GROUP BY ?property ?propertyLabel
ORDER BY DESC(?count)
LIMIT 100",True,,True,,0.0,na,na,0
482,complex,What are the most common election days in different countries?,"SELECT ?countryLabel ?dayOfWeek (COUNT(?election) AS ?count) WHERE {
  ?election wdt:P31 wd:Q40231 ;
            wdt:P17 ?country ;
            wdt:P585 ?date .
  BIND (WEEKDAY(?date) AS ?dayOfWeek)
  SERVICE wikibase:label { bd:serviceParam wikibase:language ""en"" }
}
GROUP BY ?countryLabel ?dayOfWeek
ORDER BY DESC(?count)",False,,False,http_400,0.0,0.0,0.0,0
483,complex,List all pairs of churches in the UK that are almost adjacent to each other.,"SELECT ?church1 ?church1Label ?church2 ?church2Label ?distance WHERE {
  ?church1 wdt:P31 wd:Q16970 ; # instance of church
           wdt:P17 wd:Q145 ;   # country United Kingdom
           wdt:P625 ?coord1 .   # coordinate location
  ?church2 wdt:P31 wd:Q16970 ;
           wdt:P17 wd:Q145 ;
           wdt:P625 ?coord2 .
  FILTER (?church1 != ?church2)
  BIND (geof:distance(?coord1, ?coord2) AS ?distance)
  FILTER (?distance > 0 && ?distance <= 0.1) # within 0.1 degrees (approx 11 km)
  SERVICE wikibase:label { bd:serviceParam wikibase:language ""[AUTO_LANGUAGE],en"" }
}
ORDER BY ?distance",False,,False,http_400,0.0,0.0,0.0,0
484,complex,What are the most common Roman praenomina?,"SELECT ?praenomen ?praenomenLabel (COUNT(?person) AS ?count) WHERE {
  ?person wdt:P31 wd:Q5 ;          # instance of human
          wdt:P2358 ?praenomen .   # has Roman praenomen
  SERVICE wikibase:label { bd:serviceParam wikibase:language ""en"". }
}
GROUP BY ?praenomen ?praenomenLabel
ORDER BY DESC(?count)",True,,True,,0.0521,0.4503,0.0068,1382
485,complex,Find the artist born between 1880 and 1944 with a given name starting with 'D' and family name starting with 'K'.,"SELECT ?artist ?artistLabel ?dateOfBirth ?dateOfDeath WHERE {
  ?artist wdt:P106 wd:Q483501 ;
          wdt:P569 ?dateOfBirth ;
          wdt:P734 ?familyName ;
          wdt:P735 ?givenName .
  FILTER(YEAR(?dateOfBirth) >= 1880 && YEAR(?dateOfBirth) <= 1944)
  ?givenName rdfs:label ?givenNameLabel .
  FILTER(STRSTARTS(?givenNameLabel, ""D""))
  ?familyName rdfs:label ?familyNameLabel .
  FILTER(STRSTARTS(?familyNameLabel, ""K""))
  OPTIONAL { ?artist wdt:P570 ?dateOfDeath }
  SERVICE wikibase:label { bd:serviceParam wikibase:language ""en"". }
}",False,,False,result_too_large,0.0,0.0,0.0,0
486,complex,List all landlocked countries that share a border with a coastal country.,"SELECT DISTINCT ?landlockedCountry ?landlockedCountryLabel ?coastalCountry ?coastalCountryLabel WHERE {
  ?landlockedCountry wdt:P31 wd:Q6256 .  # instance of country
  ?landlockedCountry wdt:P30 ?coastalCountry .  # shares border with
  ?coastalCountry wdt:P31 wd:Q6256 .  # also a country
  ?coastalCountry wdt:P361 wd:Q16560 .  # has coastline (coastal country)
  SERVICE wikibase:label { bd:serviceParam wikibase:language ""[AUTO_LANGUAGE],en"" }
}",True,,True,,0.0,0.0,0.0,0
487,complex,Show me words that describe people from a certain place on the map.,"SELECT ?word ?wordLabel ?place ?placeLabel WHERE {
  ?word wdt:P31 wd:Q817365 .  # instance of gentilic
  OPTIONAL { ?word wdt:P17 ?place . }  # country
  SERVICE wikibase:label { bd:serviceParam wikibase:language ""[AUTO_LANGUAGE],en"". }
}",True,,True,,0.0,na,0.0,0
488,complex,List the top drama schools by student population.,"SELECT ?school ?schoolLabel ?studentPopulation WHERE {
  ?school wdt:P31 wd:Q3918 ;          # instance of drama school
          wdt:P2196 ?studentPopulation. # student population
  SERVICE wikibase:label { bd:serviceParam wikibase:language ""en"". }
}
ORDER BY DESC(?studentPopulation)",True,,True,,0.001,0.002,0.0,3480
489,complex,List the members of scholarly societies who died before 1800.,"SELECT DISTINCT ?member ?memberLabel ?deathDate ?image WHERE {
  ?member wdt:P463 ?society ;  # member of scholarly society
         wdt:P570 ?deathDate .  # date of death
  FILTER(?deathDate < ""1800-01-01T00:00:00Z""^^xsd:dateTime)
  OPTIONAL { ?member wdt:P18 ?image . }
  SERVICE wikibase:label { bd:serviceParam wikibase:language ""en"". }
}",True,,True,,0.0102,0.0214,0.0,25897
490,complex,Find cemeteries in France that are close to churches.,"SELECT ?cemetery ?cemeteryLabel ?church ?churchLabel WHERE {
  ?cemetery wdt:P31 wd:Q39614 ;  # instance of cemetery
            wdt:P17 wd:Q142 ;     # country France
            wdt:P625 ?cemeteryCoords .
  ?church wdt:P31 wd:Q16970 ;     # instance of church
          wdt:P17 wd:Q142 ;       # country France
          wdt:P625 ?churchCoords .
  FILTER(geof:distance(?cemeteryCoords, ?churchCoords) < 1.0)  # within 1 km
  SERVICE wikibase:label { bd:serviceParam wikibase:language ""en"". }
}
LIMIT 100",False,,False,http_400,0.0,0.0,0.0,0
491,complex,What are the screenwriting credits of Donald P. Bellisario?,"SELECT ?work ?workLabel WHERE {
  ?work wdt:P58 wd:Q1240003.
  SERVICE wikibase:label { bd:serviceParam wikibase:language ""en"". }
}",True,,True,,0.0,0.0,0.0,0
492,complex,List all Twitter handles of current UK Members of Parliament.,"SELECT ?mp ?mpLabel ?twitterHandle WHERE {
  ?mp wdt:P39 wd:Q16707842 ; # member of the 59th Parliament of the United Kingdom
      wdt:P2002 ?twitterHandle . # Twitter username
  SERVICE wikibase:label { bd:serviceParam wikibase:language ""en"" }
}",True,,True,,0.0038,0.0074,0.0,14
493,complex,List all Tour de France stage winners by nationality from 1903 to 2022.,"SELECT ?winner ?winnerLabel ?nationalityLabel ?stage ?stageLabel ?year WHERE {
  ?stage wdt:P31 wd:Q12138 .              # instance of Tour de France stage
  ?stage wdt:P585 ?date .                  # point in time
  ?stage wdt:P1923 ?winner .               # winner
  ?winner wdt:P27 ?nationality .           # country of citizenship
  BIND(YEAR(?date) AS ?year)
  FILTER(?year >= 1903 && ?year <= 2022)
  SERVICE wikibase:label { bd:serviceParam wikibase:language ""[AUTO_LANGUAGE],en"". }
}
ORDER BY ?year ?stageLabel",True,,True,,0.0,na,na,0
494,complex,List US companies founded by people or their parents born outside the US.,"SELECT DISTINCT ?company ?companyLabel ?founder ?founderLabel ?founderBirthPlace ?founderBirthPlaceLabel WHERE {
  ?company wdt:P31 wd:Q4830453 .          # instance of business enterprise
  ?company wdt:P17 wd:Q30 .              # country = United States
  ?company wdt:P112 ?founder .           # founded by
  ?founder wdt:P569 ?birthDate .         # birth date
  ?founder wdt:P19 ?founderBirthPlace .  # place of birth
  FILTER NOT EXISTS { ?founderBirthPlace wdt:P17 wd:Q30 }  # birth place not in US
  SERVICE wikibase:label { bd:serviceParam wikibase:language ""[AUTO_LANGUAGE],en"" }
}
UNION
{
  ?company wdt:P31 wd:Q4830453 .
  ?company wdt:P17 wd:Q30 .
  ?company wdt:P112 ?parent .            # founder is a parent
  ?parent wdt:P40 ?founder .             # child of parent
  ?founder wdt:P569 ?birthDate .
  ?founder wdt:P19 ?founderBirthPlace .
  FILTER NOT EXISTS { ?founderBirthPlace wdt:P17 wd:Q30 }
  SERVICE wikibase:label { bd:serviceParam wikibase:language ""[AUTO_LANGUAGE],en"" }
}
ORDER BY ?companyLabel",False,,False,http_400,0.0,0.0,0.0,0
495,complex,List all railway incidents with their locations and number of injured people.,"SELECT ?incident ?incidentLabel ?location ?locationLabel ?injured WHERE {
  ?incident wdt:P31 wd:Q1193759 ; # railway accident
            wdt:P276 ?location .
  OPTIONAL { ?incident wdt:P1538 ?injured . }
  SERVICE wikibase:label { bd:serviceParam wikibase:language ""[AUTO_LANGUAGE],en"". }
}
ORDER BY ?incidentLabel",True,,True,,0.0,na,na,0
496,complex,List all winners of the Theatre World Award with their pictures and a timeline.,"SELECT DISTINCT ?winner ?winnerLabel ?image ?date WHERE {
  ?winner p:P166 ?statement.
  ?statement ps:P166 wd:Q7777457.
  ?statement pq:P585 ?date.
  OPTIONAL { ?winner wdt:P18 ?image. }
  SERVICE wikibase:label { bd:serviceParam wikibase:language ""[AUTO_LANGUAGE],en"". }
}
ORDER BY ?date",True,,True,,0.0,0.0,0.0,0
497,complex,What are the most common last names among humans?,"SELECT ?surnameLabel (COUNT(?person) AS ?count) WHERE {
  ?person wdt:P31 wd:Q5 ;
          wdt:P734 ?surname .
  SERVICE wikibase:label { bd:serviceParam wikibase:language ""[AUTO_LANGUAGE],en"". }
}
GROUP BY ?surnameLabel
ORDER BY DESC(?count)
LIMIT 10",False,,True,,0.0,0.0,0.0,1
498,complex,What are the key events in Robert Louis Stevenson's life?,"PREFIX wd: <http://www.wikidata.org/entity/>
PREFIX wdt: <http://www.wikidata.org/prop/direct/>
PREFIX wikibase: <http://wikiba.se/ontology#>
PREFIX bd: <http://www.bigdata.com/rdf#>

SELECT ?eventLabel ?date ?locationLabel ?image WHERE {
  {
    wd:Q9092 wdt:P569 ?date .
    BIND(""Birth"" AS ?eventLabel)
    OPTIONAL { wd:Q9092 wdt:P19 ?location . }
    OPTIONAL { wd:Q9092 wdt:P18 ?image . }
  } UNION {
    wd:Q9092 wdt:P570 ?date .
    BIND(""Death"" AS ?eventLabel)
    OPTIONAL { wd:Q9092 wdt:P20 ?location . }
    OPTIONAL { wd:Q9092 wdt:P18 ?image . }
  } UNION {
    wd:Q9092 wdt:P793 ?event .
    ?event rdfs:label ?eventLabel .
    FILTER(LANG(?eventLabel) = ""en"")
    OPTIONAL { ?event wdt:P585 ?date . }
    OPTIONAL { ?event wdt:P276 ?location . }
    OPTIONAL { ?event wdt:P18 ?image . }
  }
  SERVICE wikibase:label { bd:serviceParam wikibase:language ""[AUTO_LANGUAGE],en"". }
}
ORDER BY ?date",True,,True,,0.0,na,na,0
499,complex,List all artworks with titles that have a rhyming pattern.,"SELECT ?artwork ?artworkLabel ?title ?rhymePattern WHERE {
  ?artwork wdt:P31 wd:Q838948 ;  # instance of artwork
           wdt:P1476 ?title .   # title
  BIND(STR(?title) AS ?titleStr)
  # Check if the title ends with a common rhyming pattern (e.g., ""ing"", ""tion"", ""ity"")
  FILTER(REGEX(?titleStr, ""(ing|tion|ity|ness|ment|able|ible|ous|ful|less|ly|ed|en|er|est|y|ie|ey|ow|aw|ay|oy|uy|ee|oo|oa|ai|ei|ie|ou|au|eu|iu|oi|ui|ey|ay|oy|uy|ee|oo|oa|ai|ei|ie|ou|au|eu|iu|oi|ui)$""))
  BIND(REPLACE(?titleStr, "".*(ing|tion|ity|ness|ment|able|ible|ous|ful|less|ly|ed|en|er|est|y|ie|ey|ow|aw|ay|oy|uy|ee|oo|oa|ai|ei|ie|ou|au|eu|iu|oi|ui|ey|ay|oy|uy|ee|oo|oa|ai|ei|ie|ou|au|eu|iu|oi|ui)$"", ""$1"") AS ?rhymePattern)
  SERVICE wikibase:label { bd:serviceParam wikibase:language ""[AUTO_LANGUAGE],en"" }
}",True,,True,,0.0,0.0,0.0,3013
500,complex,List the names of film composers who have worked on more than 100 films.,"SELECT ?composer ?composerLabel (COUNT(?film) AS ?filmCount) WHERE {
  ?film wdt:P31 wd:Q11424 ;   # instance of film
        wdt:P86 ?composer .    # composer of film
  ?composer wdt:P106 wd:Q1064835 .  # occupation: film score composer
  SERVICE wikibase:label { bd:serviceParam wikibase:language ""[AUTO_LANGUAGE],en"". }
}
GROUP BY ?composer ?composerLabel
HAVING (COUNT(?film) > 100)
ORDER BY DESC(?filmCount)",True,,True,,0.0,0.0,0.0,0
501,complex,List the UK Parliament members with mythical ancestors.,"SELECT DISTINCT ?person ?personLabel ?ancestor ?ancestorLabel ?typeLabel WHERE {
  VALUES ?position { wd:Q15964890 wd:Q16707842 wd:Q25290 }
  ?person wdt:P39 ?position .
  ?person (wdt:P22|wdt:P25){1,5} ?ancestor .
  ?ancestor wdt:P31 ?type .
  VALUES ?type { wd:Q267378 wd:Q156326 wd:Q95074 wd:Q190182 }
  SERVICE wikibase:label { bd:serviceParam wikibase:language ""[AUTO_LANGUAGE],en"". }
}
ORDER BY ?personLabel",False,,True,,0.0,0.0,0.0,0
502,complex,List the properties used to link preprints and articles.,"SELECT DISTINCT ?property ?propertyLabel WHERE {
  { ?preprint wdt:P31 wd:Q580922 ; ?property ?article . ?article wdt:P31 wd:Q191067 . }
  UNION
  { ?article wdt:P31 wd:Q191067 ; ?property ?preprint . ?preprint wdt:P31 wd:Q580922 . }
  FILTER(STRSTARTS(STR(?property), ""http://www.wikidata.org/prop/direct/""))
  SERVICE wikibase:label { bd:serviceParam wikibase:language ""en"". }
}
LIMIT 100",True,,True,,0.0,na,0.0,1
503,complex,List the top educational institutions attended by US senators.,"SELECT ?institution ?institutionLabel (COUNT(DISTINCT ?senator) AS ?count) WHERE {
  ?senator wdt:P39 wd:Q4416090 .  # position held = United States senator
  ?senator wdt:P69 ?institution .  # educated at
  SERVICE wikibase:label { bd:serviceParam wikibase:language ""[AUTO_LANGUAGE],en"". }
}
GROUP BY ?institution ?institutionLabel
ORDER BY DESC(?count)
LIMIT 10",True,,True,,0.0163,0.0094,0.2222,18
504,complex,List all authors of academic papers connected to Paul Erdos.,"SELECT DISTINCT ?author ?authorLabel WHERE {
  ?paper wdt:P31 wd:Q13442814 ;  # instance of scholarly article
         wdt:P50 ?author .       # author
  wd:Q173146 wdt:P50 ?author .   # Paul Erdos is an author of the paper
  SERVICE wikibase:label { bd:serviceParam wikibase:language ""[AUTO_LANGUAGE],en"". }
}",True,,True,,0.0,na,na,0
505,complex,List female dancers and choreographers with an English Wikipedia article but not a French one.,"SELECT ?item ?itemLabel WHERE {
  ?item wdt:P31 wd:Q5 ;
        wdt:P21 wd:Q6581072 ;
        wdt:P106 wd:Q5716684 .
  ?item wdt:P31 wd:Q5 ;
        wdt:P21 wd:Q6581072 ;
        wdt:P106 wd:Q1281618 .
  ?item wdt:P31 wd:Q5 ;
        wdt:P21 wd:Q6581072 ;
        wdt:P106 wd:Q5716684 .
  ?item wdt:P31 wd:Q5 ;
        wdt:P21 wd:Q6581072 ;
        wdt:P106 wd:Q1281618 .
  ?item wdt:P31 wd:Q5 ;
        wdt:P21 wd:Q6581072 ;
        wdt:P106 wd:Q5716684 .
  ?item wdt:P31 wd:Q5 ;
        wdt:P21 wd:Q6581072 ;
        wdt:P106 wd:Q1281618 .
  ?item wdt:P31 wd:Q5 ;
        wdt:P21 wd:Q6581072 ;
        wdt:P106 wd:Q5716684 .
  ?item wdt:P31 wd:Q5 ;
        wdt:P21 wd:Q6581072 ;
        wdt:P106 wd:Q1281618 .
  ?item wdt:P31 wd:Q5 ;
        wdt:P21 wd:Q6581072 ;
        wdt:P106 wd:Q5716684 .
  ?item wdt:P31 wd:Q5 ;
        wdt:P21 wd:Q6581072 ;
        wdt:P106 wd:Q1281618 .
  ?item wdt:P31 wd:Q5 ;
        wdt:P21 wd:Q6581072 ;
        wdt:P106 wd:Q5716684 .
  ?item wdt:P31 wd:Q5 ;
        wdt:P21 wd:Q6581072 ;
        wdt:P106 wd:Q1281618 .
  ?item wdt:P31 wd:Q5 ;
        wdt:P21 wd:Q6581072 ;
        wdt:P106 wd:Q5716684 .
  ?item wdt:P31 wd:Q5 ;
        wdt:P21 wd:Q6581072 ;
        wdt:P106 wd:Q1281618 .
  ?item wdt:P31 wd:Q5 ;
        wdt:P21 wd:Q6581072 ;
        wdt:P106 wd:Q5716684 .
  ?item wdt:P31 wd:Q5 ;
        wdt:P21 wd:Q6581072 ;
        wdt:P106 wd:Q1281618 .
  ?item wdt:P31 wd:Q5 ;
        wdt:P21 wd:Q6581072 ;
        wdt:P106 wd:Q5716684 .
  ?item wdt:P31 wd:Q5 ;
        wdt:P21 wd:Q6581072 ;
        wdt:P106 wd:Q1281618 .
  ?item wdt:P31 wd:Q5 ;
        wdt:P21 wd:Q6581072 ;
        wdt:P106 wd:Q5716684 .
  ?item wdt:P31 wd:Q5 ;
        wdt:P21 wd:Q6581072 ;
        wdt:P106 wd:Q1281618 .
  ?item wdt:P31 wd:Q5 ;
        wdt:P21 wd:Q6581072 ;
        wdt:P106 wd:Q5716684 .
  ?item wdt:P31 wd:Q5 ;
        wdt:P21 wd:Q6581072 ;
        wdt:P106 wd:Q1281618 .
  ?item wdt:P31 wd:Q5 ;
        wdt:P21 wd:Q6581072 ;
        wdt:P106 wd:Q5716684 .
  ?item wdt:P31 wd:Q5 ;
        wdt:P21 wd:Q6581072 ;
        wdt:P106 wd:Q1281618 .
  ?item wdt:P31 wd:Q5 ;
        wdt:P21 wd:Q6581072 ;
        wdt:P106 wd:Q5716684 .
  ?item wdt:P31 wd:Q5 ;
        wdt:P21 wd:Q6581072 ;
        wdt:P106 wd:Q1281618 .
  ?",False,,False,http_400,0.0,0.0,0.0,0
506,complex,List the universities attended by UK ambassadors.,"SELECT DISTINCT ?person ?personLabel ?university ?universityLabel WHERE {
  ?person p:P39 ?posStatement .
  ?posStatement ps:P39 wd:Q483501 .  # position held: ambassador
  ?posStatement pq:P1416 wd:Q145 .    # applies to jurisdiction: United Kingdom
  ?person wdt:P69 ?university .        # educated at a university
  SERVICE wikibase:label { bd:serviceParam wikibase:language ""[AUTO_LANGUAGE],en"" }
}
ORDER BY ?personLabel",True,,True,,0.0,na,0.0,0
507,complex,List all lighthouses in South America along with their coordinates.,"SELECT ?lighthouse ?lighthouseLabel ?coordinates WHERE {
  ?lighthouse wdt:P31 wd:Q39715 ;  # instance of lighthouse
              wdt:P17 ?country .   # country
  ?country wdt:P30 wd:Q18 .        # continent South America
  OPTIONAL { ?lighthouse wdt:P625 ?coordinates . }
  SERVICE wikibase:label { bd:serviceParam wikibase:language ""en"". }
}",True,,True,,0.0,0.0,0.0,690
508,complex,List languages with overlapping lexemes.,"PREFIX wikibase: <http://wikiba.se/ontology#>
PREFIX dct: <http://purl.org/dc/terms/>
PREFIX bd: <http://www.bigdata.com/rdf#>

SELECT DISTINCT ?language ?languageLabel WHERE {
  {
    SELECT DISTINCT ?language WHERE {
      ?lex1 wikibase:lemma ?lemma .
      ?lex1 dct:language ?language .
      ?lex2 wikibase:lemma ?lemma .
      ?lex2 dct:language ?other .
      FILTER(?lex1 != ?lex2 && ?language != ?other)
    }
  }
  SERVICE wikibase:label { bd:serviceParam wikibase:language ""en"". }
}",False,,True,,0.0,0.0,0.0,80
509,complex,List the main subjects of each episode in The West Wing TV series.,"SELECT ?episode ?episodeLabel ?subject ?subjectLabel WHERE {
  ?episode wdt:P31 wd:Q21191270 ;   # instance of episode
           wdt:P179 wd:Q23668 ;     # series: The West Wing
           wdt:P921 ?subject .      # main subject
  SERVICE wikibase:label { bd:serviceParam wikibase:language ""[AUTO_LANGUAGE],en"". }
}
ORDER BY ?episodeLabel",True,,True,,0.0,0.0,0.0,0
510,complex,"List all people with their birth and death years, along with their places of birth and death.","SELECT DISTINCT ?person ?personLabel ?birthYear ?deathYear ?placeOfBirthLabel ?placeOfDeathLabel WHERE {
  ?person wdt:P31 wd:Q5 .
  OPTIONAL { ?person wdt:P569 ?birthDate . BIND(YEAR(?birthDate) AS ?birthYear) }
  OPTIONAL { ?person wdt:P570 ?deathDate . BIND(YEAR(?deathDate) AS ?deathYear) }
  OPTIONAL { ?person wdt:P19 ?placeOfBirth . }
  OPTIONAL { ?person wdt:P20 ?placeOfDeath . }
  SERVICE wikibase:label { bd:serviceParam wikibase:language ""[AUTO_LANGUAGE],en"". }
}
ORDER BY ?personLabel",False,,False,result_too_large,0.0,0.0,0.0,0
511,complex,Show me a map of French municipalities with homonymous names connected by lines based on their distance.,"SELECT ?item ?itemLabel ?location ?coord1 ?coord2 ?distance WHERE {
  ?item wdt:P31 wd:Q13100073 ; # instance of commune of France
        wdt:P625 ?location .   # coordinate location
  ?item wdt:P31 wd:Q13100073 .
  ?otherItem wdt:P31 wd:Q13100073 ;
             wdt:P625 ?otherLocation .
  FILTER (?item != ?otherItem && ?itemLabel = ?otherItemLabel)
  BIND(geof:distance(?location, ?otherLocation) AS ?distance)
  BIND(?location AS ?coord1)
  BIND(?otherLocation AS ?coord2)
  SERVICE wikibase:label { bd:serviceParam wikibase:language ""en"". }
}",False,,False,http_400,0.0,0.0,0.0,0
512,complex,Show me a map of places with their standard English and Welsh spellings.,"SELECT ?place ?placeLabel ?welsh_spelling WHERE {
  ?place wdt:P31 wd:Q532 . # instances of human settlement
  OPTIONAL { ?place wdt:P1814 ?welsh_spelling }
  SERVICE wikibase:label { bd:serviceParam wikibase:language ""en,cy"" }
}",True,,True,,0.0,0.0,0.0,244023
513,complex,What are the most common properties used in maps?,"SELECT ?property ?propertyLabel (COUNT(?item) AS ?count) WHERE {
  ?item wdt:P31 wd:Q4006 .
  ?item ?property ?value .
  FILTER(STRSTARTS(STR(?property), ""http://www.wikidata.org/prop/direct/""))
  SERVICE wikibase:label { bd:serviceParam wikibase:language ""en"". }
}
GROUP BY ?property ?propertyLabel
ORDER BY DESC(?count)
LIMIT 20",True,,True,,0.0,na,0.0,40
514,complex,Find museums within a 20-kilometer radius from your current location.,"SELECT ?museum ?museumLabel ?location ?distance WHERE {
  SERVICE wikibase:around {
    ?museum wdt:P31 wd:Q33506;
            wdt:P625 ?location.
    bd:serviceParam wikibase:center ""Point(0 0)""^^geo:wktLiteral; # Replace with your coordinates
                    wikibase:radius ""20"".
  }
  SERVICE wikibase:label { bd:serviceParam wikibase:language ""[AUTO_LANGUAGE],en"". }
}",False,,False,http_500,0.0,0.0,0.0,0
515,complex,Find people from Uppsala University with missing images in Wikidata.,"SELECT ?person ?personLabel WHERE {
  ?person wdt:P69 wd:Q37126 ;
          wdt:P31 wd:Q5 .
  FILTER NOT EXISTS { ?person wdt:P18 ?image . }
  SERVICE wikibase:label { bd:serviceParam wikibase:language ""[AUTO_LANGUAGE],en"" }
}",True,,True,,0.0,0.0,0.0,0
516,complex,What places are near the coordinates 48.87 latitude and 2.29 longitude?,"SELECT ?place ?placeLabel ?coordinates WHERE {
  ?place wdt:P625 ?coordinates .
  FILTER(geof:distance(?coordinates, ""Point(48.87 2.29)""^^geosparql:wktLiteral) < 1.0)
  SERVICE wikibase:label { bd:serviceParam wikibase:language ""[AUTO_LANGUAGE],en"" }
}",False,,False,http_400,0.0,0.0,0.0,0
517,complex,What languages are spoken in France?,"SELECT ?language ?languageLabel WHERE {
  wd:Q142 wdt:P37 ?language .
  SERVICE wikibase:label { bd:serviceParam wikibase:language ""en"". }
}",True,,True,,0.2,0.3333,0.0,1
518,complex,Find hillforts with design plans in the UK and show their locations on a map.,"SELECT ?hillfort ?hillfortLabel ?location ?image ?coords WHERE {
  ?hillfort wdt:P31 wd:Q105084 .  # instance of hillfort
  ?hillfort wdt:P17 wd:Q145 .   # country: United Kingdom
  ?hillfort wdt:P276 ?location . # location
  OPTIONAL { ?hillfort wdt:P18 ?image . } # image
  OPTIONAL { ?hillfort wdt:P625 ?coords . } # coordinate location
  SERVICE wikibase:label { bd:serviceParam wikibase:language ""[AUTO_LANGUAGE],en"". }
}",True,,True,,0.0,na,na,0
519,complex,List countries with the most citizens whose first name starts with X or Q.,"SELECT ?country ?countryLabel (COUNT(DISTINCT ?person) AS ?count) WHERE {
  ?person wdt:P31 wd:Q5 ;
          wdt:P735 ?givenName ;
          wdt:P27 ?country .
  ?givenName rdfs:label ?givenNameLabel .
  FILTER(LANG(?givenNameLabel) = ""en"" && 
         (STRSTARTS(UCASE(?givenNameLabel), ""X"") || STRSTARTS(UCASE(?givenNameLabel), ""Q"")))
  SERVICE wikibase:label { bd:serviceParam wikibase:language ""[AUTO_LANGUAGE],en"". }
}
GROUP BY ?country ?countryLabel
ORDER BY DESC(?count)",False,,False,timeout,0.0,0.0,0.0,0
520,complex,List all women born in the United Kingdom.,"SELECT ?woman ?womanLabel ?birthDate WHERE {
  ?woman wdt:P31 wd:Q5;                # instance of human
         wdt:P21 wd:Q6581072;          # gender female
         wdt:P19 wd:Q145.              # place of birth United Kingdom
  OPTIONAL { ?woman wdt:P569 ?birthDate . }
  SERVICE wikibase:label { bd:serviceParam wikibase:language ""[AUTO_LANGUAGE],en"". }
}
ORDER BY ?womanLabel",True,,True,,0.018,0.0182,0.0,967
521,complex,"Show me a map of medical facilities in Murshidabad district, India, with different colors for each type.","SELECT ?facility ?facilityLabel ?type ?typeLabel ?coord WHERE {
  ?facility wdt:P31/wdt:P279* wd:Q169930 .  # instance/subclass of medical facility
  ?facility wdt:P131 wd:Q1529649 .          # located in Murshidabad district
  ?facility wdt:P625 ?coord .               # coordinate location
  ?facility wdt:P31 ?type .                 # type of facility
  SERVICE wikibase:label { bd:serviceParam wikibase:language ""en"". }
}",True,,True,,0.0,na,0.0,0
522,complex,List the graves of famous people in Pere Lachaise Cemetery who died between 1800 and 1849.,"SELECT ?person ?personLabel ?deathDate ?graveImage WHERE {
  ?person wdt:P31 wd:Q5 .
  ?person wdt:P119 wd:Q384321 .
  ?person wdt:P570 ?deathDate .
  FILTER(YEAR(?deathDate) >= 1800 && YEAR(?deathDate) <= 1849)
  OPTIONAL { ?person wdt:P18 ?graveImage . }
  SERVICE wikibase:label { bd:serviceParam wikibase:language ""en"". }
}
ORDER BY ?deathDate",True,,True,,0.0,0.0,0.0,0
523,complex,List all Italian politicians between 50 and 80 years old who have held ministerial positions.,"SELECT ?person ?personLabel ?birthDate ?image ?positionLabel WHERE {
  ?person wdt:P31 wd:Q5 ;
          wdt:P106 wd:Q82955 ;          # occupation: politician
          wdt:P27 wd:Q38 ;              # country of citizenship: Italy
          wdt:P569 ?birthDate .         # date of birth
  FILTER( (?birthDate >= ""1944-01-01""^^xsd:dateTime && ?birthDate <= ""1974-12-31""^^xsd:dateTime) )  # age between 50 and 80 as of 2024
  ?person wdt:P39 ?position .           # held position
  ?position wdt:P31 wd:Q16707842 .      # instance of: ministerial position
  OPTIONAL { ?person wdt:P18 ?image . }
  SERVICE wikibase:label { bd:serviceParam wikibase:language ""en"". }
}
ORDER BY ?personLabel",True,,True,,0.0,na,na,0
524,complex,List all U.S. Presidents in chronological order.,"SELECT ?president ?presidentLabel (MIN(?startTime) AS ?firstStart) WHERE {
  ?president p:P39 ?statement .
  ?statement ps:P39 wd:Q11696 .
  ?statement pq:P580 ?startTime .
  SERVICE wikibase:label { bd:serviceParam wikibase:language ""[AUTO_LANGUAGE],en"" }
}
GROUP BY ?president ?presidentLabel
ORDER BY ?firstStart",True,,True,,0.2571,0.234,0.2759,94
525,complex,Show me the images related to Jean Fusoris and his astrolabe.,"SELECT ?item ?itemLabel ?image WHERE {
  VALUES ?item { wd:Q3172440 wd:Q2868326 }
  OPTIONAL { ?item wdt:P18 ?image . }
  SERVICE wikibase:label { bd:serviceParam wikibase:language ""en"". }
}",True,,True,,0.0,0.0,0.0,3
526,complex,List the number of men and women who have received art prizes.,"SELECT ?gender ?genderLabel (COUNT(DISTINCT ?person) AS ?count) WHERE {
  ?person wdt:P31 wd:Q5 ;
          wdt:P21 ?gender ;
          wdt:P166 ?prize .
  ?prize wdt:P31 wd:Q200098 .
  VALUES ?gender { wd:Q6581097 wd:Q6581072 }
  SERVICE wikibase:label { bd:serviceParam wikibase:language ""en"". }
}
GROUP BY ?gender ?genderLabel",True,,True,,0.0,0.0,0.0,0
527,complex,Show me a map of Wales with the percentage of Welsh speakers in each region.,"SELECT ?region ?regionLabel ?percentage ?map WHERE {
  wd:Q25 wdt:P31 wd:Q5 . # Wales is a country
  ?region wdt:P131 wd:Q25 . # Region is part of Wales
  ?region wdt:P1098 ?percentage . # Percentage of Welsh speakers
  OPTIONAL { ?region wdt:P18 ?map . } # Map image
  SERVICE wikibase:label { bd:serviceParam wikibase:language ""en"". }
}",True,,True,,0.0,na,na,0
528,complex,List languages by their geographical usage.,"SELECT ?language ?languageLabel ?location ?locationLabel WHERE {
  ?language wdt:P31 wd:Q34770 ;  # instance of language
            wdt:P17 ?location .   # country of origin
  SERVICE wikibase:label { bd:serviceParam wikibase:language ""[AUTO_LANGUAGE],en"". }
}
ORDER BY ?languageLabel",True,,True,,0.0,0.0,0.0,8427
529,complex,List all street names in Berlin that have multiple occurrences.,"SELECT ?street ?streetLabel (COUNT(?item) AS ?count) WHERE {
  ?item wdt:P31 wd:Q5 ;          # instance of human
        wdt:P551 ?residence .    # residence
  ?residence wdt:P131 wd:Q64 ;   # located in Berlin
             wdt:P669 ?street .  # located on street
}
GROUP BY ?street ?streetLabel
HAVING (COUNT(?item) > 1)
ORDER BY DESC(?count)",True,,True,,0.0,0.0,0.0,4
530,complex,List all famous people born in January of a leap year.,"SELECT ?person ?personLabel ?birthDate WHERE {
  ?person wdt:P31 wd:Q5 ;
          wdt:P569 ?birthDate .
  FILTER (MONTH(?birthDate) = 1)
  FILTER (YEAR(?birthDate) % 4 = 0 && (YEAR(?birthDate) % 100 != 0 || YEAR(?birthDate) % 400 = 0))
  SERVICE wikibase:label { bd:serviceParam wikibase:language ""[AUTO_LANGUAGE],en"" }
}
ORDER BY ?birthDate",False,,False,http_400,0.0,0.0,0.0,0
531,complex,List authors affiliated with Coventry University who need items.,"SELECT ?author ?authorLabel ?needItem ?needItemLabel WHERE {
  ?author wdt:P106 wd:Q482980 .
  ?author wdt:P1416 wd:Q1135423 .
  ?author wdt:P2341 ?needItem .
  SERVICE wikibase:label { bd:serviceParam wikibase:language ""[AUTO_LANGUAGE],en"". }
}
ORDER BY ?authorLabel",True,,True,,0.0,0.0,0.0,0
532,complex,List the Danish monarchs along with their places and dates of death.,"SELECT DISTINCT ?monarch ?monarchLabel ?placeOfDeathLabel ?dateOfDeath WHERE {
  ?monarch wdt:P39 wd:Q107837 .         # position held: monarch of Denmark
  ?monarch wdt:P570 ?dateOfDeath .      # date of death
  ?monarch wdt:P20 ?placeOfDeath .      # place of death
  SERVICE wikibase:label { bd:serviceParam wikibase:language ""en"". }
}
ORDER BY ?monarchLabel",True,,True,,0.0,0.0,0.0,0
533,complex,What is the most specific taxonomic group that includes both Alocasia cuprea and Codiaeum variegatum?,"PREFIX wd: <http://www.wikidata.org/entity/>
PREFIX wdt: <http://www.wikidata.org/prop/direct/>
PREFIX wikibase: <http://wikiba.se/ontology#>
PREFIX bd: <http://www.bigdata.com/rdf#>

SELECT ?commonAncestor ?commonAncestorLabel ?rankLabel WHERE {
  ?species1 wdt:P225 ""Alocasia cuprea"" .
  ?species2 wdt:P225 ""Codiaeum variegatum"" .
  
  ?commonAncestor ^wdt:P171+ ?species1 .
  ?commonAncestor ^wdt:P171+ ?species2 .
  FILTER(?commonAncestor != ?species1 && ?commonAncestor != ?species2)
  
  FILTER NOT EXISTS {
    ?descendant ^wdt:P171+ ?species1 .
    ?descendant ^wdt:P171+ ?species2 .
    ?commonAncestor ^wdt:P171+ ?descendant .
    FILTER(?descendant != ?commonAncestor)
  }
  
  ?commonAncestor wdt:P105 ?rank .
  SERVICE wikibase:label { bd:serviceParam wikibase:language ""en"" . }
}
LIMIT 10",False,,False,timeout,0.0,0.0,0.0,0
534,complex,Find the Wikipathways pathway with ID WP28 and list its parts.,"SELECT ?part ?partLabel WHERE {
  wd:Q288679 wdt:P527 ?part .
  SERVICE wikibase:label { bd:serviceParam wikibase:language ""[AUTO_LANGUAGE],en"" }
}",True,,True,,0.0,na,na,0
535,complex,List Rabindranath Tagore's poems written each month.,"SELECT DISTINCT ?poem ?poemLabel ?month WHERE {
  ?poem wdt:P50 wd:Q7241 ;   # author: Rabindranath Tagore
        wdt:P31 wd:Q5185279 ; # instance of: poem
        wdt:P571 ?date .      # inception date
  BIND(MONTH(?date) AS ?month)
  SERVICE wikibase:label { bd:serviceParam wikibase:language ""en"". }
}
ORDER BY ?month",True,,True,,0.0,na,na,0
536,complex,Show me a map of restaurants in Switzerland that have received Michelin stars.,"SELECT ?restaurant ?restaurantLabel ?location ?image ?michelinStar WHERE {
  ?restaurant wdt:P31 wd:Q11707 ;          # instance of restaurant
              wdt:P17 wd:Q39 ;             # country: Switzerland
              wdt:P625 ?location .         # coordinate location
  OPTIONAL { ?restaurant wdt:P18 ?image . }
  OPTIONAL { ?restaurant wdt:P166 ?michelinStar . }
  FILTER EXISTS { ?restaurant wdt:P166 wd:Q60639 }  # has Michelin star
  SERVICE wikibase:label { bd:serviceParam wikibase:language ""[AUTO_LANGUAGE],en"". }
}",True,,True,,0.0,0.0,0.0,0
537,complex,List the birthplaces of famous economists.,"SELECT ?economist ?economistLabel ?birthplaceLabel WHERE {
  ?economist wdt:P106 wd:Q188094 .
  ?economist wdt:P19 ?birthplace .
  SERVICE wikibase:label { bd:serviceParam wikibase:language ""en"". }
}",True,,True,,0.4049,0.4963,0.0,26925
538,complex,List famous individuals who passed away between 1969 and 1970.,"SELECT ?person ?personLabel ?dateOfDeath ?image WHERE {
  ?person wdt:P31 wd:Q5 ;
          wdt:P570 ?dateOfDeath .
  FILTER(YEAR(?dateOfDeath) >= 1969 && YEAR(?dateOfDeath) <= 1970)
  OPTIONAL { ?person wdt:P18 ?image . }
  SERVICE wikibase:label { bd:serviceParam wikibase:language ""en"". }
}
ORDER BY ?dateOfDeath",False,,True,,0.0,0.0,0.0,45211
539,complex,List the longest-serving heads of government in France.,"SELECT ?head ?headLabel ?start ?end (xsd:dateTime(IF(BOUND(?end), ?end, NOW())) - xsd:dateTime(?start) AS ?duration) WHERE",False,,False,http_400,0.0,0.0,0.0,0
540,complex,Show me the tramway routes in France on a map.,"SELECT ?tramLine ?tramLineLabel ?coords WHERE {
  ?tramLine wdt:P31/wdt:P279* wd:Q15284203 .
  ?tramLine wdt:P17 wd:Q142 .
  ?tramLine wdt:P625 ?coords .
  SERVICE wikibase:label { bd:serviceParam wikibase:language ""en"". }
}",True,,True,,0.0,na,na,0
541,complex,What are the most popular chess openings based on their site links?,"SELECT ?opening ?openingLabel ?sitelinks WHERE {
  ?opening wdt:P31 wd:Q2005526.  # instance of chess opening
  ?opening wikibase:sitelinks ?sitelinks.
  SERVICE wikibase:label { bd:serviceParam wikibase:language ""en"". }
}
ORDER BY DESC(?sitelinks)",True,,True,,0.0,na,na,0
542,complex,List the most famous paintings from each country.,"SELECT ?country ?countryLabel ?painting ?paintingLabel ?image WHERE {
  ?painting wdt:P31 wd:Q3305213 ;  # instance of painting
            wdt:P17 ?country .    # country of origin
  OPTIONAL { ?painting wdt:P18 ?image . }
  SERVICE wikibase:label { bd:serviceParam wikibase:language ""en"" . }
}
GROUP BY ?country ?countryLabel ?painting ?paintingLabel ?image
ORDER BY ?countryLabel",False,,True,,0.0,0.0,0.0,66329
543,complex,List South African women who have Wikipedia pages but not Wikiquote pages.,"SELECT ?item ?itemLabel WHERE {
  ?item wdt:P31 wd:Q5 .          # instance of human
  ?item wdt:P21 wd:Q6581072 .    # sex or gender: female
  ?item wdt:P27 wd:Q258 .        # country of citizenship: South Africa
  ?item wdt:P31 wd:Q5 .          # ensure it's a human (redundant but safe)
  ?item wdt:P569 ?birth .        # optional: birth date for filtering
  ?item wdt:P18 ?image .         # optional: image
  ?article schema:about ?item .
  ?article schema:isPartOf <https://en.wikipedia.org/> .
  FILTER NOT EXISTS {
    ?wikiquote schema:about ?item .
    ?wikiquote schema:isPartOf <https://en.wikiquote.org/> .
  }
  SERVICE wikibase:label { bd:serviceParam wikibase:language ""en"". }
}",True,,True,,0.0891,0.193,0.0,517
544,complex,Find public spaces with table tennis tables near my current location.,"SELECT ?place ?placeLabel ?location ?image WHERE {
  SERVICE wikibase:around {
    ?place wdt:P625 ?location .
    bd:serviceParam wikibase:center ""Point(13.4050 52.5200)""^^geo:wktLiteral . # Example: Berlin coordinates
    bd:serviceParam wikibase:radius ""10"" .
    bd:serviceParam wikibase:distance ?distance .
  }
  ?place wdt:P31/wdt:P279* wd:Q294466 . # Public space
  ?place wdt:P527 wd:Q173336 . # Has table tennis table
  OPTIONAL { ?place wdt:P18 ?image . }
  SERVICE wikibase:label { bd:serviceParam wikibase:language ""en"". }
}
ORDER BY ?distance
LIMIT 20",True,,False,http_500,0.0,0.0,0.0,0
545,complex,Find movies with video links on YouTube.,"SELECT ?movie ?movieLabel ?youtubeId ?videoUrl WHERE {
  ?movie wdt:P31 wd:Q11424 ;        # instance of film
         wdt:P1651 ?youtubeId .     # YouTube video ID
  BIND(CONCAT(""https://www.youtube.com/watch?v="", ?youtubeId) AS ?videoUrl)
  SERVICE wikibase:label { bd:serviceParam wikibase:language ""[AUTO_LANGUAGE],en"". }
}
LIMIT 100",False,,True,,0.0037,0.0038,0.0036,281
546,complex,What are the top 100 most translated concepts in the Lexeme namespace?,"SELECT ?concept ?conceptLabel ?translationCount WHERE {
  ?concept wdt:P31 wd:Q214141 . # instances of sense
  ?sense wdt:P5137 ?concept ;
         wdt:P5972 ?translation . # translations of sense
} GROUP BY ?concept ?conceptLabel
  ORDER BY DESC(COUNT(?translation))
  LIMIT 100",False,,False,http_400,0.0,0.0,0.0,0
547,complex,List the moons of planets in our solar system and their namesakes.,"SELECT ?moon ?moonLabel ?planet ?planetLabel ?namesake ?namesakeLabel WHERE {
  ?moon wdt:P397 ?planet .          # moon is a natural satellite of a planet
  ?planet wdt:P31 wd:Q634 .         # planet is a subclass of ""planet"" (Q634)
  ?moon wdt:P138 ?namesake .        # moon has a namesake
  SERVICE wikibase:label { bd:serviceParam wikibase:language ""[AUTO_LANGUAGE],en"". }
}",True,,True,,0.0,0.0,na,0
548,complex,List monuments named after a person without any other connection.,"SELECT ?monument ?monumentLabel ?personLabel WHERE {
  ?monument wdt:P31 wd:Q4989906 .  # instance of monument
  ?monument wdt:P138 ?person .     # named after a person
  FILTER NOT EXISTS {
    ?monument ?prop ?person .      # no other connection
    FILTER(?prop != wdt:P138)
  }
  SERVICE wikibase:label { bd:serviceParam wikibase:language ""[AUTO_LANGUAGE],en"" }
}",True,,False,http_500,0.0,0.0,0.0,0
549,complex,What languages are spoken in the Netherlands?,"SELECT ?language ?languageLabel WHERE {
  wd:Q55 wdt:P37 ?language.
  SERVICE wikibase:label { bd:serviceParam wikibase:language ""en"". }
}",True,,True,,0.0,0.0,na,1
550,complex,List all parties that had members elected in the February 1974 UK general election.,"SELECT DISTINCT ?party ?partyLabel WHERE {
  ?member wdt:P31 wd:Q5 ;
          wdt:P102 ?party ;
          wdt:P3602 wd:Q17020424 .
  SERVICE wikibase:label { bd:serviceParam wikibase:language ""en"". }
}",True,,True,,0.0,0.0,0.0,0
551,complex,What is the latest Twitter follower count for different programming languages?,"SELECT ?language ?languageLabel ?followerCount ?date WHERE {
  ?language wdt:P31 wd:Q9143 .  # programming language
  ?language p:P374 ?followerStatement .
  ?followerStatement ps:P374 ?followerCount .
  ?followerStatement pq:P585 ?date .
  SERVICE wikibase:label { bd:serviceParam wikibase:language ""[AUTO_LANGUAGE],en"" }
}
ORDER BY DESC(?date)",True,,True,,0.0,na,na,0
552,complex,List all languages with their corresponding unique language codes used in lemmas.,"SELECT ?language ?languageLabel ?lemmaCode WHERE {
  ?lemma dct:language ?language .
  ?lemma wikibase:lemma ?lemmaText .
  BIND(STR(?lemmaText) AS ?lemmaCode)
  SERVICE wikibase:label { bd:serviceParam wikibase:language ""en"". }
}
GROUP BY ?language ?languageLabel ?lemmaCode",False,,False,result_too_large,0.0,0.0,0.0,0
553,complex,What types of items are exhibited at the Ashmolean Museum?,"SELECT DISTINCT ?type ?typeLabel WHERE {
  ?item wdt:P195 wd:Q636400 ;
        wdt:P31 ?type .
  SERVICE wikibase:label { bd:serviceParam wikibase:language ""en"". }
}
ORDER BY ?typeLabel",True,,True,,0.0,0.0,na,114
554,complex,Show me a chart of astrolabes' diameters over time.,"SELECT ?astrolabe ?astrolabeLabel ?diameter ?date WHERE {
  ?astrolabe wdt:P31 wd:Q128131 ;  # instance of astrolabe
             wdt:P2049 ?diameter ;  # has diameter
             wdt:P571 ?date .       # inception date
  SERVICE wikibase:label { bd:serviceParam wikibase:language ""[AUTO_LANGUAGE],en"". }
}
ORDER BY ?date",True,,True,,0.0,na,0.0,0
555,complex,How many alphabets use a specific letter?,"SELECT ?letter ?letterLabel (COUNT(DISTINCT ?alphabet) AS ?count) WHERE {
  ?alphabet wdt:P31 wd:Q9779 ;  # instance of writing system
            wdt:P109 ?letter .   # used letter
  SERVICE wikibase:label { bd:serviceParam wikibase:language ""en"" }
}
GROUP BY ?letter ?letterLabel",True,,True,,0.0,na,0.0,0
556,complex,List the modern-day descendants of the Achaemenid dynasty.,"SELECT ?descendant ?descendantLabel ?image WHERE {
  ?descendant wdt:P31 wd:Q5 ;
              wdt:P53 ?family .
  ?family wdt:P31 wd:Q134171 .
  ?family wdt:P361 wd:Q121588 .
  OPTIONAL { ?descendant wdt:P18 ?image . }
  SERVICE wikibase:label { bd:serviceParam wikibase:language ""en"". }
}",True,,True,,0.0,na,na,0
557,complex,What are the most common first names of current French members of Parliament?,"SELECT ?firstNameLabel (COUNT(DISTINCT ?person) AS ?count) WHERE {
  ?person wdt:P27 wd:Q142 ;
          wdt:P735 ?firstName ;
          p:P39 ?positionStmt .
  ?positionStmt ps:P39 ?position .
  FILTER(?position IN (wd:Q16707842, wd:Q19842976))
  FILTER NOT EXISTS { ?positionStmt pq:P582 ?endTime }
  SERVICE wikibase:label { bd:serviceParam wikibase:language ""en"". }
}
GROUP BY ?firstNameLabel
ORDER BY DESC(?count)
LIMIT 10",True,,True,,0.0,na,0.0,1
558,complex,"List all works written by Voltaire, including their publication dates.","SELECT ?work ?workLabel ?publicationDate WHERE {
  wd:Q906 wdt:P800 ?work .  # Voltaire wrote these works
  OPTIONAL { ?work wdt:P577 ?publicationDate . }  # publication date
  SERVICE wikibase:label { bd:serviceParam wikibase:language ""en"". }
}",True,,True,,0.0,na,0.0,0
559,complex,What are the key dates in Honoré de Balzac's life?,"SELECT ?date ?label WHERE {
  { wd:Q9711 wdt:P569 ?date . BIND(""birth date"" AS ?label) }
  UNION
  { wd:Q9711 wdt:P570 ?date . BIND(""death date"" AS ?label) }
  SERVICE wikibase:label { bd:serviceParam wikibase:language ""[AUTO_LANGUAGE],en"". }
}
ORDER BY ?date",True,,True,,0.05,na,0.05,4
560,complex,What are the properties associated with file formats?,"SELECT DISTINCT ?property ?propertyLabel WHERE {
  ?file wdt:P31 wd:Q235557 .  # instance of file format
  ?file ?property [] .
  ?property a wikibase:Property .
  SERVICE wikibase:label { bd:serviceParam wikibase:language ""[AUTO_LANGUAGE],en"". }
}
ORDER BY ?propertyLabel",True,,True,,0.0,na,0.0,0
561,complex,List the top 10 Wikipedia language editions with the most articles about films.,"PREFIX wd: <http://www.wikidata.org/entity/>
PREFIX wdt: <http://www.wikidata.org/prop/direct/>
PREFIX schema: <http://schema.org/>

SELECT ?siteName (COUNT(?item) AS ?count) WHERE {
  ?item wdt:P31 wd:Q11424.                # film (Q11424)
  ?sitelink schema:about ?item ;          # Wikipedia sitelinks
            schema:isPartOf [ schema:name ?siteName ].
  FILTER(CONTAINS(?siteName, ""wiki""))     # restrict to Wikipedia sites
}
GROUP BY ?siteName
ORDER BY DESC(?count)
LIMIT 10",False,,True,,0.0,na,0.0,0
562,complex,What topics on English Wikipedia link to the University of Virginia?,"SELECT ?topic ?topicLabel WHERE {
  ?topic wdt:P31 wd:Q191067 .
  ?article schema:about ?topic .
  ?article schema:isPartOf <https://en.wikipedia.org/> .
  ?article schema:about wd:Q49119 .
  SERVICE wikibase:label { bd:serviceParam wikibase:language ""en"" }
}",True,,True,,0.0,na,na,0
563,complex,"List all German cities with a population of more than 50,000.","SELECT ?city ?cityLabel ?population WHERE {
  ?city wdt:P31 wd:Q515 ;        # instance of city
        wdt:P17 wd:Q183 ;        # country Germany
        wdt:P1082 ?population .  # population
  FILTER(?population > 50000)
  SERVICE wikibase:label { bd:serviceParam wikibase:language ""en"". }
}
ORDER BY DESC(?population)",True,,True,,0.0442,0.1117,0.0276,44
564,complex,"List countries with their ISO codes, flag features, and fertility rates.","SELECT ?country ?countryLabel ?isoCode ?flagImage ?fertilityRate WHERE {
  ?country wdt:P31 wd:Q6256 ;           # instance of country
            wdt:P298 ?isoCode .         # ISO 3166-1 alpha-3 code
  OPTIONAL { ?country wdt:P41 ?flagImage . }   # flag image
  OPTIONAL { ?country wdt:P4444 ?fertilityRate . } # total fertility rate
  SERVICE wikibase:label { bd:serviceParam wikibase:language ""[AUTO_LANGUAGE],en"". }
}",True,,True,,0.0,0.0,0.0,606
565,complex,List the types of literary works with their counts.,"SELECT ?type ?typeLabel (COUNT(?work) AS ?count) WHERE {
  ?work wdt:P31 ?type.
  ?type wdt:P279* wd:Q7725634.
  SERVICE wikibase:label { bd:serviceParam wikibase:language ""[AUTO_LANGUAGE],en"". }
}
GROUP BY ?type ?typeLabel
ORDER BY DESC(?count)",False,,True,,0.1152,0.0741,0.2853,1575
566,complex,List the places of birth for Nobel Prize winners grouped by decade.,"SELECT ?decade ?placeOfBirth ?placeOfBirthLabel (COUNT(DISTINCT ?winner) AS ?count) WHERE {
  ?winner wdt:P166 wd:Q7191 ; # Nobel Prize
          wdt:P569 ?birthDate . # date of birth
  BIND(YEAR(?birthDate) AS ?year)
  BIND(FLOOR(?year / 10) * 10 AS ?decade)
  ?winner wdt:P19 ?placeOfBirth . # place of birth
  SERVICE wikibase:label { bd:serviceParam wikibase:language ""[AUTO_LANGUAGE],en"". }
}
GROUP BY ?decade ?placeOfBirth ?placeOfBirthLabel
ORDER BY ?decade",True,,True,,0.0,na,na,0
