index,complexity,linked_query,fully_linked,all_links_correct,executed,exec_error,jaccard_pooled,jaccard_entity
0,simple,"PREFIX wdt: <http://www.wikidata.org/prop/direct/>

SELECT (COUNT(?item) AS ?count)
WHERE { ?item wdt:P625 [] }",True,True,True,,1.0,na
1,simple,"PREFIX bd: <http://www.bigdata.com/rdf#>
PREFIX wd: <http://www.wikidata.org/entity/>
PREFIX wdt: <http://www.wikidata.org/prop/direct/>
PREFIX wikibase: <http://wikiba.se/ontology#>

SELECT DISTINCT ?subProperties ?subPropertiesLabel WHERE {
?subProperties wdt:P1647* wd:P276.
SERVICE wikibase:label { bd:serviceParam wikibase:language ""[AUTO_LANGUAGE],en"". }
}",True,True,True,,1.0,na
2,simple,"PREFIX wd: <http://www.wikidata.org/entity/>
PREFIX wdt: <http://www.wikidata.org/prop/direct/>

SELECT ?item ?name WHERE {
?item wdt:P138 wd:Q936580; wdt:P225 ?name
}",True,True,True,,1.0,1.0
3,simple,"PREFIX bd: <http://www.bigdata.com/rdf#>
PREFIX wd: <http://www.wikidata.org/entity/>
PREFIX wdt: <http://www.wikidata.org/prop/direct/>
PREFIX wikibase: <http://wikiba.se/ontology#>

SELECT ?politicianLabel ?mastodon ?countryLabel
WHERE
{
?politician wdt:P4033 ?mastodon .
?politician wdt:P106 wd:Q82955 . # occupation politician
?politician wdt:P27 ?country .
SERVICE wikibase:label { bd:serviceParam wikibase:language ""[AUTO_LANGUAGE],en"". }
}
ORDER BY ?countryLabel",True,True,True,,1.0,na
4,simple,"PREFIX bd: <http://www.bigdata.com/rdf#>
PREFIX wdt: <http://www.wikidata.org/prop/direct/>
PREFIX wikibase: <http://wikiba.se/ontology#>

SELECT ?q ?qLabel ?catchphrase { ?q wdt:P6251 ?catchphrase . SERVICE wikibase:label { bd:serviceParam wikibase:language ""[AUTO_LANGUAGE],en"". } }",True,True,True,,1.0,1.0
5,simple,"PREFIX bd: <http://www.bigdata.com/rdf#>
PREFIX wd: <http://www.wikidata.org/entity/>
PREFIX wdt: <http://www.wikidata.org/prop/direct/>
PREFIX wikibase: <http://wikiba.se/ontology#>

SELECT ?child ?childLabel
WHERE
{
?child wdt:P22 wd:Q1339; # Child has father Johann Sebastian Bach and
wdt:P25 wd:Q57487. # has mother Maria Barbara Bach.
SERVICE wikibase:label { bd:serviceParam wikibase:language ""en"". }
}",True,True,True,,1.0,1.0
6,simple,"PREFIX bd: <http://www.bigdata.com/rdf#>
PREFIX wd: <http://www.wikidata.org/entity/>
PREFIX wdt: <http://www.wikidata.org/prop/direct/>
PREFIX wikibase: <http://wikiba.se/ontology#>

SELECT ?itemLabel ?img ?ann_date WHERE {
?item wdt:P361 wd:Q101791498;
wdt:P18 ?img;
wdt:P6949 ?ann_date
SERVICE wikibase:label { bd:serviceParam wikibase:language ""[AUTO_LANGUAGE],en"". }
}",True,True,True,,1.0,na
7,simple,"PREFIX wdt: <http://www.wikidata.org/prop/direct/>

SELECT * WHERE {
?item wdt:P4033 ?mastodon; wdt:P19 ?pob. ?pob wdt:P625 ?coords.
}",True,True,True,,1.0,1.0
8,simple,"PREFIX rdfs: <http://www.w3.org/2000/01/rdf-schema#>
PREFIX wd: <http://www.wikidata.org/entity/>
PREFIX wdt: <http://www.wikidata.org/prop/direct/>

SELECT ?s ?desc
WHERE
{
?s wdt:P279 wd:Q7725634 .
OPTIONAL {
?s rdfs:label ?desc FILTER (lang(?desc) = ""en"").
}
}",True,True,True,,1.0,1.0
9,simple,"PREFIX wdt: <http://www.wikidata.org/prop/direct/>

SELECT ?q ?name WHERE {
?q wdt:P428 ?name FILTER(STRSTARTS(?name,""H""))
} ORDER BY ?name",True,True,True,,1.0,1.0
10,simple,"PREFIX bd: <http://www.bigdata.com/rdf#>
PREFIX wd: <http://www.wikidata.org/entity/>
PREFIX wdt: <http://www.wikidata.org/prop/direct/>
PREFIX wikibase: <http://wikiba.se/ontology#>

SELECT ?metro ?metroLabel ?locationLabel ?openingDate
WHERE {
?metro wdt:P31 wd:Q5503.
?metro wdt:P131 ?location.
?metro wdt:P1619 ?openingDate.
SERVICE wikibase:label { bd:serviceParam wikibase:language ""[AUTO_LANGUAGE],en"". } }
order by ?openingDate
limit 20",True,True,True,,1.0,1.0
11,simple,"PREFIX bd: <http://www.bigdata.com/rdf#>
PREFIX wdt: <http://www.wikidata.org/prop/direct/>
PREFIX wikibase: <http://wikiba.se/ontology#>

SELECT ?item ?itemLabel ?itemDescription ?model WHERE {
?item wdt:P4896 ?model; wdt:P195 [].
SERVICE wikibase:label { bd:serviceParam wikibase:language ""[AUTO_LANGUAGE],en,fr"" }
} ORDER BY ?itemLabel",True,True,True,,1.0,1.0
12,simple,"PREFIX bd: <http://www.bigdata.com/rdf#>
PREFIX schema: <http://schema.org/>
PREFIX wd: <http://www.wikidata.org/entity/>
PREFIX wikibase: <http://wikiba.se/ontology#>

SELECT
?item ?itemLabel ?siteLink
WHERE {
?siteLink schema:about ?item;
schema:isPartOf <https://bn.wikisource.org/>;
wikibase:badge wd:Q20748093.
SERVICE wikibase:label { bd:serviceParam wikibase:language ""bn,en"".}
}",True,True,True,,1.0,1.0
13,simple,"PREFIX wd: <http://www.wikidata.org/entity/>
PREFIX wdt: <http://www.wikidata.org/prop/direct/>

SELECT DISTINCT * WHERE {
?item wdt:P31 wd:Q1032372;
wdt:P625 ?geo .
}",True,True,True,,1.0,1.0
14,simple,"PREFIX wdt: <http://www.wikidata.org/prop/direct/>

SELECT DISTINCT ?id WHERE { ?i wdt:P2067 ?v. ?i wdt:P31 ?id}",True,True,True,,1.0,1.0
15,simple,"PREFIX bd: <http://www.bigdata.com/rdf#>
PREFIX wdt: <http://www.wikidata.org/prop/direct/>
PREFIX wikibase: <http://wikiba.se/ontology#>

SELECT ?item ?itemLabel
{
?item wdt:P2093 ""Bill Thompson"" .
SERVICE wikibase:label { bd:serviceParam wikibase:language ""en"". }
}",True,True,True,,1.0,1.0
16,simple,"PREFIX bd: <http://www.bigdata.com/rdf#>
PREFIX wd: <http://www.wikidata.org/entity/>
PREFIX wdt: <http://www.wikidata.org/prop/direct/>
PREFIX wikibase: <http://wikiba.se/ontology#>

SELECT
?item ?itemLabel ?pic
WHERE
{
wd:Q96740175 wdt:P6803 ?item .
OPTIONAL {?item wdt:P18 ?pic}
SERVICE wikibase:label { bd:serviceParam wikibase:language ""[AUTO_LANGUAGE],en"" }
}",True,False,True,,0.0,0.0
17,simple,"PREFIX bd: <http://www.bigdata.com/rdf#>
PREFIX wd: <http://www.wikidata.org/entity/>
PREFIX wdt: <http://www.wikidata.org/prop/direct/>
PREFIX wikibase: <http://wikiba.se/ontology#>

SELECT ?element ?elementLabel ?symbol ?number
WHERE
{
?element wdt:P31 wd:Q11344;
wdt:P246 ?symbol;
wdt:P1086 ?number.
SERVICE wikibase:label { bd:serviceParam wikibase:language ""en"". }
}
ORDER BY ?number",True,True,True,,1.0,1.0
18,simple,"PREFIX rdfs: <http://www.w3.org/2000/01/rdf-schema#>
PREFIX wdt: <http://www.wikidata.org/prop/direct/>

SELECT ?id (lang(?label) AS ?lang) ?label WHERE {
?item wdt:P2474 ?id;
rdfs:label ?label.
} ORDER BY ?id ?lang",True,True,True,,1.0,na
19,simple,"PREFIX bd: <http://www.bigdata.com/rdf#>
PREFIX wdt: <http://www.wikidata.org/prop/direct/>
PREFIX wikibase: <http://wikiba.se/ontology#>

SELECT ?wpid ?item ?itemLabel ?referenceLabel
WHERE
{
?item wdt:P2410 ?wpid ;
wdt:P2860 ?reference ;
SERVICE wikibase:label { bd:serviceParam wikibase:language ""en"" }
}",True,True,True,,1.0,na
20,simple,"PREFIX wd: <http://www.wikidata.org/entity/>
PREFIX wdt: <http://www.wikidata.org/prop/direct/>

SELECT ?item ?image WHERE {
?item wdt:P921 wd:Q65560542 .
?item wdt:P31 wd:Q3305213 .
?item wdt:P18 ?image .
}
LIMIT 4000",True,True,True,,1.0,1.0
21,simple,"PREFIX bd: <http://www.bigdata.com/rdf#>
PREFIX wd: <http://www.wikidata.org/entity/>
PREFIX wdt: <http://www.wikidata.org/prop/direct/>
PREFIX wikibase: <http://wikiba.se/ontology#>

SELECT ?q ?qLabel
WHERE
{
?q wdt:P31 wd:Q12355361.
SERVICE wikibase:label { bd:serviceParam wikibase:language ""en"" }
}",True,False,True,,0.0,0.0
22,simple,"PREFIX bd: <http://www.bigdata.com/rdf#>
PREFIX wd: <http://www.wikidata.org/entity/>
PREFIX wdt: <http://www.wikidata.org/prop/direct/>
PREFIX wikibase: <http://wikiba.se/ontology#>

SELECT ?foundry ?foundryLabel ?rgb ?item ?itemLabel WHERE {
?item wdt:P31 wd:Q17451.
?item wdt:P4586 ?foundry.
BIND( ""3182BD"" AS ?rgb) #color code foundry nodes
SERVICE wikibase:label { bd:serviceParam wikibase:language ""[AUTO_LANGUAGE],en,fr,de"". }
}",True,True,True,,1.0,1.0
23,simple,"PREFIX rdfs: <http://www.w3.org/2000/01/rdf-schema#>
PREFIX wdt: <http://www.wikidata.org/prop/direct/>

SELECT ?subj ?label WHERE
{ ?subj wdt:P4102 ?atlasID ;
rdfs:label ?label filter (lang(?label) = ""g1"")
}",True,True,True,,1.0,na
24,simple,"PREFIX bd: <http://www.bigdata.com/rdf#>
PREFIX wdt: <http://www.wikidata.org/prop/direct/>
PREFIX wikibase: <http://wikiba.se/ontology#>

SELECT ?item ?itemLabel ?itemDescription ?value
{
?item wdt:P4896 ?value .
SERVICE wikibase:label { bd:serviceParam wikibase:language ""en,en"" }
}
LIMIT 200",True,True,True,,1.0,1.0
25,simple,"PREFIX bd: <http://www.bigdata.com/rdf#>
PREFIX p: <http://www.wikidata.org/prop/>
PREFIX ps: <http://www.wikidata.org/prop/statement/>
PREFIX wd: <http://www.wikidata.org/entity/>
PREFIX wdt: <http://www.wikidata.org/prop/direct/>
PREFIX wikibase: <http://wikiba.se/ontology#>

SELECT ?country ?countryLabel ?lifeExpectancy
WHERE
{
?country wdt:P31 wd:Q6256. # instance of country
?country p:P2250/ps:P2250 ?lifeExpectancy. # life expectancy
SERVICE wikibase:label { bd:serviceParam wikibase:language ""en"" }
}
ORDER BY DESC(?lifeExpectancy)",True,True,True,,1.0,1.0
26,simple,"PREFIX bd: <http://www.bigdata.com/rdf#>
PREFIX wd: <http://www.wikidata.org/entity/>
PREFIX wdt: <http://www.wikidata.org/prop/direct/>
PREFIX wikibase: <http://wikiba.se/ontology#>

SELECT ?item ?itemLabel ?vernoemdeLabel ?coords
WHERE
{
?item wdt:P31 wd:Q79007 .
?item wdt:P131 wd:Q43631 .
?item wdt:P138 ?vernoemde .
?item wdt:P625 ?coords .
SERVICE wikibase:label { bd:serviceParam wikibase:language ""[AUTO_LANGUAGE],en"". }
}",True,True,True,,1.0,1.0
27,simple,"PREFIX bd: <http://www.bigdata.com/rdf#>
PREFIX wd: <http://www.wikidata.org/entity/>
PREFIX wdt: <http://www.wikidata.org/prop/direct/>
PREFIX wikibase: <http://wikiba.se/ontology#>

SELECT ?grandChild ?grandChildLabel
WHERE
{
wd:Q1339 wdt:P40 [ wdt:P40 ?grandChild ]. # Bach has as child someone who has a child ?grandChild.
SERVICE wikibase:label { bd:serviceParam wikibase:language ""en"". }
}",True,True,True,,1.0,1.0
28,simple,"PREFIX bd: <http://www.bigdata.com/rdf#>
PREFIX wd: <http://www.wikidata.org/entity/>
PREFIX wdt: <http://www.wikidata.org/prop/direct/>
PREFIX wikibase: <http://wikiba.se/ontology#>

SELECT (COUNT(?alum) AS ?count)
WHERE
{
?alum wdt:P69 wd:Q34433.
SERVICE wikibase:label { bd:serviceParam wikibase:language ""[AUTO_LANGUAGE],en"" }
}",True,True,True,,1.0,na
29,simple,"PREFIX bd: <http://www.bigdata.com/rdf#>
PREFIX wd: <http://www.wikidata.org/entity/>
PREFIX wdt: <http://www.wikidata.org/prop/direct/>
PREFIX wikibase: <http://wikiba.se/ontology#>

SELECT ?item ?itemLabel ?official_website WHERE {
SERVICE wikibase:label { bd:serviceParam wikibase:language ""[AUTO_LANGUAGE],en"". }
?item wdt:P1343 wd:Q76510930.
OPTIONAL { ?item wdt:P856 ?official_website. }
}
ORDER BY ASC(?itemLabel)",True,True,True,,1.0,1.0
30,simple,"PREFIX bd: <http://www.bigdata.com/rdf#>
PREFIX wdt: <http://www.wikidata.org/prop/direct/>
PREFIX wikibase: <http://wikiba.se/ontology#>

SELECT DISTINCT ?denkmal ?denkmalLabel ?coordinates WHERE {
?denkmal wdt:P2424 ?id ;
wdt:P625 ?coordinates .
SERVICE wikibase:label { bd:serviceParam wikibase:language ""[AUTO_LANGUAGE],de,en"". }
}",True,True,True,,1.0,1.0
31,simple,"PREFIX bd: <http://www.bigdata.com/rdf#>
PREFIX wd: <http://www.wikidata.org/entity/>
PREFIX wdt: <http://www.wikidata.org/prop/direct/>
PREFIX wikibase: <http://wikiba.se/ontology#>

SELECT ?item ?itemLabel ?uniprotid ?tax_node
WHERE
{
?item wdt:P352 ?uniprotid ;
wdt:P703 wd:Q15978631 .
SERVICE wikibase:label { bd:serviceParam wikibase:language ""en"" }
}",True,True,True,,1.0,1.0
32,simple,"SELECT ?node ?predicate WHERE {
?node ?predicate ""Wikidata""@en # @en is different from @en-gb and @en-ca
}",True,True,True,,1.0,1.0
33,simple,"PREFIX dct: <http://purl.org/dc/terms/>
PREFIX ontolex: <http://www.w3.org/ns/lemon/ontolex#>
PREFIX wd: <http://www.wikidata.org/entity/>
PREFIX wikibase: <http://wikiba.se/ontology#>

SELECT DISTINCT ?l ?word ?lemma WHERE {
VALUES ?word {'bought'@en}
?l a ontolex:LexicalEntry ;
dct:language wd:Q1860 ;
wikibase:lemma ?lemma ;
ontolex:lexicalForm ?form .
?form ontolex:representation ?word .
}",True,True,True,,1.0,na
34,simple,"PREFIX bd: <http://www.bigdata.com/rdf#>
PREFIX wd: <http://www.wikidata.org/entity/>
PREFIX wdt: <http://www.wikidata.org/prop/direct/>
PREFIX wikibase: <http://wikiba.se/ontology#>

SELECT ?taxon ?eponym ?taxonLabel ?eponymLabel
WHERE
{
?taxon wdt:P31 wd:Q16521;
wdt:P138 ?eponym.
SERVICE wikibase:label { bd:serviceParam wikibase:language ""en"". }
}
ORDER BY ?eponym",True,True,True,,1.0,1.0
35,simple,"PREFIX bd: <http://www.bigdata.com/rdf#>
PREFIX wd: <http://www.wikidata.org/entity/>
PREFIX wdt: <http://www.wikidata.org/prop/direct/>
PREFIX wikibase: <http://wikiba.se/ontology#>

SELECT ?item ?itemLabel
WHERE
{
?item wdt:P31 wd:Q2934.
SERVICE wikibase:label { bd:serviceParam wikibase:language ""[AUTO_LANGUAGE],en"". }
}",True,True,True,,1.0,1.0
36,simple,"PREFIX dct: <http://purl.org/dc/terms/>
PREFIX wd: <http://www.wikidata.org/entity/>
PREFIX wikibase: <http://wikiba.se/ontology#>

SELECT ?lexemeId ?lemma WHERE {
?lexemeId dct:language wd:Q9027;
wikibase:lemma ?lemma.
?lexemeId wikibase:lexicalCategory wd:Q9788
}
ORDER BY ?lemma",True,True,True,,1.0,na
37,simple,"PREFIX bd: <http://www.bigdata.com/rdf#>
PREFIX wd: <http://www.wikidata.org/entity/>
PREFIX wdt: <http://www.wikidata.org/prop/direct/>
PREFIX wikibase: <http://wikiba.se/ontology#>

SELECT ?p ?pLabel ?size ?rgb WHERE {
?p wdt:P31 wd:Q1075 .
?p wdt:P465 ?rgb . # sRGB color hex triplet
BIND (1 AS ?size)
SERVICE wikibase:label { bd:serviceParam wikibase:language ""[AUTO_LANGUAGE],en"". }
}
ORDER BY ASC (LCASE(?pLabel))",True,True,True,,1.0,1.0
38,medium,"PREFIX bd: <http://www.bigdata.com/rdf#>
PREFIX wd: <http://www.wikidata.org/entity/>
PREFIX wdt: <http://www.wikidata.org/prop/direct/>
PREFIX wikibase: <http://wikiba.se/ontology#>

SELECT ?country ?countryLabel (COUNT(DISTINCT ?item) AS ?count) WHERE {
?item (wdt:P31|wdt:P279) wd:Q51404;
wdt:P17 ?country;
wdt:P571 ?time.
SERVICE wikibase:label { bd:serviceParam wikibase:language ""[AUTO_LANGUAGE],en"". }
}
GROUP BY ?country ?countryLabel
ORDER BY (?countryLabel)",True,True,True,,1.0,1.0
39,medium,"PREFIX bd: <http://www.bigdata.com/rdf#>
PREFIX wd: <http://www.wikidata.org/entity/>
PREFIX wdt: <http://www.wikidata.org/prop/direct/>
PREFIX wikibase: <http://wikiba.se/ontology#>

SELECT ?item ?itemLabel ?length WHERE {
?item wdt:P31/wdt:P279* wd:Q4022 .
?item wdt:P2043 ?length .
FILTER ( ?length >= 1000 )
SERVICE wikibase:label { bd:serviceParam wikibase:language ""en"" . }
} ORDER BY DESC(?length) ?itemLabel",True,True,True,,1.0,1.0
40,medium,"PREFIX bd: <http://www.bigdata.com/rdf#>
PREFIX p: <http://www.wikidata.org/prop/>
PREFIX pq: <http://www.wikidata.org/prop/qualifier/>
PREFIX ps: <http://www.wikidata.org/prop/statement/>
PREFIX wd: <http://www.wikidata.org/entity/>
PREFIX wikibase: <http://wikiba.se/ontology#>

SELECT ?property ?propertyLabel ?relation ?relationLabel WHERE {
?property p:P2302 ?statement.
?statement ps:P2302 wd:Q21510865;
pq:P2308 wd:Q43229;
pq:P2309 ?relation.
SERVICE wikibase:label { bd:serviceParam wikibase:language ""[AUTO_LANGUAGE],en"". }
}",True,True,True,,1.0,1.0
41,medium,"PREFIX bd: <http://www.bigdata.com/rdf#>
PREFIX p: <http://www.wikidata.org/prop/>
PREFIX pq: <http://www.wikidata.org/prop/qualifier/>
PREFIX ps: <http://www.wikidata.org/prop/statement/>
PREFIX wd: <http://www.wikidata.org/entity/>
PREFIX wdt: <http://www.wikidata.org/prop/direct/>
PREFIX wikibase: <http://wikiba.se/ontology#>

SELECT ?material ?materialLabel (COUNT(?painting) AS ?count)
WHERE
{
?painting wdt:P31/wdt:P279* wd:Q3305213;
p:P186 [ ps:P186 ?material; pq:P518 wd:Q861259 ].
SERVICE wikibase:label { bd:serviceParam wikibase:language ""[AUTO_LANGUAGE]"". }
}
GROUP BY ?material ?materialLabel",True,True,True,,1.0,1.0
42,medium,"PREFIX bd: <http://www.bigdata.com/rdf#>
PREFIX p: <http://www.wikidata.org/prop/>
PREFIX pq: <http://www.wikidata.org/prop/qualifier/>
PREFIX ps: <http://www.wikidata.org/prop/statement/>
PREFIX wd: <http://www.wikidata.org/entity/>
PREFIX wdt: <http://www.wikidata.org/prop/direct/>
PREFIX wikibase: <http://wikiba.se/ontology#>

SELECT ?pres ?presLabel ?spouse ?spouseLabel WHERE {
?pres wdt:P31 wd:Q5 .
?pres p:P39 ?position_held_statement .
?position_held_statement ps:P39 wd:Q11696 .
?position_held_statement pq:P580 ?start .
?pres wdt:P26 ?spouse .
SERVICE wikibase:label {
bd:serviceParam wikibase:language ""en"" .
}
} ORDER BY ?start",True,True,True,,1.0,1.0
43,medium,"PREFIX bd: <http://www.bigdata.com/rdf#>
PREFIX wd: <http://www.wikidata.org/entity/>
PREFIX wdt: <http://www.wikidata.org/prop/direct/>
PREFIX wikibase: <http://wikiba.se/ontology#>

SELECT ?creator ?placebirthLabel ?geoloc where {
?item wdt:P31/wdt:P279* wd:Q838948 . # oeuvre d'art et ss-classe
?item wdt:P608 wd:Q20980830. # du projet Europeana 280
?item wdt:P170 ?creator. # createur
?creator wdt:P19 ?placebirth. # lieu de naissance
?placebirth wdt:P625 ?geoloc . #coordonnees geo
SERVICE wikibase:label {
bd:serviceParam wikibase:language ""fr,es,en"" .
}
}",True,True,True,,1.0,1.0
44,medium,"PREFIX rdfs: <http://www.w3.org/2000/01/rdf-schema#>
PREFIX xsd: <http://www.w3.org/2001/XMLSchema#>
PREFIX wd: <http://www.wikidata.org/entity/>
PREFIX wdt: <http://www.wikidata.org/prop/direct/>

SELECT ?item ?label ?coord ?place
WHERE
{
VALUES ?type {wd:Q571 wd:Q7725634} # book or literary work
?item wdt:P31 ?type .
?item wdt:P577 ?date FILTER (?date < ""1830-01-01T00:00:00Z""^^xsd:dateTime) .
?item rdfs:label ?label FILTER (lang(?label) = ""en"")
OPTIONAL {
?item (wdt:P291|wdt:P840) ?place . # publication or narration place is ?place
?place wdt:P625 ?coord
}
}",True,True,True,,1.0,1.0
45,medium,"PREFIX bd: <http://www.bigdata.com/rdf#>
PREFIX wd: <http://www.wikidata.org/entity/>
PREFIX wdt: <http://www.wikidata.org/prop/direct/>
PREFIX wikibase: <http://wikiba.se/ontology#>

SELECT ?composition ?composerLabel ?compositionLabel
WHERE
{
?composition wdt:P870/wdt:P279* wd:Q1444;
wdt:P870/wdt:P279* wd:Q42998;
wdt:P86 ?composer.
SERVICE wikibase:label { bd:serviceParam wikibase:language ""en"". }
}",True,True,True,,1.0,1.0
46,medium,"PREFIX bd: <http://www.bigdata.com/rdf#>
PREFIX schema: <http://schema.org/>
PREFIX wd: <http://www.wikidata.org/entity/>
PREFIX wdt: <http://www.wikidata.org/prop/direct/>
PREFIX wikibase: <http://wikiba.se/ontology#>

SELECT ?Masonic_Lodge ?Masonic_LodgeLabel (sample(?Masonic_LodgeTitle) as ?wpTitle) WHERE {
SERVICE wikibase:label { bd:serviceParam wikibase:language ""[AUTO_LANGUAGE],en"". }
?Masonic_Lodge wdt:P31 wd:Q1454597.
OPTIONAL {
?article schema:about ?Masonic_Lodge ;
schema:name ?Masonic_LodgeTitle
}
} group by ?Masonic_Lodge ?Masonic_LodgeLabel",True,True,True,,1.0,1.0
47,medium,"PREFIX bd: <http://www.bigdata.com/rdf#>
PREFIX wd: <http://www.wikidata.org/entity/>
PREFIX wdt: <http://www.wikidata.org/prop/direct/>
PREFIX wikibase: <http://wikiba.se/ontology#>

SELECT ?c ?cLabel ?item ?itemLabel WHERE {
?item wdt:P31 wd:Q5335686.
?c wdt:P463 ?item
SERVICE wikibase:label { bd:serviceParam wikibase:language ""[AUTO_LANGUAGE],en"". }
} ORDER BY ?itemLabel",True,True,True,,1.0,1.0
48,medium,"PREFIX bd: <http://www.bigdata.com/rdf#>
PREFIX wd: <http://www.wikidata.org/entity/>
PREFIX wdt: <http://www.wikidata.org/prop/direct/>
PREFIX wikibase: <http://wikiba.se/ontology#>

SELECT ?item ?itemLabel ?image ?coords WHERE {
?item wdt:P31/wdt:P279* wd:Q12516 .
?item wdt:P17 wd:Q79 .
OPTIONAL { ?item wdt:P625 ?coords }
OPTIONAL { ?item wdt:P18 ?image }
SERVICE wikibase:label { bd:serviceParam wikibase:language ""en"" . }
} ORDER BY ?itemLabel",True,True,True,,1.0,1.0
49,medium,"PREFIX bd: <http://www.bigdata.com/rdf#>
PREFIX wd: <http://www.wikidata.org/entity/>
PREFIX wdt: <http://www.wikidata.org/prop/direct/>
PREFIX wikibase: <http://wikiba.se/ontology#>

select ?shape ?parkLabel ?image {
?park wdt:P31/wdt:P279* wd:Q46169 .
?park wdt:P17 wd:Q34 .
?park wdt:P3896 ?shape .
OPTIONAL { ?park wdt:P18 ?image . }
SERVICE wikibase:label { bd:serviceParam wikibase:language ""[AUTO_LANGUAGE],en"". }
} limit 100",True,True,True,,1.0,na
50,medium,"PREFIX bd: <http://www.bigdata.com/rdf#>
PREFIX wd: <http://www.wikidata.org/entity/>
PREFIX wdt: <http://www.wikidata.org/prop/direct/>
PREFIX wikibase: <http://wikiba.se/ontology#>

SELECT ?person ?personLabel ?positionLabel ?date (URI(CONCAT(""https://discovery.nationalarchives.gov.uk/details/c/"",?ukna)) AS ?url) WHERE {
?person wdt:P3029 ?ukna; # person in UK National Archives
wdt:P39 ?position . ?position wdt:P361 wd:Q112014. # held position in Cabinet of the UK
?person wdt:P570 ?date # death date
SERVICE wikibase:label { bd:serviceParam wikibase:language ""[AUTO_LANGUAGE],en"". }
}",True,True,True,,1.0,1.0
51,medium,"PREFIX rdfs: <http://www.w3.org/2000/01/rdf-schema#>
PREFIX wd: <http://www.wikidata.org/entity/>
PREFIX wdt: <http://www.wikidata.org/prop/direct/>
PREFIX wikibase: <http://wikiba.se/ontology#>

SELECT ?s ?desc ?linkcount
WHERE
{
?s wdt:P31 wd:Q37484 .
?s wikibase:sitelinks ?linkcount .
OPTIONAL {
?s rdfs:label ?desc FILTER (lang(?desc) = ""en"").
}
} GROUP BY ?s ?desc ?linkcount ORDER BY DESC(?linkcount)",True,True,True,,1.0,na
52,medium,"PREFIX bd: <http://www.bigdata.com/rdf#>
PREFIX wd: <http://www.wikidata.org/entity/>
PREFIX wdt: <http://www.wikidata.org/prop/direct/>
PREFIX wikibase: <http://wikiba.se/ontology#>

SELECT distinct ?event ?eventLabel ?date ?location ?image WHERE {
?event wdt:P136 wd:Q172980 ;
wdt:P577 ?date FILTER (YEAR(?date) <1925) .
OPTIONAL {?event wdt:P18 ?image .}
SERVICE wikibase:label { bd:serviceParam wikibase:language ""en, fr, de, it, es"". }
}",True,True,True,,1.0,1.0
53,medium,"PREFIX bd: <http://www.bigdata.com/rdf#>
PREFIX wd: <http://www.wikidata.org/entity/>
PREFIX wdt: <http://www.wikidata.org/prop/direct/>
PREFIX wikibase: <http://wikiba.se/ontology#>

SELECT DISTINCT ?subjectLabel ?coord ?image ?height ?subject WHERE {
?subject wdt:P31/wdt:P279* wd:Q41176 .
?subject wdt:P2048 ?height FILTER (?height > 300)
OPTIONAL {?subject wdt:P729 ?time .}
OPTIONAL {?subject wdt:P18 ?image .}
OPTIONAL {?subject wdt:P625 ?coord .}
SERVICE wikibase:label { bd:serviceParam wikibase:language ""en, fr"" }
}",True,True,True,,1.0,1.0
54,medium,"PREFIX bd: <http://www.bigdata.com/rdf#>
PREFIX wd: <http://www.wikidata.org/entity/>
PREFIX wdt: <http://www.wikidata.org/prop/direct/>
PREFIX wikibase: <http://wikiba.se/ontology#>

SELECT ?sl ?slLabel ?coord ?country ?countryLabel # ?indigenous ?indigenousLabel
WHERE
{
?sl wdt:P31 wd:Q34228.
# ?sl wdt:P2341 ?indigenous.
?sl wdt:P17 ?country.
?country wdt:P625 ?coord.
SERVICE wikibase:label { bd:serviceParam wikibase:language ""ca,en"". }
}",True,True,True,,1.0,1.0
55,medium,"PREFIX bd: <http://www.bigdata.com/rdf#>
PREFIX wdt: <http://www.wikidata.org/prop/direct/>
PREFIX wikibase: <http://wikiba.se/ontology#>

SELECT (COUNT(?thing) AS ?count) ?typeLabel WHERE {
?thing wdt:P1922 [];
wdt:P31 ?type.
SERVICE wikibase:label {bd:serviceParam wikibase:language ""[AUTO_LANGUAGE],en,de,fr,ru""}
} GROUP BY ?typeLabel
ORDER BY DESC(?count)",True,True,True,,1.0,na
56,medium,"PREFIX bd: <http://www.bigdata.com/rdf#>
PREFIX wd: <http://www.wikidata.org/entity/>
PREFIX wdt: <http://www.wikidata.org/prop/direct/>
PREFIX wikibase: <http://wikiba.se/ontology#>

SELECT ?state_of_Malaysia ?state_of_MalaysiaLabel ?area WHERE {
SERVICE wikibase:label { bd:serviceParam wikibase:language ""[AUTO_LANGUAGE],en"". }
?state_of_Malaysia wdt:P31 wd:Q15063586.
OPTIONAL { ?state_of_Malaysia wdt:P2046 ?area. }
}
ORDER BY(?area)
LIMIT 100",True,True,True,,1.0,1.0
57,medium,"PREFIX bd: <http://www.bigdata.com/rdf#>
PREFIX wd: <http://www.wikidata.org/entity/>
PREFIX wdt: <http://www.wikidata.org/prop/direct/>
PREFIX wikibase: <http://wikiba.se/ontology#>

SELECT ?item ?death ?itemLabel {
?item wdt:P31 wd:Q5 ; wdt:P106 wd:Q10349745 ; wdt:P509 wd:Q61037771 .
OPTIONAL { ?item wdt:P570 ?death }
SERVICE wikibase:label { bd:serviceParam wikibase:language ""[AUTO_LANGUAGE],en"". }
}
ORDER BY ?death",True,True,True,,1.0,1.0
58,medium,"PREFIX bd: <http://www.bigdata.com/rdf#>
PREFIX wd: <http://www.wikidata.org/entity/>
PREFIX wdt: <http://www.wikidata.org/prop/direct/>
PREFIX wikibase: <http://wikiba.se/ontology#>

SELECT ?item ?itemLabel (MIN(?date) AS ?firstReleased) ?_image
WHERE {
?item wdt:P161 wd:Q221074;
wdt:P577 ?date
SERVICE wikibase:label { bd:serviceParam wikibase:language ""[AUTO_LANGUAGE],en"". }
OPTIONAL { ?item wdt:P18 ?_image. }
} GROUP BY ?item ?itemLabel ?_image
ORDER BY (?date)",True,True,True,,1.0,1.0
59,medium,"PREFIX bd: <http://www.bigdata.com/rdf#>
PREFIX wd: <http://www.wikidata.org/entity/>
PREFIX wdt: <http://www.wikidata.org/prop/direct/>
PREFIX wikibase: <http://wikiba.se/ontology#>

SELECT DISTINCT ?obj ?objLabel ?objDescription ?char ?charLabel ?charDescription
WHERE {
?obj wdt:P138 ?char.
?char wdt:P1441/wdt:P50 wd:Q692 # Present in a work written by William Shakespeare
SERVICE wikibase:label { bd:serviceParam wikibase:language ""[AUTO_LANGUAGE],en"" }
} ORDER By ASC(?work)",True,True,True,,1.0,1.0
60,medium,"PREFIX bd: <http://www.bigdata.com/rdf#>
PREFIX wd: <http://www.wikidata.org/entity/>
PREFIX wdt: <http://www.wikidata.org/prop/direct/>
PREFIX wikibase: <http://wikiba.se/ontology#>

SELECT ?child ?childLabel
WHERE
{
?child wdt:P22 wd:Q1339;
wdt:P25 wd:Q57487;
wdt:P106 wd:Q36834,
wd:Q486748.
# no indentation; makes it hard to distinguish between ; and ,
SERVICE wikibase:label { bd:serviceParam wikibase:language ""[AUTO_LANGUAGE]"". }
}",True,True,True,,1.0,1.0
61,medium,"PREFIX bd: <http://www.bigdata.com/rdf#>
PREFIX wd: <http://www.wikidata.org/entity/>
PREFIX wdt: <http://www.wikidata.org/prop/direct/>
PREFIX wikibase: <http://wikiba.se/ontology#>

SELECT ?itemLabel ?shape (?itemLabel as ?layer)
WHERE
{
?item wdt:P31 wd:Q51041800 ;
wdt:P361 wd:Q922480 ;
wdt:P3896 ?shape .
SERVICE wikibase:label { bd:serviceParam wikibase:language ""[AUTO_LANGUAGE],en"". }
}",True,True,True,,1.0,na
62,medium,"PREFIX bd: <http://www.bigdata.com/rdf#>
PREFIX wd: <http://www.wikidata.org/entity/>
PREFIX wdt: <http://www.wikidata.org/prop/direct/>
PREFIX wikibase: <http://wikiba.se/ontology#>

SELECT ?suburb ?suburbLabel ?coordinate_location WHERE {
SERVICE wikibase:label { bd:serviceParam wikibase:language ""[AUTO_LANGUAGE],en"". }
?suburb wdt:P31 wd:Q188509;
wdt:P17 wd:Q664.
OPTIONAL { ?suburb wdt:P625 ?coordinate_location. }
}
LIMIT 10000",True,True,True,,1.0,1.0
63,medium,"PREFIX bd: <http://www.bigdata.com/rdf#>
PREFIX wd: <http://www.wikidata.org/entity/>
PREFIX wdt: <http://www.wikidata.org/prop/direct/>
PREFIX wikibase: <http://wikiba.se/ontology#>

select ?actor ?actorLabel ?pobLabel ?geo ?image {
wd:Q83495 wdt:P161 ?actor .
# ?movie wdt:P179 wd:Q1210827 .
optional { ?actor wdt:P19 ?pob . }
optional { ?pob wdt:P625 ?geo . }
optional { ?actor wdt:P18 ?image . }
service wikibase:label { bd:serviceParam wikibase:language ""[AUTO_LANGUAGE],en"". }
}",True,True,True,,1.0,1.0
64,medium,"PREFIX bd: <http://www.bigdata.com/rdf#>
PREFIX wd: <http://www.wikidata.org/entity/>
PREFIX wdt: <http://www.wikidata.org/prop/direct/>
PREFIX wikibase: <http://wikiba.se/ontology#>

SELECT ?place ?placeLabel ?location WHERE
{
wd:Q64436 wdt:P625 ?arcLoc .
SERVICE wikibase:around {
?place wdt:P625 ?location .
bd:serviceParam wikibase:center ?arcLoc .
bd:serviceParam wikibase:radius ""1"" .
}
SERVICE wikibase:label {
bd:serviceParam wikibase:language ""en"" .
}
}",True,True,False,http_500,0.0,0.0
65,medium,"PREFIX bd: <http://www.bigdata.com/rdf#>
PREFIX wd: <http://www.wikidata.org/entity/>
PREFIX wdt: <http://www.wikidata.org/prop/direct/>
PREFIX wikibase: <http://wikiba.se/ontology#>

SELECT ?software ?softwareLabel ?fsf ?hub ?fram ?logo WHERE {
?software (wdt:P31/wdt:P279*) wd:Q7397.
?software wdt:P361 wd:Q20712193.
OPTIONAL {?software wdt:P2537 ?fsf.}
OPTIONAL {?software wdt:P1972 ?hub.}
OPTIONAL {?software wdt:P4107 ?fram.}
OPTIONAL {?software wdt:P154 ?logo.}
SERVICE wikibase:label { bd:serviceParam wikibase:language ""en"". }
}",True,True,True,,1.0,1.0
66,medium,"PREFIX bd: <http://www.bigdata.com/rdf#>
PREFIX wd: <http://www.wikidata.org/entity/>
PREFIX wdt: <http://www.wikidata.org/prop/direct/>
PREFIX wikibase: <http://wikiba.se/ontology#>

SELECT ?place ?placeLabel (COUNT(*) AS ?count) WHERE {
?item wdt:P136 wd:Q557141 .
?item wdt:P131 ?place .
SERVICE wikibase:label { bd:serviceParam wikibase:language ""en"" . }
}
GROUP BY ?place ?placeLabel
ORDER BY DESC(?count) ?placeLabel",True,True,True,,1.0,1.0
67,medium,"PREFIX bd: <http://www.bigdata.com/rdf#>
PREFIX wd: <http://www.wikidata.org/entity/>
PREFIX wdt: <http://www.wikidata.org/prop/direct/>
PREFIX wikibase: <http://wikiba.se/ontology#>

SELECT ?item ?itemLabel ?banner WHERE {
?item wdt:P31/wdt:P279* wd:Q484170 .
?item wdt:P948 ?banner .
SERVICE wikibase:label { bd:serviceParam wikibase:language ""fr"". }
} ORDER BY ?itemLabel",True,True,True,,1.0,1.0
68,medium,"PREFIX bd: <http://www.bigdata.com/rdf#>
PREFIX wd: <http://www.wikidata.org/entity/>
PREFIX wdt: <http://www.wikidata.org/prop/direct/>
PREFIX wikibase: <http://wikiba.se/ontology#>

SELECT DISTINCT ?item ?itemLabel ?itemDescription ?image ?collection ?collectionLabel WHERE {
?item wdt:P31 wd:Q3305213 ; # Get items that are instances of painting
wdt:P170 wd:Q186816 ; # By creator Waldmuller
wdt:P195/wdt:P361* ?collection . # That are in some collection
# Only return results where 'collection' is the Belvedere
FILTER ( ?collection = wd:Q303139 || ?collection = wd:Q303139 )
OPTIONAL { ?item wdt:P18 ?image } # Optionally with an image
SERVICE wikibase:label { bd:serviceParam wikibase:language ""[AUTO_LANGUAGE]"" }
}",True,False,True,,0.9936,0.9881
69,medium,"PREFIX bd: <http://www.bigdata.com/rdf#>
PREFIX dct: <http://purl.org/dc/terms/>
PREFIX p: <http://www.wikidata.org/prop/>
PREFIX ps: <http://www.wikidata.org/prop/statement/>
PREFIX wd: <http://www.wikidata.org/entity/>
PREFIX wikibase: <http://wikiba.se/ontology#>

SELECT ?lang ?langLabel (COUNT(?lexeme) as ?lexemes) {
?lexeme dct:language ?lang.
wd:Q668 p:P2936/ps:P2936 ?lang.
FILTER(?lang != wd:Q1860)
FILTER(?lang != wd:Q150)
SERVICE wikibase:label { bd:serviceParam wikibase:language ""[AUTO_LANGUAGE],en"". }
}
GROUP BY ?lang ?langLabel",True,True,True,,1.0,1.0
70,medium,"PREFIX wdt: <http://www.wikidata.org/prop/direct/>

SELECT ?image (count(?image) AS ?cnt) (group_concat(?item) AS ?items) {
?item wdt:P18 ?image
} group by ?image having (?cnt>10)",True,True,True,,1.0,na
71,medium,"PREFIX bd: <http://www.bigdata.com/rdf#>
PREFIX wd: <http://www.wikidata.org/entity/>
PREFIX wdt: <http://www.wikidata.org/prop/direct/>
PREFIX wikibase: <http://wikiba.se/ontology#>

SELECT ?person ?personLabel ?birthLabel ?deathLabel
WHERE {
?person wdt:P102 wd:Q108700
OPTIONAL{ ?person wdt:P19 ?birth }
OPTIONAL{ ?person wdt:P20 ?death }
SERVICE wikibase:label { bd:serviceParam wikibase:language ""[AUTO_LANGUAGE],en"" }
} ORDER by ?personLabel",True,True,True,,1.0,1.0
72,medium,"PREFIX bd: <http://www.bigdata.com/rdf#>
PREFIX wd: <http://www.wikidata.org/entity/>
PREFIX wdt: <http://www.wikidata.org/prop/direct/>
PREFIX wikibase: <http://wikiba.se/ontology#>

SELECT ?item ?itemLabel ?coord
WHERE
{
?item wdt:P31 wd:Q22698;
wdt:P17 wd:Q20;
wdt:P131 wd:Q5245991;
wdt:P625 ?coord.
MINUS { ?item wdt:P18 [] }
SERVICE wikibase:label { bd:serviceParam wikibase:language ""nb,en"". }
}",True,True,True,,1.0,1.0
73,medium,"PREFIX wdt: <http://www.wikidata.org/prop/direct/>

SELECT * WHERE {
?q wdt:P5375 ?id .
?q wdt:P569 ?date .
?q wdt:P19/wdt:P625 ?coord .
BIND ( floor(year(?date)/100) AS ?layer )
}",True,True,True,,1.0,1.0
74,medium,"PREFIX bd: <http://www.bigdata.com/rdf#>
PREFIX wd: <http://www.wikidata.org/entity/>
PREFIX wdt: <http://www.wikidata.org/prop/direct/>
PREFIX wikibase: <http://wikiba.se/ontology#>

SELECT ?item ?itemLabel ?doi ?journal ?journalLabel WHERE {
?item wdt:P921 wd:Q98969121.
SERVICE wikibase:label {
bd:serviceParam wikibase:language ""en"" .
}
OPTIONAL { ?item wdt:P18 ?_image. }
OPTIONAL { ?item wdt:P356 ?doi. }
OPTIONAL { ?item wdt:P1433 ?journal. }
}
LIMIT 100",True,True,True,,1.0,1.0
75,medium,"PREFIX bd: <http://www.bigdata.com/rdf#>
PREFIX wd: <http://www.wikidata.org/entity/>
PREFIX wdt: <http://www.wikidata.org/prop/direct/>
PREFIX wikibase: <http://wikiba.se/ontology#>

SELECT ?alum ?alumLabel ?awardLabel WHERE {
?alum wdt:P69 wd:Q1432632 .
?alum wdt:P166 ?award .
SERVICE wikibase:label { bd:serviceParam wikibase:language ""[AUTO_LANGUAGE],en"". }
} ORDER BY ?alumLabel",True,True,True,,1.0,1.0
76,medium,"PREFIX bd: <http://www.bigdata.com/rdf#>
PREFIX wd: <http://www.wikidata.org/entity/>
PREFIX wdt: <http://www.wikidata.org/prop/direct/>
PREFIX wikibase: <http://wikiba.se/ontology#>

SELECT ?item ?itemLabel ?_image ?_subclass_of ?_subclass_ofLabel WHERE {
?item wdt:P31 wd:Q188451.
SERVICE wikibase:label { bd:serviceParam wikibase:language ""en"". }
OPTIONAL { ?item wdt:P279 ?_subclass_of. }
OPTIONAL { ?item wdt:P18 ?_image. }
}",True,True,True,,1.0,1.0
77,medium,"PREFIX bd: <http://www.bigdata.com/rdf#>
PREFIX wd: <http://www.wikidata.org/entity/>
PREFIX wdt: <http://www.wikidata.org/prop/direct/>
PREFIX wikibase: <http://wikiba.se/ontology#>

SELECT ?museum ?museumLabel ?coord ?image WHERE {
?museum wdt:P31/wdt:P279* wd:Q33506 ; wdt:P17 wd:Q948 .
OPTIONAL { ?museum wdt:P625 ?coord }
OPTIONAL { ?museum wdt:P18 ?image }
SERVICE wikibase:label { bd:serviceParam wikibase:language ""[AUTO_LANGUAGE],en"". }
}",True,True,True,,1.0,1.0
78,medium,"PREFIX bd: <http://www.bigdata.com/rdf#>
PREFIX wd: <http://www.wikidata.org/entity/>
PREFIX wdt: <http://www.wikidata.org/prop/direct/>
PREFIX wikibase: <http://wikiba.se/ontology#>

SELECT ?Archiv ?ArchivLabel ?archiviert_in ?archiviert_inLabel ?geographische_Koordinaten
WHERE {SERVICE wikibase:label { bd:serviceParam wikibase:language ""[AUTO_LANGUAGE],en"". }
?Archiv wdt:P31/wdt:P279* wd:Q166118.
OPTIONAL { ?Archiv wdt:P625 ?geographische_Koordinaten. }
}
LIMIT 100000",True,True,True,,1.0,1.0
79,medium,"PREFIX bd: <http://www.bigdata.com/rdf#>
PREFIX wd: <http://www.wikidata.org/entity/>
PREFIX wdt: <http://www.wikidata.org/prop/direct/>
PREFIX wikibase: <http://wikiba.se/ontology#>

SELECT ?q ?qLabel ?img {
?q wdt:P31 wd:Q5 .
?q wdt:P39 wd:Q37110
OPTIONAL { ?q wdt:P18 ?img }
SERVICE wikibase:label { bd:serviceParam wikibase:language ""en"". }
}",True,True,True,,1.0,1.0
80,medium,"PREFIX bd: <http://www.bigdata.com/rdf#>
PREFIX wdt: <http://www.wikidata.org/prop/direct/>
PREFIX wikibase: <http://wikiba.se/ontology#>

SELECT DISTINCT ?item ?itemLabel ?pic ?coord ?iNatlink WHERE {
?item wdt:P7471 ?iNat.
?item wdt:P625 ?coord.
OPTIONAL { ?item wdt:P18 ?pic. }
BIND(URI(CONCAT(""https://www.inaturalist.org/observations?subview=grid&view=species&place_id="", STR(?iNat))) AS ?iNatlink)
SERVICE wikibase:label { bd:serviceParam wikibase:language ""[AUTO_LANGUAGE],en"". }
}",True,True,True,,1.0,1.0
81,medium,"PREFIX bd: <http://www.bigdata.com/rdf#>
PREFIX wd: <http://www.wikidata.org/entity/>
PREFIX wdt: <http://www.wikidata.org/prop/direct/>
PREFIX wikibase: <http://wikiba.se/ontology#>

SELECT ?item ?itemLabel ?placeLabel ?coords ?image
WHERE
{
?item wdt:P31 wd:Q2977 .
?item wdt:P131 ?place .
?place wdt:P131 wd:Q90 .
OPTIONAL { ?item wdt:P625 ?coords . }
OPTIONAL { ?item wdt:P18 ?image . }
SERVICE wikibase:label { bd:serviceParam wikibase:language ""fr"" . }
} ORDER BY ?placeLabel ?itemLabel",True,True,True,,1.0,1.0
82,medium,"PREFIX bd: <http://www.bigdata.com/rdf#>
PREFIX wd: <http://www.wikidata.org/entity/>
PREFIX wdt: <http://www.wikidata.org/prop/direct/>
PREFIX wikibase: <http://wikiba.se/ontology#>

SELECT ?item ?itemLabel ?country ?pic ?cityLabel WHERE {
?item wdt:P31 wd:Q55488;
wdt:P17 wd:Q142;
wdt:P18 ?pic;
wdt:P131 ?city;
wdt:P1103 ?nbVoies .
SERVICE wikibase:label { bd:serviceParam wikibase:language ""[AUTO_LANGUAGE],en"" }
} ORDER BY desc(?nbVoies)",True,True,True,,1.0,1.0
83,medium,"PREFIX bd: <http://www.bigdata.com/rdf#>
PREFIX wd: <http://www.wikidata.org/entity/>
PREFIX wdt: <http://www.wikidata.org/prop/direct/>
PREFIX wikibase: <http://wikiba.se/ontology#>

SELECT ?item ?itemLabel ?place ?placeLabel ?image
WHERE
{
?item wdt:P183 ?place .
?item wdt:P171+ wd:Q5113 .
?place wdt:P17 wd:Q142 .
OPTIONAL { ?item wdt:P18 ?image . }
SERVICE wikibase:label { bd:serviceParam wikibase:language ""[AUTO_LANGUAGE],en"". }
}",True,False,True,,1.0,1.0
84,medium,"PREFIX bd: <http://www.bigdata.com/rdf#>
PREFIX wd: <http://www.wikidata.org/entity/>
PREFIX wdt: <http://www.wikidata.org/prop/direct/>
PREFIX wikibase: <http://wikiba.se/ontology#>

SELECT DISTINCT ?universidad ?universidadLabel ?fecha WHERE {
?universidad wdt:P17 wd:Q96 ;
wdt:P31 wd:Q3918 ;
wdt:P571 ?fecha.
SERVICE wikibase:label { bd:serviceParam wikibase:language ""es, en"". }
}",True,True,True,,1.0,1.0
85,medium,"PREFIX bd: <http://www.bigdata.com/rdf#>
PREFIX wd: <http://www.wikidata.org/entity/>
PREFIX wdt: <http://www.wikidata.org/prop/direct/>
PREFIX wikibase: <http://wikiba.se/ontology#>

SELECT ?pertsona ?pertsonaLabel ?koord WHERE {
SERVICE wikibase:label { bd:serviceParam wikibase:language ""[AUTO_LANGUAGE],en"". }
?Mikel wdt:P460 wd:Q4927524.
?pertsona wdt:P735 ?Mikel.
?pertsona wdt:P19 ?jaiolekua.
?jaiolekua wdt:P625 ?koord.
}",True,True,True,,1.0,1.0
86,medium,"PREFIX bd: <http://www.bigdata.com/rdf#>
PREFIX rdfs: <http://www.w3.org/2000/01/rdf-schema#>
PREFIX schema: <http://schema.org/>
PREFIX wikibase: <http://wikiba.se/ontology#>

SELECT ?property ?propertyLabel ?propertyDescription ?datatype ?missingLbl ?missingDesc WHERE {
?property wikibase:propertyType ?datatype .
OPTIONAL { ?property rdfs:label ?missingLbl . FILTER(LANG(?missingLbl) = 'es') }
OPTIONAL { ?property schema:description ?missingDesc . FILTER(LANG(?missingDesc) = 'es') }
FILTER(!BOUND(?missingLbl)|| !BOUND(?missingDesc)) .
SERVICE wikibase:label { bd:serviceParam wikibase:language 'en' }
}",True,True,True,,1.0,na
88,medium,"PREFIX bd: <http://www.bigdata.com/rdf#>
PREFIX wd: <http://www.wikidata.org/entity/>
PREFIX wdt: <http://www.wikidata.org/prop/direct/>
PREFIX wikibase: <http://wikiba.se/ontology#>

SELECT ?dessin_d_architecture ?image ?geoloc ?cr_ateurLabel ?d_peintLabel WHERE {
SERVICE wikibase:label { bd:serviceParam wikibase:language ""[AUTO_LANGUAGE],en"". }
?dessin_d_architecture wdt:P31 wd:Q184784.
OPTIONAL { ?dessin_d_architecture wdt:P18 ?image. }
OPTIONAL { ?dessin_d_architecture wdt:P625 ?geoloc. }
OPTIONAL { }
OPTIONAL { }
OPTIONAL { ?dessin_d_architecture wdt:P170 ?cr_ateur. }
OPTIONAL { ?dessin_d_architecture wdt:P180 ?d_peint. }
}
LIMIT 100",True,False,True,,1.0,1.0
89,medium,"PREFIX bd: <http://www.bigdata.com/rdf#>
PREFIX wd: <http://www.wikidata.org/entity/>
PREFIX wdt: <http://www.wikidata.org/prop/direct/>
PREFIX wikibase: <http://wikiba.se/ontology#>

SELECT ?ingredienteLabel (COUNT (?ingrediente) AS ?count)
WHERE
{
?sandwich wdt:P31?/wdt:P279* wd:Q28803;
wdt:P527 ?ingrediente.
SERVICE wikibase:label { bd:serviceParam wikibase:language ""es"", ""en"". }
}
GROUP BY ?ingredienteLabel
ORDER BY DESC (?count)",True,True,True,,1.0,na
90,medium,"PREFIX p: <http://www.wikidata.org/prop/>
PREFIX pq: <http://www.wikidata.org/prop/qualifier/>
PREFIX ps: <http://www.wikidata.org/prop/statement/>
PREFIX wdt: <http://www.wikidata.org/prop/direct/>

SELECT ?obj ?collection ?inventory WHERE {
?obj p:P217 ?s.
?s pq:P195 ?collection; ps:P217 ?inventory
MINUS {?obj wdt:P195 []}
}",True,True,True,,1.0,1.0
91,medium,"PREFIX bd: <http://www.bigdata.com/rdf#>
PREFIX wd: <http://www.wikidata.org/entity/>
PREFIX wdt: <http://www.wikidata.org/prop/direct/>
PREFIX wikibase: <http://wikiba.se/ontology#>

SELECT ?casa_consistorial ?casa_consistorialLabel ?coordenadas WHERE {
SERVICE wikibase:label { bd:serviceParam wikibase:language ""[AUTO_LANGUAGE],en"". }
?casa_consistorial wdt:P31 wd:Q543654.
?casa_consistorial wdt:P17 wd:Q29.
OPTIONAL { ?casa_consistorial wdt:P625 ?coordenadas. }
}",True,True,True,,1.0,na
92,medium,"PREFIX bd: <http://www.bigdata.com/rdf#>
PREFIX wd: <http://www.wikidata.org/entity/>
PREFIX wdt: <http://www.wikidata.org/prop/direct/>
PREFIX wikibase: <http://wikiba.se/ontology#>

SELECT ?city ?cityLabel ?population ?OSM_relation_ID WHERE {
SERVICE wikibase:label { bd:serviceParam wikibase:language ""[AUTO_LANGUAGE],en"". }
VALUES ?town_or_city {
wd:Q3957
wd:Q515
}
?city (wdt:P31/(wdt:P279*)) ?town_or_city;
wdt:P17 wd:Q35.
OPTIONAL { ?city wdt:P1082 ?population. }
OPTIONAL { ?city wdt:P402 ?OSM_relation_ID. }
}
LIMIT 100",True,True,True,,1.0,1.0
93,medium,"PREFIX bd: <http://www.bigdata.com/rdf#>
PREFIX wd: <http://www.wikidata.org/entity/>
PREFIX wdt: <http://www.wikidata.org/prop/direct/>
PREFIX wikibase: <http://wikiba.se/ontology#>

SELECT ?udalerria ?udalerriaLabel ?mugakideak ?mugakideakLabel WHERE {
SERVICE wikibase:label { bd:serviceParam wikibase:language ""[AUTO_LANGUAGE],en"". }
{ ?udalerria wdt:P31 wd:Q2074737. }
UNION
{ ?udalerria wdt:P31 wd:Q484170. }
?udalerria ((wdt:P131*)/^wdt:P527) wd:Q3995.
?udalerria wdt:P47 ?mugakideak.
}",True,False,True,,0.3867,0.3867
94,medium,"PREFIX bd: <http://www.bigdata.com/rdf#>
PREFIX wd: <http://www.wikidata.org/entity/>
PREFIX wdt: <http://www.wikidata.org/prop/direct/>
PREFIX wikibase: <http://wikiba.se/ontology#>

SELECT ?sous_s_rie_F_19_des_Archives_nationales ?sous_s_rie_F_19_des_Archives_nationalesLabel ?image ?coordonn_es_g_ographiques ?date_de_fondation_ou_de_cr_ation ?cr_ateur ?cr_ateurLabel WHERE {
SERVICE wikibase:label { bd:serviceParam wikibase:language ""[AUTO_LANGUAGE],en"". }
?sous_s_rie_F_19_des_Archives_nationales wdt:P361 wd:Q64556342.
OPTIONAL { ?sous_s_rie_F_19_des_Archives_nationales wdt:P18 ?image. }
OPTIONAL { ?sous_s_rie_F_19_des_Archives_nationales wdt:P625 ?coordonn_es_g_ographiques. }
OPTIONAL { ?sous_s_rie_F_19_des_Archives_nationales wdt:P571 ?date_de_fondation_ou_de_cr_ation. }
OPTIONAL { ?sous_s_rie_F_19_des_Archives_nationales wdt:P170 ?cr_ateur. }
}
LIMIT 1000",True,True,True,,1.0,1.0
95,medium,"PREFIX bd: <http://www.bigdata.com/rdf#>
PREFIX p: <http://www.wikidata.org/prop/>
PREFIX pq: <http://www.wikidata.org/prop/qualifier/>
PREFIX ps: <http://www.wikidata.org/prop/statement/>
PREFIX wd: <http://www.wikidata.org/entity/>
PREFIX wdt: <http://www.wikidata.org/prop/direct/>
PREFIX wikibase: <http://wikiba.se/ontology#>

SELECT ?state ?time ?cases ?stateLabel {
wd:Q84055514 wdt:P527 ?statecases.
?statecases wdt:P276 ?state ; p:P1603 ?casestmt.
?casestmt ps:P1603 ?cases ; pq:P585 ?time.
SERVICE wikibase:label { bd:serviceParam wikibase:language ""[AUTO_LANGUAGE],en"". }
}",True,True,True,,1.0,1.0
97,medium,"PREFIX bd: <http://www.bigdata.com/rdf#>
PREFIX rdfs: <http://www.w3.org/2000/01/rdf-schema#>
PREFIX wdt: <http://www.wikidata.org/prop/direct/>
PREFIX wikibase: <http://wikiba.se/ontology#>

SELECT ?item ?itemLabel ?ESD ?coord ?image ?layer
WHERE
{
?item wdt:P1587 ?ESD .
OPTIONAL { ?item wdt:P625 ?coord }
OPTIONAL { ?item wdt:P18 ?image }
OPTIONAL { ?item wdt:P1435 ?type }
SERVICE wikibase:label {
bd:serviceParam wikibase:language ""en"" .
?item rdfs:label ?itemLabel .
?type rdfs:label ?layer .
}
}",True,True,True,,1.0,1.0
98,medium,"PREFIX bd: <http://www.bigdata.com/rdf#>
PREFIX schema: <http://schema.org/>
PREFIX wd: <http://www.wikidata.org/entity/>
PREFIX wdt: <http://www.wikidata.org/prop/direct/>
PREFIX wikibase: <http://wikiba.se/ontology#>

SELECT ?author ?authorLabel ?signature WHERE {
?author wdt:P21 wd:Q6581072.
?author wdt:P106 wd:Q36180.
?author wdt:P1412 wd:Q150.
?author wdt:P570 ?died.
?author wdt:P109 ?signature.
OPTIONAL { ?wikisourcePage schema:about ?author. }
SERVICE wikibase:label { bd:serviceParam wikibase:language ""fr"". }
}
GROUP BY ?author ?authorLabel ?signature",True,True,True,,1.0,1.0
99,medium,"PREFIX bd: <http://www.bigdata.com/rdf#>
PREFIX wd: <http://www.wikidata.org/entity/>
PREFIX wdt: <http://www.wikidata.org/prop/direct/>
PREFIX wikibase: <http://wikiba.se/ontology#>

SELECT ?item ?itemLabel ?itemDescription ?creatorLabel ?image WHERE {
?item wdt:P31*/wdt:P279* wd:Q838948.
?item wdt:P180 wd:Q405.
?item wdt:P170 ?creator
OPTIONAL { ?item wdt:P18 ?image } # Optionally with an image
SERVICE wikibase:label { bd:serviceParam wikibase:language ""[AUTO_LANGUAGE],en,fr"" }
}",True,False,False,timeout,0.0,0.0
100,medium,"PREFIX bd: <http://www.bigdata.com/rdf#>
PREFIX wd: <http://www.wikidata.org/entity/>
PREFIX wdt: <http://www.wikidata.org/prop/direct/>
PREFIX wikibase: <http://wikiba.se/ontology#>

SELECT ?grandChild ?grandChildLabel
WHERE
{
wd:Q1339 wdt:P40 ?child.
?child wdt:P40 ?grandChild.
SERVICE wikibase:label { bd:serviceParam wikibase:language ""[AUTO_LANGUAGE]"". }
}",True,True,True,,1.0,1.0
101,medium,"PREFIX dct: <http://purl.org/dc/terms/>
PREFIX ontolex: <http://www.w3.org/ns/lemon/ontolex#>
PREFIX wdt: <http://www.wikidata.org/prop/direct/>

SELECT ?lexeme ?word WHERE {
?lexeme a ontolex:LexicalEntry ; dct:language ?language ; ontolex:lexicalForm ?form .
?form ontolex:representation ?word .
?language wdt:P218 'en' .
filter(strlen(?word)=5)
filter(strstarts(ucase(?word),""F""))
} order by ?word",True,True,True,,1.0,na
102,medium,"PREFIX bd: <http://www.bigdata.com/rdf#>
PREFIX rdfs: <http://www.w3.org/2000/01/rdf-schema#>
PREFIX wd: <http://www.wikidata.org/entity/>
PREFIX wdt: <http://www.wikidata.org/prop/direct/>
PREFIX wikibase: <http://wikiba.se/ontology#>

select ?label ?layer ?x ?coords {
?x wdt:P31 wd:Q811534 ; wdt:P625 ?coords ; wdt:P31 ?species ; wdt:P17 wd:Q219 .
?species wdt:P31 wd:Q16521 .
SERVICE wikibase:label { bd:serviceParam wikibase:language ""bg"".
?x rdfs:label ?label .
?species rdfs:label ?layer .
}
}",True,True,True,,1.0,na
103,medium,"PREFIX bd: <http://www.bigdata.com/rdf#>
PREFIX wd: <http://www.wikidata.org/entity/>
PREFIX wdt: <http://www.wikidata.org/prop/direct/>
PREFIX wikibase: <http://wikiba.se/ontology#>

SELECT ?item ?itemDescription ?republican ?republicanLabel WHERE {
?republican wdt:P102 wd:Q29468.
?item wdt:P61 ?republican.
SERVICE wikibase:label { bd:serviceParam wikibase:language ""en"". }
}",True,True,True,,1.0,1.0
104,medium,"PREFIX bd: <http://www.bigdata.com/rdf#>
PREFIX wd: <http://www.wikidata.org/entity/>
PREFIX wdt: <http://www.wikidata.org/prop/direct/>
PREFIX wikibase: <http://wikiba.se/ontology#>

SELECT ?item ?itemLabel WHERE {
?item (wdt:P31/wdt:P279*) wd:Q35127.
MINUS { ?item wdt:P856 ?site. }
SERVICE wikibase:label { bd:serviceParam wikibase:language ""en,de,nl,ja,fr,no"". }
}",True,True,True,,1.0,1.0
105,medium,"PREFIX bd: <http://www.bigdata.com/rdf#>
PREFIX wikibase: <http://wikiba.se/ontology#>

SELECT ?extlink WHERE {
SERVICE wikibase:mwapi {
bd:serviceParam wikibase:api ""Generator"";
wikibase:endpoint ""en.wikipedia.org"";
mwapi:generator ""allpages"";
mwapi:gapfrom ""Ashmolean_Museum"";
mwapi:gapto ""Ashmolean_Museum"";
mwapi:prop ""extlinks"".
?extlink wikibase:apiOutput ""extlinks/el/text()"".
}
}",True,True,False,http_400,0.0,0.0
106,medium,"PREFIX rdfs: <http://www.w3.org/2000/01/rdf-schema#>
PREFIX wd: <http://www.wikidata.org/entity/>
PREFIX wdt: <http://www.wikidata.org/prop/direct/>

SELECT ?organism_name
WHERE
{
?organism_item wdt:P2974 wd:Q5880
; rdfs:label ?organism_name .
?gene wdt:P703 ?organism_item
; wdt:[property:product or material produced or service provided] wd:Q319541 .
FILTER (LANG(?organism_name) = ""en"") .
}",False,False,False,not_linked,0.0,0.0
107,medium,"PREFIX wd: <http://www.wikidata.org/entity/>
PREFIX wdt: <http://www.wikidata.org/prop/direct/>

SELECT ?item ?image ?rkdurl WHERE {
wd:P350 wdt:P1630 ?formatterurl .
?item wdt:P31 wd:Q3305213 .
?item wdt:P18 ?image .
?item wdt:P350 ?rkdid .
BIND(IRI(REPLACE(?rkdid, '^(.+)$', ?formatterurl)) AS ?rkdurl).
} LIMIT 10",True,True,True,,1.0,1.0
108,medium,"PREFIX bd: <http://www.bigdata.com/rdf#>
PREFIX wd: <http://www.wikidata.org/entity/>
PREFIX wdt: <http://www.wikidata.org/prop/direct/>
PREFIX wikibase: <http://wikiba.se/ontology#>

SELECT DISTINCT ?director ?directorLabel (COUNT(*) AS ?count) WHERE {
?item wdt:P161 wd:Q1684856;
wdt:P57 ?director.
SERVICE wikibase:label { bd:serviceParam wikibase:language ""[AUTO_LANGUAGE],en"". }
}
GROUP BY ?director ?directorLabel
ORDER BY DESC(?count)",True,True,True,,1.0,1.0
109,medium,"PREFIX bd: <http://www.bigdata.com/rdf#>
PREFIX xsd: <http://www.w3.org/2001/XMLSchema#>
PREFIX wikibase: <http://wikiba.se/ontology#>

SELECT ?id ?idLabel ?idDescription ?new {
?id wikibase:directClaim ?pid .
# ?id wikibase:propertyType wikibase:ExternalId .
BIND(Replace(STR(?id),""http://www.wikidata.org/entity/P"","" "") as ?new)
SERVICE wikibase:label { bd:serviceParam wikibase:language ""en,sv"". }
}
ORDER BY DESC(xsd:integer(?new))",True,True,True,,1.0,na
110,medium,"PREFIX bd: <http://www.bigdata.com/rdf#>
PREFIX wd: <http://www.wikidata.org/entity/>
PREFIX wdt: <http://www.wikidata.org/prop/direct/>
PREFIX wikibase: <http://wikiba.se/ontology#>

SELECT DISTINCT ?author ?authorLabel ?image ?coord WHERE {
?author wdt:P31 wd:Q11269813 .
?author wdt:P625 ?coord .
OPTIONAL {?author wdt:P18 ?image .}
SERVICE wikibase:label { bd:serviceParam wikibase:language ""de, en, fr, es, it, cz"" }
}",True,True,True,,1.0,1.0
112,medium,"PREFIX rdfs: <http://www.w3.org/2000/01/rdf-schema#>
PREFIX wd: <http://www.wikidata.org/entity/>
PREFIX wdt: <http://www.wikidata.org/prop/direct/>

select ?thing ?label ?shape {
?thing wdt:P3896 ?shape .
?thing wdt:P17 wd:Q30 .
?thing rdfs:label ?label .
filter(lang(?label) = 'en')
filter(contains(ucase(?label), ""A""))
?thing wdt:P31 wd:Q35657 .
}",True,True,True,,1.0,1.0
113,medium,"PREFIX bd: <http://www.bigdata.com/rdf#>
PREFIX wdt: <http://www.wikidata.org/prop/direct/>
PREFIX wikibase: <http://wikiba.se/ontology#>

SELECT ?item ?itemLabel ?coords ?pic ?genderLabel ?type ?typeLabel
where {
?item wdt:P1648 ?biog .
?item wdt:P19 ?location .
?location wdt:P625 ?coords .
?item wdt:P21 ?gender .
?item wdt:P106 ?type .
OPTIONAL { ?item wdt:P18 ?pic }
SERVICE wikibase:label { bd:serviceParam wikibase:language ""[AUTO_LANGUAGE],en"". }
}
GROUP BY ?item ?itemLabel ?coords ?pic ?genderLabel ?type ?typeLabel",True,True,True,,1.0,1.0
114,medium,"PREFIX bd: <http://www.bigdata.com/rdf#>
PREFIX wd: <http://www.wikidata.org/entity/>
PREFIX wdt: <http://www.wikidata.org/prop/direct/>
PREFIX wikibase: <http://wikiba.se/ontology#>

SELECT DISTINCT ?author ?authorLabel ?image ?date WHERE {
?author wdt:P31 wd:Q209363 .
?author wdt:P619 ?date .
OPTIONAL {?author wdt:P18 ?image .}
SERVICE wikibase:label { bd:serviceParam wikibase:language ""de, en, fr, es, it, cz, ru"" }
}",True,True,True,,1.0,1.0
115,medium,"PREFIX bd: <http://www.bigdata.com/rdf#>
PREFIX wd: <http://www.wikidata.org/entity/>
PREFIX wdt: <http://www.wikidata.org/prop/direct/>
PREFIX wikibase: <http://wikiba.se/ontology#>

select ?site ?siteLabel ?siteDescription ?location ?photo ?placeNameLabel ?heritageLabel (?heritage as ?layer)
WHERE {
?site wdt:P31 ?place. ?place wdt:P279* wd:Q744099 .
?site wdt:P625 ?location.
optional {
?site wdt:P31 ?placeName.
?site wdt:P18 ?photo.
}
?site wdt:P1435 ?heritage.
SERVICE wikibase:label { bd:serviceParam wikibase:language ""en,lt,es,[AUTO_LANGUAGE]"". }
}
#defaultView:Map",True,True,True,,1.0,1.0
116,medium,"PREFIX bd: <http://www.bigdata.com/rdf#>
PREFIX wd: <http://www.wikidata.org/entity/>
PREFIX wdt: <http://www.wikidata.org/prop/direct/>
PREFIX wikibase: <http://wikiba.se/ontology#>

SELECT ?item ?itemLabel ?designationLabel ?img ?id ?coords (?designationLabel AS ?layer) WHERE {
?item wdt:P31/wdt:P279* wd:Q181348 .
?item wdt:P1216|wdt:P709|wdt:P1459 ?id .
?item wdt:P625 ?coords .
?item wdt:P1435 ?designation .
OPTIONAL {?item wdt:P18 ?img} .
SERVICE wikibase:label { bd:serviceParam wikibase:language ""[AUTO_LANGUAGE],en"". }
} ORDER BY ?itemLabel",True,True,True,,1.0,1.0
117,medium,"PREFIX bd: <http://www.bigdata.com/rdf#>
PREFIX p: <http://www.wikidata.org/prop/>
PREFIX pq: <http://www.wikidata.org/prop/qualifier/>
PREFIX ps: <http://www.wikidata.org/prop/statement/>
PREFIX wd: <http://www.wikidata.org/entity/>
PREFIX wdt: <http://www.wikidata.org/prop/direct/>
PREFIX wikibase: <http://wikiba.se/ontology#>

SELECT DISTINCT ?item ?itemLabel (year(?date) as ?year)
WHERE {
?item wdt:P31 wd:Q5 .
?item p:P166 ?award .
?award ps:P166 wd:Q1131356 ;
pq:P585 ?date .
SERVICE wikibase:label { bd:serviceParam wikibase:language ""fr"" . }
}",True,True,True,,1.0,1.0
118,medium,"PREFIX bd: <http://www.bigdata.com/rdf#>
PREFIX wd: <http://www.wikidata.org/entity/>
PREFIX wdt: <http://www.wikidata.org/prop/direct/>
PREFIX wikibase: <http://wikiba.se/ontology#>

SELECT ?item ?itemLabel ?image
WHERE
{
?item wdt:P176 wd:Q296878.
?item wdt:P18 ?image.
SERVICE wikibase:label { bd:serviceParam wikibase:language ""[AUTO_LANGUAGE],en"". }
}",True,True,True,,1.0,1.0
119,medium,"PREFIX bd: <http://www.bigdata.com/rdf#>
PREFIX hint: <http://www.bigdata.com/queryHints#>
PREFIX wd: <http://www.wikidata.org/entity/>
PREFIX wdt: <http://www.wikidata.org/prop/direct/>
PREFIX wikibase: <http://wikiba.se/ontology#>

SELECT ?lib ?libLabel ?coord ?kindOfLibLabel (?kindOfLibLabel AS ?layer) WHERE {
hint:Query hint:optimizer ""None"".
?lib (wdt:P131+) wd:Q40;
(wdt:P31/(wdt:P279*)) wd:Q7075;
wdt:P31 ?kindOfLib;
wdt:P625 ?coord.
SERVICE wikibase:label { bd:serviceParam wikibase:language ""[AUTO_LANGUAGE/wd],en"". }
}",True,True,True,,1.0,na
120,medium,"PREFIX bd: <http://www.bigdata.com/rdf#>
PREFIX wd: <http://www.wikidata.org/entity/>
PREFIX wdt: <http://www.wikidata.org/prop/direct/>
PREFIX wikibase: <http://wikiba.se/ontology#>

SELECT ?p ?pLabel ?pob ?pobLabel ?coor
WHERE
{
?p wdt:P735 wd:Q919943 .
?p wdt:P19 ?pob .
?pob wdt:P625 ?coor .
SERVICE wikibase:label { bd:serviceParam wikibase:language ""[AUTO_LANGUAGE],en"". }
}",True,True,True,,1.0,1.0
121,medium,"PREFIX bd: <http://www.bigdata.com/rdf#>
PREFIX p: <http://www.wikidata.org/prop/>
PREFIX pq: <http://www.wikidata.org/prop/qualifier/>
PREFIX ps: <http://www.wikidata.org/prop/statement/>
PREFIX wd: <http://www.wikidata.org/entity/>
PREFIX wdt: <http://www.wikidata.org/prop/direct/>
PREFIX wikibase: <http://wikiba.se/ontology#>

SELECT ?item ?itemLabel ?startdate (SAMPLE(?image) AS ?image)
WHERE
{
?item wdt:P31 wd:Q146.
?item p:P39 ?mouserOffice.
?mouserOffice ps:P39 wd:Q198641.
?mouserOffice pq:P580 ?startdate .
#?item wdt:P569 ?startdate .
SERVICE wikibase:label { bd:serviceParam wikibase:language ""[AUTO_LANGUAGE],en"" }
OPTIONAL { ?item wdt:P18 ?image }
}
GROUP BY ?item ?itemLabel ?startdate",True,True,False,http_400,0.0,0.0
122,medium,"PREFIX bd: <http://www.bigdata.com/rdf#>
PREFIX p: <http://www.wikidata.org/prop/>
PREFIX pq: <http://www.wikidata.org/prop/qualifier/>
PREFIX ps: <http://www.wikidata.org/prop/statement/>
PREFIX wd: <http://www.wikidata.org/entity/>
PREFIX wikibase: <http://wikiba.se/ontology#>

SELECT ?item ?itemLabel
WHERE
{
?item p:P1433 ?statement . # Items with P1433
?statement ps:P1433 wd:Q19020593 . # ... with statement: published in Q19020593
FILTER NOT EXISTS { # ... filtering out
?statement pq:P304 [] . # ... statements that have a P304 qualifier
}
SERVICE wikibase:label { bd:serviceParam wikibase:language ""[AUTO_LANGUAGE],en"". }
}",True,True,True,,1.0,1.0
123,medium,"PREFIX bd: <http://www.bigdata.com/rdf#>
PREFIX schema: <http://schema.org/>
PREFIX wd: <http://www.wikidata.org/entity/>
PREFIX wdt: <http://www.wikidata.org/prop/direct/>
PREFIX wikibase: <http://wikiba.se/ontology#>

SELECT ?q ?qLabel (COUNT(DISTINCT ?sitelink) as ?linkcount) {
?q (wdt:P31/wdt:P279*) wd:Q7725634 . # Literary work
?q wdt:P364 wd:Q188 . # Q188=German Language
?sitelink schema:about ?q
SERVICE wikibase:label { bd:serviceParam wikibase:language ""de"" }
}
GROUP BY ?q ?qLabel
ORDER BY DESC(?linkcount)
LIMIT 500",True,True,True,,1.0,1.0
124,medium,"PREFIX bd: <http://www.bigdata.com/rdf#>
PREFIX wd: <http://www.wikidata.org/entity/>
PREFIX wdt: <http://www.wikidata.org/prop/direct/>
PREFIX wikibase: <http://wikiba.se/ontology#>

SELECT ?item ?itemLabel ?itemDescription ?instance ?instanceLabel ?date WHERE {
SERVICE wikibase:label { bd:serviceParam wikibase:language ""[AUTO_LANGUAGE],en"". }
wd:Q215864 ^(wdt:P279*) ?instance.
?item wdt:P31 ?instance.
OPTIONAL { ?item wdt:P585 ?date. }
}
ORDER BY DESC (?date)
LIMIT 1000",True,True,True,,1.0,1.0
125,medium,"PREFIX bd: <http://www.bigdata.com/rdf#>
PREFIX wd: <http://www.wikidata.org/entity/>
PREFIX wdt: <http://www.wikidata.org/prop/direct/>
PREFIX wikibase: <http://wikiba.se/ontology#>

SELECT DISTINCT ?q ?qLabel WHERE {
?q wdt:P31 wd:Q3624078 ; wdt:P37 ?l1 ; wdt:P37 ?l2 .
FILTER ( STR(?l1) < STR(?l2) ) .
SERVICE wikibase:label { bd:serviceParam wikibase:language ""[AUTO_LANGUAGE],en"". }
}
ORDER BY ?qLabel",True,True,True,,1.0,1.0
126,medium,"PREFIX wd: <http://www.wikidata.org/entity/>
PREFIX wdt: <http://www.wikidata.org/prop/direct/>

select ?item ?itemLabel ?img where {
?item wdt:P31 wd:Q1195942 .
?item wdt:P31/wdt:P279* wd:Q24398318 .
optional {?item wdt:P18 ?img .}
}",True,True,True,,1.0,1.0
127,medium,"PREFIX bd: <http://www.bigdata.com/rdf#>
PREFIX wd: <http://www.wikidata.org/entity/>
PREFIX wdt: <http://www.wikidata.org/prop/direct/>
PREFIX wikibase: <http://wikiba.se/ontology#>

SELECT DISTINCT ?presidente ?presidenteLabel ?firma WHERE {
?presidente wdt:P39 wd:Q628004 ;
wdt:P109 ?firma .
SERVICE wikibase:label { bd:serviceParam wikibase:language ""es"". }
}",True,True,True,,1.0,1.0
128,medium,"PREFIX bd: <http://www.bigdata.com/rdf#>
PREFIX wd: <http://www.wikidata.org/entity/>
PREFIX wdt: <http://www.wikidata.org/prop/direct/>
PREFIX wikibase: <http://wikiba.se/ontology#>

SELECT ?koord ?megalito ?megalitoLabel ?layerLabel WHERE {
SERVICE wikibase:label { bd:serviceParam wikibase:language ""eu,es,en"". }
?megalito wdt:P1435 wd:Q66112157.
?megalito wdt:P625 ?koord.
?megalito wdt:P31 ?mota
BIND (?mota AS ?layer)
}",True,True,True,,1.0,1.0
129,medium,"PREFIX bd: <http://www.bigdata.com/rdf#>
PREFIX wd: <http://www.wikidata.org/entity/>
PREFIX wdt: <http://www.wikidata.org/prop/direct/>
PREFIX wikibase: <http://wikiba.se/ontology#>

SELECT DISTINCT ?obj ?objLabel ?objDescription ?nom ?nomLabel ?nomDescription
WHERE {
{?obj wdt:P31/wdt:P279* wd:Q40218} # type of spacecraft
UNION {?obj wdt:P31/wdt:P279* wd:Q13226541}. # or spaceflight programme
?obj wdt:P138 ?nom #named after
SERVICE wikibase:label { bd:serviceParam wikibase:language ""[AUTO_LANGUAGE],en"" }
} ORDER BY ASC(?objLabel)",True,True,True,,1.0,1.0
130,medium,"PREFIX bd: <http://www.bigdata.com/rdf#>
PREFIX wd: <http://www.wikidata.org/entity/>
PREFIX wdt: <http://www.wikidata.org/prop/direct/>
PREFIX wikibase: <http://wikiba.se/ontology#>

SELECT ?park ?parkLabel ?coord ?image ?web WHERE {
?park wdt:P127 wd:Q333515;
wdt:P625 ?coord.
OPTIONAL { ?park wdt:P18 ?image }
OPTIONAL { ?park wdt:P856 ?web }
SERVICE wikibase:label { bd:serviceParam wikibase:language ""[AUTO_LANGUAGE],en"" }
}",True,True,True,,1.0,1.0
131,medium,"PREFIX bd: <http://www.bigdata.com/rdf#>
PREFIX wd: <http://www.wikidata.org/entity/>
PREFIX wdt: <http://www.wikidata.org/prop/direct/>
PREFIX wikibase: <http://wikiba.se/ontology#>

SELECT ?item ?itemLabel ?length WHERE {
?item (wdt:P31/(wdt:P279*)) wd:Q1420;
wdt:P2043 ?length;
SERVICE wikibase:label { bd:serviceParam wikibase:language ""en"". }
}
ORDER BY DESC (?length) (?itemLabel)
LIMIT 50",True,True,True,,1.0,1.0
132,medium,"PREFIX bd: <http://www.bigdata.com/rdf#>
PREFIX wd: <http://www.wikidata.org/entity/>
PREFIX wdt: <http://www.wikidata.org/prop/direct/>
PREFIX wikibase: <http://wikiba.se/ontology#>

SELECT ?i ?iLabel ?iDescription ?collLabel ?image WHERE {
?i wdt:P31 wd:Q3305213.
?i wdt:P136 wd:Q191163 .
?i wdt:P2048 ?height.
?i wdt:P2049 ?width.
FILTER (?height > ?width)
?i wdt:P18 ?image.
?i wdt:P195 ?coll.
SERVICE wikibase:label { bd:serviceParam wikibase:language ""[AUTO_LANGUAGE],en"". }
}",True,True,True,,1.0,1.0
134,medium,"PREFIX bd: <http://www.bigdata.com/rdf#>
PREFIX wd: <http://www.wikidata.org/entity/>
PREFIX wdt: <http://www.wikidata.org/prop/direct/>
PREFIX wikibase: <http://wikiba.se/ontology#>

SELECT DISTINCT ?Donejakue_bidea ?Donejakue_bideaLabel ?koordenatuak ?layerLabel WHERE {
SERVICE wikibase:label { bd:serviceParam wikibase:language ""eu,es,en"". }
?Donejakue_bidea (wdt:P361*) wd:Q5742377.
?Donejakue_bidea wdt:P131*/^wdt:P527 wd:Q3995.
?Donejakue_bidea wdt:P625 ?koordenatuak.
?Donejakue_bidea wdt:P361 ?bidea.
?bidea wdt:P31 wd:Q337912.
BIND (?bidea AS ?layer)
}",True,False,True,,0.5258,0.5267
135,medium,"PREFIX bd: <http://www.bigdata.com/rdf#>
PREFIX prov: <http://www.w3.org/ns/prov#>
PREFIX p: <http://www.wikidata.org/prop/>
PREFIX pr: <http://www.wikidata.org/prop/reference/>
PREFIX ps: <http://www.wikidata.org/prop/statement/>
PREFIX wd: <http://www.wikidata.org/entity/>
PREFIX wdt: <http://www.wikidata.org/prop/direct/>
PREFIX wikibase: <http://wikiba.se/ontology#>

SELECT ?place1 ?place1Label ?place2 ?place2Label ?refurl WHERE {
?place1 p:P47 ?statement;
wdt:P31 ?place1type.
?statement ps:P47 ?place2;
FILTER (?place1type IN (wd:Q180673, wd:Q1138494, wd:[entity:principal area of Wales], wd:Q202435, wd:Q15060255)).
OPTIONAL {?statement prov:wasDerivedFrom/pr:P854 ?refurl}
SERVICE wikibase:label { bd:serviceParam wikibase:language ""[AUTO_LANGUAGE],en"" }
}",False,False,False,not_linked,0.0,0.0
136,medium,"PREFIX bd: <http://www.bigdata.com/rdf#>
PREFIX wd: <http://www.wikidata.org/entity/>
PREFIX wdt: <http://www.wikidata.org/prop/direct/>
PREFIX wikibase: <http://wikiba.se/ontology#>

SELECT ?i ?iLabel (SAMPLE(?image) as ?photo) {
?i wdt:P31 wd:Q5 ; wdt:P27 wd:Q668 ; wdt:P570 ?date.
OPTIONAL { ?i wdt:P18 ?image }
FILTER(YEAR(?date)=1959)
SERVICE wikibase:label { bd:serviceParam wikibase:language ""[AUTO_LANGUAGE],en"". }
}
GROUP BY ?i ?iLabel",True,True,True,,1.0,1.0
137,medium,"PREFIX wdt: <http://www.wikidata.org/prop/direct/>
PREFIX wikibase: <http://wikiba.se/ontology#>

SELECT (COUNT(*) AS ?count) ?lexeme ?lemma {
?lexeme wikibase:lemma ?lemma ;
wdt:P5238 ?parts .
FILTER (!CONTAINS(?lemma, "" ""))
}
GROUP BY ?lexeme?lemma
ORDER BY DESC(?count)
LIMIT 100",True,True,True,,1.0,na
138,medium,"PREFIX bd: <http://www.bigdata.com/rdf#>
PREFIX rdf: <http://www.w3.org/1999/02/22-rdf-syntax-ns#>
PREFIX wd: <http://www.wikidata.org/entity/>
PREFIX wdno: <http://www.wikidata.org/prop/novalue/>
PREFIX wdt: <http://www.wikidata.org/prop/direct/>
PREFIX wikibase: <http://wikiba.se/ontology#>

SELECT ?human ?humanLabel
WHERE
{
?human wdt:P31 wd:Q5 . #find humans
?human rdf:type wdno:P40 . #with at least one truthy P40 (child) statement defined to be ""no value""
SERVICE wikibase:label { bd:serviceParam wikibase:language ""[AUTO_LANGUAGE],en"" }
}",True,True,True,,0.0,0.0
139,medium,"PREFIX bd: <http://www.bigdata.com/rdf#>
PREFIX wd: <http://www.wikidata.org/entity/>
PREFIX wdt: <http://www.wikidata.org/prop/direct/>
PREFIX wikibase: <http://wikiba.se/ontology#>

SELECT ?river ?riverLabel ?location
WHERE
{
?river wdt:P31/wdt:P279* wd:Q355304; # watercourse; includes a few creeks - use wd:Q4022 for rivers only
wdt:P30 wd:Q51.
OPTIONAL { ?river wdt:P625 ?location. }
SERVICE wikibase:label { bd:serviceParam wikibase:language ""en"". }
}",True,True,True,,1.0,1.0
140,medium,"PREFIX bd: <http://www.bigdata.com/rdf#>
PREFIX wd: <http://www.wikidata.org/entity/>
PREFIX wdt: <http://www.wikidata.org/prop/direct/>
PREFIX wikibase: <http://wikiba.se/ontology#>

SELECT DISTINCT ?Bibliothek ?BibliothekLabel ?BibliothekDescription ?geographische_Koordinaten WHERE {
SERVICE wikibase:label { bd:serviceParam wikibase:language ""[AUTO_LANGUAGE],de"". }
?Bibliothek (wdt:P31/wdt:P279*) wd:Q7075.
?Bibliothek wdt:P17 wd:Q40.
?Bibliothek wdt:P131* ?Ort.
OPTIONAL { ?Bibliothek wdt:P625 ?geographische_Koordinaten. }
}",True,True,True,,1.0,1.0
141,medium,"PREFIX rdfs: <http://www.w3.org/2000/01/rdf-schema#>
PREFIX wd: <http://www.wikidata.org/entity/>
PREFIX wdt: <http://www.wikidata.org/prop/direct/>

SELECT ?politician ?cause ?politician_label ?cause_of_death_label
WHERE
{
?politician wdt:P106 wd:Q82955 . # find items that have ""occupation (P106): politician (Q82955)""
?politician wdt:P509 ?cause . # with a P509 (cause of death) claim
?cause wdt:P279* wd:Q12078 . # ... where the cause is a subclass of (P279*) cancer (Q12078)
# ?politician wdt:P39 wd:Q11696 . # Uncomment this line to include only U.S. Presidents
OPTIONAL {?politician rdfs:label ?politician_label FILTER (lang(?politician_label) = ""en"") .}
OPTIONAL {?cause rdfs:label ?cause_of_death_label FILTER (lang(?cause_of_death_label) = ""en"").}
}
ORDER BY ASC (?politician)",True,True,True,,1.0,1.0
142,medium,"PREFIX hint: <http://www.bigdata.com/queryHints#>
PREFIX rdfs: <http://www.w3.org/2000/01/rdf-schema#>
PREFIX wdt: <http://www.wikidata.org/prop/direct/>
PREFIX wikibase: <http://wikiba.se/ontology#>

SELECT DISTINCT
?item ?itemLabel ?sitelinks (SAMPLE(?pic) as ?sample_pic)
WHERE
{
?item wdt:P1435 [] .
?item wikibase:sitelinks ?sitelinks . hint:Prior hint:rangeSafe true.
FILTER (?sitelinks > 50)
?item wdt:P18 ?pic .
?item rdfs:label ?itemLabel .
FILTER (LANG (?itemLabel) = ""en"")
}
GROUP BY ?item ?itemLabel ?sitelinks
ORDER BY DESC(?sitelinks)",True,True,True,,1.0,na
143,medium,"PREFIX bd: <http://www.bigdata.com/rdf#>
PREFIX wd: <http://www.wikidata.org/entity/>
PREFIX wdt: <http://www.wikidata.org/prop/direct/>
PREFIX wikibase: <http://wikiba.se/ontology#>

SELECT ?name ?nameLabel ?dod ?image WHERE {
?name wdt:P27 wd:Q31 .
?name wdt:P570 ?dod .
OPTIONAL {?name wdt:P18 ?image} .
FILTER (YEAR(?dod) = 1949) .
SERVICE wikibase:label { bd:serviceParam wikibase:language ""[AUTO_LANGUAGE],en"". }
}",True,True,True,,1.0,1.0
144,medium,"PREFIX bd: <http://www.bigdata.com/rdf#>
PREFIX wd: <http://www.wikidata.org/entity/>
PREFIX wdt: <http://www.wikidata.org/prop/direct/>
PREFIX wikibase: <http://wikiba.se/ontology#>

SELECT ?q ?qLabel (COUNT(?person) AS ?count) WHERE {
?q wdt:P31/wdt:P279* wd:Q52085914.
?person wdt:P69 ?q.
SERVICE wikibase:label { bd:serviceParam wikibase:language ""en"". }
}
GROUP BY ?q ?qLabel
ORDER BY DESC(?count)",True,True,True,,1.0,1.0
145,medium,"PREFIX bd: <http://www.bigdata.com/rdf#>
PREFIX wd: <http://www.wikidata.org/entity/>
PREFIX wdt: <http://www.wikidata.org/prop/direct/>
PREFIX wikibase: <http://wikiba.se/ontology#>

SELECT ?lieuLabel ?contLabel (COUNT(DISTINCT ?researcher) AS ?nb) WHERE {
VALUES ?univ { wd:Q2303765 wd:Q1654025 wd:Q746079 }
?researcher (wdt:P108|wdt:P463|wdt:P1416) ?univ .
?researcher wdt:P27 ?lieu .
?lieu wdt:P30 ?cont .
SERVICE wikibase:label { bd:serviceParam wikibase:language ""[AUTO_LANGUAGE],en"". }
}
GROUP BY ?lieuLabel ?contLabel",True,True,True,,1.0,na
146,medium,"PREFIX bd: <http://www.bigdata.com/rdf#>
PREFIX xsd: <http://www.w3.org/2001/XMLSchema#>
PREFIX p: <http://www.wikidata.org/prop/>
PREFIX psv: <http://www.wikidata.org/prop/statement/value/>
PREFIX wd: <http://www.wikidata.org/entity/>
PREFIX wdt: <http://www.wikidata.org/prop/direct/>
PREFIX wikibase: <http://wikiba.se/ontology#>

SELECT ?a ?aLabel ?birth_date ?death_date WHERE {
?a wdt:P27 wd:Q30 .
?a wdt:P21 wd:Q6581097 .
?a p:P569/psv:P569 ?birth_date_node .
?birth_date_node wikibase:timePrecision ""9""^^xsd:integer .
?a p:P570/psv:P570 ?death_date_node .
?death_date_node wikibase:timePrecision ""11""^^xsd:integer .
?birth_date_node wikibase:timeValue ?birth_date .
?death_date_node wikibase:timeValue ?death_date .
FILTER (year(?birth_date) > 1875) .
FILTER (year(?birth_date) < 1930)
SERVICE wikibase:label {
bd:serviceParam wikibase:language ""en"" .
}
}
ORDER BY ?birth_date ?aLabel",True,True,True,,1.0,1.0
147,medium,"PREFIX bd: <http://www.bigdata.com/rdf#>
PREFIX wd: <http://www.wikidata.org/entity/>
PREFIX wdt: <http://www.wikidata.org/prop/direct/>
PREFIX wikibase: <http://wikiba.se/ontology#>

SELECT DISTINCT ?street ?streetLabel ?town ?coords WHERE {
?street wdt:P630 ?code .
?street wdt:P138 ?town .
?town wdt:P31 wd:Q484170 .
?town wdt:P625 ?coords .
SERVICE wikibase:label { bd:serviceParam wikibase:language ""fr"" . }
} ORDER BY ?itemLabel",True,True,True,,1.0,1.0
148,medium,"PREFIX bd: <http://www.bigdata.com/rdf#>
PREFIX rdfs: <http://www.w3.org/2000/01/rdf-schema#>
PREFIX wd: <http://www.wikidata.org/entity/>
PREFIX wdt: <http://www.wikidata.org/prop/direct/>
PREFIX wikibase: <http://wikiba.se/ontology#>

SELECT DISTINCT ?item ?itemLabel ?pic ?geo ?layer ?iNatlinkI ?iNatlinkII WHERE {
?item wdt:P31 wd:Q1221156.
?item wdt:P7471 ?iNat.
?item wdt:P3896 ?geo.
?item rdfs:label ?label FILTER (lang(?label) = ""de"") .
BIND(?label AS ?layer).
BIND (?itemLabel AS ?rgb)
OPTIONAL { ?item wdt:P18 ?pic. }
BIND(URI(CONCAT(""https://www.inaturalist.org/places/"", STR(?iNat))) AS ?iNatlinkI)
BIND(URI(CONCAT(""https://www.inaturalist.org/observations?subview=grid&view=species&place_id="", STR(?iNat))) AS ?iNatlinkII)
SERVICE wikibase:label { bd:serviceParam wikibase:language ""de,en"". }
}",True,True,True,,1.0,1.0
149,medium,"PREFIX bd: <http://www.bigdata.com/rdf#>
PREFIX wd: <http://www.wikidata.org/entity/>
PREFIX wdt: <http://www.wikidata.org/prop/direct/>
PREFIX wikibase: <http://wikiba.se/ontology#>

SELECT ?item ?itemLabel ?massifLabel ?elevation ?prominence ?isolation ?coords WHERE {
?item wdt:P361 ?massif .
?massif wdt:P361* wd:Q1286 .
OPTIONAL { ?item wdt:P2044 ?elevation . }
OPTIONAL { ?item wdt:P2660 ?prominence . }
OPTIONAL { ?item wdt:P2659 ?isolation . }
?item wdt:P625 ?coords .
FILTER ( ?prominence >= 1500 )
SERVICE wikibase:label { bd:serviceParam wikibase:language ""en"" . }
}
ORDER BY DESC(?prominence) ?itemLabel",True,True,True,,1.0,na
150,medium,"PREFIX rdfs: <http://www.w3.org/2000/01/rdf-schema#>
PREFIX wd: <http://www.wikidata.org/entity/>
PREFIX wdt: <http://www.wikidata.org/prop/direct/>

SELECT ?label ?coord ?subj
WHERE
{
?subj wdt:P170 wd:Q5593 .
OPTIONAL {?subj wdt:P276 ?loc .
?loc wdt:P625 ?coord } .
?subj rdfs:label ?label FILTER (lang(?label) = ""en"")
}",True,True,True,,1.0,1.0
152,medium,"PREFIX dct: <http://purl.org/dc/terms/>
PREFIX ontolex: <http://www.w3.org/ns/lemon/ontolex#>
PREFIX wd: <http://www.wikidata.org/entity/>
PREFIX wikibase: <http://wikiba.se/ontology#>

SELECT ?lexemeId ?lemma ?form ?word WHERE {
?lexemeId dct:language wd:Q9288;
wikibase:lexicalCategory wd:Q1084;
wikibase:lemma ?lemma.
?lexemeId ontolex:lexicalForm ?form .
?form wikibase:grammaticalFeature wd:Q499327;
wikibase:grammaticalFeature wd:Q1775415;
ontolex:representation ?word .
}",True,True,True,,1.0,na
153,medium,"PREFIX bd: <http://www.bigdata.com/rdf#>
PREFIX wd: <http://www.wikidata.org/entity/>
PREFIX wdt: <http://www.wikidata.org/prop/direct/>
PREFIX wikibase: <http://wikiba.se/ontology#>

SELECT ?personLabel ?image
WHERE {
?person wdt:P166 wd:Q1389573 .
?person wdt:P18 ?image .
SERVICE wikibase:label {
bd:serviceParam wikibase:language ""en"" .
}
}",True,True,True,,1.0,na
154,medium,"PREFIX bd: <http://www.bigdata.com/rdf#>
PREFIX wd: <http://www.wikidata.org/entity/>
PREFIX wdt: <http://www.wikidata.org/prop/direct/>
PREFIX wikibase: <http://wikiba.se/ontology#>

SELECT DISTINCT ?item ?itemLabel ?image
WHERE
{
?item wdt:P31/wdt:P279* wd:Q34770 .
?item wdt:P18 ?image .
SERVICE wikibase:label { bd:serviceParam wikibase:language ""[AUTO_LANGUAGE],en"". }
} ORDER BY ?itemLabel",True,True,True,,1.0,1.0
155,medium,"PREFIX bd: <http://www.bigdata.com/rdf#>
PREFIX wd: <http://www.wikidata.org/entity/>
PREFIX wdt: <http://www.wikidata.org/prop/direct/>
PREFIX wikibase: <http://wikiba.se/ontology#>

SELECT DISTINCT ?parish ?parishLabel ?coords ?county ?countyLabel WHERE {
?parish wdt:P31/wdt:P279* wd:Q28931907 .
?county wdt:P31/wdt:P279* wd:Q20974973 .
?parish wdt:P131 ?county .
?parish wdt:P625 ?coords.
SERVICE wikibase:label {
bd:serviceParam wikibase:language ""en"" .
}
}
LIMIT 15000",True,True,True,,1.0,1.0
156,medium,"PREFIX bd: <http://www.bigdata.com/rdf#>
PREFIX wdt: <http://www.wikidata.org/prop/direct/>
PREFIX wikibase: <http://wikiba.se/ontology#>

SELECT DISTINCT ?item ?itemLabel ?geo ?image
WHERE
{
?item wdt:P1662 ?doiPrefix ;
wdt:P625 ?geo.
OPTIONAL {?item wdt:P18 ?image.}
SERVICE wikibase:label { bd:serviceParam wikibase:language ""en"" }
}",True,True,True,,1.0,1.0
157,medium,"PREFIX rdfs: <http://www.w3.org/2000/01/rdf-schema#>
PREFIX wd: <http://www.wikidata.org/entity/>
PREFIX wdt: <http://www.wikidata.org/prop/direct/>

SELECT DISTINCT ?item ?itemLabel ?image {
?item wdt:P31/wdt:P279* wd:Q1229765 ; wdt:P17 wd:Q142 ; rdfs:label ?itemLabel .
FILTER (LANG(?itemLabel) = ""fr"" && STRSTARTS(?itemLabel, ""A"")) .
OPTIONAL { ?item wdt:P18 ?image } .
}
ORDER BY ?itemLabel",True,True,False,timeout,0.0,0.0
158,medium,"PREFIX bd: <http://www.bigdata.com/rdf#>
PREFIX wd: <http://www.wikidata.org/entity/>
PREFIX wdt: <http://www.wikidata.org/prop/direct/>
PREFIX wikibase: <http://wikiba.se/ontology#>

SELECT ?i ?iLabel ?j ?jLabel {
?i wdt:P31 wd:Q11424 ; wdt:P495 wd:Q668 ; ^wdt:P144 ?j.
?j wdt:P31 wd:Q11424 ; wdt:P495 wd:Q668.
SERVICE wikibase:label { bd:serviceParam wikibase:language ""[AUTO_LANGUAGE],en"". }
}",True,True,True,,1.0,1.0
159,medium,"PREFIX bd: <http://www.bigdata.com/rdf#>
PREFIX wd: <http://www.wikidata.org/entity/>
PREFIX wdt: <http://www.wikidata.org/prop/direct/>
PREFIX wikibase: <http://wikiba.se/ontology#>

SELECT ?countryLabel (COUNT(?item) AS ?count)
WHERE
{
?item wdt:P31/wdt:P279* wd:Q2088357 ; wdt:P136/wdt:P279* wd:Q38848 ; wdt:P495 ?country .
SERVICE wikibase:label { bd:serviceParam wikibase:language ""en"". }
}
GROUP BY ?countryLabel",True,True,True,,1.0,na
160,medium,"PREFIX bd: <http://www.bigdata.com/rdf#>
PREFIX wd: <http://www.wikidata.org/entity/>
PREFIX wdt: <http://www.wikidata.org/prop/direct/>
PREFIX wikibase: <http://wikiba.se/ontology#>

SELECT ?parent ?parentLabel ?child ?childLabel WHERE {
?parent wdt:P40 ?child;
wdt:P39 wd:Q19546.
?child wdt:P39 wd:Q19546.
SERVICE wikibase:label { bd:serviceParam wikibase:language ""[AUTO_LANGUAGE],en,de"". }
}",True,True,True,,1.0,1.0
161,medium,"PREFIX hint: <http://www.bigdata.com/queryHints#>
PREFIX rdfs: <http://www.w3.org/2000/01/rdf-schema#>
PREFIX wd: <http://www.wikidata.org/entity/>
PREFIX wdt: <http://www.wikidata.org/prop/direct/>

SELECT DISTINCT ?place (STR(?label) AS ?placeLabel) WHERE {
hint:Query hint:optimizer 'None' .
BIND(wd:Q2 AS ?earth) .
?earth rdfs:label ?label .
?place rdfs:label ?label .
FILTER (?earth != ?place) .
?place wdt:P31/wdt:P279* wd:Q17334923 .
}",True,True,True,,1.0,na
162,medium,"PREFIX bd: <http://www.bigdata.com/rdf#>
PREFIX wd: <http://www.wikidata.org/entity/>
PREFIX wdt: <http://www.wikidata.org/prop/direct/>
PREFIX wikibase: <http://wikiba.se/ontology#>

SELECT ?article ?articleLabel ?authorLabel WHERE {
SERVICE wikibase:label { bd:serviceParam wikibase:language ""[AUTO_LANGUAGE],en"". }
?article wdt:P31 wd:Q13442814.
?article wdt:P50 ?author.
?author wdt:P31/wdt:P279* wd:Q729
}
LIMIT 100",True,True,True,,1.0,1.0
163,medium,"PREFIX bd: <http://www.bigdata.com/rdf#>
PREFIX wd: <http://www.wikidata.org/entity/>
PREFIX wdt: <http://www.wikidata.org/prop/direct/>
PREFIX wikibase: <http://wikiba.se/ontology#>

SELECT ?q ?qLabel ?location ?locationLabel {
?q wdt:P31 wd:Q839954
OPTIONAL { ?q wdt:P131 ?location }
MINUS { ?q wdt:P625 ?dummy }
SERVICE wikibase:label { bd:serviceParam wikibase:language ""en"" }
}",True,True,True,,1.0,1.0
164,medium,"PREFIX bd: <http://www.bigdata.com/rdf#>
PREFIX wd: <http://www.wikidata.org/entity/>
PREFIX wdt: <http://www.wikidata.org/prop/direct/>
PREFIX wikibase: <http://wikiba.se/ontology#>

SELECT ?flag ?inscription ?countryLabel ?image WHERE {
?flag wdt:P31/wdt:P279* wd:Q186516;
wdt:P1684 ?inscription.
OPTIONAL { ?flag wdt:P1001|wdt:P17 ?country. }
OPTIONAL { ?flag wdt:P18 ?image. }
SERVICE wikibase:label { bd:serviceParam wikibase:language ""en"". }
}",True,True,True,,1.0,1.0
165,medium,"PREFIX bd: <http://www.bigdata.com/rdf#>
PREFIX wdt: <http://www.wikidata.org/prop/direct/>
PREFIX wikibase: <http://wikiba.se/ontology#>

SELECT ?personLabel ?personDescription (URI(CONCAT(""https://discovery.nationalarchives.gov.uk/details/c/"",?ukna)) AS ?uknalink)
(URI(CONCAT(""https://catalog.archives.gov/id/"",?nara)) as ?naralink) WHERE {
?person wdt:P3029 ?ukna; wdt:P1225 ?nara.
SERVICE wikibase:label { bd:serviceParam wikibase:language ""[AUTO_LANGUAGE],en"". }
} ORDER BY ?personLabel",True,True,True,,1.0,na
166,medium,"PREFIX bd: <http://www.bigdata.com/rdf#>
PREFIX schema: <http://schema.org/>
PREFIX wd: <http://www.wikidata.org/entity/>
PREFIX wdt: <http://www.wikidata.org/prop/direct/>
PREFIX wikibase: <http://wikiba.se/ontology#>

SELECT ?sitelink ?itemLabel WHERE {
?item wdt:P31 wd:Q6256.
?sitelink schema:isPartOf <https://ru.wikipedia.org/>;
schema:about ?item;
wikibase:badge wd:Q17437796 . # Sitelink is badged as a Featured Article
SERVICE wikibase:label { bd:serviceParam wikibase:language ""en"" } .
} ORDER BY ?itemLabel",True,True,False,http_400,0.0,0.0
167,medium,"PREFIX bd: <http://www.bigdata.com/rdf#>
PREFIX wd: <http://www.wikidata.org/entity/>
PREFIX wdt: <http://www.wikidata.org/prop/direct/>
PREFIX wikibase: <http://wikiba.se/ontology#>

SELECT ?i ?iLabel ?coords ?url WHERE {
?i wdt:P31/wdt:P279* wd:Q57821 .
?i wdt:P973 ?url .
?i wdt:P625 ?coords .
FILTER (REGEX(STR(?url),""atlasofmutualheritage""))
SERVICE wikibase:label { bd:serviceParam wikibase:language ""[AUTO_LANGUAGE],en"". }
}",True,True,True,,1.0,1.0
168,medium,"PREFIX bd: <http://www.bigdata.com/rdf#>
PREFIX wd: <http://www.wikidata.org/entity/>
PREFIX wdt: <http://www.wikidata.org/prop/direct/>
PREFIX wikibase: <http://wikiba.se/ontology#>

SELECT DISTINCT ?item ?itemLabel ?itemDescription (MIN(?date2) AS ?date) WHERE {
?item wdt:P57 wd:Q53001;
wdt:P577 ?date2.
SERVICE wikibase:label { bd:serviceParam wikibase:language ""en, fr"". }
}
GROUP BY ?item ?itemLabel ?itemDescription
ORDER BY (?date)",True,True,True,,1.0,1.0
169,medium,"PREFIX bd: <http://www.bigdata.com/rdf#>
PREFIX wd: <http://www.wikidata.org/entity/>
PREFIX wdt: <http://www.wikidata.org/prop/direct/>
PREFIX wikibase: <http://wikiba.se/ontology#>

SELECT ?creator ?creatorLabel ?placebirthLabel ?geoloc where {
?item wdt:P31/wdt:P279* wd:Q838948 . # oeuvre d'art et ss-classe
?item wdt:P608 wd:Q20980830 . # du projet Europeana 280
?item wdt:P170 ?creator . # createur
?creator wdt:P19 ?placebirth . # lieu de naissance
?placebirth wdt:P625 ?geoloc . #coordonnees geo
SERVICE wikibase:label {
bd:serviceParam wikibase:language ""fr,es,en"" .
}
}",True,True,True,,1.0,1.0
170,medium,"PREFIX bd: <http://www.bigdata.com/rdf#>
PREFIX wd: <http://www.wikidata.org/entity/>
PREFIX wdt: <http://www.wikidata.org/prop/direct/>
PREFIX wikibase: <http://wikiba.se/ontology#>

SELECT ?eponym ?eponymLabel ?eponymDescription WHERE {
wd:Q1443306 wdt:P31/wdt:P279* wd:Q151370;
wdt:P138 ?eponym.
wd:Q85767253 wdt:P31/wdt:P279* wd:Q259864;
wdt:P138 ?eponym.
SERVICE wikibase:label { bd:serviceParam wikibase:language ""[AUTO_LANGUAGE],en"". }
}",True,False,True,,1.0,na
171,medium,"PREFIX rdfs: <http://www.w3.org/2000/01/rdf-schema#>
PREFIX schema: <http://schema.org/>
PREFIX wd: <http://www.wikidata.org/entity/>
PREFIX wdt: <http://www.wikidata.org/prop/direct/>

SELECT ?lang1 ?desc ?lang2 WHERE {
?item wdt:P279 wd:Q2095.
?item rdfs:label ?lang1 FILTER(lang(?lang1) = ""en"").
?item schema:description ?desc FILTER(lang(?desc) = ""en"").
?item rdfs:label ?lang2 FILTER(lang(?lang2) = ""ca"")
} ORDER BY ?lang1",True,True,True,,1.0,na
172,medium,"PREFIX bd: <http://www.bigdata.com/rdf#>
PREFIX wd: <http://www.wikidata.org/entity/>
PREFIX wdt: <http://www.wikidata.org/prop/direct/>
PREFIX wikibase: <http://wikiba.se/ontology#>

SELECT DISTINCT ?women ?womenLabel
WHERE
{
?women wdt:P31 wd:Q5 .
?women wdt:P21 wd:Q6581072 .
?women wdt:P106/wdt:P279* wd:Q483501 . # artists
SERVICE wikibase:label {bd:serviceParam wikibase:language ""fr,en"" }
}
LIMIT 500",True,True,True,,1.0,1.0
173,medium,"PREFIX bd: <http://www.bigdata.com/rdf#>
PREFIX wd: <http://www.wikidata.org/entity/>
PREFIX wdt: <http://www.wikidata.org/prop/direct/>
PREFIX wikibase: <http://wikiba.se/ontology#>

SELECT ?item ?itemLabel ?artistLabel ?pic
WHERE
{
?item wdt:P31 wd:Q3305213.
?item wdt:P136/wdt:P279* wd:Q170571.
?item wdt:P170 ?artist.
?item wdt:P18 ?pic.
?artist wdt:P21 wd:Q6581072.
SERVICE wikibase:label { bd:serviceParam wikibase:language ""[AUTO_LANGUAGE],en"". }
}",True,True,True,,1.0,1.0
174,medium,"PREFIX bd: <http://www.bigdata.com/rdf#>
PREFIX wd: <http://www.wikidata.org/entity/>
PREFIX wdt: <http://www.wikidata.org/prop/direct/>
PREFIX wikibase: <http://wikiba.se/ontology#>

SELECT ?item ?itemLabel WHERE {
?item (wdt:P31/wdt:P279*) wd:Q191067.
?item wdt:P921 wd:Q2013.
SERVICE wikibase:label { bd:serviceParam wikibase:language ""en"". }
}",True,True,True,,1.0,1.0
175,medium,"PREFIX prov: <http://www.w3.org/ns/prov#>
PREFIX p: <http://www.wikidata.org/prop/>
PREFIX pr: <http://www.wikidata.org/prop/reference/>
PREFIX wd: <http://www.wikidata.org/entity/>
PREFIX wdt: <http://www.wikidata.org/prop/direct/>

SELECT ?item ?reference
WHERE {
?item wdt:P1343 wd:Q51955019 .
?item p:P1343 [ prov:wasDerivedFrom [ pr:P958 ?reference ] ] .
}",True,True,True,,1.0,1.0
176,medium,"PREFIX bd: <http://www.bigdata.com/rdf#>
PREFIX wd: <http://www.wikidata.org/entity/>
PREFIX wdt: <http://www.wikidata.org/prop/direct/>
PREFIX wikibase: <http://wikiba.se/ontology#>

SELECT ?lac ?lacLabel ?coordonnees_geographiques WHERE {
SERVICE wikibase:label { bd:serviceParam wikibase:language ""[AUTO_LANGUAGE],en"". }
?lac wdt:P31/wdt:P279* wd:Q3391202;
wdt:P17 wd:Q142.
OPTIONAL { ?lac wdt:P625 ?coordonnees_geographiques. }
}
LIMIT 10000",True,True,True,,1.0,1.0
177,medium,"PREFIX bd: <http://www.bigdata.com/rdf#>
PREFIX wd: <http://www.wikidata.org/entity/>
PREFIX wdt: <http://www.wikidata.org/prop/direct/>
PREFIX wikibase: <http://wikiba.se/ontology#>

SELECT ?painting ?image ?paintingLabel WHERE {
SERVICE wikibase:label { bd:serviceParam wikibase:language ""[AUTO_LANGUAGE],en"". }
?painting wdt:P31 wd:Q93184;
wdt:P170 wd:Q1064767.
OPTIONAL { ?painting wdt:P18 ?image. }
?painting wdt:P180 wd:Q11446.
}
LIMIT 1000",True,False,True,,1.0,1.0
178,medium,"PREFIX bd: <http://www.bigdata.com/rdf#>
PREFIX wd: <http://www.wikidata.org/entity/>
PREFIX wdt: <http://www.wikidata.org/prop/direct/>
PREFIX wikibase: <http://wikiba.se/ontology#>

SELECT DISTINCT ?item ?itemLabel ?itemDescription ?coords ?image ?typeLabel
WHERE
{
?item wdt:P5008 wd:Q101553389.
?item wdt:P625 ?coords .
?item wdt:P18 ?image .
?item wdt:P31 ?type .
SERVICE wikibase:label { bd:serviceParam wikibase:language ""cy,en"". }
}",True,True,True,,1.0,1.0
179,medium,"PREFIX bd: <http://www.bigdata.com/rdf#>
PREFIX wd: <http://www.wikidata.org/entity/>
PREFIX wdt: <http://www.wikidata.org/prop/direct/>
PREFIX wikibase: <http://wikiba.se/ontology#>

SELECT DISTINCT ?person ?personLabel (URI(CONCAT(""http://viaf.org/viaf/"",?viaf)) AS ?viaf_id) ?birthyear ?deathyear WHERE {
?person wdt:P106 wd:Q49757;
wdt:P27 wd:Q161885;
wdt:P569 ?birthdate;
wdt:P570 ?deathdate.
FILTER (!isBLANK(?birthdate))
FILTER (!isBLANK(?deathdate))
OPTIONAL{ ?person wdt:P214 ?viaf}
BIND(YEAR(?birthdate) AS ?birthyear)
BIND(YEAR(?deathdate) AS ?deathyear)
SERVICE wikibase:label {bd:serviceParam wikibase:language ""[AUTO_LANGUAGE],en,de,fr,ru""}
} ORDER BY ?birthyear",True,True,True,,1.0,1.0
180,medium,"PREFIX bd: <http://www.bigdata.com/rdf#>
PREFIX hint: <http://www.bigdata.com/queryHints#>
PREFIX xsd: <http://www.w3.org/2001/XMLSchema#>
PREFIX wd: <http://www.wikidata.org/entity/>
PREFIX wdt: <http://www.wikidata.org/prop/direct/>
PREFIX wikibase: <http://wikiba.se/ontology#>

SELECT ?coup ?coupLabel (MIN(?date) AS ?date_) (SAMPLE(?image) AS ?image_) WHERE {
?coup wdt:P31/wdt:P279* wd:Q45382;
wdt:P585 ?date. hint:Prior hint:rangeSafe true.
FILTER(?date >= ""2001-00-00""^^xsd:dateTime
&& ?date < ""2101-00-00""^^xsd:dateTime)
OPTIONAL { ?coup wdt:P18 ?image. }
SERVICE wikibase:label { bd:serviceParam wikibase:language ""[AUTO_LANGUAGE],en"". }
}
GROUP BY ?coup ?coupLabel",True,True,True,,1.0,na
181,medium,"PREFIX bd: <http://www.bigdata.com/rdf#>
PREFIX wdt: <http://www.wikidata.org/prop/direct/>
PREFIX wikibase: <http://wikiba.se/ontology#>

SELECT ?person ?personLabel ?personDescription (COUNT(?ee) AS ?eelinks)
WHERE {
?person wdt:P3429 ?ee
SERVICE wikibase:label { bd:serviceParam wikibase:language ""[AUTO_LANGUAGE],en,fr,de,es"" }
} GROUP BY ?person ?personLabel ?personDescription
ORDER BY DESC(?eelinks) ?ee",True,True,True,,1.0,1.0
182,medium,"PREFIX bd: <http://www.bigdata.com/rdf#>
PREFIX rdfs: <http://www.w3.org/2000/01/rdf-schema#>
PREFIX wd: <http://www.wikidata.org/entity/>
PREFIX wdt: <http://www.wikidata.org/prop/direct/>
PREFIX wikibase: <http://wikiba.se/ontology#>

SELECT ?item ?itemLabel ?titelDeutsch
WHERE
{
?item wdt:P31/wdt:P279* wd:Q11424;
rdfs:label ?titelDeutsch;
FILTER (lang(?titelDeutsch) = ""de"") .
FILTER(STRENDS(?titelDeutsch,""antwortet nicht"")).
SERVICE wikibase:label { bd:serviceParam wikibase:language ""en"". }
}",True,True,True,,1.0,1.0
183,medium,"PREFIX bd: <http://www.bigdata.com/rdf#>
PREFIX wd: <http://www.wikidata.org/entity/>
PREFIX wdt: <http://www.wikidata.org/prop/direct/>
PREFIX wikibase: <http://wikiba.se/ontology#>

select distinct ?women ?womenLabel
where {
?women wdt:P31 wd:Q5 .
?women wdt:P21 wd:Q6581072 .
?women wdt:P106/wdt:P279* wd:Q483501 . # artists
SERVICE wikibase:label {
bd:serviceParam wikibase:language ""fr,en"" .
}
} LIMIT 500",True,True,True,,1.0,1.0
184,medium,"PREFIX bd: <http://www.bigdata.com/rdf#>
PREFIX wd: <http://www.wikidata.org/entity/>
PREFIX wdt: <http://www.wikidata.org/prop/direct/>
PREFIX wikibase: <http://wikiba.se/ontology#>

SELECT ?taxon ?taxonLabel ?band ?bandLabel WHERE {
?taxon wdt:P31 wd:Q16521 ;
wdt:P138 ?band .
?band wdt:P31 wd:Q215380 ;
SERVICE wikibase:label { bd:serviceParam wikibase:language ""[AUTO_LANGUAGE],en"". }
}",True,True,True,,1.0,1.0
185,medium,"PREFIX bd: <http://www.bigdata.com/rdf#>
PREFIX wdt: <http://www.wikidata.org/prop/direct/>
PREFIX wikibase: <http://wikiba.se/ontology#>

SELECT ?person ?personLabel ?ee (URI(CONCAT(""https://www.gutenberg.org/ebooks/author/"", ?gutenberg)) AS ?gutenberglink) WHERE {
?person wdt:P3429 ?ee;
wdt:P1938 ?gutenberg
SERVICE wikibase:label { bd:serviceParam wikibase:language ""[AUTO_LANGUAGE],en"" }
}
ORDER BY ?personLabel",True,True,True,,1.0,1.0
186,medium,"PREFIX bd: <http://www.bigdata.com/rdf#>
PREFIX wd: <http://www.wikidata.org/entity/>
PREFIX wdt: <http://www.wikidata.org/prop/direct/>
PREFIX wikibase: <http://wikiba.se/ontology#>

SELECT ?item ?itemLabel ?workLabel WHERE {
?item wdt:P170 wd:Q79012.
MINUS {?item wdt:P180 []}
OPTIONAL {?item wdt:P1433 ?work} # Work published in
SERVICE wikibase:label { bd:serviceParam wikibase:language ""[AUTO_LANGUAGE],en"". }
} ORDER by ?itemLabel",True,True,True,,1.0,1.0
187,medium,"PREFIX bd: <http://www.bigdata.com/rdf#>
PREFIX wd: <http://www.wikidata.org/entity/>
PREFIX wdt: <http://www.wikidata.org/prop/direct/>
PREFIX wikibase: <http://wikiba.se/ontology#>

SELECT ?alum ?alumLabel ?supervisee ?superviseeLabel ?fieldLabel
WHERE
{
?alum wdt:P69 wd:Q459506.
?supervisee wdt:P184 ?alum.
OPTIONAL {?supervisee wdt:P101 ?field.}
SERVICE wikibase:label { bd:serviceParam wikibase:language ""[AUTO_LANGUAGE],en"" }
}",True,True,True,,1.0,1.0
188,medium,"PREFIX bd: <http://www.bigdata.com/rdf#>
PREFIX wd: <http://www.wikidata.org/entity/>
PREFIX wdt: <http://www.wikidata.org/prop/direct/>
PREFIX wikibase: <http://wikiba.se/ontology#>

SELECT ?application ?applicationLabel (COUNT(?software) AS ?count)
WHERE
{
?application wdt:P31/wdt:P279* wd:Q7397.
?application wdt:P1547 ?software.
SERVICE wikibase:label { bd:serviceParam wikibase:language ""[AUTO_LANGUAGE],en"". }
}
GROUP BY ?application ?applicationLabel
ORDER BY DESC (?count)
LIMIT 60",True,True,True,,1.0,1.0
189,medium,"PREFIX bd: <http://www.bigdata.com/rdf#>
PREFIX wd: <http://www.wikidata.org/entity/>
PREFIX wdt: <http://www.wikidata.org/prop/direct/>
PREFIX wikibase: <http://wikiba.se/ontology#>

SELECT DISTINCT ?site ?siteLabel ?coordinates ?image WHERE {
?site (wdt:P31/(wdt:P279*)) wd:Q18615527;
wdt:P17 wd:Q142;
wdt:P625 ?coordinates.
OPTIONAL { ?site wdt:P18 ?image. }
SERVICE wikibase:label { bd:serviceParam wikibase:language ""fr,en"". }
}",True,True,True,,1.0,1.0
190,medium,"PREFIX bd: <http://www.bigdata.com/rdf#>
PREFIX wd: <http://www.wikidata.org/entity/>
PREFIX wdt: <http://www.wikidata.org/prop/direct/>
PREFIX wikibase: <http://wikiba.se/ontology#>

SELECT DISTINCT ?work ?workLabel ?languageLabel
WHERE
{
?work wdt:P37|wdt:P103|wdt:P364|wdt:P407|wdt:P1412|wdt:[property:P2439] ?language.
?language wdt:P31/wdt:P279* wd:Q7275.
SERVICE wikibase:label { bd:serviceParam wikibase:language ""en"". }
}
ORDER BY ?languageLabel",False,False,False,not_linked,0.0,0.0
191,medium,"PREFIX bd: <http://www.bigdata.com/rdf#>
PREFIX wd: <http://www.wikidata.org/entity/>
PREFIX wdt: <http://www.wikidata.org/prop/direct/>
PREFIX wikibase: <http://wikiba.se/ontology#>

SELECT ?child ?childLabel
WHERE
{
?child wdt:P22 wd:Q1339. # Child has father Johann Sebastian Bach.
?child wdt:P25 wd:Q57487. # Child has mother Maria Barbara Bach.
SERVICE wikibase:label { bd:serviceParam wikibase:language ""en"". }
}",True,True,True,,1.0,1.0
192,medium,"PREFIX bd: <http://www.bigdata.com/rdf#>
PREFIX dct: <http://purl.org/dc/terms/>
PREFIX ontolex: <http://www.w3.org/ns/lemon/ontolex#>
PREFIX wd: <http://www.wikidata.org/entity/>
PREFIX wdt: <http://www.wikidata.org/prop/direct/>
PREFIX wikibase: <http://wikiba.se/ontology#>

SELECT ?l ?lemma ?languageLabel WHERE {
?l a ontolex:LexicalEntry;
dct:language ?language;
wikibase:lemma ?lemma .
?l wdt:P31 wd:Q376431.
SERVICE wikibase:label { bd:serviceParam wikibase:language ""[AUTO_LANGUAGE],en"". }
}
ORDER BY ?languageLabel",True,True,True,,1.0,na
193,medium,"PREFIX bd: <http://www.bigdata.com/rdf#>
PREFIX wd: <http://www.wikidata.org/entity/>
PREFIX wdt: <http://www.wikidata.org/prop/direct/>
PREFIX wikibase: <http://wikiba.se/ontology#>

SELECT ?human ?humanLabel ?humanDescription ?cityLabel ?naissance ?deces WHERE {
?human wdt:P119 wd:Q311 .
?human wdt:P19 ?city .
?city wdt:P17 wd:Q212 .
?human wdt:P569 ?naissance .
?human wdt:P570 ?deces .
SERVICE wikibase:label {bd:serviceParam wikibase:language ""fr,en"" .}
}
ORDER BY ?countryLabel ?cityLabel",True,True,True,,1.0,1.0
194,medium,"PREFIX bd: <http://www.bigdata.com/rdf#>
PREFIX wd: <http://www.wikidata.org/entity/>
PREFIX wdt: <http://www.wikidata.org/prop/direct/>
PREFIX wikibase: <http://wikiba.se/ontology#>

SELECT ?movie ?movieLabel ?place ?placeLabel ?coord ?image
WHERE
{
?movie wdt:P31 wd:Q11424 .
?movie wdt:P915 ?place .
?place wdt:P17 wd:Q40 .
?place wdt:P625 ?coord .
OPTIONAL { ?movie wdt:P18 ?image }
SERVICE wikibase:label { bd:serviceParam wikibase:language ""de"". }
}",True,True,True,,1.0,1.0
195,medium,"PREFIX bd: <http://www.bigdata.com/rdf#>
PREFIX prov: <http://www.w3.org/ns/prov#>
PREFIX p: <http://www.wikidata.org/prop/>
PREFIX ps: <http://www.wikidata.org/prop/statement/>
PREFIX wd: <http://www.wikidata.org/entity/>
PREFIX wikibase: <http://wikiba.se/ontology#>

SELECT ?item ?itemLabel WHERE {
?item p:P166 ?award_statement .
?award_statement ps:P166 wd:Q10855212 . # Commander of the Legion of Honour
FILTER NOT EXISTS {
?award_statement prov:wasDerivedFrom ?ref
}
SERVICE wikibase:label {
bd:serviceParam wikibase:language ""en""
}
}",True,True,True,,1.0,1.0
196,medium,"PREFIX bd: <http://www.bigdata.com/rdf#>
PREFIX wd: <http://www.wikidata.org/entity/>
PREFIX wdt: <http://www.wikidata.org/prop/direct/>
PREFIX wikibase: <http://wikiba.se/ontology#>

SELECT ?item ?itemLabel ?url ?count WHERE {
?item wdt:P195 wd:Q636400; wdt:P973 ?url FILTER (STRSTARTS(STR(?url),""http://jameelcentre"") ).
?item wikibase:statements ?count.
SERVICE wikibase:label { bd:serviceParam wikibase:language ""[AUTO_LANGUAGE],en"". }
} ORDER BY DESC(?count)
LIMIT 20",True,True,True,,1.0,na
197,medium,"PREFIX bd: <http://www.bigdata.com/rdf#>
PREFIX wd: <http://www.wikidata.org/entity/>
PREFIX wdt: <http://www.wikidata.org/prop/direct/>
PREFIX wikibase: <http://wikiba.se/ontology#>

select ?album ?performer ?performerLabel ?albumLabel ?location where {
?album wdt:P31/wdt:P279* wd:Q482994;
wdt:P175 ?performer;
wdt:P1259 ?location.
SERVICE wikibase:label { bd:serviceParam wikibase:language ""[AUTO_LANGUAGE],en"". }
}",True,True,True,,1.0,1.0
198,medium,"PREFIX bd: <http://www.bigdata.com/rdf#>
PREFIX wdt: <http://www.wikidata.org/prop/direct/>
PREFIX wikibase: <http://wikiba.se/ontology#>

SELECT ?place ?placeLabel ?item ?itemLabel ?coord
WHERE
{
?item wdt:P138 ?place .
?place wdt:P625 ?coord .
SERVICE wikibase:label { bd:serviceParam wikibase:language ""fr"" }
}",True,True,True,,1.0,1.0
199,medium,"PREFIX bd: <http://www.bigdata.com/rdf#>
PREFIX wd: <http://www.wikidata.org/entity/>
PREFIX wdt: <http://www.wikidata.org/prop/direct/>
PREFIX wikibase: <http://wikiba.se/ontology#>

SELECT ?occupation1Label (COUNT(DISTINCT ?researcher) AS ?nb) WHERE {
VALUES ?univ { wd:Q1319786 wd:Q1381437 wd:Q612648 wd:Q3551576 }
?researcher (wdt:P108|wdt:P463|wdt:P1416) ?univ .
?researcher wdt:P106 ?occupation1 .
SERVICE wikibase:label { bd:serviceParam wikibase:language ""[AUTO_LANGUAGE],en"". }
}
GROUP BY ?occupation1Label",True,True,True,,1.0,na
200,medium,"PREFIX bd: <http://www.bigdata.com/rdf#>
PREFIX wd: <http://www.wikidata.org/entity/>
PREFIX wdt: <http://www.wikidata.org/prop/direct/>
PREFIX wikibase: <http://wikiba.se/ontology#>

select ?books ?booksLabel ?date ?coord ?image WHERE
{
?books wdt:P31 wd:Q210112 ;
wdt:P625 ?coord .
OPTIONAL {?books wdt:P571 ?date .}
OPTIONAL {?books wdt:P18|wdt:P154 ?image}
SERVICE wikibase:label { bd:serviceParam wikibase:language ""en, fr, de"". }
}",True,True,True,,1.0,1.0
201,medium,"PREFIX p: <http://www.wikidata.org/prop/>
PREFIX pq: <http://www.wikidata.org/prop/qualifier/>
PREFIX ps: <http://www.wikidata.org/prop/statement/>
PREFIX wd: <http://www.wikidata.org/entity/>
PREFIX wdt: <http://www.wikidata.org/prop/direct/>

SELECT distinct (concat(str(year(?start)),""-"",str(month(?start))) as ?date) (count(distinct ?ps) as ?count) where
{
?term wdt:P279 wd:Q16707842 .
?term wdt:P2715 ?elec . ?term wdt:P571 ?start .
filter(year(?start) >= 1830) . filter(year(?start) <= 1910)
optional { ?mp p:P39 ?ps . ?ps ps:P39 ?term . ?ps pq:P2715 ?elec . ?ps pq:P1534 wd:Q50393121 }
} group by ?start order by ?start
#defaultView:BarChart",True,True,True,,1.0,na
202,medium,"PREFIX bd: <http://www.bigdata.com/rdf#>
PREFIX wd: <http://www.wikidata.org/entity/>
PREFIX wdt: <http://www.wikidata.org/prop/direct/>
PREFIX wikibase: <http://wikiba.se/ontology#>

SELECT ?item ?itemLabel ?nomLabel ?lieuLabel WHERE {
?item wdt:P31/wdt:P279* wd:Q3305213 . # peintures
?item wdt:P170 ?nom .
?nom wdt:P21 wd:Q6581072 . # oeuvre cree par une femme
?item wdt:P195 wd:Q3044768 . # departement des peintures du musee du Louvre
OPTIONAL{?item wdt:P276 ?lieu}. # emplacement des oeuvres
MINUS{?item wdt:P195 wd:Q19013512}. # retrait des oeuvres spoliees
SERVICE wikibase:label {bd:serviceParam wikibase:language ""fr"" . }
}
ORDER BY ?lieuLabel",True,True,True,,1.0,1.0
203,medium,"PREFIX bd: <http://www.bigdata.com/rdf#>
PREFIX wdt: <http://www.wikidata.org/prop/direct/>
PREFIX wikibase: <http://wikiba.se/ontology#>

SELECT DISTINCT ?item ?itemLabel ?pic ?coord ?GBIFlink WHERE {
?item wdt:P8714 ?GADM .
?item wdt:P625 ?coord .
OPTIONAL { ?item wdt:P18 ?pic . }
BIND(URI(CONCAT(""https://www.gbif.org/occurrence/map?gadm_gid="", STR(?GADM))) AS ?GBIFlink)
SERVICE wikibase:label { bd:serviceParam wikibase:language ""[AUTO_LANGUAGE],en"". }
}",True,True,True,,1.0,1.0
204,medium,"PREFIX wd: <http://www.wikidata.org/entity/>
PREFIX wdt: <http://www.wikidata.org/prop/direct/>

SELECT ?country (MAX(?population) AS ?maxPopulation)
WHERE
{
?city wdt:P31/wdt:P279* wd:Q515;
wdt:P17 ?country;
wdt:P1082 ?population.
}
GROUP BY ?country",True,True,True,,1.0,1.0
205,medium,"PREFIX bd: <http://www.bigdata.com/rdf#>
PREFIX wd: <http://www.wikidata.org/entity/>
PREFIX wdt: <http://www.wikidata.org/prop/direct/>
PREFIX wikibase: <http://wikiba.se/ontology#>

SELECT ?item ?itemLabel ?murLabel ?coordinates ?foto
WHERE
{
?item wdt:P106 wd:Q937857;
wdt:P54 wd:Q1130849 ;
wdt:P19 ?mur.
?mur wdt:P625 ?coordinates.
OPTIONAL {?item wdt:P18 ?foto.}
SERVICE wikibase:label { bd:serviceParam wikibase:language ""pl, en"". }
}",True,True,True,,1.0,1.0
206,medium,"PREFIX bd: <http://www.bigdata.com/rdf#>
PREFIX wd: <http://www.wikidata.org/entity/>
PREFIX wdt: <http://www.wikidata.org/prop/direct/>
PREFIX wikibase: <http://wikiba.se/ontology#>

SELECT ?building ?buildingLabel ?country ?countryLabel ?picture
WHERE
{
?building wdt:P31 wd:Q7138926 .
?building wdt:P18 ?picture .
OPTIONAL { ?building wdt:P17 ?country } . #if available
SERVICE wikibase:label {
bd:serviceParam wikibase:language ""en"" .
}
}
ORDER BY ?countryLabel
LIMIT 188",True,True,True,,1.0,1.0
207,medium,"PREFIX bd: <http://www.bigdata.com/rdf#>
PREFIX wd: <http://www.wikidata.org/entity/>
PREFIX wdt: <http://www.wikidata.org/prop/direct/>
PREFIX wikibase: <http://wikiba.se/ontology#>

SELECT ?child ?childLabel
WHERE
{
?child wdt:P22 wd:Q1339;
wdt:P25 wd:Q57487;
wdt:P106 wd:Q36834, # has occupation composer and
wd:Q486748. # pianist.
SERVICE wikibase:label { bd:serviceParam wikibase:language ""en"". }
}",True,True,True,,1.0,1.0
208,medium,"PREFIX bd: <http://www.bigdata.com/rdf#>
PREFIX wd: <http://www.wikidata.org/entity/>
PREFIX wdt: <http://www.wikidata.org/prop/direct/>
PREFIX wikibase: <http://wikiba.se/ontology#>

SELECT DISTINCT ?author ?authorLabel ?image ?date ?coord WHERE {
?author wdt:P106/wdt:P279* wd:Q901 .
?author wdt:P570 ?date .
?author wdt:P509 wd:Q468455 .
OPTIONAL {?author wdt:P18 ?image .}
SERVICE wikibase:label { bd:serviceParam wikibase:language ""en, fr, de, es, it, cz"" }
}",True,True,True,,1.0,1.0
209,medium,"PREFIX bd: <http://www.bigdata.com/rdf#>
PREFIX wd: <http://www.wikidata.org/entity/>
PREFIX wdt: <http://www.wikidata.org/prop/direct/>
PREFIX wikibase: <http://wikiba.se/ontology#>

SELECT ?item ?itemLabel
WHERE {
?item wdt:P31 wd:Q81274644;
wdt:P527 wd:Q149292
SERVICE wikibase:label { bd:serviceParam wikibase:language ""[AUTO_LANGUAGE],en"". }
}",True,True,True,,1.0,1.0
210,medium,"PREFIX rdfs: <http://www.w3.org/2000/01/rdf-schema#>
PREFIX wd: <http://www.wikidata.org/entity/>
PREFIX wdt: <http://www.wikidata.org/prop/direct/>

SELECT ?item ?itemLabel ?coord WHERE {
?item (wdt:P31/(wdt:P279*)) wd:Q486972;
wdt:P17 wd:Q117;
rdfs:label ?itemLabel;
wdt:P625 ?coord.
FILTER((LANG(?itemLabel)) = ""en"")
FILTER(REGEX(?itemLabel, ""(li|ti|om)$""))
}",True,True,True,,1.0,1.0
211,medium,"PREFIX bd: <http://www.bigdata.com/rdf#>
PREFIX wd: <http://www.wikidata.org/entity/>
PREFIX wdt: <http://www.wikidata.org/prop/direct/>
PREFIX wikibase: <http://wikiba.se/ontology#>

SELECT ?image ?person ?personLabel WHERE {
?person wdt:P31 wd:Q5.
?person wdt:P1050 wd:Q84263196.
OPTIONAL { ?person wdt:P18 ?image. }
SERVICE wikibase:label { bd:serviceParam wikibase:language ""en, fr"". }
}",True,True,True,,1.0,1.0
212,medium,"PREFIX bd: <http://www.bigdata.com/rdf#>
PREFIX wd: <http://www.wikidata.org/entity/>
PREFIX wdt: <http://www.wikidata.org/prop/direct/>
PREFIX wikibase: <http://wikiba.se/ontology#>

SELECT DISTINCT ?item ?itemLabel ?placeLabel ?countryLabel WHERE {
?item wdt:P39 wd:Q3044918 .
?item wdt:P19 ?place .
?place wdt:P17 ?country .
FILTER NOT EXISTS { ?place wdt:P17 wd:Q142 . }
SERVICE wikibase:label { bd:serviceParam wikibase:language ""fr"" . }
} ORDER BY ?countryLabel ?itemLabel",True,True,True,,1.0,1.0
213,medium,"PREFIX bd: <http://www.bigdata.com/rdf#>
PREFIX wd: <http://www.wikidata.org/entity/>
PREFIX wdt: <http://www.wikidata.org/prop/direct/>
PREFIX wikibase: <http://wikiba.se/ontology#>

SELECT ?item ?itemLabel ?dob ?coords ?pobLabel ?image
WHERE
{
?item wdt:P31 wd:Q5.
?item wdt:P106 wd:Q322170 .
?item wdt:P569 ?dob .
?item wdt:P19 ?pob.
?pob wdt:P625 ?coords .
?item wdt:P18 ?image .
SERVICE wikibase:label { bd:serviceParam wikibase:language ""[AUTO_LANGUAGE],en"". }
}",True,True,True,,1.0,1.0
214,medium,"PREFIX bd: <http://www.bigdata.com/rdf#>
PREFIX p: <http://www.wikidata.org/prop/>
PREFIX pq: <http://www.wikidata.org/prop/qualifier/>
PREFIX wikibase: <http://wikiba.se/ontology#>

SELECT ?q ?qLabel (count(?s) AS ?taxa) WHERE {
?s p:P225 [pq:P405 ?q].
SERVICE wikibase:label { bd:serviceParam wikibase:language ""en"" }
} GROUP BY ?q ?qLabel
ORDER BY DESC(?taxa)
LIMIT 10",True,True,True,,1.0,1.0
215,medium,"PREFIX wd: <http://www.wikidata.org/entity/>
PREFIX wdt: <http://www.wikidata.org/prop/direct/>

SELECT ?pride ?time ?image {
?pride (wdt:P31|wdt:P279) wd:Q51404;
wdt:P571 ?time.
OPTIONAL {?pride wdt:P18 ?image}
}",True,True,True,,1.0,1.0
216,medium,"PREFIX bd: <http://www.bigdata.com/rdf#>
PREFIX wd: <http://www.wikidata.org/entity/>
PREFIX wdt: <http://www.wikidata.org/prop/direct/>
PREFIX wikibase: <http://wikiba.se/ontology#>

SELECT ?open_access_in_Japan ?open_access_in_JapanLabel ?official_website WHERE {
{ ?open_access_in_Japan wdt:P2650 wd:Q56064901. }
UNION
{ ?open_access_in_Japan wdt:P921 wd:Q56064901. }
SERVICE wikibase:label { bd:serviceParam wikibase:language ""[AUTO_LANGUAGE],en"". }
OPTIONAL { ?open_access_in_Japan wdt:P856 ?official_website. }
}",True,True,True,,1.0,1.0
217,medium,"PREFIX bd: <http://www.bigdata.com/rdf#>
PREFIX wd: <http://www.wikidata.org/entity/>
PREFIX wdt: <http://www.wikidata.org/prop/direct/>
PREFIX wikibase: <http://wikiba.se/ontology#>

SELECT DISTINCT ?museum ?museumLabel ?countryLabel ?named ?namedLabel ?namedDescription
WHERE {
?museum wdt:P31/wdt:P279* wd:Q33506;
wdt:P138 ?named.
OPTIONAL { ?museum wdt:P17 ?country}
SERVICE wikibase:label {bd:serviceParam wikibase:language ""[AUTO_LANGUAGE],en,nl,fr,de,es,pt,bg,be,ru,hu,uk,ja""}
} ORDER BY ?countryLabel ?museumLabel",True,True,True,,1.0,1.0
218,medium,"PREFIX bd: <http://www.bigdata.com/rdf#>
PREFIX wd: <http://www.wikidata.org/entity/>
PREFIX wdt: <http://www.wikidata.org/prop/direct/>
PREFIX wikibase: <http://wikiba.se/ontology#>

SELECT ?item ?title ?itemDescription
WHERE {
?item wdt:P31 wd:Q11424;
wdt:P1476 ?title.
BIND(LCASE(?title) AS ?normalised)
FILTER (CONTAINS(?normalised, ' it ') || STRSTARTS(?normalised, 'it ') || STRENDS(?normalised, ' it'))
SERVICE wikibase:label { bd:serviceParam wikibase:language ""[AUTO_LANGUAGE],en"" }
}
ORDER BY (?title)",True,True,True,,1.0,1.0
219,medium,"PREFIX bd: <http://www.bigdata.com/rdf#>
PREFIX wd: <http://www.wikidata.org/entity/>
PREFIX wdt: <http://www.wikidata.org/prop/direct/>
PREFIX wikibase: <http://wikiba.se/ontology#>

SELECT ?item ?itemLabel ?date WHERE {
#?item wdt:P86 ?composer .
?item wdt:P86 wd:Q103767 .
#?item wdt:P144 ?source .
?item wdt:P577 ?date .
SERVICE wikibase:label { bd:serviceParam wikibase:language ""en"". }
}
ORDER BY ?year",True,True,True,,1.0,1.0
220,medium,"PREFIX bd: <http://www.bigdata.com/rdf#>
PREFIX wd: <http://www.wikidata.org/entity/>
PREFIX wdt: <http://www.wikidata.org/prop/direct/>
PREFIX wikibase: <http://wikiba.se/ontology#>

SELECT ?book ?title ?illustratorLabel ?publisherLabel ?published
WHERE
{
?book wdt:P50 wd:Q35610. # required wdt:P50
OPTIONAL { # match all or none from group:
?book wdt:P1476 ?title; # required wdt:P1476
wdt:P110 ?illustrator; # required wdt:P110
wdt:P123 ?publisher; # required wdt:P123
wdt:P577 ?published. # required wdt:P577
}
SERVICE wikibase:label { bd:serviceParam wikibase:language ""[AUTO_LANGUAGE],en"". }
}",True,True,True,,1.0,1.0
221,medium,"PREFIX wdt: <http://www.wikidata.org/prop/direct/>

SELECT ?mouth (COUNT(?watercourse) AS ?count)
WHERE
{
?watercourse wdt:P403+ ?mouth.
}
GROUP BY ?mouth
ORDER BY DESC(?count)
LIMIT 10",True,True,True,,1.0,1.0
222,medium,"PREFIX bd: <http://www.bigdata.com/rdf#>
PREFIX wd: <http://www.wikidata.org/entity/>
PREFIX wdt: <http://www.wikidata.org/prop/direct/>
PREFIX wikibase: <http://wikiba.se/ontology#>

SELECT DISTINCT ?item ?itemLabel ?itemDescription ?image ?collection WHERE {
?item wdt:P31 wd:Q3305213 ; # Get items that are instances of painting
wdt:P195/wdt:P361* ?collection . # That are in some collection
# Only return results where 'collection' is in the Suter Art Gallery
FILTER ( ?collection = wd:Q61797555 )
OPTIONAL { ?item wdt:P18 ?image } # Optionally with an image
SERVICE wikibase:label { bd:serviceParam wikibase:language ""[AUTO_LANGUAGE]"" }
}",True,True,True,,1.0,1.0
223,medium,"PREFIX bd: <http://www.bigdata.com/rdf#>
PREFIX wd: <http://www.wikidata.org/entity/>
PREFIX wdt: <http://www.wikidata.org/prop/direct/>
PREFIX wikibase: <http://wikiba.se/ontology#>

SELECT ?i ?iLabel ?j ?jLabel {
?i wdt:P31/wdt:P279* wd:Q1149652; wdt:P47 ?j. ?j wdt:P31/wdt:P279* wd:Q1149652.
SERVICE wikibase:label { bd:serviceParam wikibase:language ""[AUTO_LANGUAGE],en"". }
}",True,True,True,,1.0,1.0
224,medium,"PREFIX bd: <http://www.bigdata.com/rdf#>
PREFIX rdfs: <http://www.w3.org/2000/01/rdf-schema#>
PREFIX wdt: <http://www.wikidata.org/prop/direct/>
PREFIX wikibase: <http://wikiba.se/ontology#>

SELECT ?inventor ?inventorLabel ?gadet ?gadgetLabel
WHERE {
?inventor wdt:P157 ?gadget .
?gadet wdt:P61 ?inventor .
SERVICE wikibase:label {
bd:serviceParam wikibase:language ""en"" .
?inventor rdfs:label ?inventorLabel .
?gadget rdfs:label ?gadgetLabel .
}
}",True,True,True,,1.0,1.0
225,medium,"PREFIX bd: <http://www.bigdata.com/rdf#>
PREFIX schema: <http://schema.org/>
PREFIX wd: <http://www.wikidata.org/entity/>
PREFIX wdt: <http://www.wikidata.org/prop/direct/>
PREFIX wikibase: <http://wikiba.se/ontology#>

SELECT DISTINCT ?geo ?memorial ?memorialLabel ?article ?sitelink WHERE {
?memorial wdt:P31/wdt:P279* wd:Q575759;
wdt:P625 ?geo.
OPTIONAL {?article schema:about ?memorial ;
schema:isPartOf <https://en.wikipedia.org/> ;
schema:name ?sitelink . }
SERVICE wikibase:label { bd:serviceParam wikibase:language ""[AUTO_LANGUAGE],en"". }
}",True,True,True,,1.0,1.0
226,medium,"PREFIX bd: <http://www.bigdata.com/rdf#>
PREFIX pq: <http://www.wikidata.org/prop/qualifier/>
PREFIX wd: <http://www.wikidata.org/entity/>
PREFIX wikibase: <http://wikiba.se/ontology#>

SELECT ?item ?itemLabel ?prop WHERE {
?item ?prop ?value .
?value pq:P407 wd:Q36846.
SERVICE wikibase:label { bd:serviceParam wikibase:language ""[AUTO_LANGUAGE],en"". }
}",True,True,True,,1.0,1.0
228,medium,"PREFIX bd: <http://www.bigdata.com/rdf#>
PREFIX wd: <http://www.wikidata.org/entity/>
PREFIX wdt: <http://www.wikidata.org/prop/direct/>
PREFIX wikibase: <http://wikiba.se/ontology#>

SELECT ?citizenshipLabel (COUNT(?s) AS ?cnt)
{
?s wdt:P31 wd:Q5 . # human
?s wdt:P106 wd:Q639669 . # musician
?s wdt:P27 ?citizenship .
SERVICE wikibase:label { bd:serviceParam wikibase:language ""en"" }
} GROUP BY ?citizenshipLabel ORDER BY DESC(?cnt)",True,True,True,,1.0,na
229,medium,"PREFIX bd: <http://www.bigdata.com/rdf#>
PREFIX xsd: <http://www.w3.org/2001/XMLSchema#>
PREFIX wd: <http://www.wikidata.org/entity/>
PREFIX wdt: <http://www.wikidata.org/prop/direct/>
PREFIX wikibase: <http://wikiba.se/ontology#>

SELECT DISTINCT ?a ?aLabel ?b ?bLabel
{?a wdt:P31 wd:Q5;
wdt:P569 ?birth;
wdt:P737 ?b .
?b wdt:P31 wd:Q5 .
FILTER (?birth > ""1590-01-01""^^xsd:dateTime && ?birth < ""1750-01-01""^^xsd:dateTime)
SERVICE wikibase:label { bd:serviceParam wikibase:language ""[AUTO_LANGUAGE],en"". }
}",True,True,True,,1.0,na
230,medium,"PREFIX schema: <http://schema.org/>
PREFIX wikibase: <http://wikiba.se/ontology#>

SELECT ?partof (COUNT(*) as ?count)
{
?item wikibase:statements 0 .
[] schema:about ?item ; schema:isPartOf ?partof .
}
GROUP BY ?partof",True,True,True,,1.0,na
231,medium,"PREFIX rdfs: <http://www.w3.org/2000/01/rdf-schema#>
PREFIX wdt: <http://www.wikidata.org/prop/direct/>

SELECT DISTINCT
?citizenship ?citizenship_label (COUNT(?citizenship_label) AS ?count)
WHERE
{ ?work wdt:P6982 ?afd .
?work wdt:P50 ?author .
?author rdfs:label ?name .
FILTER (lang(?name) = 'en')
?author wdt:P27 ?citizenship .
?citizenship rdfs:label ?citizenship_label .
FILTER (lang(?citizenship_label) = 'en')
}
GROUP BY ?citizenship ?citizenship_label",True,True,True,,1.0,1.0
232,medium,"PREFIX bd: <http://www.bigdata.com/rdf#>
PREFIX wd: <http://www.wikidata.org/entity/>
PREFIX wdt: <http://www.wikidata.org/prop/direct/>
PREFIX wikibase: <http://wikiba.se/ontology#>

SELECT ?item ?itemLabel ?collection ?collectionLabel ?pic
WHERE
{
?item wdt:P170 wd:Q2939083 .
?item wdt:P276 ?collection.
SERVICE wikibase:label { bd:serviceParam wikibase:language ""[AUTO_LANGUAGE],en"". }
}
ORDER BY ?collectionLabel",True,True,True,,1.0,1.0
233,medium,"PREFIX bd: <http://www.bigdata.com/rdf#>
PREFIX wd: <http://www.wikidata.org/entity/>
PREFIX wdt: <http://www.wikidata.org/prop/direct/>
PREFIX wikibase: <http://wikiba.se/ontology#>

SELECT ?item ?itemLabel ?coord
WHERE
{
?item wdt:P31 wd:Q5 . # human
?item wdt:P735 wd:Q15235674.
?item wdt:P19 ?place.
?place wdt:P625 ?coord.
SERVICE wikibase:label { bd:serviceParam wikibase:language ""fr"". }
}",True,True,True,,1.0,1.0
234,medium,"PREFIX bd: <http://www.bigdata.com/rdf#>
PREFIX wd: <http://www.wikidata.org/entity/>
PREFIX wdt: <http://www.wikidata.org/prop/direct/>
PREFIX wikibase: <http://wikiba.se/ontology#>

SELECT ?arthistorianLabel ?coordinates WHERE {
?arthistorian wdt:P31 wd:Q5 ;
wdt:P19 ?birthPlace ;
wdt:P106 wd:Q1792450 .
?birthPlace wdt:P625 ?coordinates .
SERVICE wikibase:label { bd:serviceParam wikibase:language ""[AUTO_LANGUAGE],en"". }
}",True,True,True,,1.0,na
235,medium,"PREFIX wdt: <http://www.wikidata.org/prop/direct/>

SELECT ?item ?name WHERE {
?item wdt:P1448 ?name.
FILTER(LANG(?name) = ""mul"")
FILTER(CONTAINS(?name, ""/""))
}",True,True,True,,1.0,1.0
236,medium,"PREFIX bd: <http://www.bigdata.com/rdf#>
PREFIX wd: <http://www.wikidata.org/entity/>
PREFIX wdt: <http://www.wikidata.org/prop/direct/>
PREFIX wikibase: <http://wikiba.se/ontology#>

SELECT ?mathematician ?mathematicianLabel ?dob ?sibling ?siblingLabel ?siblingProfessionsLabel
WHERE
{
VALUES ?professions {wd:Q170790 wd:Q82594} .
VALUES ?siblingProfessions {wd:Q639669 wd:Q33999}.
?mathematician wdt:P106 ?professions ;
wdt:P3373 ?sibling ;
wdt:P569 ?dob .
?sibling wdt:P106 ?siblingProfessions .
SERVICE wikibase:label { bd:serviceParam wikibase:language ""[AUTO_LANGUAGE]"". }
}
ORDER BY ASC(?dob)",True,True,True,,1.0,1.0
237,medium,"PREFIX bd: <http://www.bigdata.com/rdf#>
PREFIX wd: <http://www.wikidata.org/entity/>
PREFIX wdt: <http://www.wikidata.org/prop/direct/>
PREFIX wikibase: <http://wikiba.se/ontology#>

SELECT ?awardeeLabel ?image WHERE {
?awardee wdt:P166 wd:Q55200.
?awardee wdt:P18 ?image.
SERVICE wikibase:label { bd:serviceParam wikibase:language ""[AUTO_LANGUAGE],en"". }
}",True,True,True,,1.0,na
238,medium,"PREFIX bd: <http://www.bigdata.com/rdf#>
PREFIX wd: <http://www.wikidata.org/entity/>
PREFIX wdt: <http://www.wikidata.org/prop/direct/>
PREFIX wikibase: <http://wikiba.se/ontology#>

SELECT DISTINCT ?coactorLabel (COUNT(?film) as ?films) WHERE {
?film wdt:P31 wd:Q11424 ; wdt:P161 wd:Q9535 ; wdt:P161 ?coactor.
FILTER(?coactor != wd:Q9535)
SERVICE wikibase:label { bd:serviceParam wikibase:language ""en"". }
}
GROUP BY ?coactorLabel",True,True,True,,1.0,na
239,medium,"PREFIX bd: <http://www.bigdata.com/rdf#>
PREFIX p: <http://www.wikidata.org/prop/>
PREFIX pq: <http://www.wikidata.org/prop/qualifier/>
PREFIX ps: <http://www.wikidata.org/prop/statement/>
PREFIX wd: <http://www.wikidata.org/entity/>
PREFIX wdt: <http://www.wikidata.org/prop/direct/>
PREFIX wikibase: <http://wikiba.se/ontology#>

SELECT ?muni ?muniLabel ?location where {
?muni p:P31 ?instanceOf; # Get statement because we need this later
wdt:P625 ?location. # And location
?instanceOf ps:P31 wd:Q2039348. # P31 should be 'municipality of the Netherlands'
MINUS { ?muni wdt:P31 wd:Q7265977. } # Don't show former municipalities
MINUS { ?instanceOf pq:P582 ?endTime. } # And don't show municipalities that have an end time
SERVICE wikibase:label { bd:serviceParam wikibase:language ""nl"". } # Show names in Dutch
}",True,True,True,,1.0,1.0
240,medium,"PREFIX rdfs: <http://www.w3.org/2000/01/rdf-schema#>
PREFIX wd: <http://www.wikidata.org/entity/>

SELECT * WHERE {
wd:Q137 rdfs:label ?label1 .
wd:Q12518 rdfs:label ?label2 .
BIND (lang(?label1) AS ?lang)
BIND (lang(?label2) AS ?lang)
BIND( IF( ?label1 = ?label2, ""same"", ""different"" ) AS ?result ) .
}",True,True,False,http_400,0.0,0.0
241,medium,"PREFIX bd: <http://www.bigdata.com/rdf#>
PREFIX prov: <http://www.w3.org/ns/prov#>
PREFIX p: <http://www.wikidata.org/prop/>
PREFIX pr: <http://www.wikidata.org/prop/reference/>
PREFIX ps: <http://www.wikidata.org/prop/statement/>
PREFIX wd: <http://www.wikidata.org/entity/>
PREFIX wdt: <http://www.wikidata.org/prop/direct/>
PREFIX wikibase: <http://wikiba.se/ontology#>

SELECT ?place1 ?place1Label ?place2 ?place2Label ?refurl WHERE {
?place1 p:P47 ?statement;
wdt:P31 ?place1type.
?statement ps:P47 ?place2;
FILTER (?place1type IN (wd:Q27971968)).
OPTIONAL {?statement prov:wasDerivedFrom/pr:P854 ?refurl}
SERVICE wikibase:label { bd:serviceParam wikibase:language ""[AUTO_LANGUAGE],en"" }
}",True,True,False,timeout,0.0,0.0
242,medium,"PREFIX bd: <http://www.bigdata.com/rdf#>
PREFIX wd: <http://www.wikidata.org/entity/>
PREFIX wdt: <http://www.wikidata.org/prop/direct/>
PREFIX wikibase: <http://wikiba.se/ontology#>

SELECT ?char ?charLabel ?group ?groupLabel (""7FFF00"" as ?rgb)
WHERE {
?group wdt:P31 wd:Q14514600 ; # group of fictional characters
wdt:P1080 wd:Q931597. # from Marvel universe
?char wdt:P463 ?group # member of group
SERVICE wikibase:label { bd:serviceParam wikibase:language ""[AUTO_LANGUAGE],en"".}
}",True,True,True,,1.0,na
243,medium,"PREFIX bd: <http://www.bigdata.com/rdf#>
PREFIX wd: <http://www.wikidata.org/entity/>
PREFIX wdt: <http://www.wikidata.org/prop/direct/>
PREFIX wikibase: <http://wikiba.se/ontology#>

SELECT ?library ?libraryLabel ?coordinate_location WHERE {
SERVICE wikibase:label { bd:serviceParam wikibase:language ""[AUTO_LANGUAGE],en"". }
?library wdt:P31 wd:Q7075.
?library wdt:P17 wd:Q668.
OPTIONAL { ?library wdt:P625 ?coordinate_location. }
}",True,True,True,,1.0,1.0
244,medium,"PREFIX bd: <http://www.bigdata.com/rdf#>
PREFIX xsd: <http://www.w3.org/2001/XMLSchema#>
PREFIX wd: <http://www.wikidata.org/entity/>
PREFIX wdt: <http://www.wikidata.org/prop/direct/>
PREFIX wikibase: <http://wikiba.se/ontology#>

SELECT distinct ?line ?lineLabel ?length WHERE {
?line wdt:P361 wd:Q129612.
OPTIONAL {
?line wdt:P2043 ?length.
}
SERVICE wikibase:label { bd:serviceParam wikibase:language ""[AUTO_LANGUAGE],de"". }
}
ORDER BY xsd:integer(?lineLabel) ?lineLabel",True,True,True,,1.0,1.0
245,medium,"PREFIX bd: <http://www.bigdata.com/rdf#>
PREFIX xsd: <http://www.w3.org/2001/XMLSchema#>
PREFIX wd: <http://www.wikidata.org/entity/>
PREFIX wdt: <http://www.wikidata.org/prop/direct/>
PREFIX wikibase: <http://wikiba.se/ontology#>

select distinct ?item ?itemLabel ?itemDescription ?birth where {
?item wdt:P106 wd:Q36180 ;
wdt:P27 wd:Q96 ;
wdt:P570 ?death;
wdt:P569 ?birth;
filter (?birth > ""1800-01-01""^^xsd:dateTime && ?birth < ""1900-01-01""^^xsd:dateTime)
SERVICE wikibase:label { bd:serviceParam wikibase:language ""es,en"" }
}",True,True,True,,1.0,na
246,medium,"PREFIX bd: <http://www.bigdata.com/rdf#>
PREFIX p: <http://www.wikidata.org/prop/>
PREFIX pq: <http://www.wikidata.org/prop/qualifier/>
PREFIX ps: <http://www.wikidata.org/prop/statement/>
PREFIX wd: <http://www.wikidata.org/entity/>
PREFIX wdt: <http://www.wikidata.org/prop/direct/>
PREFIX wikibase: <http://wikiba.se/ontology#>

SELECT ?prize ?prizeLabel ?winner ?winnerLabel {
?winner p:P166 ?pstmt. ?pstmt ps:P166 ?prize. ?prize wdt:P31 wd:Q1350697.
?pstmt pq:P585 ?time. BIND(YEAR(?time) as ?year)
FILTER(?year >= 1990)
FILTER(?year < 2000)
SERVICE wikibase:label { bd:serviceParam wikibase:language ""en"". }
}",True,True,True,,1.0,1.0
247,medium,"PREFIX bd: <http://www.bigdata.com/rdf#>
PREFIX wd: <http://www.wikidata.org/entity/>
PREFIX wdt: <http://www.wikidata.org/prop/direct/>
PREFIX wikibase: <http://wikiba.se/ontology#>

SELECT DISTINCT ?item ?itemLabel ?placeLabel ?coords ?image WHERE {
?item wdt:P31 wd:Q42661374 ;
wdt:P625 ?coords ;
wdt:P131 ?place .
OPTIONAL { ?item wdt:P18 ?image }
SERVICE wikibase:label { bd:serviceParam wikibase:language ""en"" . }
} ORDER BY ?itemLabel",True,True,True,,1.0,1.0
248,medium,"PREFIX bd: <http://www.bigdata.com/rdf#>
PREFIX wd: <http://www.wikidata.org/entity/>
PREFIX wdt: <http://www.wikidata.org/prop/direct/>
PREFIX wikibase: <http://wikiba.se/ontology#>

SELECT DISTINCT ?human ?humanLabel
WHERE
{
VALUES ?professions {wd:Q177220 wd:Q639669 wd:Q488205}
?human wdt:P31 wd:Q5 .
?human wdt:P106 ?professions .
?human wdt:P136 wd:Q431415 .
SERVICE wikibase:label { bd:serviceParam wikibase:language ""en"" }
}
LIMIT 100",True,True,True,,1.0,1.0
249,medium,"PREFIX bd: <http://www.bigdata.com/rdf#>
PREFIX wd: <http://www.wikidata.org/entity/>
PREFIX wdt: <http://www.wikidata.org/prop/direct/>
PREFIX wikibase: <http://wikiba.se/ontology#>

SELECT ?Athletic ?AthleticLabel ?jaiolekua ?jaiolekuaLabel ?koord WHERE {
SERVICE wikibase:label { bd:serviceParam wikibase:language ""[AUTO_LANGUAGE],en"". }
?Athletic wdt:P54 wd:Q10315;
wdt:P19 ?jaiolekua.
?jaiolekua wdt:P625 ?koord.
}",True,True,True,,1.0,1.0
250,medium,"PREFIX bd: <http://www.bigdata.com/rdf#>
PREFIX wd: <http://www.wikidata.org/entity/>
PREFIX wdt: <http://www.wikidata.org/prop/direct/>
PREFIX wikibase: <http://wikiba.se/ontology#>

SELECT ?q ?qLabel ?loc ?locLabel { ?q wdt:P19 ?loc . ?loc wdt:P31/wdt:P279* wd:Q4022 . SERVICE wikibase:label { bd:serviceParam wikibase:language ""[AUTO_LANGUAGE],en"". } }",True,True,True,,1.0,1.0
251,medium,"PREFIX bd: <http://www.bigdata.com/rdf#>
PREFIX wd: <http://www.wikidata.org/entity/>
PREFIX wdt: <http://www.wikidata.org/prop/direct/>
PREFIX wikibase: <http://wikiba.se/ontology#>

SELECT ?item ?itemLabel ?coordinate WHERE {
wd:Q93286 wdt:P625 ?Center.
?item wdt:P31 wd:Q921099 . # ist ein Steinkreuz
SERVICE wikibase:around {
?item wdt:P625 ?coordinate.
bd:serviceParam wikibase:center ?Center.
bd:serviceParam wikibase:radius ""25"". # 25 Kilometer around
}
SERVICE wikibase:label { bd:serviceParam wikibase:language ""hsb,de,[AUTO_LANGUAGE]"". }
#FILTER(EXISTS { ?place (wdt:P31/wdt:P279*) wd:Q1248784. })
}",True,True,False,http_500,0.0,0.0
252,medium,"PREFIX bd: <http://www.bigdata.com/rdf#>
PREFIX wd: <http://www.wikidata.org/entity/>
PREFIX wdt: <http://www.wikidata.org/prop/direct/>
PREFIX wikibase: <http://wikiba.se/ontology#>

SELECT DISTINCT ?item ?itemLabel ?itemDescription ?image ?collection WHERE {
    ?item wdt:P31 wd:Q3305213 ; # Get items that are instances of painting
          wdt:P170 wd:Q5598 ; # By creator Rembrandt
          wdt:P195/wdt:P361* ?collection . # That are in some collection

    # Only return results where 'collection' is either Rijkmuseum or Louvre
    FILTER ( ?collection = wd:Q190804 || ?collection = wd:Q19675 )

    OPTIONAL { ?item wdt:P18 ?image } # Optionally with an image

    SERVICE wikibase:label { bd:serviceParam wikibase:language ""[AUTO_LANGUAGE]"" }
}",True,True,True,,1.0,1.0
253,medium,"PREFIX p: <http://www.wikidata.org/prop/>
PREFIX pq: <http://www.wikidata.org/prop/qualifier/>
PREFIX ps: <http://www.wikidata.org/prop/statement/>
PREFIX wd: <http://www.wikidata.org/entity/>
PREFIX wdt: <http://www.wikidata.org/prop/direct/>

SELECT ?pays (floor(year(?date)/10)*10 as ?layer) ?date ?image ?location WHERE {
?pays p:P31 ?property.
?property ps:P31 wd:Q160016.
?property pq:P580 ?date.
?pays wdt:P625 ?location.
?pays wdt:P41 ?image.
}",True,True,True,,1.0,1.0
254,medium,"PREFIX bd: <http://www.bigdata.com/rdf#>
PREFIX wd: <http://www.wikidata.org/entity/>
PREFIX wdt: <http://www.wikidata.org/prop/direct/>
PREFIX wikibase: <http://wikiba.se/ontology#>

SELECT (COUNT(?mp) AS ?mps) ?job ?jobLabel
WHERE {
?mp wdt:P39 wd:Q16707842;
wdt:P106 ?job.
FILTER (?job not in (wd:Q82955, wd:Q16707842) )
SERVICE wikibase:label { bd:serviceParam wikibase:language ""en"" }
} GROUP BY ?job ?jobLabel
ORDER BY DESC(?mps)",True,False,True,,1.0,1.0
255,medium,"PREFIX bd: <http://www.bigdata.com/rdf#>
PREFIX wd: <http://www.wikidata.org/entity/>
PREFIX wdt: <http://www.wikidata.org/prop/direct/>
PREFIX wikibase: <http://wikiba.se/ontology#>

SELECT ?hukum ?hukumLabel ?daerahLabel ?koord WHERE {
SERVICE wikibase:label { bd:serviceParam wikibase:language ""id"". }
?hukum wdt:P921 wd:Q2986880.
?hukum wdt:P31/wdt:P279* wd:Q12504878.
?hukum wdt:P1001 ?daerah.
?daerah wdt:P625 ?koord.
}",True,True,True,,1.0,1.0
256,medium,"PREFIX bd: <http://www.bigdata.com/rdf#>
PREFIX wd: <http://www.wikidata.org/entity/>
PREFIX wdt: <http://www.wikidata.org/prop/direct/>
PREFIX wikibase: <http://wikiba.se/ontology#>

SELECT DISTINCT ?cited ?citedLabel ?citedAuthor ?citedAuthorLabel ?award ?awardLabel WHERE {
?work wdt:P50 wd:Q20895241 . # replace by the item of another author
?cited wdt:P2860 ?work .
?cited wdt:P50 ?citedAuthor .
?citedAuthor wdt:P166 ?award .
?award wdt:P31 wd:Q7191
SERVICE wikibase:label { bd:serviceParam wikibase:language ""[AUTO_LANGUAGE],en"". }
}",True,True,True,,1.0,na
257,medium,"PREFIX wd: <http://www.wikidata.org/entity/>
PREFIX wdt: <http://www.wikidata.org/prop/direct/>

SELECT ?decennie (COUNT(?item) AS ?compte) WHERE {
?item wdt:P195 wd:Q108427678 ; wdt:P577 ?date .
BIND ( STR(FLOOR(YEAR(?date)/10)) AS ?decennie )
}
GROUP BY ?decennie",True,True,True,,1.0,na
258,medium,"PREFIX schema: <http://schema.org/>
PREFIX wd: <http://www.wikidata.org/entity/>
PREFIX wdt: <http://www.wikidata.org/prop/direct/>

SELECT ?item ?description (lang(?description) as ?lang) WHERE {
?item wdt:P195 wd:Q6941088.
?item schema:description ?description
}",True,True,True,,1.0,1.0
259,medium,"PREFIX rdfs: <http://www.w3.org/2000/01/rdf-schema#>
PREFIX wdt: <http://www.wikidata.org/prop/direct/>

SELECT ?item ?en_name ?zh_name ?cbdb ?viaf WHERE {
?item wdt:P497 ?cbdb;
wdt:P214 ?viaf.
OPTIONAL{ ?item rdfs:label ?en_name filter (lang(?en_name) = ""en"") }
OPTIONAL{ ?item rdfs:label ?zh_name filter (lang(?zh_name) = ""zh"") }
} ORDER BY ?cbdb",True,True,True,,1.0,1.0
260,complex,"PREFIX rdfs: <http://www.w3.org/2000/01/rdf-schema#>
PREFIX schema: <http://schema.org/>
PREFIX wd: <http://www.wikidata.org/entity/>
PREFIX wdt: <http://www.wikidata.org/prop/direct/>

SELECT ?director ?director_label (count(distinct ?film) as ?films) (count(distinct ?sitelink) as ?sitelinks) ((?films * ?sitelinks) as ?rank)
WHERE
{
?director wdt:P106 wd:Q2526255 . # has ""film director"" as occupation
?film wdt:P57 ?director . # get all films directed by the director
?sitelink schema:about ?director . # get all the sitelinks about the director
OPTIONAL {?director rdfs:label ?director_label # get the label of the director (if it exists)
FILTER (lang(?director_label) = ""en"") # filter for only English labels
}
}
GROUP BY ?director ?director_label
ORDER BY DESC(?rank)
LIMIT 100",True,True,True,,1.0,1.0
261,complex,"PREFIX bd: <http://www.bigdata.com/rdf#>
PREFIX p: <http://www.wikidata.org/prop/>
PREFIX pq: <http://www.wikidata.org/prop/qualifier/>
PREFIX ps: <http://www.wikidata.org/prop/statement/>
PREFIX wd: <http://www.wikidata.org/entity/>
PREFIX wdt: <http://www.wikidata.org/prop/direct/>
PREFIX wikibase: <http://wikiba.se/ontology#>

SELECT ?geo ?causes ?countryLabel ?rgb ?population (CONCAT(str(year(?datum)),""-"",CONCAT(IF(month(?datum)<10,""0"",""""),str(month(?datum))),""-"",CONCAT(IF(day(?datum)<10,""0"",""""),str(day(?datum)))) AS ?when) {
?item wdt:P1269 wd:Q81068910 .
?item wdt:P17 ?country .
?country wdt:P1082 ?pop.
?country wdt:P3896 ?geo .
MINUS { ?item wdt:P31 wd:Q186117 . }
OPTIONAL { ?item p:P1603 ?p1603stm .
?p1603stm ps:P1603 ?nr_causes .
?p1603stm wikibase:rank ?rank . FILTER(?rank=wikibase:PreferredRank)
OPTIONAL{?p1603stm pq:P585 ?datum }
}
BIND(IF(?nr_causes>=100,'FF0000',IF(?nr_causes>=10,'FF3333',IF(?nr_causes>=5,'FF6666',IF(?nr_causes>=2,'FF9999',IF(?nr_causes>0,'FFCCCC','FFFFFF'))))) AS ?rgb)
BIND(CONCAT(""Number of cases coronavirus reported: "", str(?nr_causes)) AS ?causes)
BIND((round(?pop/100000)/10) AS ?popM )
BIND(CONCAT(""Population (million): "", str(round(?popM))) AS ?population)
SERVICE wikibase:label { bd:serviceParam wikibase:language ""en"". }
}",True,True,True,,1.0,na
262,complex,"PREFIX bd: <http://www.bigdata.com/rdf#>
PREFIX wd: <http://www.wikidata.org/entity/>
PREFIX wdt: <http://www.wikidata.org/prop/direct/>
PREFIX wikibase: <http://wikiba.se/ontology#>

SELECT DISTINCT ?thesis ?thesisLabel ?author ?authorLabel ?authorname ?institutionLabel ?year ?url WHERE {
?thesis wdt:P31 wd:Q187685 # doctoral theses
OPTIONAL {
{ ?author wdt:P1026 ?thesis }
UNION
{ ?thesis wdt:P50 ?author }
}
OPTIONAL { ?thesis wdt:P4101 ?institution }
OPTIONAL { ?thesis wdt:[property:full work available at URL] ?url }
OPTIONAL { ?thesis wdt:P2093 ?authorname }
OPTIONAL { ?thesis wdt:P571 ?date } # inception
BIND(YEAR(?date) AS ?year)
SERVICE wikibase:label { bd:serviceParam wikibase:language ""[AUTO_LANGUAGE],en"" }
}",False,False,False,not_linked,0.0,0.0
263,complex,"PREFIX bd: <http://www.bigdata.com/rdf#>
PREFIX wd: <http://www.wikidata.org/entity/>
PREFIX wdt: <http://www.wikidata.org/prop/direct/>
PREFIX wikibase: <http://wikiba.se/ontology#>
PREFIX gas: <http://www.bigdata.com/rdf/gas#>

SELECT ?item ?itemLabel ?pic ?linkTo
WHERE
{
SERVICE gas:service {
gas:program gas:gasClass ""com.bigdata.rdf.graph.analytics.SSSP"" ;
gas:in wd:Q1968598;
gas:traversalDirection ""Reverse"" ;
gas:out ?item ;
gas:out1 ?depth ;
gas:maxIterations 3 ;
gas:linkType wdt:P171 .
}
OPTIONAL { ?item wdt:P171 ?linkTo }
OPTIONAL { ?item wdt:P18 ?pic }
SERVICE wikibase:label {bd:serviceParam wikibase:language ""en"" }
}",True,True,False,http_500,0.0,0.0
264,complex,"PREFIX bd: <http://www.bigdata.com/rdf#>
PREFIX prov: <http://www.w3.org/ns/prov#>
PREFIX p: <http://www.wikidata.org/prop/>
PREFIX pr: <http://www.wikidata.org/prop/reference/>
PREFIX ps: <http://www.wikidata.org/prop/statement/>
PREFIX wdt: <http://www.wikidata.org/prop/direct/>
PREFIX wikibase: <http://wikiba.se/ontology#>

SELECT DISTINCT ?pmid ?citation ?citationLabel
WHERE
{
VALUES ?predictor {p:P3354 p:P3355 p:P3356 p:P3357 p:P3358 p:P3359 }
?item p:P3329 ?civicId ;
?predictor ?predictor_value .
?civicId ps:P3329 ?id .
?predictor_value prov:wasDerivedFrom ?reference .
?reference pr:P248 ?citation .
?citation wdt:P698 ?pmid ;
SERVICE wikibase:label { bd:serviceParam wikibase:language ""en"" }
}",True,True,True,,1.0,1.0
265,complex,"PREFIX bd: <http://www.bigdata.com/rdf#>
PREFIX wd: <http://www.wikidata.org/entity/>
PREFIX wdt: <http://www.wikidata.org/prop/direct/>
PREFIX wikibase: <http://wikiba.se/ontology#>

SELECT ?item ?itemLabel (SAMPLE(?image) AS ?image) ?sitelinks WHERE {
{
?item wdt:P31/wdt:P279* wd:Q34379;
wdt:P170 wd:Q182011.
} UNION {
?item wdt:P31/wdt:P279* wd:Q1068162.
}
OPTIONAL { ?item wdt:P18 ?image. }
?item wikibase:sitelinks ?sitelinks.
SERVICE wikibase:label { bd:serviceParam wikibase:language ""[AUTO_LANGUAGE],en"". }
}
GROUP BY ?item ?itemLabel ?sitelinks
ORDER BY DESC(?sitelinks)",True,True,False,http_400,0.0,0.0
267,complex,"PREFIX rdfs: <http://www.w3.org/2000/01/rdf-schema#>
PREFIX p: <http://www.wikidata.org/prop/>
PREFIX pq: <http://www.wikidata.org/prop/qualifier/>
PREFIX ps: <http://www.wikidata.org/prop/statement/>
PREFIX wd: <http://www.wikidata.org/entity/>
PREFIX wikibase: <http://wikiba.se/ontology#>

SELECT ?item ?url ?sites WHERE {
?item p:P973 ?s. ?s ps:P973 ?url . ?s pq:P407 wd:Q1860 .
?item wikibase:sitelinks ?sites
FILTER NOT EXISTS{?item rdfs:label ?label FILTER(LANG(?label) = ""en"") }
} ORDER BY DESC(?sites)",True,True,True,,1.0,na
268,complex,"PREFIX bd: <http://www.bigdata.com/rdf#>
PREFIX wd: <http://www.wikidata.org/entity/>
PREFIX wdt: <http://www.wikidata.org/prop/direct/>
PREFIX wikibase: <http://wikiba.se/ontology#>

SELECT ?sandwich ?ingredient ?sandwichLabel ?ingredientLabel
WHERE
{
?sandwich wdt:P31?/wdt:P279* wd:Q28803;
wdt:P527 ?ingredient.
MINUS { ?ingredient wdt:P279* wd:Q7802. }
SERVICE wikibase:label { bd:serviceParam wikibase:language ""en"", ""fr"". }
}
ORDER BY UCASE(STR(?sandwichLabel))",True,True,True,,1.0,1.0
269,complex,"PREFIX xsd: <http://www.w3.org/2001/XMLSchema#>
PREFIX p: <http://www.wikidata.org/prop/>
PREFIX pq: <http://www.wikidata.org/prop/qualifier/>
PREFIX ps: <http://www.wikidata.org/prop/statement/>
PREFIX wd: <http://www.wikidata.org/entity/>
PREFIX wdt: <http://www.wikidata.org/prop/direct/>

SELECT (SAMPLE(?seasonNumber) AS ?seasonNumber) (SAMPLE(?episodeNumber) AS ?episodeNumber) (SAMPLE(?title) AS ?title) (MIN(?pubDate) AS ?pubDate) ?episode
WHERE
{
# All episodes should be instance of episode with series Law & Order.
?episode wdt:P31 wd:Q21191270;
wdt:P179 wd:Q321423.
# Many of them also have the season as series, so we can get episode and season number from qualifiers there.
OPTIONAL {
?episode p:P179 [
ps:P179 [
# the season also has series Law & Order
p:P179 [
ps:P179 wd:Q321423;
pq:P1545 ?seasonNumber
]
];
pq:P1545 ?episodeNumber
].
}
OPTIONAL { ?episode wdt:P1476 ?title. }
OPTIONAL { ?episode wdt:P577 ?pubDate. }
}
GROUP BY ?episode # make sure we return each episode only once - a few have multiple publication dates, for example
ORDER BY IF(BOUND(?seasonNumber),xsd:integer(?seasonNumber),1000) xsd:integer(?episodeNumber) ?title",True,False,False,http_400,0.0,0.0
270,complex,"PREFIX wd: <http://www.wikidata.org/entity/>
PREFIX wdt: <http://www.wikidata.org/prop/direct/>

SELECT ?img (count(?church) AS ?cnt) (group_concat(?church; separator="";"") AS ?churches) { ?church wdt:P31 wd:Q16970 . ?church wdt:P18 ?img } GROUP BY ?img HAVING (?cnt>1)
ORDER BY desc(?cnt)",True,True,True,,1.0,na
271,complex,"PREFIX bd: <http://www.bigdata.com/rdf#>
PREFIX rdfs: <http://www.w3.org/2000/01/rdf-schema#>
PREFIX wd: <http://www.wikidata.org/entity/>
PREFIX wdt: <http://www.wikidata.org/prop/direct/>
PREFIX wikibase: <http://wikiba.se/ontology#>

SELECT DISTINCT
?conf ?confLabel
?startDate ?endDate
?url
?hashtag
(GROUP_CONCAT(DISTINCT ?envLabel;separator="", "") AS ?environments)
(GROUP_CONCAT(DISTINCT ?orgLabel;separator="", "") AS ?organizers)
WHERE {
# web conferences with homepage
?conf wdt:P31/wdt:P279* wd:Q1543677 ;
wdt:P856 ?url .
OPTIONAL { # which software is used?
?conf wdt:P2283 ?env .
?env wdt:P31/wdt:P279* wd:Q7397
}
OPTIONAL { ?conf wdt:P580 ?startDate }
OPTIONAL { ?conf wdt:P582 ?endDate }
OPTIONAL { ?conf wdt:P2572 ?hashtag }
OPTIONAL { ?conf wdt:P664 ?org }
SERVICE wikibase:label {
bd:serviceParam wikibase:language ""[AUTO_LANGUAGE],en"" .
?conf rdfs:label ?confLabel .
?env rdfs:label ?envLabel .
?org rdfs:label ?orgLabel .
}
} GROUP BY ?conf ?confLabel ?url ?startDate ?endDate ?hashtag ?organizers",True,True,True,,1.0,1.0
272,complex,"PREFIX bd: <http://www.bigdata.com/rdf#>
PREFIX xsd: <http://www.w3.org/2001/XMLSchema#>
PREFIX p: <http://www.wikidata.org/prop/>
PREFIX psv: <http://www.wikidata.org/prop/statement/value/>
PREFIX wd: <http://www.wikidata.org/entity/>
PREFIX wdt: <http://www.wikidata.org/prop/direct/>
PREFIX wikibase: <http://wikiba.se/ontology#>

SELECT ?occ ?occLabel ?avgAge ?avgBirthYear ?count
WHERE
{
{
# Group the people by their occupation and calculate age
SELECT
?occ
(count(?p) as ?count)
(round(avg(?birthYear)) as ?avgBirthYear)
(avg(?deathYear - ?birthYear) as ?avgAge)
WHERE {
{
# Get people with occupation + birth/death dates; combine multiple birth/death dates using avg
SELECT
?p
?occ
(avg(year(?birth)) as ?birthYear)
(avg(year(?death)) as ?deathYear)
WHERE {
?p wdt:P31 wd:Q5 ;
wdt:P106 ?occ ;
p:P569/psv:P569 [
wikibase:timePrecision ""9""^^xsd:integer ; # precision of at least year
wikibase:timeValue ?birth ;
] ;
p:P570/psv:P570 [
wikibase:timePrecision ""9""^^xsd:integer ; # precision of at least year
wikibase:timeValue ?death ;
] .
}
GROUP BY ?p ?occ
}
}
GROUP BY ?occ
LIMIT 200
}
FILTER (?count > 300) # arbitrary number to weed out values with 'few' observations
SERVICE wikibase:label { bd:serviceParam wikibase:language ""fr"" . }
}
ORDER BY ASC(?avgAge)",True,True,True,,1.0,1.0
273,complex,"PREFIX bd: <http://www.bigdata.com/rdf#>
PREFIX hint: <http://www.bigdata.com/queryHints#>
PREFIX wd: <http://www.wikidata.org/entity/>
PREFIX wdt: <http://www.wikidata.org/prop/direct/>
PREFIX wikibase: <http://wikiba.se/ontology#>

SELECT
?p ?pLabel ?comparewithLabel
(SAMPLE(?url) AS ?url_comp2)
WHERE
{
BIND(wd:Q39666 as ?comparewith)
hint:Query hint:optimizer ""None"".
{ ?comparewith ?wdt ?v.
?p wikibase:directClaim ?wdt; wikibase:propertyType wikibase:ExternalId.
FILTER NOT EXISTS { wd:Q4573 ?wdt [] }
FILTER NOT EXISTS { ?p wdt:P31 wd:Q66712599 }
FILTER NOT EXISTS { ?p wdt:P31 wd:Q27525351 }
FILTER NOT EXISTS { ?p wdt:P31 wd:Q66118402 }
OPTIONAL { ?p wdt:P1630 ?f. } BIND(URI(REPLACE(?f, ""\\$1"", ?v)) AS ?url)
} UNION { BIND( wd:Q4573 as ?p) }
SERVICE wikibase:label { bd:serviceParam wikibase:language ""[AUTO_LANGUAGE],en""}
}
GROUP BY ?p ?pLabel ?comparewithLabel
ORDER BY (?url_comp2)",True,True,True,,1.0,na
274,complex,"PREFIX bd: <http://www.bigdata.com/rdf#>
PREFIX wd: <http://www.wikidata.org/entity/>
PREFIX wdt: <http://www.wikidata.org/prop/direct/>
PREFIX wikibase: <http://wikiba.se/ontology#>

SELECT DISTINCT ?person ?personLabel ?personimage ?field ?fieldLabel WHERE {
{?person wdt:P21 wd:Q2449503 } UNION {?person wdt:P21 wd:Q1052281 } # trans men and women
?person wdt:P106/wdt:P279* wd:Q483501 . # artist
?person wdt:P106 ?field.
?field wdt:P279* wd:Q483501
MINUS {?field wdt:P279* wd:Q33999} # not actors
OPTIONAL{ ?person wdt:P18 ?personimage }
SERVICE wikibase:label { bd:serviceParam wikibase:language ""[AUTO_LANGUAGE],en"" }
}",True,True,True,,1.0,1.0
275,complex,"PREFIX bd: <http://www.bigdata.com/rdf#>
PREFIX hint: <http://www.bigdata.com/queryHints#>
PREFIX rdfs: <http://www.w3.org/2000/01/rdf-schema#>
PREFIX p: <http://www.wikidata.org/prop/>
PREFIX psv: <http://www.wikidata.org/prop/statement/value/>
PREFIX wd: <http://www.wikidata.org/entity/>
PREFIX wdt: <http://www.wikidata.org/prop/direct/>
PREFIX wikibase: <http://wikiba.se/ontology#>

SELECT ?place ?placeLabel ?location (GROUP_CONCAT(?typeLabel_;separator=""; "") as ?typeLabel) WHERE {
hint:Query hint:optimizer ""None"".
VALUES ?island {wd:Q1552121}
?island wdt:P5140 ?point .
SERVICE wikibase:around {
?place wdt:P625 ?location .
bd:serviceParam wikibase:center ?point .
bd:serviceParam wikibase:radius ""10"" .
}
?place p:P625/psv:P625/wikibase:geoLatitude ?lat .
?place p:P625/psv:P625/wikibase:geoLongitude ?long .
?island p:P1332/psv:P1332/wikibase:geoLatitude ?north .
?island p:P1333/psv:P1333/wikibase:geoLatitude ?south .
?island p:P1334/psv:P1334/wikibase:geoLongitude ?east .
?island p:P1335/psv:P1335/wikibase:geoLongitude ?west .
FILTER ( ?lat <= ?north )
FILTER ( ?lat >= ?south )
FILTER ( ?long <= ?east )
FILTER ( ?long >= ?west )
OPTIONAL { ?place wdt:P31 ?type . }
SERVICE wikibase:label { bd:serviceParam wikibase:language ""en"" .
?place rdfs:label ?placeLabel .
?type rdfs:label ?typeLabel_ .}
} group by ?place ?placeLabel ?location",True,True,True,,1.0,na
276,complex,"PREFIX wd: <http://www.wikidata.org/entity/>
PREFIX wikibase: <http://wikiba.se/ontology#>

PREFIX dct: <http://purl.org/dc/terms/> # workaround for T233148
SELECT ?lexeme ?lemma (STRLEN(?lemma) AS ?length) WHERE {
BIND(wd:Q1860 AS ?language)
?lexeme dct:language ?language;
wikibase:lemma ?lemma.
FILTER(STRLEN(?lemma) >= 5)
# first version allows repeated letters, second one doesn't
# FILTER(REGEX(?lemma, ""^A*B*C*D*E*F*G*H*I*J*K*L*M*N*O*P*Q*R*S*T*U*V*Q*X*Y*Z*$"", ""i""))
FILTER(REGEX(?lemma, ""^A?B?C?D?E?F?G?H?I?J?K?L?M?N?O?P?Q?R?S?T?U?V?Q?X?Y?Z?$"", ""i""))
}
ORDER BY DESC(?length)",True,True,True,,1.0,na
277,complex,"PREFIX bd: <http://www.bigdata.com/rdf#>
PREFIX wd: <http://www.wikidata.org/entity/>
PREFIX wdt: <http://www.wikidata.org/prop/direct/>
PREFIX wikibase: <http://wikiba.se/ontology#>

SELECT DISTINCT ?decade ?place ?placeLabel ?coord ?year ?xLabel ?image
(SAMPLE(?x) AS ?x) (SAMPLE(?layer) AS ?layer) WHERE {
{ ?x wdt:P361 wd:Q2603503. }
UNION
{ ?x wdt:P361 wd:Q16964319 . }
?x wdt:P577 ?date ;
wdt:P291 ?place .
?place wdt:P625 ?coord.
OPTIONAL {?x wdt:P18 ?image . }
BIND (YEAR(?date) AS ?year)
BIND(FLOOR(?year / 10) *10 as ?decade )
BIND(
IF(?decade =1770, ""1770s"",
IF(?decade =1780, ""1780s"",
IF(?decade =1790, ""1790s"",
IF(?decade =1800, ""1800s"",
IF(?decade =1810, ""1810s"",
IF(?decade =1820, ""1820s"",
IF(?decade =1830, ""1830s"",
IF(?decade =1840, ""1840s"",
IF(?decade =1850, ""1850s"",
IF(?decade =1860, ""1860s"",
IF(?decade =1870, ""1870s"",
IF(?decade =1880, ""1880s"",
IF(?decade =1890, ""1890s"",
IF(?decade =1900, ""1900s"",
IF(?decade =1910, ""1910s"",
IF(?decade =1920, ""1920s"",
IF(?decade =1930, ""1930s"",
IF(?decade =1940, ""1940s"",
IF(?decade =1950, ""1950s"",
IF(?decade =1960, ""1960s"",
IF(?decade =1970, ""1970s"",
IF(?decade =1980, ""1980s"",
IF(?decade =1990, ""1990s"",
"" ""))))))))))))))))))))))) AS ?layer).
SERVICE wikibase:label { bd:serviceParam wikibase:language ""en"". }
}
GROUP BY ?decade ?place ?placeLabel ?coord ?year ?xLabel ?image
ORDER BY ?decade",True,True,False,http_400,0.0,0.0
279,complex,"PREFIX bd: <http://www.bigdata.com/rdf#>
PREFIX p: <http://www.wikidata.org/prop/>
PREFIX pq: <http://www.wikidata.org/prop/qualifier/>
PREFIX ps: <http://www.wikidata.org/prop/statement/>
PREFIX wd: <http://www.wikidata.org/entity/>
PREFIX wdt: <http://www.wikidata.org/prop/direct/>
PREFIX wikibase: <http://wikiba.se/ontology#>

SELECT ?animal ?animalLabel ?count
WITH {
SELECT DISTINCT ?animal ?statement WHERE {
?work wdt:P31/wdt:P279* wd:Q838948;
p:P180 ?statement.
?statement ps:P180 ?depicted.
MINUS { ?statement wikibase:rank wikibase:DeprecatedRank. }
?depicted wdt:P31? ?animal.
?animal wdt:P279+ wd:Q729.
MINUS { ?animal wdt:P279* wd:Q15978631. }
}
} AS %statements
WITH {
SELECT ?animal (SUM(COALESCE(?quantity, 1)) AS ?count) WHERE {
INCLUDE %statements.
OPTIONAL { ?statement pq:P1114 ?quantity. }
}
GROUP BY ?animal
HAVING(?count >= 10)
} AS %counts
WHERE {
INCLUDE %counts.
SERVICE wikibase:label { bd:serviceParam wikibase:language ""[AUTO_LANGUAGE],en"". }
}
ORDER BY DESC(?count)",True,True,False,http_400,0.0,0.0
280,complex,"PREFIX bd: <http://www.bigdata.com/rdf#>
PREFIX p: <http://www.wikidata.org/prop/>
PREFIX psv: <http://www.wikidata.org/prop/statement/value/>
PREFIX wd: <http://www.wikidata.org/entity/>
PREFIX wdt: <http://www.wikidata.org/prop/direct/>
PREFIX wikibase: <http://wikiba.se/ontology#>

SELECT DISTINCT ?region ?regionLabel ?country ?countryLabel ?area ?population ?density ?coords
WHERE
{
?region wdt:P31/wdt:P279* wd:Q10864048 ;
wdt:P17 ?country ;
wdt:P1082 ?population ;
p:P2046/psv:P2046 [
wikibase:quantityAmount ?baseArea ;
wikibase:quantityUnit [
p:P2370/psv:P2370 [
wikibase:quantityAmount ?unitArea;
wikibase:quantityUnit wd:Q25343
]
]
] ;
wdt:P625 ?coords .
FILTER NOT EXISTS { ?region wdt:P576 ?x }
BIND(?baseArea * ?unitArea / 1000000 AS ?area) .
FILTER ( ?area > 0 )
FILTER ( ?population > 0 )
BIND ((?population / ?area) AS ?density)
FILTER ( ?density < 30 )
?country wdt:P30 wd:Q46 .
FILTER NOT EXISTS { ?country wdt:P17 wd:Q3024240 }
FILTER NOT EXISTS { ?country wdt:P576 ?x }
SERVICE wikibase:label { bd:serviceParam wikibase:language ""[AUTO_LANGUAGE],en"". }
}
ORDER BY ?density ?countryLabel ?regionLabel",True,True,False,http_400,0.0,0.0
281,complex,"PREFIX bd: <http://www.bigdata.com/rdf#>
PREFIX p: <http://www.wikidata.org/prop/>
PREFIX pq: <http://www.wikidata.org/prop/qualifier/>
PREFIX ps: <http://www.wikidata.org/prop/statement/>
PREFIX wd: <http://www.wikidata.org/entity/>
PREFIX wdt: <http://www.wikidata.org/prop/direct/>
PREFIX wikibase: <http://wikiba.se/ontology#>

SELECT ?item ?itemLabel ?geo ?layer WHERE {
?item (wdt:P31/(wdt:P279*)) wd:Q11707;
wdt:P166 wd:Q20824563;
wdt:P17 wd:Q32;
wdt:P625 ?geo.
?item p:P166 [ps:P166 wd:Q20824563; pq:P1114 ?layer]
MINUS {?item wdt:P576 []}
SERVICE wikibase:label { bd:serviceParam wikibase:language ""[AUTO_LANGUAGE],en"". }
}",True,True,True,,1.0,1.0
282,complex,"PREFIX bd: <http://www.bigdata.com/rdf#>
PREFIX wikibase: <http://wikiba.se/ontology#>

SELECT ?prop ?propLabel ?count WHERE {
{
SELECT ?prop (COUNT(?ref) AS ?count) WHERE {
?prop wikibase:reference ?pr_pred . # the reference-specific form of a property
?ref ?pr_pred ?pr_obj . # to be found in any triple (any such triples will apply to references)
} GROUP BY ?pr_pred ?prop
}
SERVICE wikibase:label {
bd:serviceParam wikibase:language ""en""
}
} ORDER BY DESC (?count)",True,True,False,timeout,0.0,0.0
284,complex,"PREFIX bd: <http://www.bigdata.com/rdf#>
PREFIX wd: <http://www.wikidata.org/entity/>
PREFIX wdt: <http://www.wikidata.org/prop/direct/>
PREFIX wikibase: <http://wikiba.se/ontology#>

SELECT DISTINCT ?item ?itemLabel ?itemDescription (URI(REPLACE(?pattern, '\\$1', ?carthalia)) AS ?carthalia_URL) (SAMPLE(?coord) AS ?coord)
WHERE {
wd:P5652 wdt:P1630 ?pattern .
?item wdt:P5652 ?carthalia .
?item wdt:P625 ?coord .
SERVICE wikibase:label { bd:serviceParam wikibase:language ""en,de,fr,it,ru"". }
}
GROUP BY ?item ?itemLabel ?itemDescription ?carthalia ?carthalia_URL ?pattern ?coord
LIMIT 6000",True,True,False,http_400,0.0,0.0
285,complex,"PREFIX bd: <http://www.bigdata.com/rdf#>
PREFIX wd: <http://www.wikidata.org/entity/>
PREFIX wdt: <http://www.wikidata.org/prop/direct/>
PREFIX wikibase: <http://wikiba.se/ontology#>

SELECT ?countryLabel ?count WITH {
SELECT ?country (COUNT(DISTINCT ?human) AS ?count) WHERE {
?human wdt:P31 wd:Q5;
wdt:P27 ?country;
wdt:P1853 ?bloodType.
}
GROUP BY ?country
} AS %results WHERE {
INCLUDE %results.
SERVICE wikibase:label { bd:serviceParam wikibase:language ""[AUTO_LANGUAGE],en"". }
}
ORDER BY DESC(?count)",True,True,False,http_400,0.0,0.0
286,complex,"PREFIX bd: <http://www.bigdata.com/rdf#>
PREFIX wd: <http://www.wikidata.org/entity/>
PREFIX wdt: <http://www.wikidata.org/prop/direct/>
PREFIX wikibase: <http://wikiba.se/ontology#>

SELECT ?depicted ?depictedLabel ?ashcount ?ashexample ?ashexampleLabel ?clevcount ?clevexample ?clevexampleLabel WHERE {
{SELECT ?depicted (Sample(?itemash) AS ?ashexample) (COUNT(DISTINCT ?itemash) AS ?ashcount) (sample(?itemclev) as ?clevexample) (COUNT(DISTINCT ?itemclev) AS ?clevcount) WHERE {
?itemclev wdt:P195 wd:Q657415; wdt:P180 ?depicted.
?itemash wdt:P195 wd:Q636400 ; wdt:P180 ?depicted.
} GROUP BY ?depicted }
SERVICE wikibase:label { bd:serviceParam wikibase:language ""[AUTO_LANGUAGE],en"". }
} ORDER BY DESC(?ashcount + ?clevcount)",True,True,True,,1.0,1.0
287,complex,"PREFIX bd: <http://www.bigdata.com/rdf#>
PREFIX rdfs: <http://www.w3.org/2000/01/rdf-schema#>
PREFIX schema: <http://schema.org/>
PREFIX wd: <http://www.wikidata.org/entity/>
PREFIX wdt: <http://www.wikidata.org/prop/direct/>
PREFIX wikibase: <http://wikiba.se/ontology#>

SELECT DISTINCT
?item ?itemLabel
?sitelinks
(YEAR(?d) AS ?year)
(GROUP_CONCAT(DISTINCT ?directorLabel; SEPARATOR = "", "") AS ?directors)
?url
WHERE
{
?item wdt:P161 wd:Q106255;
wikibase:sitelinks ?sitelinks.
OPTIONAL {
?item wdt:P57 ?director.
?director rdfs:label ?directorLabel.
FILTER((LANG(?directorLabel)) = ""[AUTO_LANGUAGE]"")
}
?item wdt:P577 ?d.
FILTER(NOT EXISTS {
?item wdt:P577 ?d2.
FILTER(?d2 < ?d)
})
SERVICE wikibase:label { bd:serviceParam wikibase:language ""[AUTO_LANGUAGE],fr,en"". }
OPTIONAL { ?url schema:about ?item ; schema:isPartOf / wikibase:wikiGroup ""wikipedia"" ; schema:inLanguage ""[AUTO_LANGUAGE]"" }
}
GROUP BY ?item ?itemLabel ?sitelinks ?d ?url
ORDER BY DESC (?sitelinks) ?item",True,True,True,,1.0,na
288,complex,"PREFIX bd: <http://www.bigdata.com/rdf#>
PREFIX xsd: <http://www.w3.org/2001/XMLSchema#>
PREFIX p: <http://www.wikidata.org/prop/>
PREFIX pq: <http://www.wikidata.org/prop/qualifier/>
PREFIX ps: <http://www.wikidata.org/prop/statement/>
PREFIX wd: <http://www.wikidata.org/entity/>
PREFIX wdt: <http://www.wikidata.org/prop/direct/>
PREFIX wikibase: <http://wikiba.se/ontology#>

SELECT DISTINCT ?actor ?actorLabel ?characterLabel WHERE {
?actor wdt:P31 wd:Q5;
wdt:P21 wd:Q6581097;
wdt:P569 ?dob.
?movie1 wdt:P31/wdt:P279* wd:Q11424;
wdt:P179 ?trilogy;
p:P161 [
ps:P161 ?actor;
pq:P453 ?character
];
wdt:P577 ?movie1Publication.
?trilogy wdt:P31/wdt:P279* wd:Q13593818.
FILTER(?dob + ""P20Y""^^xsd:duration <= ?movie1Publication && ?movie1Publication < ?dob + ""P30Y""^^xsd:duration)
?movie2 wdt:P31/wdt:P279* wd:Q11424;
p:P161 [
ps:P161 ?actor;
pq:P453 ?character
];
wdt:P577 ?movie2Publication.
FILTER(?movie1Publication + ""P40Y""^^xsd:duration < ?movie2Publication)
SERVICE wikibase:label { bd:serviceParam wikibase:language ""[AUTO_LANGUAGE],en"". }
}",True,True,True,,1.0,na
289,complex,"PREFIX bd: <http://www.bigdata.com/rdf#>
PREFIX wd: <http://www.wikidata.org/entity/>
PREFIX wdt: <http://www.wikidata.org/prop/direct/>
PREFIX wikibase: <http://wikiba.se/ontology#>

select ?item ?itemLabel ?coord ?layer where {
?item wdt:P31 wd:Q16970 .
{?item wdt:P417 wd:Q196527 .} union {?item wdt:P417 wd:Q239925 .}
?item wdt:P625 ?coord .
?item wdt:P17 wd:Q213 .
OPTIONAL {
?item wdt:P417 wd:Q196527 .
BIND(""St. Wenceslas"" AS ?layer).
}
OPTIONAL {
?item wdt:P417 wd:Q239925 .
BIND(""St. Cyril and Methodius"" AS ?layer).
}
SERVICE wikibase:label { bd:serviceParam wikibase:language ""en,cs"". }
}",True,True,True,,1.0,1.0
290,complex,"PREFIX bd: <http://www.bigdata.com/rdf#>
PREFIX p: <http://www.wikidata.org/prop/>
PREFIX psv: <http://www.wikidata.org/prop/statement/value/>
PREFIX ps: <http://www.wikidata.org/prop/statement/>
PREFIX wd: <http://www.wikidata.org/entity/>
PREFIX wdt: <http://www.wikidata.org/prop/direct/>
PREFIX wikibase: <http://wikiba.se/ontology#>

SELECT ?item ?itemLabel ?itemDescription ?location ?rgb ?image WITH {
SELECT $COUNTRY ?north ?east ?south ?west WHERE {
VALUES $COUNTRY { wd:Q212 }
$COUNTRY p:P1332 [psv:P1332 [wikibase:geoLatitude ?north]].
$COUNTRY p:P1334 [psv:P1334 [wikibase:geoLongitude ?east]].
$COUNTRY p:P1333 [psv:P1333 [wikibase:geoLatitude ?south]].
$COUNTRY p:P1335 [psv:P1335 [wikibase:geoLongitude ?west]].
} } AS %data
WHERE {
INCLUDE %data
?item wdt:P17 $COUNTRY .
?item p:P625 [
ps:P625 ?location ;
psv:P625 [
wikibase:geoLongitude ?longitude;
wikibase:geoLatitude ?latitude;
]
].
OPTIONAL { ?item wdt:P18 ?image }
FILTER (?latitude <= ?north && ?latitude >= ?south && ?longitude >= ?west && ?longitude <= ?east)
BIND ( (?north + ?south) / 2 AS ?centre )
BIND ( COALESCE(
IF(?latitude >= ?centre, ""0057b7"", 1/0),
""ffd700""
) AS ?rgb )
SERVICE wikibase:label { bd:serviceParam wikibase:language ""[AUTO_LANGUAGE],en"". }
}
LIMIT 10000 # try to increase the limit but might timeout or cause browser to hang when rendering the map",True,True,False,http_400,0.0,0.0
291,complex,"PREFIX bd: <http://www.bigdata.com/rdf#>
PREFIX wd: <http://www.wikidata.org/entity/>
PREFIX wdt: <http://www.wikidata.org/prop/direct/>
PREFIX wikibase: <http://wikiba.se/ontology#>

SELECT ?person ?personLabel ?dob WITH {
SELECT ?photograph ?inception WHERE {
?photograph wdt:P31/wdt:P279* wd:Q125191;
wdt:P571 ?inception.
}
ORDER BY ?inception
LIMIT 1
} AS %earliestPhotograph WHERE {
?person wdt:P106/wdt:P279* wd:Q33231;
wdt:P569 ?dob.
INCLUDE %earliestPhotograph.
FILTER(?dob < ?inception)
SERVICE wikibase:label { bd:serviceParam wikibase:language ""[AUTO_LANGUAGE],en"". }
}",True,True,False,http_400,0.0,0.0
293,complex,"PREFIX bd: <http://www.bigdata.com/rdf#>
PREFIX schema: <http://schema.org/>
PREFIX wd: <http://www.wikidata.org/entity/>
PREFIX wdt: <http://www.wikidata.org/prop/direct/>
PREFIX wikibase: <http://wikiba.se/ontology#>

SELECT DISTINCT ?item ?itemLabel ?num ?itemDescription WHERE {
VALUES ?occ {wd:Q639669}
?item wdt:P31 wd:Q5 ;
wdt:P21 wd:Q6581072 ;
(wdt:P106/(wdt:P279*)) ?occ;
wdt:P106 ?occupation .
?item wikibase:sitelinks ?num.
?item wdt:P27 ?nacionalidad .
?nacionalidad wdt:P27 ?country .
?country (wdt:P361/(wdt:P361*)) wd:Q12585 .
FILTER(?num >= 1)
MINUS {
?art schema:about ?item.
?art schema:isPartOf <https://es.wikipedia.org/>.
}
SERVICE wikibase:label { bd:serviceParam wikibase:language ""es,en"". }
}
ORDER BY DESC(?num)",True,False,True,,1.0,na
294,complex,"PREFIX bd: <http://www.bigdata.com/rdf#>
PREFIX p: <http://www.wikidata.org/prop/>
PREFIX pq: <http://www.wikidata.org/prop/qualifier/>
PREFIX wd: <http://www.wikidata.org/entity/>
PREFIX wdt: <http://www.wikidata.org/prop/direct/>
PREFIX wikibase: <http://wikiba.se/ontology#>

SELECT ?event ?eventLabel (COUNT(?video_game) as ?count) WHERE {
SERVICE wikibase:label { bd:serviceParam wikibase:language ""[AUTO_LANGUAGE],en"". }
?video_game wdt:P31 wd:Q7889.
?video_game p:P6949 ?node.
?node pq:P9731 ?event.
}
GROUP BY ?event ?eventLabel
ORDER BY DESC(?count)",True,True,True,,1.0,1.0
295,complex,"PREFIX bd: <http://www.bigdata.com/rdf#>
PREFIX p: <http://www.wikidata.org/prop/>
PREFIX pq: <http://www.wikidata.org/prop/qualifier/>
PREFIX ps: <http://www.wikidata.org/prop/statement/>
PREFIX wd: <http://www.wikidata.org/entity/>
PREFIX wdt: <http://www.wikidata.org/prop/direct/>
PREFIX wikibase: <http://wikiba.se/ontology#>

SELECT ?item ?itemLabel ?coords (round(year(?date)/100) as ?layer ) ?img WHERE {
{
SELECT DISTINCT ?item (SAMPLE(?directcoords) AS ?directcoords) (SAMPLE(?placecoords) AS ?placecoords) (SAMPLE(?date) AS ?date) {
?item wdt:P195 wd:Q1376 ; wdt:P571 ?date .
?item p:P189 ?discoveryplaceS .
?discoveryplaceS ps:P189 ?discoveryplace .
OPTIONAL { ?discoveryplaceS pq:P625 ?directcoords . }
OPTIONAL { ?discoveryplace wdt:P625 ?placecoords . }
} GROUP BY ?item
}
BIND(COALESCE(?directcoords, ?placecoords) AS ?coords)
optional { ?item wdt:P18 ?img } .
SERVICE wikibase:label { bd:serviceParam wikibase:language ""fr"". }
}",True,False,False,http_400,0.0,0.0
296,complex,"PREFIX bd: <http://www.bigdata.com/rdf#>
PREFIX wd: <http://www.wikidata.org/entity/>
PREFIX wdt: <http://www.wikidata.org/prop/direct/>
PREFIX wikibase: <http://wikiba.se/ontology#>

SELECT
?statue ?statueLabel (SAMPLE(?statueLocation) AS ?statueLocation_) (SAMPLE(?statueImage) AS ?statueImage_)
?person ?personLabel
(IF(?female, ""female""@en, ""not female""@en) AS ?femaleLabel)
(IF(?hasNobleTitle, ""has noble title""@en, ""has no noble title""@en) AS ?hasNobleTitleLabel)
(CONCAT(?femaleLabel, "", ""@en, ?hasNobleTitleLabel) AS ?layer)
WHERE {
?statue wdt:P31/wdt:P279* wd:Q860861;
wdt:P17 wd:Q145;
wdt:P180|wdt:P547 ?person.
?person wdt:P31 wd:Q5.
BIND(EXISTS { ?person wdt:P21/wdt:P279* wd:Q6581072. } AS ?female)
BIND(EXISTS { ?person wdt:P97 ?nobleTitle. } AS ?hasNobleTitle)
OPTIONAL { ?statue wdt:P625 ?statueLocation. }
OPTIONAL { ?statue wdt:P18 ?statueImage. }
SERVICE wikibase:label { bd:serviceParam wikibase:language ""[AUTO_LANGUAGE],en"". }
}
GROUP BY ?statue ?statueLabel ?person ?personLabel ?female ?hasNobleTitle",True,False,True,,1.0,1.0
297,complex,"PREFIX bd: <http://www.bigdata.com/rdf#>
PREFIX wd: <http://www.wikidata.org/entity/>
PREFIX wdt: <http://www.wikidata.org/prop/direct/>
PREFIX wikibase: <http://wikiba.se/ontology#>

SELECT ?team ?teamLabel ?genderLabel (YEAR(?inception) as ?founded) (count(?player) as ?playerCount)
WHERE
{
?player wdt:P31 wd:Q5. # Player is a human
?player wdt:P106 wd:Q12299841. # Player's occupation is a cricketer
?player wdt:P54 ?team. # Player is a member of a sporting team
?player wdt:P21 ?gender. # Get gender of the player
{?team wdt:P641 wd:Q5375.} # Sporting team plays cricket
UNION
{?team wdt:P31 wd:Q17376093.} # Sporting team is a cricket team
OPTIONAL{ ?team wdt:P571 ?inception.} # Get date of inception of the team
SERVICE wikibase:label { bd:serviceParam wikibase:language ""[AUTO_LANGUAGE],en"". }
}
GROUP BY ?team ?teamLabel ?inception ?gender ?genderLabel
ORDER BY ?inception",True,True,True,,1.0,1.0
298,complex,"PREFIX bd: <http://www.bigdata.com/rdf#>
PREFIX wd: <http://www.wikidata.org/entity/>
PREFIX wdt: <http://www.wikidata.org/prop/direct/>
PREFIX wikibase: <http://wikiba.se/ontology#>

SELECT ?item1 ?image ?item1Label ?item2 ?image2 ?item2Label ?edgeLabel
WITH { SELECT ?item1 WHERE {
VALUES ?item1 {wd:Q43380186 wd:Q93343 wd:Q43380245 wd:Q31561 wd:Q1302047 wd:Q47152 wd:Q55858204 wd:Q692 wd:Q82133 wd:Q47152 wd:Q56676227}
} } AS %item1
WITH {SELECT (?item1 AS ?item2) WHERE {INCLUDE %item1} } AS %item2
WHERE {
INCLUDE %item1.
INCLUDE %item2.
?item1 ?prop ?item2.
?edge wikibase:directClaim ?prop ; a wikibase:Property
OPTIONAL {?item1 wdt:P18 ?image}
OPTIONAL {?item2 wdt:P18 ?image2}
SERVICE wikibase:label { bd:serviceParam wikibase:language ""[AUTO_LANGUAGE],en"". }
}",True,False,False,http_400,0.0,0.0
299,complex,"PREFIX bd: <http://www.bigdata.com/rdf#>
PREFIX rdf: <http://www.w3.org/1999/02/22-rdf-syntax-ns#>
PREFIX wd: <http://www.wikidata.org/entity/>
PREFIX wdt: <http://www.wikidata.org/prop/direct/>
PREFIX wikibase: <http://wikiba.se/ontology#>

SELECT (COUNT(?obj1) AS ?count) ?propertyLabel ?thingLabel ?thing WHERE {
?obj1 wdt:P195 wd:Q430682. #Tate
VALUES ?prop1 {wdt:P180 wdt:P170 wdt:P2348 wdt:P135 wdt:P136 wdt:P941 wdt:P186 wdt:P1071}
?obj1 ?prop1 ?thing.
?property ?ref ?prop1 ;
rdf:type wikibase:Property .
SERVICE wikibase:label { bd:serviceParam wikibase:language ""[AUTO_LANGUAGE],en"" }
} GROUP BY ?propertyLabel ?thingLabel ?thing ORDER BY DESC(?count) LIMIT 100",True,True,True,,1.0,1.0
300,complex,"PREFIX bd: <http://www.bigdata.com/rdf#>
PREFIX rdfs: <http://www.w3.org/2000/01/rdf-schema#>
PREFIX p: <http://www.wikidata.org/prop/>
PREFIX pq: <http://www.wikidata.org/prop/qualifier/>
PREFIX ps: <http://www.wikidata.org/prop/statement/>
PREFIX wd: <http://www.wikidata.org/entity/>
PREFIX wdt: <http://www.wikidata.org/prop/direct/>
PREFIX wikibase: <http://wikiba.se/ontology#>

SELECT DISTINCT ?film ?filmLabel ?realLabel ?familleLabel ?duree (MIN(?date) as ?oldest_date) ?acces
WHERE
{
?film p:P3301 ?artfilm.
?artfilm ps:P3301 ?artfilmCH;
pq:P2699 ?URL.
FILTER STRSTARTS(STR(?URL), ""https://www.artfilm.ch"").
OPTIONAL {?film wdt:P2047 ?duree.}
OPTIONAL {?film wdt:P57 ?real.}
OPTIONAL {?film wdt:P577 ?date.}
OPTIONAL {?real wdt:P734 ?famille.}
?real wdt:P21 wd:Q6581072.
SERVICE wikibase:label { bd:serviceParam wikibase:language ""[AUTO_LANGUAGE],en,de,it,es"".
?real rdfs:label ?realLabel.
?film rdfs:label ?filmLabel.
?famille rdfs:label ?familleLabel.
}
}
GROUP BY ?film ?filmLabel ?realLabel ?familleLabel ?duree ?acces
ORDER BY STR(?familleLabel) ?realLabel ?oldest_date",True,False,True,,1.0,1.0
301,complex,"PREFIX dct: <http://purl.org/dc/terms/>
PREFIX owl: <http://www.w3.org/2002/07/owl#>
PREFIX rdfs: <http://www.w3.org/2000/01/rdf-schema#>
PREFIX skos: <http://www.w3.org/2004/02/skos/core#>
PREFIX wdt: <http://www.wikidata.org/prop/direct/>
PREFIX dbc: <http://dbpedia.org/resource/Category:>

SELECT DISTINCT ?wditem ?wditemLabel ?date ?image ?work ?workLabel ?coord WHERE {
SERVICE <http://dbpedia.org/sparql> {
?item dct:subject|dct:subject/skos:broader dbc:Illuminati_members ;
owl:sameAs ?wditem FILTER regex (?wditem, ""wikidata.org"") .
}
SERVICE <https://query.wikidata.org/sparql> {
{?wditem wdt:P569 ?date FILTER (YEAR(?date)<2050).}
#UNION
#{?wditem wdt:P571|wdt:P577|wdt:P580|wdt:P619 ?date .}
#{?wditem wdt:P625 ?coord .}
# OPTIONAL {?wditem wdt:P800 ?work. ?work rdfs:label ?workLabel FILTER (LANG(?workLabel)=""en"") .}
OPTIONAL {?wditem wdt:P18 ?image } .
?wditem rdfs:label ?wditemLabel FILTER (LANG(?wditemLabel)=""en"") .
}
}",True,True,False,http_500,0.0,0.0
302,complex,"PREFIX bd: <http://www.bigdata.com/rdf#>
PREFIX p: <http://www.wikidata.org/prop/>
PREFIX pq: <http://www.wikidata.org/prop/qualifier/>
PREFIX ps: <http://www.wikidata.org/prop/statement/>
PREFIX wd: <http://www.wikidata.org/entity/>
PREFIX wdt: <http://www.wikidata.org/prop/direct/>
PREFIX wikibase: <http://wikiba.se/ontology#>

select distinct ?itemLabel ?size ?percentage_online ?rgb where {
?item wdt:P17 wd:Q213 .
?item p:P1436 ?statement.
?statement ps:P1436 ?size ;
pq:P585 ?date filter(year(?date)= 2021 )
minus {?statement pq:P518 [] .}
optional {?item p:P1436 [ps:P1436 ?size_online ; pq:P518 wd:Q106474029 ; pq:P585 ?date ] .}
bind ((100 * ?size_online / ?size) as ?percentage_online)
BIND(if
(?percentage_online < 10, ""FF0000"",
if (?percentage_online < 20, ""E21C00"",
if (?percentage_online < 30,""C63800"",
if (?percentage_online < 40, ""AA5500"",
if (?percentage_online < 50, ""8D7100"",
if (?percentage_online < 60, ""718D00"",
if (?percentage_online < 70, ""55AA00"",
if (?percentage_online < 80, ""38C600"",
if (?percentage_online < 90, ""1CE200"", ""00FF00""))))))))) as ?rgb) .
SERVICE wikibase:label { bd:serviceParam wikibase:language ""en,cs"". }
}",True,True,True,,1.0,na
303,complex,"PREFIX bd: <http://www.bigdata.com/rdf#>
PREFIX p: <http://www.wikidata.org/prop/>
PREFIX pq: <http://www.wikidata.org/prop/qualifier/>
PREFIX ps: <http://www.wikidata.org/prop/statement/>
PREFIX wd: <http://www.wikidata.org/entity/>
PREFIX wdt: <http://www.wikidata.org/prop/direct/>
PREFIX wikibase: <http://wikiba.se/ontology#>

SELECT DISTINCT ?airport ?airportLabel ?airportCountry ?airportCountryLabel ?person ?personLabel (sample(?birth) as ?birth) (SAMPLE(?death) as ?death) WHERE {
SERVICE wikibase:label { bd:serviceParam wikibase:language ""en"". }
?airport (wdt:P31/(wdt:P279*)) wd:Q1248784;
wdt:P17 ?airportCountry;
p:P138 ?statement.
?statement ps:P138 ?person.
?person wdt:P31 wd:Q5;
wdt:P106 wd:Q49757.
OPTIONAL { ?person wdt:P569 ?birth }
OPTIONAL { ?person wdt:P570 ?death }
FILTER(NOT EXISTS { ?statement pq:P582 ?endTime. })
} group by ?airport ?airportLabel ?airportCountry ?airportCountryLabel ?person ?personLabel ?personImage",True,True,False,http_400,0.0,0.0
304,complex,"PREFIX bd: <http://www.bigdata.com/rdf#>
PREFIX wd: <http://www.wikidata.org/entity/>
PREFIX wdt: <http://www.wikidata.org/prop/direct/>
PREFIX wikibase: <http://wikiba.se/ontology#>

SELECT ?city ?cityLabel ?coord ?ratioBin ?rgb
WHERE
{
BIND(
IF(?ratio < 2, ""< 2"",
IF(?ratio < 3, ""[2;3)"",
IF(?ratio < 4, ""[3;4)"",
IF(?ratio < 5, ""[4;5)"",
""5+""))))
AS ?ratioBin)
BIND(
IF(?ratio < 2, ""0072E5"",
IF(?ratio < 3, ""2F58AB"",
IF(?ratio < 4, ""5F3F72"",
IF(?ratio < 5, ""8F2539"",
""BF0C00""))))
AS ?rgb)
SERVICE wikibase:label { bd:serviceParam wikibase:language ""[AUTO_LANGUAGE],en"". }
{
SELECT ?city ?coord (count(?item)*10000/?pop as ?ratio)
WHERE
{
?item wdt:P5114 ?id .
?item wdt:P31 wd:Q126807 .
?item wdt:P131 ?city .
?city wdt:P1082 ?pop .
?city wdt:P625 ?coord .
# ?city wdt:P1376 ?place.
# ?place wdt:P31 wd:Q15089.
}
group by ?city ?pop ?coord
having (?pop >= 5000)
# order by asc(?ratio)
}
}",True,True,True,,1.0,1.0
305,complex,"PREFIX rdfs: <http://www.w3.org/2000/01/rdf-schema#>
PREFIX p: <http://www.wikidata.org/prop/>
PREFIX psv: <http://www.wikidata.org/prop/statement/value/>
PREFIX wd: <http://www.wikidata.org/entity/>
PREFIX wdt: <http://www.wikidata.org/prop/direct/>
PREFIX wikibase: <http://wikiba.se/ontology#>

SELECT ?label (SAMPLE(?coord) AS ?where) ?subj (?typeLabel AS ?layer) WHERE
{ ?subj wdt:P31/wdt:P279? ?type ;
wdt:P625 ?coord ;
wdt:P31 ?type ;
rdfs:label ?label filter (lang(?label) = ""en"").
?type wdt:P279? wd:Q744099 ;
rdfs:label ?typeLabel filter (lang(?typeLabel) = ""en"").
MINUS{?subj wdt:P18 []}
?subj p:P625/psv:P625 ?loc. # coordinate-location statement
?loc wikibase:geoLatitude ?lat .
?loc wikibase:geoLongitude ?long .
FILTER (?lat > 49) FILTER (?lat < 63)
FILTER (?long > -10.5) FILTER (?long < 2.02)
} GROUP BY ?label ?subj ?typeLabel",True,True,True,,1.0,1.0
306,complex,"PREFIX bd: <http://www.bigdata.com/rdf#>
PREFIX rdfs: <http://www.w3.org/2000/01/rdf-schema#>
PREFIX wd: <http://www.wikidata.org/entity/>
PREFIX wdt: <http://www.wikidata.org/prop/direct/>
PREFIX wikibase: <http://wikiba.se/ontology#>

SELECT ?path ?genes ?metabolites ?pathway WHERE {
{SELECT DISTINCT ?path (COUNT(?pwPart) AS ?genes) WHERE {
?path wdt:P2410 ?WikipathsID.
?path wdt:P527 ?pwPart.
?pwPart wdt:P31 wd:Q7187.
SERVICE wikibase:label { bd:serviceParam wikibase:language ""en"". }
}
GROUP BY ?path ?genes
}
{SELECT DISTINCT ?path (COUNT(?pwPart) AS ?metabolites) WHERE {
?path wdt:P2410 ?WikipathsID.
?path wdt:P527 ?pwPart.
?pwPart wdt:P31 wd:Q11173.
SERVICE wikibase:label { bd:serviceParam wikibase:language ""en"". }
}
GROUP BY ?path ?metabolites
}
OPTIONAL { ?path rdfs:label ?pathway. }
}
ORDER BY DESC(?genes)",True,True,True,,1.0,na
307,complex,"PREFIX schema: <http://schema.org/>
PREFIX wd: <http://www.wikidata.org/entity/>
PREFIX wdt: <http://www.wikidata.org/prop/direct/>

SELECT ?personLabel ?work ?workLabel ?pubyear ?englishwp ?englishws (SAMPLE(?fulltext) AS ?fulltext)
WHERE {
?person wdt:P1802 ?emlo.
?work wdt:P50 ?person.
MINUS {?work wdt:P31 wd:Q3331189}
OPTIONAL{?work wdt:P577 ?pubdate}
BIND(YEAR(?pubdate) as ?pubyear)
OPTIONAL{ ?englishwp schema:about ?work. ?englishwp schema:isPartOf <https://en.wikipedia.org/> }
OPTIONAL{ ?englishws schema:about ?work. ?englishws schema:isPartOf <https://en.wikisource.org/> }
OPTIONAL{ ?work wdt:[property:full work available at URL] ?fulltext }
FILTER (BOUND(?fulltext) {{!",False,False,False,not_linked,0.0,0.0
308,complex,"PREFIX bd: <http://www.bigdata.com/rdf#>
PREFIX wd: <http://www.wikidata.org/entity/>
PREFIX wdt: <http://www.wikidata.org/prop/direct/>
PREFIX wikibase: <http://wikiba.se/ontology#>

SELECT ?person ?personLabel ?ee ?art ?artLabel ?image
WHERE {
?person wdt:P3429 ?ee;
wdt:P31 wd:Q5
SERVICE wikibase:label {bd:serviceParam wikibase:language ""[AUTO_LANGUAGE],en,fr,de,es,it,sv,ru,pl,nl""}
?art wdt:P180 ?person;
wdt:P18 ?image
MINUS { ?person wdt:P18 ?image }
} ORDER BY ?personLabel",True,False,False,http_400,0.0,0.0
309,complex,"PREFIX bd: <http://www.bigdata.com/rdf#>
PREFIX wdt: <http://www.wikidata.org/prop/direct/>
PREFIX wikibase: <http://wikiba.se/ontology#>

SELECT ?type ?typeLabel (COUNT(?thing) AS ?things) WHERE {
?thing wdt:P2003 [];
wdt:P31 ?type.
SERVICE wikibase:label { bd:serviceParam wikibase:language ""[AUTO_LANGUAGE],en"" }
} GROUP BY ?type ?typeLabel
ORDER BY DESC(?things)",True,True,True,,1.0,1.0
310,complex,"PREFIX bd: <http://www.bigdata.com/rdf#>
PREFIX wd: <http://www.wikidata.org/entity/>
PREFIX wdt: <http://www.wikidata.org/prop/direct/>
PREFIX wikibase: <http://wikiba.se/ontology#>

SELECT DISTINCT ?alum ?alumLabel ?collegeLabel ?org ?orgLabel
WHERE {
{?alum wdt:P69 wd:Q34433 }
UNION { {?college wdt:P31 wd:Q2581649} UNION {?college wdt:P31 wd:Q3338504}.
?alum wdt:P69 ?college.}
?org wdt:P112 ?alum.
SERVICE wikibase:label { bd:serviceParam wikibase:language ""[AUTO_LANGUAGE],en"" }
} ORDER BY ASC(?alumLabel)",True,True,True,,1.0,1.0
311,complex,"PREFIX bd: <http://www.bigdata.com/rdf#>
PREFIX wd: <http://www.wikidata.org/entity/>
PREFIX wdt: <http://www.wikidata.org/prop/direct/>
PREFIX wikibase: <http://wikiba.se/ontology#>

SELECT DISTINCT ?person ?personLabel ?countryLabel ?cpan ?github ?wikimedia {
?person wdt:P31 wd:Q5 .
{
{ ?person wdt:P8124 ?cpan } UNION
{ ?person wdt:P2037 ?github } UNION
{ ?person wdt:P4174 ?wikimedia }
}
{
{ ?person wdt:P106 wd:Q83307 } # occupation minister
UNION {
?person wdt:P39 ?pos . # position held: minister
?pos wdt:P279* wd:Q83307
}
}
OPTIONAL { ?person wdt:P27 ?country }
SERVICE wikibase:label { bd:serviceParam wikibase:language ""[AUTO_LANGUAGE],en"". }
}",True,True,True,,1.0,1.0
312,complex,"PREFIX bd: <http://www.bigdata.com/rdf#>
PREFIX p: <http://www.wikidata.org/prop/>
PREFIX pq: <http://www.wikidata.org/prop/qualifier/>
PREFIX ps: <http://www.wikidata.org/prop/statement/>
PREFIX wd: <http://www.wikidata.org/entity/>
PREFIX wdt: <http://www.wikidata.org/prop/direct/>
PREFIX wikibase: <http://wikiba.se/ontology#>

SELECT ?state ?stateLabel (COUNT(?color) AS ?count) ?image WITH {
SELECT DISTINCT ?state WHERE {
?state wdt:P31/wdt:P279* wd:Q3624078;
p:P463 ?memberOfStatement.
?memberOfStatement a wikibase:BestRank;
ps:P463 wd:Q1065.
MINUS { ?memberOfStatement pq:P582 ?endTime. }
MINUS { ?state wdt:P576|wdt:P582 ?end. }
}
} AS %states WHERE {
INCLUDE %states.
?state wdt:P41 ?flag.
?flag wdt:P462 ?color.
OPTIONAL { ?flag wdt:P18 ?image. }
SERVICE wikibase:label { bd:serviceParam wikibase:language ""[AUTO_LANGUAGE],en"". }
}
GROUP BY ?state ?stateLabel ?image
ORDER BY DESC(?count)
LIMIT 25",True,False,False,http_400,0.0,0.0
313,complex,"PREFIX bd: <http://www.bigdata.com/rdf#>
PREFIX wd: <http://www.wikidata.org/entity/>
PREFIX wdt: <http://www.wikidata.org/prop/direct/>
PREFIX wikibase: <http://wikiba.se/ontology#>

SELECT DISTINCT ?item ?itemLabel ?ed ?edLabel ?auteurLabel (year(?dateCreation) as ?AnneeCreation) ?lieuLabel ?coord ?lien where {
?item wdt:P136 wd:Q1164267 . # genre :recit de voyage
?item wdt:P31 wd:Q571 . # nature : livre
OPTIONAL{
?item wdt:P50 ?auteur . # [option] auteur
}
OPTIONAL{
?item wdt:P571 ?dateCreation. # [option] date de creation
}
?item wdt:P840 ?lieu . # lieu de l'action
MINUS {?item wdt:P840 wd:Q933} # (bug du Pole Sud)
?lieu wdt:P625 ?coord . # coordonnees geographiques du lieu
{
?item wdt:[property:full work available at URL] ?lien . # URL, texte integral disponible sur
?item wdt:P364 wd:Q150 # langue originale : francais
}UNION{
?ed wdt:P629 ?item . # edition du livre
?ed wdt:[property:full work available at URL] ?lien . # URL, texte integral disponible sur
?ed wdt:P407 wd:Q150 # langue de l'oeuvre : francais
}
SERVICE wikibase:label { #BabelRainbow
bd:serviceParam wikibase:language ""fr,ar,be,bg,bn,ca,cs,da,de,el,en,es,et,fa,fi,he,hi,hu,hy,id,it,ja,jv,ko,nb,nl,eo,pa,pl,pt,ro,ru,sh,sk,sr,sv,sw,te,th,tr,uk,yue,vec,vi,zh""
}
} ORDER BY ?dateCreation",False,False,False,not_linked,0.0,0.0
314,complex,"PREFIX bd: <http://www.bigdata.com/rdf#>
PREFIX p: <http://www.wikidata.org/prop/>
PREFIX ps: <http://www.wikidata.org/prop/statement/>
PREFIX wd: <http://www.wikidata.org/entity/>
PREFIX wdt: <http://www.wikidata.org/prop/direct/>
PREFIX wikibase: <http://wikiba.se/ontology#>

SELECT DISTINCT ?statue ?statueLabel ?statueLocation ?statueImage ?person ?personLabel ?personDescription WHERE {
?statue wdt:P31/wdt:P279* wd:Q860861;
wdt:P180|wdt:P547 ?person.
OPTIONAL { ?statue wdt:P625 ?statueLocation. }
OPTIONAL { ?statue wdt:P18 ?statueImage. }
?person wdt:P31 wd:Q5.
{
VALUES ?occupation { wd:Q10076267 wd:Q17769800 }
?person wdt:P106 ?occupation.
} UNION {
?person wdt:P1830|^wdt:P127 ?slave.
?slave wdt:P31 wd:Q5;
p:P3716/ps:P3716 wd:Q12773225.
}
SERVICE wikibase:label { bd:serviceParam wikibase:language ""[AUTO_LANGUAGE],en"". }
}",True,False,True,,1.0,1.0
315,complex,"PREFIX bd: <http://www.bigdata.com/rdf#>
PREFIX wd: <http://www.wikidata.org/entity/>
PREFIX wdt: <http://www.wikidata.org/prop/direct/>
PREFIX wikibase: <http://wikiba.se/ontology#>

SELECT ?commune ?communeLabel ?cityHall ?cityHallLabel ?coords ?image WHERE {
?commune wdt:P31 wd:Q484170 ;
wdt:P47 wd:Q90 .
?cityHall wdt:P131 ?commune ;
wdt:P31/wdt:P279* wd:Q543654 ;
wdt:P625 ?coords .
OPTIONAL { ?cityHall wdt:P18 ?image }
SERVICE wikibase:label { bd:serviceParam wikibase:language ""[AUTO_LANGUAGE],en"". }
}
ORDER BY ?communeLabel",True,True,True,,1.0,1.0
316,complex,"PREFIX bd: <http://www.bigdata.com/rdf#>
PREFIX geo: <http://www.opengis.net/ont/geosparql#>
PREFIX p: <http://www.wikidata.org/prop/>
PREFIX pq: <http://www.wikidata.org/prop/qualifier/>
PREFIX psv: <http://www.wikidata.org/prop/statement/value/>
PREFIX ps: <http://www.wikidata.org/prop/statement/>
PREFIX wd: <http://www.wikidata.org/entity/>
PREFIX wdt: <http://www.wikidata.org/prop/direct/>
PREFIX wikibase: <http://wikiba.se/ontology#>

SELECT DISTINCT ?item ?itemLabel ?img ?georef ?proportion ?coords ?line ?rgb ?layer
WITH {
SELECT ?item ?img ?georef ?coords ?lat ?lon WHERE {
?item wdt:P195 wd:Q7100888 .
?item p:P5140 ?coord_stmt .
OPTIONAL {?item wdt:P9361 ?georef} .
OPTIONAL {?item wdt:P18 ?img} .
?coord_stmt ps:P5140 ?coords .
?coord_stmt psv:P5140 / wikibase:geoLatitude ?lat .
?coord_stmt psv:P5140 / wikibase:geoLongitude ?lon .
}
} AS %points
WITH {
SELECT ?line ?layer ?rgb WHERE {
INCLUDE %points .
?item wdt:P47 ?item2 .
?item2 p:P5140 ?coord2_stmt .
?coord2_stmt psv:P5140 / wikibase:geoLatitude ?lat2 .
?coord2_stmt psv:P5140 / wikibase:geoLongitude ?lon2 .
BIND(CONCAT('LINESTRING (', STR(?lon), ' ', STR(?lat), ',', STR(?lon2), ' ', STR(?lat2), ')') AS ?str) .
BIND(STRDT(?str, geo:wktLiteral) AS ?line) .
BIND('adjacent' AS ?layer) .
BIND('FF0000' AS ?rgb) .
}
} AS %lines
WITH {
SELECT ?line ?layer ?rgb ?proportion WHERE {
INCLUDE %points .
?item p:P3179 ?stmt .
?stmt ps:P3179 ?item2 .
OPTIONAL {?stmt pq:P1107 ?prop1} .
OPTIONAL {?item2 p:P3179 ?stmt2 . ?stmt2 ps:P3179 ?item . ?stmt2 pq:P1107 ?prop2}
BIND(IF(bound(?prop2) && bound(?prop1) && (?prop2 > ?prop1), ?prop2, ?prop1) AS ?prop) .
BIND(COALESCE(?prop, ?prop1, ?prop2) AS ?proportion) .
?item2 p:P5140 ?coord2_stmt .
?coord2_stmt psv:P5140 / wikibase:geoLatitude ?lat2 .
?coord2_stmt psv:P5140 / wikibase:geoLongitude ?lon2 .
BIND(CONCAT('LINESTRING (', STR(?lon), ' ', STR(?lat), ',', STR(?lon2), ' ', STR(?lat2), ')') AS ?str) .
BIND(STRDT(?str, geo:wktLiteral) AS ?line) .
BIND('overlap' AS ?layer)
BIND('0000AA' AS ?rgb) .
}
} AS %lines2
WHERE {
{ INCLUDE %lines }
UNION
{ INCLUDE %lines2 }
UNION
{ INCLUDE %points . BIND('points' AS ?layer) . BIND('FF0000' AS ?rgb)} .
SERVICE wikibase:label { bd:serviceParam wikibase:language ""[AUTO_LANGUAGE],en"". }
}",True,True,False,http_400,0.0,0.0
317,complex,"PREFIX bd: <http://www.bigdata.com/rdf#>
PREFIX rdfs: <http://www.w3.org/2000/01/rdf-schema#>
PREFIX wd: <http://www.wikidata.org/entity/>
PREFIX wdt: <http://www.wikidata.org/prop/direct/>
PREFIX wikibase: <http://wikiba.se/ontology#>

SELECT DISTINCT ?item ?itemLabel ?hog ?hogLabel ?party ?partyLabel
(GROUP_CONCAT(?alignment_label; SEPARATOR="" to "") AS ?partyAlignment)
WHERE {
?item wdt:P31 wd:Q3624078 ; wdt:P102 wd:Q1065 ; wdt:P6 ?hog .
OPTIONAL {
?hog wdt:P102 ?party .
OPTIONAL {
?party wdt:P1387 ?alignment .
?alignment rdfs:label ?alignment_label FILTER (lang(?alignment_label) = 'en')
}
}
SERVICE wikibase:label { bd:serviceParam wikibase:language ""[AUTO_LANGUAGE],en"". }
}
GROUP BY ?item ?itemLabel ?hog ?hogLabel ?party ?partyLabel
ORDER BY ?itemLabel",True,False,True,,0.0,0.0
318,complex,"PREFIX bd: <http://www.bigdata.com/rdf#>
PREFIX wd: <http://www.wikidata.org/entity/>
PREFIX wdt: <http://www.wikidata.org/prop/direct/>
PREFIX wikibase: <http://wikiba.se/ontology#>

SELECT ?recipient ?recipientLabel ?recipientDescription (COUNT(?letter) as ?count)
WHERE {
?letter wdt:P1817 ?recipient;
wdt:P31 wd:Q133492.
SERVICE wikibase:label { bd:serviceParam wikibase:language ""[AUTO_LANGUAGE],en"" }
} GROUP BY ?recipient ?recipientLabel ?recipientDescription
ORDER BY DESC(?count)",True,True,True,,1.0,1.0
319,complex,"PREFIX bd: <http://www.bigdata.com/rdf#>
PREFIX schema: <http://schema.org/>
PREFIX wd: <http://www.wikidata.org/entity/>
PREFIX wdt: <http://www.wikidata.org/prop/direct/>
PREFIX wikibase: <http://wikiba.se/ontology#>

SELECT DISTINCT ?item ?itemLabel (COUNT(?site) AS ?count) WHERE {
?item wdt:P31 wd:Q5 .
?article schema:about ?item .
?article wikibase:badge ?badge .
?article schema:isPartOf ?site .
FILTER NOT EXISTS { ?item wdt:P18 ?image . }
SERVICE wikibase:label { bd:serviceParam wikibase:language ""en"" }
} GROUP BY ?item ?itemLabel ORDER BY DESC(?count)",True,True,True,,1.0,1.0
320,complex,"PREFIX bd: <http://www.bigdata.com/rdf#>
PREFIX p: <http://www.wikidata.org/prop/>
PREFIX pq: <http://www.wikidata.org/prop/qualifier/>
PREFIX ps: <http://www.wikidata.org/prop/statement/>
PREFIX wd: <http://www.wikidata.org/entity/>
PREFIX wdt: <http://www.wikidata.org/prop/direct/>
PREFIX wikibase: <http://wikiba.se/ontology#>

select distinct ?start (count(distinct ?ps) as ?count) ?tLabel where
{
?t wdt:P279 wd:Q16707842 . ?t wdt:P571 ?start . filter(year(?start) > 1858)
optional { ?person p:P39 ?ps . ?ps ps:P39 ?t . ?ps pq:P1534 wd:Q13634247 }
SERVICE wikibase:label { bd:serviceParam wikibase:language ""[AUTO_LANGUAGE],en"". }
} group by ?tLabel ?start order by desc(?start)
#defaultView:BarChart",True,True,True,,1.0,na
321,complex,"PREFIX bd: <http://www.bigdata.com/rdf#>
PREFIX rdfs: <http://www.w3.org/2000/01/rdf-schema#>
PREFIX wd: <http://www.wikidata.org/entity/>
PREFIX wdt: <http://www.wikidata.org/prop/direct/>
PREFIX wikibase: <http://wikiba.se/ontology#>

SELECT ?char ?charName (GROUP_CONCAT(DISTINCT ?typeLabel;separator="", "") AS ?types) (GROUP_CONCAT(DISTINCT ?universeLabel;separator="", "") AS ?universes)
WHERE {
?char wdt:P1080 wd:Q931597;
wdt:P31 ?type ;
wdt:P1080 ?universe .
SERVICE wikibase:label { bd:serviceParam wikibase:language ""[AUTO_LANGUAGE],en"".
?char rdfs:label ?charName .
?universe rdfs:label ?universeLabel .
?type rdfs:label ?typeLabel .}
} GROUP BY ?char ?charName",True,True,True,,1.0,1.0
322,complex,"PREFIX bd: <http://www.bigdata.com/rdf#>
PREFIX rdfs: <http://www.w3.org/2000/01/rdf-schema#>
PREFIX wd: <http://www.wikidata.org/entity/>
PREFIX wdt: <http://www.wikidata.org/prop/direct/>
PREFIX wikibase: <http://wikiba.se/ontology#>

SELECT DISTINCT ?i ?iLabel ?layer ?c {
?item wdt:P31/wdt:P279* wd:Q4260475 ; wdt:P31 ?thing ; wdt:P17 wd:Q668 ; wdt:P131/wdt:P131* wd:Q28769140 ; wdt:P625 ?c.
?thing rdfs:label ?tl. FILTER(LANG(?tl)=""en"")
BIND(?tl as ?layer)
SERVICE wikibase:label { bd:serviceParam wikibase:language ""en"". }
}",True,True,True,,1.0,na
323,complex,"PREFIX bd: <http://www.bigdata.com/rdf#>
PREFIX wd: <http://www.wikidata.org/entity/>
PREFIX wdt: <http://www.wikidata.org/prop/direct/>
PREFIX wikibase: <http://wikiba.se/ontology#>

SELECT ?place ?placeLabel ?location
WHERE
{
# Glasgow coordinates
wd:Q4093 wdt:P625 ?GlasgowLoc .
SERVICE wikibase:around {
?place wdt:P625 ?location .
bd:serviceParam wikibase:center ?GlasgowLoc .
bd:serviceParam wikibase:radius ""800"" .
} .
# Is a canal
FILTER EXISTS { ?place wdt:P31/wdt:P279* wd:Q12284 } .
SERVICE wikibase:label {
bd:serviceParam wikibase:language ""en"" .
} .
}",True,True,False,http_400,0.0,0.0
324,complex,"PREFIX schema: <http://schema.org/>
PREFIX wd: <http://www.wikidata.org/entity/>
PREFIX wdt: <http://www.wikidata.org/prop/direct/>

SELECT DISTINCT ?subj (URI(CONCAT(""https://hillforts.arch.ox.ac.uk/?query=Atlas_of_Hillforts_4166_0%2CMain_Atlas_Number%2C"", ?atlasID)) AS ?atlas) ?english WHERE
{ ?subj wdt:P31/wdt:P279? wd:Q744099 ;
wdt:P4102 ?atlasID .
?english schema:about ?subj ; schema:isPartOf <https://en.wikipedia.org/>
} ORDER BY ?atlasID",True,True,True,,1.0,1.0
325,complex,"PREFIX bd: <http://www.bigdata.com/rdf#>
PREFIX rdfs: <http://www.w3.org/2000/01/rdf-schema#>
PREFIX schema: <http://schema.org/>
PREFIX wd: <http://www.wikidata.org/entity/>
PREFIX wdt: <http://www.wikidata.org/prop/direct/>
PREFIX wikibase: <http://wikiba.se/ontology#>

SELECT ?q (min(?image) AS ?img) (GROUP_CONCAT(DISTINCT(?qLabel); separator="", "") AS ?label) (COUNT(DISTINCT ?sitelink) as ?linkcount) {
?q (wdt:P31/wdt:P279*) wd:Q3305213 .
?sitelink schema:about ?q .
OPTIONAL { ?q wdt:P18 ?image }
SERVICE wikibase:label {
bd:serviceParam wikibase:language ""en"" .
?q rdfs:label ?qLabel .
}
}
GROUP BY ?q
ORDER BY DESC(?linkcount)
LIMIT 500",True,True,True,,1.0,1.0
326,complex,"PREFIX wd: <http://www.wikidata.org/entity/>
PREFIX wdt: <http://www.wikidata.org/prop/direct/>
PREFIX wikibase: <http://wikiba.se/ontology#>

SELECT ?q ?linkcount ?loc {
?q wdt:P31 wd:Q41176 ; wdt:P625 ?loc ; wikibase:sitelinks ?linkcount MINUS { ?q wdt:P18 [] } FILTER ( ?linkcount >= 1 )
}",True,True,True,,1.0,na
327,complex,"PREFIX bd: <http://www.bigdata.com/rdf#>
PREFIX p: <http://www.wikidata.org/prop/>
PREFIX ps: <http://www.wikidata.org/prop/statement/>
PREFIX wd: <http://www.wikidata.org/entity/>
PREFIX wdt: <http://www.wikidata.org/prop/direct/>
PREFIX wikibase: <http://wikiba.se/ontology#>

SELECT ?countryLabel ?item ?itemLabel ?itemDescription ?person ?personLabel ?personDescription (sample(?coor) as ?coor)
{
?item wdt:P31/wdt:P279* wd:Q294440.
?item p:P138/ps:P138 ?person .
?person wdt:P31 wd:Q5 ;
wdt:P21 wd:Q467 .
?item wdt:P17 ?country .
OPTIONAL { ?item wdt:P625 ?coor } .
SERVICE wikibase:label { bd:serviceParam wikibase:language ""es, en"" . }
}
GROUP BY ?countryLabel ?item ?itemLabel ?itemDescription ?person ?personLabel ?personDescription
ORDER BY ?countryLabel ?itemLabel",True,False,False,http_400,0.0,0.0
328,complex,"PREFIX bd: <http://www.bigdata.com/rdf#>
PREFIX wd: <http://www.wikidata.org/entity/>
PREFIX wdt: <http://www.wikidata.org/prop/direct/>
PREFIX wikibase: <http://wikiba.se/ontology#>

SELECT ?continent ?river ?continentLabel ?riverLabel
WHERE
{
{
SELECT ?continent (MAX(?length) AS ?length)
WHERE
{
?river wdt:P31/wdt:P279* wd:Q355304;
wdt:P2043 ?length;
wdt:P30 ?continent.
}
GROUP BY ?continent
}
?river wdt:P31/wdt:P279* wd:Q355304;
wdt:P2043 ?length;
wdt:P30 ?continent.
SERVICE wikibase:label { bd:serviceParam wikibase:language ""en"". }
}
ORDER BY ?continentLabel",True,True,False,http_400,0.0,0.0
329,complex,"PREFIX geo: <http://www.opengis.net/ont/geosparql#>
PREFIX xsd: <http://www.w3.org/2001/XMLSchema#>
PREFIX p: <http://www.wikidata.org/prop/>
PREFIX pq: <http://www.wikidata.org/prop/qualifier/>
PREFIX psv: <http://www.wikidata.org/prop/statement/value/>
PREFIX ps: <http://www.wikidata.org/prop/statement/>
PREFIX wd: <http://www.wikidata.org/entity/>
PREFIX wikibase: <http://wikiba.se/ontology#>

SELECT * WHERE {
wd:Q104863295 p:P276 ?stat .
?stat ps:P276 ?location .
?location p:P625 [ ps:P625 []; psv:P625 [ wikibase:geoLongitude ?coord1lon; wikibase:geoLatitude ?coord1lat; ] ].
?stat pq:P1545 ?series .
wd:Q104863295 p:P276 ?stat2 .
?stat2 ps:P276 ?location2 .
?location2 p:P625 [ ps:P625 []; psv:P625 [ wikibase:geoLongitude ?coord2lon; wikibase:geoLatitude ?coord2lat; ] ].
?stat2 pq:P1545 ?series2 .
filter (xsd:integer(?series) = xsd:integer(?series2) -1)
BIND(CONCAT('LINESTRING (', STR(?coord1lon), ' ', STR(?coord1lat), ',', STR(?coord2lon), ' ', STR(?coord2lat), ')') AS ?str) .
BIND(STRDT(?str, geo:wktLiteral) AS ?line)
BIND(""ff0033"" as ?rgb)
BIND(""voyage"" AS ?layer)
}",True,True,True,,1.0,1.0
330,complex,"PREFIX bd: <http://www.bigdata.com/rdf#>
PREFIX wd: <http://www.wikidata.org/entity/>
PREFIX wdt: <http://www.wikidata.org/prop/direct/>
PREFIX wikibase: <http://wikiba.se/ontology#>

SELECT ?country ?countryLabel ?countrySitelinks ?city ?cityLabel ?citySitelinks ?rate
WHERE
{
?city wdt:P31/wdt:P279* wd:Q515 .
?city wdt:P17 ?country .
?city wikibase:sitelinks ?citySitelinks .
?country wikibase:sitelinks ?countrySitelinks .
#MINUS { ?country wdt:P582 ?_ . }
#MINUS { ?country wdt:P576 ?__ . }
FILTER (?citySitelinks > ?countrySitelinks )
BIND ( ROUND((?citySitelinks / ?countrySitelinks)*100)/100 AS ?rate)
SERVICE wikibase:label { bd:serviceParam wikibase:language ""fr, en"". }
} ORDER BY DESC(?rate)",True,True,True,,1.0,na
331,complex,"PREFIX bd: <http://www.bigdata.com/rdf#>
PREFIX rdf: <http://www.w3.org/1999/02/22-rdf-syntax-ns#>
PREFIX wd: <http://www.wikidata.org/entity/>
PREFIX wdt: <http://www.wikidata.org/prop/direct/>
PREFIX wikibase: <http://wikiba.se/ontology#>

SELECT ?node ?nodeLabel ?nodeImage ?childNode ?childNodeLabel ?childNodeImage ?rgb WHERE {
{
BIND(wd:Q84263196 AS ?node)
?node ?p ?i.
OPTIONAL { ?node wdt:P18 ?nodeImage. }
?childNode ?x ?p.
?childNode rdf:type wikibase:Property.
FILTER(STRSTARTS(STR(?i), ""http://www.wikidata.org/entity/Q""))
FILTER(STRSTARTS(STR(?childNode), ""http://www.wikidata.org/entity/P""))
}
UNION
{
BIND(""EFFBD8"" AS ?rgb)
wd:Q84263196 ?p ?childNode.
OPTIONAL { ?childNode wdt:P18 ?childNodeImage. }
?node ?x ?p.
?node rdf:type wikibase:Property.
FILTER(STRSTARTS(STR(?childNode), ""http://www.wikidata.org/entity/Q""))
}
OPTIONAL {
?node wdt:P18 ?nodeImage.
?childNode wdt:P18 ?childNodeImage.
}
SERVICE wikibase:label { bd:serviceParam wikibase:language ""sv,en"". }
}",True,True,False,timeout,0.0,0.0
332,complex,"PREFIX bd: <http://www.bigdata.com/rdf#>
PREFIX wdt: <http://www.wikidata.org/prop/direct/>
PREFIX wikibase: <http://wikiba.se/ontology#>

SELECT (COUNT(?thing) AS ?count) ?langLabel ?langlineLabel WHERE {
?thing wdt:P1922 ?line.
BIND(lang(?line) AS ?langlinecode)
?langline wdt:P218 ?langlinecode
OPTIONAL { ?thing wdt:P364 ?lang }
SERVICE wikibase:label {bd:serviceParam wikibase:language ""[AUTO_LANGUAGE],en,de,fr,ru""}
} GROUP BY ?langLabel ?langlineLabel
ORDER BY ?langLabel DESC(?count)",True,True,True,,1.0,na
333,complex,"PREFIX bd: <http://www.bigdata.com/rdf#>
PREFIX wd: <http://www.wikidata.org/entity/>
PREFIX wdt: <http://www.wikidata.org/prop/direct/>
PREFIX wikibase: <http://wikiba.se/ontology#>

SELECT ?color ?colorLabel ?rgb ?count
WHERE
{
{
SELECT ?color (COUNT(DISTINCT ?rgb) AS ?count)
WHERE
{
?color wdt:P31?/wdt:P279* wd:Q1075;
wdt:P465 ?rgb.
}
GROUP BY ?color
HAVING(?count > 1)
}
?color wdt:P465 ?rgb.
SERVICE wikibase:label { bd:serviceParam wikibase:language ""en"". }
}
ORDER BY ?color",True,True,True,,1.0,1.0
334,complex,"PREFIX bd: <http://www.bigdata.com/rdf#>
PREFIX wd: <http://www.wikidata.org/entity/>
PREFIX wdt: <http://www.wikidata.org/prop/direct/>
PREFIX wikibase: <http://wikiba.se/ontology#>

SELECT ?occupationLabel (COUNT(DISTINCT ?person) as ?personCount)
WHERE {
?person wdt:P31 wd:Q5;
wdt:P19 ?birthPlace;
wdt:P106 ?occupation.
?birthPlace wdt:P27 wd:Q664.
SERVICE wikibase:label { bd:serviceParam wikibase:language ""[AUTO_LANGUAGE],en"". }
}
GROUP BY ?occupationLabel ORDER BY DESC(?personCount)",True,False,True,,0.0,na
335,complex,"PREFIX bd: <http://www.bigdata.com/rdf#>
PREFIX rdfs: <http://www.w3.org/2000/01/rdf-schema#>
PREFIX wd: <http://www.wikidata.org/entity/>
PREFIX wdt: <http://www.wikidata.org/prop/direct/>
PREFIX wikibase: <http://wikiba.se/ontology#>

SELECT ?fibule ?fibuleLabel (SAMPLE(?date) AS ?dates) (GROUP_CONCAT(DISTINCT ?materiauLabel;separator="", "") AS ?materiaux) ?lieuLabel ?image ?identifiant_Joconde WHERE {
?fibule wdt:P31 wd:Q324926.
?fibule wdt:P195 wd:Q1376.
OPTIONAL { ?fibule wdt:P571 ?date }
OPTIONAL { ?fibule wdt:P186 ?materiau }
OPTIONAL { ?fibule wdt:P189 ?lieu }
OPTIONAL { ?fibule wdt:P18 ?image }
OPTIONAL { ?fibule wdt:P347 ?identifiant_Joconde }
SERVICE wikibase:label { bd:serviceParam wikibase:language ""[AUTO_LANGUAGE]"". ?fibule rdfs:label ?fibuleLabel . ?materiau rdfs:label ?materiauLabel . ?lieu rdfs:label ?lieuLabel }
}
GROUP BY ?fibule ?fibuleLabel ?lieuLabel ?image ?identifiant_Joconde",True,False,True,,1.0,1.0
336,complex,"PREFIX bd: <http://www.bigdata.com/rdf#>
PREFIX rdfs: <http://www.w3.org/2000/01/rdf-schema#>
PREFIX schema: <http://schema.org/>
PREFIX p: <http://www.wikidata.org/prop/>
PREFIX ps: <http://www.wikidata.org/prop/statement/>
PREFIX wdt: <http://www.wikidata.org/prop/direct/>
PREFIX wikibase: <http://wikiba.se/ontology#>

SELECT ?person ?personLabel ?personDescription (URI(CONCAT(""http://dx.doi.org/10.13051/ee:bio/"", ?ee)) AS ?eelink) ?sourcename ?ws
WHERE {
?person wdt:P3429 ?ee.
SERVICE wikibase:label {bd:serviceParam wikibase:language ""[AUTO_LANGUAGE],en,fr,de""}
MINUS {?wp schema:about ?person; FILTER CONTAINS(STR(?wp),""wikipedia"") }
OPTIONAL { ?person p:P1343/ps:P1343 ?source. ?source rdfs:label ?sourcename filter (lang(?sourcename) = ""en"")
OPTIONAL { ?ws schema:about ?source; schema:isPartOf <https://en.wikisource.org/> } }
} ORDER BY ?ee",True,True,False,timeout,0.0,0.0
337,complex,"PREFIX bd: <http://www.bigdata.com/rdf#>
PREFIX rdfs: <http://www.w3.org/2000/01/rdf-schema#>
PREFIX schema: <http://schema.org/>
PREFIX wd: <http://www.wikidata.org/entity/>
PREFIX wdt: <http://www.wikidata.org/prop/direct/>
PREFIX wikibase: <http://wikiba.se/ontology#>

SELECT ?person ?personLabel ?accusedwitch ?precision ?coords ?Occupation ?Residence ?image (?Occupation as ?layer)
WHERE {
?person wdt:P4478 ?accusedwitch .
?person wdt:P31 wd:Q5.
?person wdt:P21 ?gender .
?person wdt:P551 ?residence .
OPTIONAL { ?person wdt:P106 ?occupation}
OPTIONAL { ?person wdt:P3716 ?socialclassification }
?residence wdt:P625 ?coords.
OPTIONAL { ?article schema:about ?person. }
SERVICE wikibase:label {
bd:serviceParam wikibase:language ""en"".
?person rdfs:label ?personLabel.
?residence rdfs:label ?Residence .
?occupation rdfs:label ?Occupation.
?gender rdfs:label ?Gender.
?socialclassification rdfs:label ?SocialClassification .
}
}",True,True,True,,1.0,1.0
338,complex,"PREFIX bd: <http://www.bigdata.com/rdf#>
PREFIX p: <http://www.wikidata.org/prop/>
PREFIX pq: <http://www.wikidata.org/prop/qualifier/>
PREFIX ps: <http://www.wikidata.org/prop/statement/>
PREFIX wd: <http://www.wikidata.org/entity/>
PREFIX wdt: <http://www.wikidata.org/prop/direct/>
PREFIX wikibase: <http://wikiba.se/ontology#>

SELECT ?item ?itemLabel ?state ?stateLabel ?cases ?shape ?rgb ?time WHERE {
wd:Q84055514 wdt:P527 ?item.
?item wdt:P276 ?state ; p:P1603 ?casestmt.
?state wdt:P3896 ?shape.
?casestmt ps:P1603 ?cases ; pq:P585 ?time .
{ SELECT (MAX(?cases_) as ?mc) {
wd:Q84055514 wdt:P527/wdt:P1603 ?cases_
} }
FILTER NOT EXISTS { ?item p:P1603/pq:P585 ?time_. FILTER(?time < ?time_) }
BIND(IF(?cases > (5 * ?mc)/6,""a50f15"", IF(?cases > (2 * ?mc)/3,""de2d26"",
IF(?cases > ?mc/2,""fb6a4a"", IF(?cases > ?mc/3,""fc9272"",
IF(?cases > ?mc/6,""fcbba1"", ""fee5d9""))))) as ?rgb)
SERVICE wikibase:label { bd:serviceParam wikibase:language ""[AUTO_LANGUAGE],en"". }
}",True,True,True,,1.0,1.0
339,complex,"PREFIX bd: <http://www.bigdata.com/rdf#>
PREFIX rdfs: <http://www.w3.org/2000/01/rdf-schema#>
PREFIX wd: <http://www.wikidata.org/entity/>
PREFIX wdt: <http://www.wikidata.org/prop/direct/>
PREFIX wikibase: <http://wikiba.se/ontology#>

select ?item ?itemLabel where {
?item wdt:P31 wd:Q3305213;
rdfs:label ?label .
FILTER( LANG(?label) = ""en"" ) .
FILTER( CONTAINS(LCASE(?label), ""portrait"") ) .
OPTIONAL {
?item wdt:P180 ?dummy
}
FILTER ( !bound(?dummy) ) .
SERVICE wikibase:label { bd:serviceParam wikibase:language ""en"" } .
}",True,True,False,http_400,0.0,0.0
340,complex,"PREFIX bd: <http://www.bigdata.com/rdf#>
PREFIX p: <http://www.wikidata.org/prop/>
PREFIX pq: <http://www.wikidata.org/prop/qualifier/>
PREFIX psv: <http://www.wikidata.org/prop/statement/value/>
PREFIX ps: <http://www.wikidata.org/prop/statement/>
PREFIX wd: <http://www.wikidata.org/entity/>
PREFIX wdt: <http://www.wikidata.org/prop/direct/>
PREFIX wikibase: <http://wikiba.se/ontology#>

SELECT DISTINCT ?country_for_sports ?country_for_sportsLabel (AVG(?weight) as ?avg_weight) (COUNT(?player) as ?count)
WHERE
{
wd:Q113646122 p:P180 [
ps:P180 ?player ;
pq:P1545 ?sticker_number
] .
FILTER (!CONTAINS ( ?sticker_number,""FWC""))
?player wdt:P31 wd:Q5 .
?player wdt:P1532 ?country_for_sports .
?player p:P2067 ?weight_triples .
?weight_triples ps:P2067 ?weight .
?weight_triples psv:P2067 ?weight_triple_value .
?weight_triple_value wikibase:quantityUnit wd:Q11570 . #only weight in kilos
OPTIONAL{?player wdt:P18 ?image}
SERVICE wikibase:label { bd:serviceParam wikibase:language ""en"". } # Helps get the label in your language, if not, then en language
}
GROUP BY ?country_for_sports ?country_for_sportsLabel
HAVING (?count > 2)
ORDER BY DESC(?avg_weight)",True,False,True,,1.0,1.0
341,complex,"PREFIX bd: <http://www.bigdata.com/rdf#>
PREFIX p: <http://www.wikidata.org/prop/>
PREFIX psv: <http://www.wikidata.org/prop/statement/value/>
PREFIX wd: <http://www.wikidata.org/entity/>
PREFIX wdt: <http://www.wikidata.org/prop/direct/>
PREFIX wikibase: <http://wikiba.se/ontology#>

SELECT ?p ?pLabel ?loc WITH {
SELECT ?p ?longitude ?test WHERE {
?p wdt:P17 wd:Q145 .
?p p:P625 [
psv:P625 [
wikibase:geoLongitude ?longitude ]
]
FILTER (ABS(?longitude + 1.83333) < 0.01)
} } AS %matches
WHERE {
INCLUDE %matches
?p wdt:P625 ?loc .
SERVICE wikibase:label { bd:serviceParam wikibase:language ""[AUTO_LANGUAGE],en"". }
}",True,True,False,http_400,0.0,0.0
342,complex,"PREFIX bd: <http://www.bigdata.com/rdf#>
PREFIX dct: <http://purl.org/dc/terms/>
PREFIX wikibase: <http://wikiba.se/ontology#>

SELECT ?language ?languageLabel ?count
WITH {
SELECT ?language (COUNT(DISTINCT ?lexeme) AS ?count) {
?lexeme dct:language ?language.
}
GROUP by ?language
} AS %result
WHERE {
INCLUDE %result
SERVICE wikibase:label { bd:serviceParam wikibase:language ""[AUTO_LANGUAGE],en"". }
}
ORDER by DESC (?count)",True,True,False,http_400,0.0,0.0
343,complex,"PREFIX hint: <http://www.bigdata.com/queryHints#>
PREFIX rdfs: <http://www.w3.org/2000/01/rdf-schema#>
PREFIX wd: <http://www.wikidata.org/entity/>
PREFIX wdt: <http://www.wikidata.org/prop/direct/>

SELECT ?award ?awardLabel ?total ?women ?women_percentage
WHERE {
hint:Query hint:optimizer ""None"" .
{
SELECT ?award (COUNT(*) AS ?total) (SUM(IF(?gender = wd:Q6581072, 1, 0)) AS ?women) (ROUND(1000 / COUNT(*) * SUM(IF(?gender = wd:Q6581072, 1, 0))) / 10 AS ?women_percentage)
WHERE {
?human wdt:P166 ?award ; wdt:P21 ?gender ; wdt:P31 wd:Q5 .
}
GROUP BY ?award
ORDER BY DESC(?total)
LIMIT 200
} .
?award rdfs:label ?awardLabel .
FILTER (LANG(?awardLabel) = ""en"") .
}
ORDER BY DESC(?total)",True,True,True,,1.0,na
344,complex,"PREFIX bd: <http://www.bigdata.com/rdf#>
PREFIX hint: <http://www.bigdata.com/queryHints#>
PREFIX rdfs: <http://www.w3.org/2000/01/rdf-schema#>
PREFIX wd: <http://www.wikidata.org/entity/>
PREFIX wdt: <http://www.wikidata.org/prop/direct/>
PREFIX wikibase: <http://wikiba.se/ontology#>

SELECT ?givenName ?givenNameLabel (COUNT(DISTINCT ?character) AS ?count) ?authorClassification WHERE {
BIND(wd:Q121842 AS ?language)
?character wdt:P31/wdt:P279* wd:Q95074;
(wdt:P27/wdt:P37)|wdt:P103|wdt:P1412 ?language;
wdt:P735 ?givenName;
wdt:P170 ?author.
OPTIONAL { ?author (wdt:P27/wdt:P37)|wdt:P103|wdt:P1412 ?language. BIND(1 AS ?authorSpeaksLanguage) }
SERVICE wikibase:label {
bd:serviceParam wikibase:language ""en"".
?givenName rdfs:label ?givenNameLabel.
?language rdfs:label ?languageLabel.
} hint:Prior hint:runLast false.
BIND(IF(BOUND(?authorSpeaksLanguage), ?languageLabel, ""other""@en) AS ?authorClassification)
}
GROUP BY ?givenName ?givenNameLabel ?authorClassification
ORDER BY DESC(?count)",True,False,True,,1.0,na
345,complex,"PREFIX bd: <http://www.bigdata.com/rdf#>
PREFIX hint: <http://www.bigdata.com/queryHints#>
PREFIX wd: <http://www.wikidata.org/entity/>
PREFIX wdt: <http://www.wikidata.org/prop/direct/>
PREFIX wikibase: <http://wikiba.se/ontology#>

SELECT ?here ?count ?rank ?native_label ?itemLabel ?item ?itemDescription ?scriptLabel
WITH  { SELECT DISTINCT ?item (COUNT(DISTINCT ?p) as ?count) 
        WHERE { { ?item wdt:P460* wd:Q108636690 . ?p wdt:P735 ?item } UNION { ?item wdt:P460* wd:Q108636690 }  } 
        GROUP BY ?item ORDER BY DESC(?count) LIMIT 1000
      } AS %all
WITH  { SELECT (?item as ?item2) (?count AS ?count2) WHERE { INCLUDE %all }
      } AS %all2
WITH  { SELECT ?item (SUM(?x) AS ?rank) ?count WHERE { INCLUDE %all . INCLUDE %all2 . BIND( IF( ?count  <= ?count2 ,1,0) AS ?x ) } GROUP BY ?item ?count
      } AS %main 
WHERE
{ hint:Query hint:optimizer ""None"".    
  INCLUDE %main .
  OPTIONAL { FILTER( ?item = wd:Q108636690 )  BIND("" ==> "" as ?here) }
  OPTIONAL { ?item wdt:P1705 ?native_label }
  OPTIONAL { ?item wdt:P282 ?script  }
  SERVICE wikibase:label { bd:serviceParam wikibase:language ""[AUTO_LANGUAGE],en"". }
}
ORDER BY DESC(?count)",True,True,False,http_400,0.0,0.0
346,complex,"PREFIX bd: <http://www.bigdata.com/rdf#>
PREFIX rdfs: <http://www.w3.org/2000/01/rdf-schema#>
PREFIX wd: <http://www.wikidata.org/entity/>
PREFIX wdt: <http://www.wikidata.org/prop/direct/>
PREFIX wikibase: <http://wikiba.se/ontology#>

SELECT ?author1 ?author1Label (count(?citing_work) AS ?number_of_citations) (group_concat(?citing_work_label; separator="" \\ "") as ?citing_works) WHERE {
?work wdt:P50 ?author1 .
?author1 wdt:P27 wd:Q35 .
?citing_work wdt:P2860 ?work .
service wikibase:label { bd:serviceParam wikibase:language ""en"" . }
?citing_work rdfs:label ?citing_work_label . filter (lang(?citing_work_label) = 'en')
}
GROUP BY ?author1 ?author1Label
ORDER BY DESC(?number_of_citations)",True,True,True,,1.0,na
347,complex,"PREFIX bd: <http://www.bigdata.com/rdf#>
PREFIX rdfs: <http://www.w3.org/2000/01/rdf-schema#>
PREFIX wd: <http://www.wikidata.org/entity/>
PREFIX wdt: <http://www.wikidata.org/prop/direct/>
PREFIX wikibase: <http://wikiba.se/ontology#>

SELECT ?winnerLabel1 ?ballsize ?rgb WHERE {
# the snooker ball colours
BIND ( COALESCE(
IF(?wins = 1, ""ff0000"", 1/0),
IF(?wins = 2, ""ffff00"", 1/0),
IF(?wins = 3, ""00ff00"", 1/0),
IF(?wins = 4, ""8b4513"", 1/0),
IF(?wins = 5, ""0000ff"", 1/0),
IF(?wins = 6, ""ffc0cb"", 1/0),
IF(?wins = 7, ""000000"", 1/0),
IF(?wins = 8, ""ffa500"", 1/0),
""800080""
) AS ?rgb )
BIND(1 AS ?ballsize)
BIND( CONCAT(?winnerLabel, "": "", STR(?wins)) AS ?winnerLabel1)
# inner select generates the winners totals
{ SELECT ?winnerLabel (COUNT (?winner) AS ?wins) WHERE {
{ ?p wdt:P31 wd:Q502948 }
UNION
{ ?p wdt:P361 wd:Q502948 }
?p wdt:P1346 ?winner .
?winner rdfs:label ?winnerLabel .
FILTER(LANG(?winnerLabel) = ""en"")
# SERVICE wikibase:label { bd:serviceParam wikibase:language ""[AUTO_LANGUAGE],en"". }
} GROUP BY ?winnerLabel
ORDER BY ASC (?wins )}
}",True,True,True,,1.0,na
348,complex,"PREFIX bd: <http://www.bigdata.com/rdf#>
PREFIX rdfs: <http://www.w3.org/2000/01/rdf-schema#>
PREFIX wd: <http://www.wikidata.org/entity/>
PREFIX wdt: <http://www.wikidata.org/prop/direct/>
PREFIX wikibase: <http://wikiba.se/ontology#>

SELECT DISTINCT ?person ?name ?birthplace ?birthyear ?coord ?layer WHERE {
{?person wdt:P106 wd:Q188094} UNION {?person wdt:P101 wd:Q8134} MINUS {?person wdt:P106 wd:Q188094; wdt:P101 wd:Q8134}
?person wdt:P570 ?dod;
wdt:P19 ?place .
?place wdt:P625 ?coord
OPTIONAL { ?person wdt:P569 ?dob }
BIND(YEAR(?dob) as ?birthyear)
BIND(IF( (?birthyear < 1700), ""Pre-1700"", IF((?birthyear < 1751), ""1700-1750"", IF((?birthyear < 1801), ""1751-1800"", IF((?birthyear < 1851), ""1801-1850"", IF((?birthyear < 1901), ""1851-1900"", IF((?birthyear < 1951), ""1901-1950"", ""Post-1950"") ) ) ) )) AS ?layer )
SERVICE wikibase:label { bd:serviceParam wikibase:language ""[AUTO_LANGUAGE],en"".?person rdfs:label ?name. ?place rdfs:label ?birthplace }
} ORDER BY ?birthyear",True,True,True,,1.0,1.0
349,complex,"PREFIX bd: <http://www.bigdata.com/rdf#>
PREFIX rdfs: <http://www.w3.org/2000/01/rdf-schema#>
PREFIX p: <http://www.wikidata.org/prop/>
PREFIX pq: <http://www.wikidata.org/prop/qualifier/>
PREFIX ps: <http://www.wikidata.org/prop/statement/>
PREFIX wd: <http://www.wikidata.org/entity/>
PREFIX wdt: <http://www.wikidata.org/prop/direct/>
PREFIX wikibase: <http://wikiba.se/ontology#>

SELECT distinct ?item ?itemLabel ?date (GROUP_CONCAT(distinct ?creaLb; separator="" - "") as ?createur) ?img
WHERE {
?item wdt:P136 wd:Q1400612 ;
wdt:P170 ?crea ;
wdt:P18 ?img ;
p:P170 [ pq:P1777 wd:Q41264 ] ;
p:P571 ?declarationdate .
OPTIONAL { MINUS {?declarationdate pq:P1319 ?pasavant }
MINUS {?declarationdate pq:P1480 wd:Q5727902 }
?declarationdate ps:P571 ?dateunique .
BIND (year(?dateunique) AS ?date)}
OPTIONAL { MINUS {?declarationdate pq:P1319 ?pasavant }
?declarationdate pq:P1480 wd:Q5727902.
?declarationdate ps:P571 ?dateunique .
BIND (CONCAT(""c."",STR(year(?dateunique))) AS ?date)}
OPTIONAL { ?declarationdate pq:P1319 ?pasavant .
?declarationdate pq:P1326 ?pasapres.
BIND (CONCAT(STR(year(?pasavant)),""-"",STR(year(?pasapres))) AS ?date)}
?crea rdfs:label ?creaLb . filter (lang(?creaLb) = ""fr"") .
SERVICE wikibase:label {bd:serviceParam wikibase:language ""fr""}
} GROUP BY ?item ?itemLabel ?date ?img",True,True,False,http_500,0.0,0.0
350,complex,"PREFIX bd: <http://www.bigdata.com/rdf#>
PREFIX rdfs: <http://www.w3.org/2000/01/rdf-schema#>
PREFIX wd: <http://www.wikidata.org/entity/>
PREFIX wdt: <http://www.wikidata.org/prop/direct/>
PREFIX wikibase: <http://wikiba.se/ontology#>

SELECT
?char
?charName
(GROUP_CONCAT(DISTINCT ?occupationLabel; SEPARATOR = "","") AS ?arrOccupations)
WHERE {
?char wdt:P1080 wd:Q18043309; # ""from narrative universe"" ""Start Trek multiverse""
wdt:P1080 ?universe; #""from narrative universe""
wdt:P31 wd:Q15632617; # ""instance of"" ""fictional human""
wdt:P106 wd:Q87265645; # occupation ""spaceship captain""
wdt:P106 ?occupation.
SERVICE wikibase:label {
bd:serviceParam wikibase:language ""[AUTO_LANGUAGE],en"".
?char rdfs:label ?charName.
?universe rdfs:label ?universeLabel.
?type rdfs:label ?typeLabel.
?country_of_citizenship rdfs:label ?country_of_citizenshipLabel.
?place_of_birth rdfs:label ?place_of_birthLabel.
?occupation rdfs:label ?occupationLabel.
}
}
GROUP BY ?char ?charName ?arrOccupations",True,True,True,,1.0,1.0
351,complex,"PREFIX bd: <http://www.bigdata.com/rdf#>
PREFIX schema: <http://schema.org/>
PREFIX xsd: <http://www.w3.org/2001/XMLSchema#>
PREFIX p: <http://www.wikidata.org/prop/>
PREFIX pq: <http://www.wikidata.org/prop/qualifier/>
PREFIX wd: <http://www.wikidata.org/entity/>
PREFIX wdt: <http://www.wikidata.org/prop/direct/>
PREFIX wikibase: <http://wikiba.se/ontology#>

SELECT ?article ?person ?personLabel ?picGrave ?coord ?bd ?graveplot2 ?layer WHERE {
{
?person wdt:P119 wd:Q311 ;
p:P119 [
pq:P965 ?graveplot];
wdt:P569 ?bd .
?person wdt:P19 ?city .
?city wdt:P625 ?coord .
OPTIONAL{ ?person wdt:P1442 ?picGrave .}
OPTIONAL {
?article schema:about ?person .
?article schema:inLanguage ""fr"" .
?article schema:isPartOf <https://fr.wikipedia.org/> .}
BIND (CONCAT(""Division "",?graveplot) AS ?graveplot2)
BIND(
IF(?bd < ""1700-01-01T00:00:00Z""^^xsd:dateTime, ""<1700"",
IF(?bd < ""1800-01-01T00:00:00Z""^^xsd:dateTime, ""18e siecle"",
IF(?bd < ""1900-01-01T00:00:00Z""^^xsd:dateTime, ""19e siecle"",
IF(?bd < ""2000-01-01T00:00:00Z""^^xsd:dateTime, ""20e siecle"",
""21e siecle""))))
AS ?layer).
}
SERVICE wikibase:label { bd:serviceParam wikibase:language ""fr""}
}
Order by ?personLabel",True,True,True,,1.0,1.0
352,complex,"PREFIX dct: <http://purl.org/dc/terms/>
PREFIX ontolex: <http://www.w3.org/ns/lemon/ontolex#>
PREFIX p: <http://www.wikidata.org/prop/>
PREFIX pq: <http://www.wikidata.org/prop/qualifier/>
PREFIX ps: <http://www.wikidata.org/prop/statement/>
PREFIX wd: <http://www.wikidata.org/entity/>
PREFIX wikibase: <http://wikiba.se/ontology#>

SELECT ?form ?lemma
WHERE {
?lexemeId dct:language wd:Q9027;
wikibase:lemma ?lemma;
ontolex:lexicalForm ?form.
MINUS {
?lexemeId p:P5831 ?statement.
?statement ps:P5831 ?example;
pq:P6072 [];
pq:P5830 ?form_with_example.
}
}",True,True,True,,1.0,na
353,complex,"PREFIX bd: <http://www.bigdata.com/rdf#>
PREFIX wd: <http://www.wikidata.org/entity/>
PREFIX wdt: <http://www.wikidata.org/prop/direct/>
PREFIX wikibase: <http://wikiba.se/ontology#>
PREFIX gas: <http://www.bigdata.com/rdf/gas#>

SELECT ?item ?itemLabel ?pic ?linkTo
WHERE
{
SERVICE gas:service {
gas:program gas:gasClass ""com.bigdata.rdf.graph.analytics.SSSP"" ;
gas:in wd:Q14001 ;
gas:traversalDirection ""Reverse"" ;
gas:out ?item ;
gas:out1 ?depth ;
gas:maxIterations 4 ;
gas:linkType wdt:P279 .
}
OPTIONAL { ?item wdt:P279 ?linkTo }
OPTIONAL { ?item wdt:P18 ?pic }
SERVICE wikibase:label {bd:serviceParam wikibase:language ""en"" }
}",True,True,False,http_500,0.0,0.0
354,complex,"PREFIX bd: <http://www.bigdata.com/rdf#>
PREFIX wd: <http://www.wikidata.org/entity/>
PREFIX wdt: <http://www.wikidata.org/prop/direct/>
PREFIX wikibase: <http://wikiba.se/ontology#>

SELECT ?award ?awardLabel (SUM(?female) AS ?count_females) (SUM(?male) AS ?count_males) (COUNT(*) AS ?count) ((100 * ?count_females / ?count) AS ?share_female) WHERE {
SERVICE wikibase:label { bd:serviceParam wikibase:language ""en"". }
?award wdt:P279 wd:Q7191.
?item wdt:P166 ?award;
wdt:P21 ?gender.
BIND(IF(?gender IN(wd:Q6581097, wd:Q2449503), 1 , 0 ) AS ?male)
BIND(IF(?gender IN(wd:Q6581072, wd:Q1052281), 1 , 0 ) AS ?female)
}
GROUP BY ?award ?awardLabel
ORDER BY DESC(?share_female)",True,True,True,,1.0,1.0
357,complex,"PREFIX bd: <http://www.bigdata.com/rdf#>
PREFIX rdfs: <http://www.w3.org/2000/01/rdf-schema#>
PREFIX p: <http://www.wikidata.org/prop/>
PREFIX pq: <http://www.wikidata.org/prop/qualifier/>
PREFIX wd: <http://www.wikidata.org/entity/>
PREFIX wdt: <http://www.wikidata.org/prop/direct/>
PREFIX wikibase: <http://wikiba.se/ontology#>

SELECT ?item ?itemLabel (SAMPLE(?typeLabel) AS ?_type) WHERE {
{ VALUES ?type { wd:Q108838260 wd:Q3343298 wd:Q17456916 wd:Q524778 wd:Q169180 } # Exec agencies (9) + NDPBs (45) + commissioners (7)
?item wdt:P31 ?type ;
wdt:P1001 wd:Q22 .
MINUS { ?item wdt:P31 wd:Q5532360 }
}
UNION
{ ?item wdt:P31 wd:Q270791; # Public corps (6)
wdt:P127 wd:Q32521 .
}
UNION
{ VALUES ?type { wd:Q18392368 wd:Q1412224 wd:Q3044788 wd:Q327333 wd:Q104417453 } # Tribunals (11) + other (28)
?item wdt:P31 ?type ;
wdt:P131|wdt:P1001 wd:Q22 .
MINUS { ?item wdt:P1001 wd:Q1156248 }
MINUS { ?item p:P1001 ?js . ?js pq:P582 [] }
}
UNION
{ VALUES ?type { wd:Q21451686 wd:Q83425186 wd:Q20667323 } # Local authorities (32) + Health boards (14)
?item wdt:P31 ?type .
}
UNION
{ ?item wdt:P361 wd:Q4993654 . # Courts (56)
}
MINUS { ?item wdt:P576 [] }
OPTIONAL { ?item wdt:P31 ?type }
SERVICE wikibase:label { bd:serviceParam wikibase:language ""en"". ?type rdfs:label ?typeLabel . ?item rdfs:label ?itemLabel }
} GROUP BY ?item ?itemLabel",True,False,True,,0.984,0.984
358,complex,"PREFIX bd: <http://www.bigdata.com/rdf#>
PREFIX rdfs: <http://www.w3.org/2000/01/rdf-schema#>
PREFIX p: <http://www.wikidata.org/prop/>
PREFIX pq: <http://www.wikidata.org/prop/qualifier/>
PREFIX ps: <http://www.wikidata.org/prop/statement/>
PREFIX wd: <http://www.wikidata.org/entity/>
PREFIX wdt: <http://www.wikidata.org/prop/direct/>
PREFIX wikibase: <http://wikiba.se/ontology#>

SELECT ?collection ?l (GROUP_CONCAT(DISTINCT ?officialweb) AS ?webs) (COUNT(DISTINCT ?q) AS ?mcount)
WHERE {
?q (wdt:P31/wdt:P279*) wd:Q87167.
?q p:P195 ?s. ?s ps:P195 ?collection. MINUS {?s pq:P582 []}.
MINUS { ?s ps:P195 wd:Q1322278 }
OPTIONAL{ ?collection wdt:P856 ?officialweb }
SERVICE wikibase:label {
bd:serviceParam wikibase:language ""en"".
?collection rdfs:label ?l
}
}
GROUP BY ?collection ?l
ORDER BY UCASE(?l)",True,True,True,,1.0,1.0
359,complex,"PREFIX bd: <http://www.bigdata.com/rdf#>
PREFIX p: <http://www.wikidata.org/prop/>
PREFIX psn: <http://www.wikidata.org/prop/statement/value-normalized/>
PREFIX wd: <http://www.wikidata.org/entity/>
PREFIX wdt: <http://www.wikidata.org/prop/direct/>
PREFIX wikibase: <http://wikiba.se/ontology#>

SELECT ?DiseaseLabel ((?min / 86400) AS ?Minimal_Incubation_Time) ((?max / 86400) AS ?Maximum_Incubation_Time)
WHERE {
?Disease wdt:P31/wdt:P279* wd:Q18123741 .
?Disease p:P3488/psn:P3488/wikibase:quantityAmount ?min .
?Disease p:P3487/psn:P3487/wikibase:quantityAmount ?max
SERVICE wikibase:label { bd:serviceParam wikibase:language ""[AUTO_LANGUAGE]"". }
}
ORDER BY ?DiseaseLabel",True,True,True,,1.0,na
360,complex,"PREFIX bd: <http://www.bigdata.com/rdf#>
PREFIX geo: <http://www.opengis.net/ont/geosparql#>
PREFIX p: <http://www.wikidata.org/prop/>
PREFIX psv: <http://www.wikidata.org/prop/statement/value/>
PREFIX wd: <http://www.wikidata.org/entity/>
PREFIX wdt: <http://www.wikidata.org/prop/direct/>
PREFIX wikibase: <http://wikiba.se/ontology#>
PREFIX gas: <http://www.bigdata.com/rdf/gas#>

SELECT ?station ?stationLabel ?cds ?line ?layer WHERE {
{ SERVICE gas:service {
gas:program gas:gasClass ""com.bigdata.rdf.graph.analytics.BFS"" ; gas:in wd:Q15213944 ; gas:target wd:Q2784062 ; gas:out ?station ; gas:out1 [] ; gas:out2 ?pred .
gas:program gas:linkType wdt:P197 . } }
FILTER(?station != wd:Q15213944)
?pred p:P625/psv:P625/wikibase:geoLatitude ?lat1 ; p:P625/psv:P625/wikibase:geoLongitude ?lon1 .
?station p:P625/psv:P625/wikibase:geoLatitude ?lat2 ; p:P625/psv:P625/wikibase:geoLongitude ?lon2 .
BIND(CONCAT('LINESTRING(', STR(?lon1), ' ', STR(?lat1), ',', STR(?lon2), ' ', STR(?lat2), ')') AS ?str) . BIND(STRDT(?str, geo:wktLiteral) AS ?line)
SERVICE wikibase:label { bd:serviceParam wikibase:language ""en"". }
}",True,True,False,http_500,0.0,0.0
361,complex,"PREFIX bd: <http://www.bigdata.com/rdf#>
PREFIX schema: <http://schema.org/>
PREFIX xsd: <http://www.w3.org/2001/XMLSchema#>
PREFIX p: <http://www.wikidata.org/prop/>
PREFIX pq: <http://www.wikidata.org/prop/qualifier/>
PREFIX wd: <http://www.wikidata.org/entity/>
PREFIX wdt: <http://www.wikidata.org/prop/direct/>
PREFIX wikibase: <http://wikiba.se/ontology#>

SELECT ?article ?person ?personLabel ?picGrave ?coord ?bd ?graveplot2 ?layer WHERE {
{
?person wdt:P119 wd:Q311 ;
p:P119 [
pq:P965 ?graveplot];
wdt:P569 ?bd .
?person wdt:P19 ?city .
?city wdt:P625 ?coord .
OPTIONAL{ ?person wdt:P1442 ?picGrave .}
OPTIONAL {
?article schema:about ?person .
?article schema:inLanguage ""fr"" .
?article schema:isPartOf <https://fr.wikipedia.org/> .}
BIND (CONCAT(""Division "",?graveplot) AS ?graveplot2)
BIND(
IF(?bd < ""1700-01-01T00:00:00Z""^^xsd:dateTime, ""<1700"",
IF(?bd < ""1800-01-01T00:00:00Z""^^xsd:dateTime, ""18e siecle"",
IF(?bd < ""1900-01-01T00:00:00Z""^^xsd:dateTime, ""19e siecle"",
IF(?bd < ""2000-01-01T00:00:00Z""^^xsd:dateTime, ""20e siecle"",
""21e siecle""))))
AS ?layer).
}
SERVICE wikibase:label { bd:serviceParam wikibase:language ""fr""}
}
Order by ?personLabel",True,True,True,,1.0,1.0
362,complex,"PREFIX bd: <http://www.bigdata.com/rdf#>
PREFIX wd: <http://www.wikidata.org/entity/>
PREFIX wdt: <http://www.wikidata.org/prop/direct/>
PREFIX wikibase: <http://wikiba.se/ontology#>

select distinct ?item ?parentLabel ?itemLabel ?womenLabel ?women
where {
?item wdt:P31 wd:Q16521 . # Any instance of a taxon.
?item wdt:P105 wd:Q34740 . # Taxon rank is genus.
?item wdt:P171 ?parent .
?item wdt:P138 ?women . # Named after
?women wdt:P21 wd:Q6581072 . # Female
{ ?women wdt:P106/wdt:P279* wd:Q2374149 } UNION #botanist
{ ?women wdt:P106/wdt:P279* wd:Q2083925 } UNION #botanical collector
{ ?women wdt:P106/wdt:P279* wd:Q3148760 } . #botanical illustrator
SERVICE wikibase:label { bd:serviceParam wikibase:language ""en"" }
}
ORDER BY DESC(?itemLabel)",True,True,True,,1.0,1.0
363,complex,"PREFIX bd: <http://www.bigdata.com/rdf#>
PREFIX dct: <http://purl.org/dc/terms/>
PREFIX ontolex: <http://www.w3.org/ns/lemon/ontolex#>
PREFIX wdt: <http://www.wikidata.org/prop/direct/>
PREFIX wikibase: <http://wikiba.se/ontology#>

SELECT ?languageLabel (COUNT(?example) AS ?count ) WHERE {
?l a ontolex:LexicalEntry; dct:language ?language.
?l wdt:P5831 ?example.
SERVICE wikibase:label { bd:serviceParam wikibase:language ""[AUTO_LANGUAGE],en"". }
}
GROUP BY ?languageLabel
ORDER BY DESC(?count)",True,True,True,,1.0,na
365,complex,"PREFIX bd: <http://www.bigdata.com/rdf#>
PREFIX geo: <http://www.opengis.net/ont/geosparql#>
PREFIX p: <http://www.wikidata.org/prop/>
PREFIX pq: <http://www.wikidata.org/prop/qualifier/>
PREFIX psv: <http://www.wikidata.org/prop/statement/value/>
PREFIX ps: <http://www.wikidata.org/prop/statement/>
PREFIX wd: <http://www.wikidata.org/entity/>
PREFIX wikibase: <http://wikiba.se/ontology#>

SELECT
?time ?end_time ?locationLabel ?point ?line
WITH {
SELECT ?subject ?location ?time ?end_time ?point ?point_str WHERE {
VALUES ?subject { wd:Q704208 } .
?subject p:P937 ?work_location_statement .
?work_location_statement ps:P937 ?location .
?location p:P625 / ps:P625 ?point .
?location p:P625 / psv:P625 / wikibase:geoLatitude ?latitude .
?location p:P625 / psv:P625 / wikibase:geoLongitude ?longitude .
?work_location_statement pq:P580 ?time .
OPTIONAL { ?work_location_statement pq:P582 ?end_time } .
BIND(CONCAT(STR(?longitude), ' ', STR(?latitude)) AS ?point_str)
}
ORDER BY (?time)
} AS %points
WITH {
SELECT ?subject (STRDT( CONCAT('LINESTRING (', GROUP_CONCAT(?point_str; separator=','), ')'), geo:wktLiteral) AS ?line) WHERE {
INCLUDE %points
} GROUP BY ?subject
} AS %line
WHERE {
INCLUDE %points
INCLUDE %line
SERVICE wikibase:label { bd:serviceParam wikibase:language ""[AUTO_LANGUAGE],en"". }
}",True,True,False,http_400,0.0,0.0
366,complex,"PREFIX bd: <http://www.bigdata.com/rdf#>
PREFIX wd: <http://www.wikidata.org/entity/>
PREFIX wdt: <http://www.wikidata.org/prop/direct/>
PREFIX wikibase: <http://wikiba.se/ontology#>

SELECT ?lang ?langLabel ?human ?humanLabel ?educatedat ?educatedatLabel ?coords WHERE {
?lang wdt:P31/wdt:P279* wd:Q9143 .
?human wdt:P31 wd:Q5 .
{ ?lang wdt:P287 ?human } UNION { ?lang wdt:P170 ?human } UNION { ?lang wdt:P943 ?human } UNION { ?lang wdt:P178 ?human } .
?human wdt:P69 ?educatedat .
?educatedat wdt:P625 ?coords .
SERVICE wikibase:label {
bd:serviceParam wikibase:language ""en,fr"" .
}
}
LIMIT 100",True,True,True,,1.0,1.0
367,complex,"PREFIX bd: <http://www.bigdata.com/rdf#>
PREFIX wd: <http://www.wikidata.org/entity/>
PREFIX wdt: <http://www.wikidata.org/prop/direct/>
PREFIX wikibase: <http://wikiba.se/ontology#>

SELECT DISTINCT ?alum ?alumLabel ?alumDescription ?image
WHERE {
{?alum wdt:P69 wd:Q34433 .}
UNION {?college wdt:P31 wd:Q2581649.
?alum wdt:P69 ?college.}
?alum wdt:P21 wd:Q6581072 .
MINUS { ?alum wdt:P27 wd:Q145 }.
OPTIONAL {?alum wdt:P18 ?image }.
SERVICE wikibase:label { bd:serviceParam wikibase:language ""[AUTO_LANGUAGE],en"" }
}",True,True,True,,1.0,1.0
368,complex,"PREFIX wd: <http://www.wikidata.org/entity/>
PREFIX wdt: <http://www.wikidata.org/prop/direct/>

select (STR(?year1) as ?year) ((count(?item) * ?sgn) as ?count) ?layer where {
?item wdt:P19/wdt:P17 ?country . values ?country {wd:Q213 wd:Q183} . ?item wdt:P569 ?birthdate bind((FLOOR(YEAR(?birthdate)/10)*10) as ?year1) FILTER(?year1>=1800).
optional {?item wdt:P19/wdt:P17 wd:Q213 . ?item wdt:P20/wdt:P17 wd:Q183 . bind(""Born in Czechia, died in Germany"" as ?layer). bind(1 as ?sgn)}
optional {?item wdt:P19/wdt:P17 wd:Q183 . ?item wdt:P20/wdt:P17 wd:Q213 . bind(""Born in Germany, died in the Czech Republic"" as ?layer). bind(-1 as ?sgn)}
filter(bound(?layer)) .
}
group by ?year1 ?layer ?sgn
order by asc(?year1)",True,True,True,,1.0,na
369,complex,"PREFIX bd: <http://www.bigdata.com/rdf#>
PREFIX rdfs: <http://www.w3.org/2000/01/rdf-schema#>
PREFIX wd: <http://www.wikidata.org/entity/>
PREFIX wdt: <http://www.wikidata.org/prop/direct/>
PREFIX wikibase: <http://wikiba.se/ontology#>

SELECT (?namesLabel AS ?name) (COUNT(?monarch) AS ?dead_monarchs) (SAMPLE(?cause_of_deathLabel) AS ?causes_of_death) WHERE {
VALUES ?monarchies {wd:Q9134365 wd:Q111722535 wd:Q110324075 wd:Q18810062}
?monarch wdt:P39 ?monarchies;
wdt:P735 ?names.
?monarch wdt:P1196 ?cause_of_death.
SERVICE wikibase:label { bd:serviceParam wikibase:language ""[AUTO_LANGUAGE],en"".
?names rdfs:label ?namesLabel .
?monarch rdfs:label ?monarchLabel .
?cause_of_death rdfs:label ?cause_of_deathLabel .}
} GROUP BY ?namesLabel ?cause_of_death
ORDER BY DESC (?dead_monarchs)",True,True,True,,1.0,na
370,complex,"PREFIX bd: <http://www.bigdata.com/rdf#>
PREFIX wd: <http://www.wikidata.org/entity/>
PREFIX wdt: <http://www.wikidata.org/prop/direct/>
PREFIX wikibase: <http://wikiba.se/ontology#>

SELECT ?depicted ?depictedLabel ?ashcount ?ashexample ?ashexampleLabel ?clevcount ?clevexample ?clevexampleLabel WHERE {
{SELECT ?depicted (Sample(?itemash) AS ?ashexample) (COUNT(DISTINCT ?itemash) AS ?ashcount) (sample(?itemclev) as ?clevexample) (COUNT(DISTINCT ?itemclev) AS ?clevcount) WHERE {
?itemclev wdt:P195 wd:Q657415; wdt:P180 ?depicted.
?itemash wdt:P195 wd:Q636400 ; wdt:P180 ?depicted.
} GROUP BY ?depicted }
SERVICE wikibase:label { bd:serviceParam wikibase:language ""[AUTO_LANGUAGE],en"". }
} ORDER BY DESC(?ashcount + ?clevcount)",True,True,True,,1.0,1.0
372,complex,"PREFIX bd: <http://www.bigdata.com/rdf#>
PREFIX xsd: <http://www.w3.org/2001/XMLSchema#>
PREFIX p: <http://www.wikidata.org/prop/>
PREFIX pq: <http://www.wikidata.org/prop/qualifier/>
PREFIX ps: <http://www.wikidata.org/prop/statement/>
PREFIX wd: <http://www.wikidata.org/entity/>
PREFIX wdt: <http://www.wikidata.org/prop/direct/>
PREFIX wikibase: <http://wikiba.se/ontology#>

SELECT DISTINCT ?country1Label ?country2Label ?capital1Label ?capital2Label ?distance WHERE {
{
SELECT DISTINCT ?country1 ?country2 ?capital1 ?capital2 ?distance WHERE {
?country1 p:P463 ?statement1 ;
wdt:P36 ?capital1 .
?statement1 ps:P463 wd:Q1065 .
FILTER NOT EXISTS { ?statement1 pq:P582 ?x }
FILTER NOT EXISTS { ?country1 wdt:P31 wd:Q3024240 }
?country2 p:P463 ?statement2 ;
wdt:P36 ?capital2 .
?statement2 ps:P463 wd:Q1065 .
FILTER NOT EXISTS { ?statement2 pq:P582 ?x }
FILTER NOT EXISTS { ?country2 wdt:P31 wd:Q3024240 }
?capital1 wdt:P625 ?coords1 .
?capital2 wdt:P625 ?coords2 .
FILTER(xsd:string(?country1) < xsd:string(?country2))
FILTER NOT EXISTS {
?country1 p:P47 ?statementBorder .
?statementBorder ps:P47 ?country2 .
{ FILTER NOT EXISTS { ?statementBorder pq:P5102 ?x } } UNION
{ ?statementBorder pq:P5102 wd:Q15104814 }
}
BIND(ROUND(geof:distance(?coords1, ?coords2)) AS ?distance) .
FILTER (?distance<200)
}
}
SERVICE wikibase:label { bd:serviceParam wikibase:language ""[AUTO_LANGUAGE],en"". }
}
ORDER BY ?distance",True,True,False,http_400,0.0,0.0
373,complex,"PREFIX bd: <http://www.bigdata.com/rdf#>
PREFIX rdfs: <http://www.w3.org/2000/01/rdf-schema#>
PREFIX schema: <http://schema.org/>
PREFIX wd: <http://www.wikidata.org/entity/>
PREFIX wdt: <http://www.wikidata.org/prop/direct/>
PREFIX wikibase: <http://wikiba.se/ontology#>

SELECT (?link as ?q) (?nameplusdesc AS ?qLabel) (SAMPLE(?image) AS ?img) WHERE {
?work wdt:P195/wdt:P361 wd:Q63160499; wdt:P18 ?image ; wdt:P973 ?link; wdt:P180 ?depicted.
SERVICE wikibase:label { bd:serviceParam wikibase:language ""[AUTO_LANGUAGE],en"".
?depicted rdfs:label ?name . ?depicted schema:description ?desc }
BIND(IF(BOUND(?desc), CONCAT(?name, "", "", ?desc), ?name) AS ?nameplusdesc)
} GROUP BY ?link ?nameplusdesc
ORDER BY UCASE(?qLabel)",True,False,True,,1.0,na
374,complex,"PREFIX bd: <http://www.bigdata.com/rdf#>
PREFIX wdt: <http://www.wikidata.org/prop/direct/>
PREFIX wikibase: <http://wikiba.se/ontology#>

select distinct ?item ?itemLabel ?twitter1 ?twitter2 ?facebook1 ?facebook2 where
{
{ ?item wdt:P2002 ?twitter1 . ?item wdt:P2002 ?twitter2 .
filter(?twitter1 > ?twitter2) .
# item has two values for twitter account
filter((lcase(?twitter1)) = (lcase(?twitter2)) ) . }
# but they are the same case-insensitive text
union
{ ?item wdt:P2013 ?facebook1 . ?item wdt:P2013 ?facebook2 .
filter(?facebook1 > ?facebook2) .
filter((lcase(?facebook1)) = (lcase(?facebook2)) ) . }
# same but for facebook
# as of 2019-03-19, 176 Twitter and 27 Facebook
# nb please do *not* fix automatically by removing entries without checking them first
# as one value may have key qualifiers (follower count, verification, sources, etc)!
SERVICE wikibase:label { bd:serviceParam wikibase:language ""[AUTO_LANGUAGE],en"". }
}",True,True,True,,1.0,1.0
375,complex,"PREFIX rdfs: <http://www.w3.org/2000/01/rdf-schema#>
PREFIX p: <http://www.wikidata.org/prop/>
PREFIX ps: <http://www.wikidata.org/prop/statement/>
PREFIX wd: <http://www.wikidata.org/entity/>
PREFIX wdt: <http://www.wikidata.org/prop/direct/>

SELECT ?character (COUNT(DISTINCT ?item) AS ?count) WHERE {
{ ?item p:P31/ps:P31/wdt:P279* wd:Q341. } UNION
{ ?item wdt:P31/wdt:P279* wd:Q7397; wdt:P275/(wdt:P31|wdt:P279)* wd:Q3943414. }
?item rdfs:label ?label.
FILTER(LANG(?label) = ""en"")
BIND(UCASE(SUBSTR(?label, 1, 1)) AS ?character)
}
GROUP BY ?character",True,True,True,,1.0,na
376,complex,"PREFIX bd: <http://www.bigdata.com/rdf#>
PREFIX wd: <http://www.wikidata.org/entity/>
PREFIX wdt: <http://www.wikidata.org/prop/direct/>
PREFIX wikibase: <http://wikiba.se/ontology#>

SELECT ?country ?countryLabel (COUNT(DISTINCT ?demo) AS ?count) WHERE {
?demo wdt:P31/wdt:P279* wd:Q175331;
wdt:P17 ?country.
SERVICE wikibase:label { bd:serviceParam wikibase:language ""en"". }
}
GROUP BY ?country ?countryLabel
ORDER BY DESC(?count)",True,True,True,,1.0,1.0
377,complex,"PREFIX bd: <http://www.bigdata.com/rdf#>
PREFIX wd: <http://www.wikidata.org/entity/>
PREFIX wdt: <http://www.wikidata.org/prop/direct/>
PREFIX wikibase: <http://wikiba.se/ontology#>

SELECT ?item ?itemLabel ?coordinate ?bild WHERE {
wd:Q107582 wdt:P625 ?Center.
SERVICE wikibase:around {
?item wdt:P625 ?coordinate.
bd:serviceParam wikibase:center ?Center;
wikibase:radius ""30"".
}
FILTER(EXISTS { ?item (wdt:P31/(wdt:P279*)) wd:Q33506. })
OPTIONAL { ?item wdt:P18 ?bild. }
SERVICE wikibase:label { bd:serviceParam wikibase:language ""de,en,[AUTO_LANGUAGE]"". }
}",True,True,False,http_500,0.0,0.0
378,complex,"PREFIX bd: <http://www.bigdata.com/rdf#>
PREFIX rdfs: <http://www.w3.org/2000/01/rdf-schema#>
PREFIX p: <http://www.wikidata.org/prop/>
PREFIX pq: <http://www.wikidata.org/prop/qualifier/>
PREFIX ps: <http://www.wikidata.org/prop/statement/>
PREFIX wd: <http://www.wikidata.org/entity/>
PREFIX wdt: <http://www.wikidata.org/prop/direct/>
PREFIX wikibase: <http://wikiba.se/ontology#>

SELECT (REPLACE(REPLACE(?nobelPrizeLabel_, ""^Nobel Prize in "", """"), ""^Nobel (.*) Prize$"", ""$1"") AS ?nobelPrizeLabel) (COUNT(DISTINCT ?winner) AS ?winners) (COALESCE(?genderLabel_, ""N/A""@en) AS ?genderLabel) WHERE {
?nobelPrize wdt:P361 wd:Q7191.
?winner p:P166 [
ps:P166 ?nobelPrize;
pq:P585 ?date
].
OPTIONAL { ?winner wdt:P21 ?gender. } # optional because organizations can win the Peace Prize
SERVICE wikibase:label {
bd:serviceParam wikibase:language ""[AUTO_LANGUAGE],en"".
?nobelPrize rdfs:label ?nobelPrizeLabel_.
?gender rdfs:label ?genderLabel_.
}
}
GROUP BY ?nobelPrizeLabel_ ?genderLabel_",True,True,False,http_500,0.0,0.0
379,complex,"PREFIX bd: <http://www.bigdata.com/rdf#>
PREFIX wd: <http://www.wikidata.org/entity/>
PREFIX wdt: <http://www.wikidata.org/prop/direct/>
PREFIX wikibase: <http://wikiba.se/ontology#>

SELECT DISTINCT ?item ?itemLabel ?itemDescription ?placediedLabel ?placedied WHERE {
{ ?item wdt:P106 wd:Q1792450.} UNION { ?item wdt:P31 wd:Q1007870. } UNION { ?item wdt:P106 wd:Q173950.} UNION { ?item wdt:P921 wd:Q328376.} UNION { ?item wdt:P106 wd:Q10732476.} UNION { ?item wdt:P106 wd:Q446966.} UNION { ?item wdt:P106 wd:Q22132694.} UNION { ?item wdt:P106 wd:Q674426.}
SERVICE wikibase:label { bd:serviceParam wikibase:language ""en"" }
?item wdt:P20 ?placedied.
{ ?placedied wdt:P31 wd:Q328468.} UNION { ?placedied wdt:P31 wd:Q152081. } UNION { ?placedied wdt:P31 wd:Q153813.} UNION { ?placedied wdt:P31 wd:Q153813.} UNION { ?placedied wdt:P31 wd:Q2583015.}
# FILTER (YEAR(?birth) = 1860 && YEAR(?birth) <= 1990)
}
LIMIT 300",True,True,True,,1.0,1.0
380,complex,"PREFIX bd: <http://www.bigdata.com/rdf#>
PREFIX wdt: <http://www.wikidata.org/prop/direct/>
PREFIX wikibase: <http://wikiba.se/ontology#>

SELECT ?service ?serviceLabel ?property ?propertyLabel ?endpoint (COUNT(?id) AS ?ids_count) {
?service wdt:P5305 ?endpoint ;
wdt:P1896 ?property .
?property wikibase:directClaim ?prop .
?entity ?prop ?id .
SERVICE wikibase:label { bd:serviceParam wikibase:language ""[AUTO_LANGUAGE],en"". }
}
GROUP BY ?service ?serviceLabel ?property ?propertyLabel ?endpoint
ORDER BY DESC(?ids_count)",True,False,True,,0.0,0.0
381,complex,"PREFIX dct: <http://purl.org/dc/terms/>
PREFIX wd: <http://www.wikidata.org/entity/>
PREFIX wdt: <http://www.wikidata.org/prop/direct/>

SELECT (COUNT(DISTINCT ?lexeme) AS ?lexeme_count) ?dictionaries_count (SAMPLE(?lexeme) AS ?sample) {
SELECT ?lexeme (COUNT(DISTINCT ?wdt) AS ?dictionaries_count) {
?lexeme dct:language wd:Q150 .
OPTIONAL {
?lexeme ?wdt [] .
VALUES ?wdt { wdt:P7722 wdt:P7724 wdt:P7732 wdt:P7766 wdt:P10338 wdt:P11118 }
}
}
GROUP BY ?lexeme
}
GROUP BY ?dictionaries_count
ORDER BY ?dictionaries_count",True,True,True,,1.0,na
382,complex,"PREFIX bd: <http://www.bigdata.com/rdf#>
PREFIX wd: <http://www.wikidata.org/entity/>
PREFIX wdt: <http://www.wikidata.org/prop/direct/>
PREFIX wikibase: <http://wikiba.se/ontology#>

SELECT ?software ?softwareLabel ?field ?fieldLabel {
{ ?software wdt:P31/wdt:P279* wd:Q5500964. }
UNION
{ ?software wdt:P275/wdt:P279* wd:Q1156659. }
?software wdt:P101|wdt:P136|wdt:P366 ?field.
SERVICE wikibase:label { bd:serviceParam wikibase:language ""[AUTO_LANGUAGE],en"". }
}",True,True,True,,1.0,1.0
383,complex,"PREFIX bd: <http://www.bigdata.com/rdf#>
PREFIX xsd: <http://www.w3.org/2001/XMLSchema#>
PREFIX wd: <http://www.wikidata.org/entity/>
PREFIX wdt: <http://www.wikidata.org/prop/direct/>
PREFIX wikibase: <http://wikiba.se/ontology#>

SELECT ?person ?personLabel ?died ?sitelinks
WITH {
SELECT *
WHERE {
?person wdt:P31 wd:Q5;
wdt:P570 ?died.
FILTER (?died >= ""2018-01-01T00:00:00Z""^^xsd:dateTime && ?died < ""2019-01-01T00:00:00Z""^^xsd:dateTime)
?person wikibase:sitelinks ?sitelinks.
}
ORDER BY desc(?sitelinks)
LIMIT 100
} AS %i
WHERE {
INCLUDE %i
SERVICE wikibase:label { bd:serviceParam wikibase:language ""[AUTO_LANGUAGE],en"" . }
}
ORDER BY desc(?sitelinks)",True,True,False,http_400,0.0,0.0
384,complex,"PREFIX bd: <http://www.bigdata.com/rdf#>
PREFIX hint: <http://www.bigdata.com/queryHints#>
PREFIX wd: <http://www.wikidata.org/entity/>
PREFIX wdt: <http://www.wikidata.org/prop/direct/>
PREFIX wikibase: <http://wikiba.se/ontology#>

SELECT DISTINCT ?item ?itemLabel ?dob ?post ?postLabel ?birthplace ?birthplaceLabel
WHERE {
hint:Query hint:optimizer ""None"".
?post wdt:P279* wd:Q2285706 .
?item wdt:P39 ?post .
?item wdt:P19 ?birthplace .
?birthplace wdt:P131/(wdt:P131?)/(wdt:P131?)/(wdt:P131?) wd:Q25 .
OPTIONAL {?item wdt:P569 ?dob}
SERVICE wikibase:label { bd:serviceParam wikibase:language ""[AUTO_LANGUAGE],en"". }
} ORDER BY ?postLabel ?dob ?itemLabel",True,True,True,,1.0,na
385,complex,"PREFIX bd: <http://www.bigdata.com/rdf#>
PREFIX wd: <http://www.wikidata.org/entity/>
PREFIX wdt: <http://www.wikidata.org/prop/direct/>
PREFIX wikibase: <http://wikiba.se/ontology#>

SELECT ?propertyItem ?propertyItemLabel (COUNT(?item) AS ?compte ) WHERE {
?item wdt:P31 wd:Q16970 ;
?prop ?saint .
?saint wdt:P411 wd:Q43115 .
?propertyItem wikibase:directClaim ?prop . #necessaire pour recuperer le label
SERVICE wikibase:label { bd:serviceParam wikibase:language ""[AUTO_LANGUAGE],en"". }
}
GROUP BY ?propertyItem ?propertyItemLabel",True,True,True,,1.0,na
386,complex,"PREFIX bd: <http://www.bigdata.com/rdf#>
PREFIX wd: <http://www.wikidata.org/entity/>
PREFIX wdt: <http://www.wikidata.org/prop/direct/>
PREFIX wikibase: <http://wikiba.se/ontology#>

SELECT ?river ?riverLabel ?length ?continent ?continentLabel WITH {
SELECT DISTINCT ?river ?length {
?river wdt:P31 wd:Q4022 ; wdt:P17 wd:Q142 ; wdt:P2043 ?length .
FILTER NOT EXISTS { ?department wdt:P31/wdt:P279* wd:Q6465 ; wdt:P138 ?river }
}
ORDER BY DESC(?length)
LIMIT 10
} AS %i WHERE {
INCLUDE %i
OPTIONAL { ?river wdt:P4614/wdt:P30 ?continent }
SERVICE wikibase:label { bd:serviceParam wikibase:language ""fr"" }
}
ORDER BY DESC(?length)",True,True,False,http_400,0.0,0.0
387,complex,"PREFIX bd: <http://www.bigdata.com/rdf#>
PREFIX wd: <http://www.wikidata.org/entity/>
PREFIX wdt: <http://www.wikidata.org/prop/direct/>
PREFIX wikibase: <http://wikiba.se/ontology#>

SELECT ?pathway ?pathwayLabel ?WikiPathways ?Reactome (COUNT(DISTINCT ?protein) as ?count) WHERE {
VALUES ?pathwayType { wd:Q4915012 wd:Q2996394 }
?pathway wdt:P31 ?pathwayType .
{ ?pathway wdt:P527/wdt:P688 ?protein . } UNION { ?pathway wdt:P527 ?protein . }
?protein wdt:P638 ?PDBID .
OPTIONAL { ?pathway wdt:P2410 ?WikiPathways }
OPTIONAL { ?pathway wdt:P3937 ?Reactome }
SERVICE wikibase:label { bd:serviceParam wikibase:language ""[AUTO_LANGUAGE],en"". }
} GROUP BY ?pathway ?pathwayLabel ?WikiPathways ?Reactome
ORDER BY DESC(?count)",True,True,True,,1.0,1.0
388,complex,"PREFIX bd: <http://www.bigdata.com/rdf#>
PREFIX wd: <http://www.wikidata.org/entity/>
PREFIX wdt: <http://www.wikidata.org/prop/direct/>
PREFIX wikibase: <http://wikiba.se/ontology#>

SELECT
?property
?propertyLabel
?count
WITH {
SELECT DISTINCT ?item {
?item wdt:P31/wdt:P279* wd:Q28564.
}
} AS %0
WITH {
SELECT ?predicate (COUNT(*) AS ?count) {
INCLUDE %0.
?item ?predicate [].
}
GROUP BY ?predicate
} AS %1
WITH {
SELECT ?predicate ?property {
INCLUDE %1.
?property wikibase:claim ?predicate.
}
} AS %2
{
INCLUDE %1.
INCLUDE %2.
SERVICE wikibase:label {bd:serviceParam wikibase:language ""[AUTO_LANGUAGE]""}.
}
ORDER BY DESC(?count)",True,True,False,http_400,0.0,0.0
389,complex,"PREFIX bd: <http://www.bigdata.com/rdf#>
PREFIX xsd: <http://www.w3.org/2001/XMLSchema#>
PREFIX p: <http://www.wikidata.org/prop/>
PREFIX pq: <http://www.wikidata.org/prop/qualifier/>
PREFIX ps: <http://www.wikidata.org/prop/statement/>
PREFIX wd: <http://www.wikidata.org/entity/>
PREFIX wdt: <http://www.wikidata.org/prop/direct/>
PREFIX wikibase: <http://wikiba.se/ontology#>

SELECT ?work ?workLabel ?page ?place ?placeLabel (URI(CONCAT(""http://www.geonames.org/"",?geoname)) AS ?geoname_url) ?coords WHERE { ?work p:P361 [ps:P361 wd:Q54854779; pq:P304 ?page].
OPTIONAL {?work wdt:P180 ?place
OPTIONAL {?place wdt:P1566 ?geoname}
OPTIONAL {?place wdt:P625 ?coords}
}
SERVICE wikibase:label { bd:serviceParam wikibase:language ""en"" }
} ORDER by xsd:integer(?page)",True,True,True,,1.0,1.0
390,complex,"PREFIX rdfs: <http://www.w3.org/2000/01/rdf-schema#>
PREFIX wd: <http://www.wikidata.org/entity/>
PREFIX wdt: <http://www.wikidata.org/prop/direct/>

SELECT * WHERE {
?tour wdt:P31 wd:Q33881;
rdfs:label ?tourLabel.
FILTER(LANG(?tourLabel) = ""[AUTO_LANGUAGE]"" )
?item wdt:P361 ?tour;
rdfs:label ?itemLabel.
FILTER((LANG(?itemLabel)) = ""[AUTO_LANGUAGE]"")
?item wdt:P1427 ?depart.
?depart rdfs:label ?departLabel.
FILTER((LANG(?departLabel)) = ""[AUTO_LANGUAGE]"")
?item wdt:P1444 ?arrivee.
?arrivee rdfs:label ?arriveeLabel.
FILTER((LANG(?arriveeLabel)) = ""[AUTO_LANGUAGE]"" )
?item wdt:P585 ?date.
}
ORDER BY ?date",True,True,True,,1.0,na
391,complex,"PREFIX bd: <http://www.bigdata.com/rdf#>
PREFIX p: <http://www.wikidata.org/prop/>
PREFIX psv: <http://www.wikidata.org/prop/statement/value/>
PREFIX wd: <http://www.wikidata.org/entity/>
PREFIX wdt: <http://www.wikidata.org/prop/direct/>
PREFIX wikibase: <http://wikiba.se/ontology#>

SELECT DISTINCT ?item ?itemLabel ?countryLabel ?area ?population
WHERE
{
?item wdt:P31/wdt:P279* wd:Q10864048 ; # first-level subdivision
wdt:P17 ?country ; # country
p:P2046/psv:P2046 [ # area
wikibase:quantityAmount ?baseArea;
wikibase:quantityUnit [
p:P2370/psv:P2370 [
wikibase:quantityAmount ?unitArea;
wikibase:quantityUnit wd:Q25343
]
]
] ;
wdt:P1082 ?population . # population
BIND(ROUND(?baseArea * ?unitArea / 1000000) AS ?area) .
FILTER NOT EXISTS { ?item wdt:P194 [] } # without legislature
FILTER NOT EXISTS { ?item wdt:P576 [] } # filter dissolved subdivisions
FILTER NOT EXISTS { ?country wdt:P576 [] } # filter dissolved countries
SERVICE wikibase:label { bd:serviceParam wikibase:language ""[AUTO_LANGUAGE],en"". }
}
ORDER BY DESC(?population)
LIMIT 500",True,True,False,http_400,0.0,0.0
392,complex,"PREFIX rdfs: <http://www.w3.org/2000/01/rdf-schema#>
PREFIX wikibase: <http://wikiba.se/ontology#>

SELECT ?type (COUNT(?property) AS ?count) (SAMPLE(?property) AS ?example) (SAMPLE(?label) AS ?exampleLabel) WHERE {
?property wikibase:propertyType ?type .
?property rdfs:label ?label .
FILTER(LANG(?label)=""en"") .
} GROUP BY ?type ORDER BY DESC(?count)",True,True,True,,1.0,na
393,complex,"PREFIX hint: <http://www.bigdata.com/queryHints#>
PREFIX wd: <http://www.wikidata.org/entity/>
PREFIX wdt: <http://www.wikidata.org/prop/direct/>

SELECT ?song ?female_name ?title (LANG(?title) AS ?title_language) ?note
WITH
{
SELECT DISTINCT ?song ?title
{
?song wdt:P31 / wdt:P279 * wd:Q105543609 .
?song wdt:P1476 ?title .
}
} AS %songs
{
{
INCLUDE %songs
?female_name wdt:P1705 ?title .
?female_name wdt:P31 wd:Q11879590 .
}
UNION
{
INCLUDE %songs
FILTER (LANG(?title) != ""mul"")
BIND (STRLANG(STR(?title), ""mul"") AS ?title_mul)
?female_name wdt:P1705 ?title_mul .
?female_name wdt:P31 wd:Q11879590 . hint:Prior hint:runLast true.
BIND (""match one to multiple"" AS ?note)
}
}",True,True,False,http_400,0.0,0.0
394,complex,"PREFIX bd: <http://www.bigdata.com/rdf#>
PREFIX xsd: <http://www.w3.org/2001/XMLSchema#>
PREFIX wikibase: <http://wikiba.se/ontology#>

SELECT ?id ?idLabel ?idDescription ?new{
?id wikibase:directClaim ?pid .
?id wikibase:propertyType wikibase:ExternalId .
BIND(Replace(STR(?id),""http://www.wikidata.org/entity/P"","" "") as ?new)
SERVICE wikibase:label { bd:serviceParam wikibase:language ""en,sv"". }
}
ORDER BY DESC(xsd:integer(?new))",True,True,True,,1.0,na
395,complex,"PREFIX bd: <http://www.bigdata.com/rdf#>
PREFIX wd: <http://www.wikidata.org/entity/>
PREFIX wdt: <http://www.wikidata.org/prop/direct/>
PREFIX wikibase: <http://wikiba.se/ontology#>

SELECT ?item ?itemLabel ?bdate
WITH {
SELECT (GROUP_CONCAT(?num; separator=""|"") AS ?primes) { ?prime wdt:P31 wd:Q49008 ; wdt:P1181 ?num FILTER(?num < 2021) }
} AS %primes
{
INCLUDE %primes
?item wdt:P106 wd:Q170790 .
?item wdt:P569 ?bdate FILTER(REGEX(STR(?bdate), CONCAT(""^("", ?primes, "")-""))) .
?item wikibase:sitelinks ?sitelinks .
SERVICE wikibase:label { bd:serviceParam wikibase:language ""[AUTO_LANGUAGE],en"". }
} ORDER BY DESC(?sitelinks)",True,True,False,http_400,0.0,0.0
396,complex,"PREFIX bd: <http://www.bigdata.com/rdf#>
PREFIX wd: <http://www.wikidata.org/entity/>
PREFIX wdt: <http://www.wikidata.org/prop/direct/>
PREFIX wikibase: <http://wikiba.se/ontology#>

SELECT ?item1 ?image ?item1Label ?item2 ?image2 ?item2Label ?edgeLabel
WITH { SELECT ?item1 WHERE {
VALUES ?item1 {wd:Q233009 wd:Q55264 wd:Q18527930 wd:Q61412 wd:Q9061 wd:Q1170115 wd:Q1453055 wd:Q5541515 wd:Q5729524 wd:Q1138080 wd:Q82133 wd:Q20081025 wd:Q860807}
} } AS %item1
WITH {SELECT (?item1 AS ?item2) WHERE {INCLUDE %item1} } AS %item2
WHERE {
INCLUDE %item1.
INCLUDE %item2.
?item1 ?prop ?item2.
?edge wikibase:directClaim ?prop ; a wikibase:Property
OPTIONAL {?item1 wdt:P18 ?image}
OPTIONAL {?item2 wdt:P18 ?image2}
SERVICE wikibase:label { bd:serviceParam wikibase:language ""[AUTO_LANGUAGE],en"" }
}",True,True,False,http_400,0.0,0.0
397,complex,"PREFIX bd: <http://www.bigdata.com/rdf#>
PREFIX prov: <http://www.w3.org/ns/prov#>
PREFIX pr: <http://www.wikidata.org/prop/reference/>
PREFIX wd: <http://www.wikidata.org/entity/>
PREFIX wdt: <http://www.wikidata.org/prop/direct/>
PREFIX wikibase: <http://wikiba.se/ontology#>

SELECT DISTINCT ?reference ?referenceLabel ?pmid
WHERE
{
?item wdt:P3329 ?civicId ;
?property ?object .
?object prov:wasDerivedFrom ?provenance .
?provenance pr:P248 ?reference .
?reference wdt:P31 wd:Q13442814 ;
wdt:P698 ?pmid .
SERVICE wikibase:label { bd:serviceParam wikibase:language ""[AUTO_LANGUAGE],en"" }
}",True,True,True,,1.0,1.0
398,complex,"PREFIX bd: <http://www.bigdata.com/rdf#>
PREFIX p: <http://www.wikidata.org/prop/>
PREFIX pq: <http://www.wikidata.org/prop/qualifier/>
PREFIX ps: <http://www.wikidata.org/prop/statement/>
PREFIX wdt: <http://www.wikidata.org/prop/direct/>
PREFIX wikibase: <http://wikiba.se/ontology#>

SELECT ?item ?itemLabel ?value (COALESCE(?song,?st) as ?song_) ?songLabel ?roleLabel ?adopted ?ended ?composer ?composerLabel
{
?item wdt:P5086 ?value .
OPTIONAL {
?item p:P85 ?st .
OPTIONAL { ?st ps:P85 ?song
OPTIONAL { ?song wdt:P86 ?composer }
}
OPTIONAL { ?st pq:P3831 ?role }
OPTIONAL { ?st pq:P580 ?adopted }
OPTIONAL { ?st pq:P582 ?ended }
}
SERVICE wikibase:label { bd:serviceParam wikibase:language ""en,en"" }
}
ORDER BY ?itemLabel ?adopted",True,True,True,,1.0,1.0
399,complex,"PREFIX bd: <http://www.bigdata.com/rdf#>
PREFIX wd: <http://www.wikidata.org/entity/>
PREFIX wdt: <http://www.wikidata.org/prop/direct/>
PREFIX wikibase: <http://wikiba.se/ontology#>

SELECT ?surname ?surnameLabel ?count WHERE {
{
SELECT ?surname (COUNT(?person) AS ?count) WHERE {
?person wdt:P31 wd:Q5.
?person wdt:P734 ?surname.
}
GROUP BY ?surname
}
SERVICE wikibase:label { bd:serviceParam wikibase:language ""en"". }
}
ORDER BY DESC(?count)
LIMIT 100",True,True,True,,1.0,1.0
400,complex,"PREFIX bd: <http://www.bigdata.com/rdf#>
PREFIX p: <http://www.wikidata.org/prop/>
PREFIX psv: <http://www.wikidata.org/prop/statement/value/>
PREFIX wd: <http://www.wikidata.org/entity/>
PREFIX wdt: <http://www.wikidata.org/prop/direct/>
PREFIX wikibase: <http://wikiba.se/ontology#>

SELECT DISTINCT ?gizaki ?gizakiLabel ?jaiolekuaLabel ?heriotzalekuaLabel ?year ?layer ?data (CONCAT(STR(?year), ""-01-01 00:00:00"") as ?concat) ?lat ?lon ?lat2 ?lon2 WHERE {
SERVICE wikibase:label { bd:serviceParam wikibase:language ""[AUTO_LANGUAGE],en"". }
?gizaki wdt:P31 wd:Q5;
(wdt:P19/(wdt:P131*)/^wdt:P527) wd:Q47588.
?gizaki wdt:P19 ?jaiolekua.
?jaiolekua p:P625 ?koordenatuak.
?koordenatuak psv:P625 ?koord.
?koord wikibase:geoLatitude ?lat.
?koord wikibase:geoLongitude ?lon.
?gizaki wdt:P570 ?data.
BIND(YEAR(?data) as ?year).
BIND(FLOOR((?year-1)/100)+1 AS ?mende).
BIND(?mende as ?layer)
?gizaki wdt:P20 ?heriotzalekua.
?heriotzalekua p:P625 ?koordenatuak2.
?koordenatuak2 psv:P625 ?koord2.
?koord2 wikibase:geoLatitude ?lat2.
?koord2 wikibase:geoLongitude ?lon2.
}",True,True,True,,1.0,1.0
401,complex,"PREFIX bd: <http://www.bigdata.com/rdf#>
PREFIX rdfs: <http://www.w3.org/2000/01/rdf-schema#>
PREFIX p: <http://www.wikidata.org/prop/>
PREFIX pq: <http://www.wikidata.org/prop/qualifier/>
PREFIX psv: <http://www.wikidata.org/prop/statement/value/>
PREFIX wd: <http://www.wikidata.org/entity/>
PREFIX wdt: <http://www.wikidata.org/prop/direct/>
PREFIX wikibase: <http://wikiba.se/ontology#>

SELECT ?item ?itemLabel (GROUP_CONCAT(DISTINCT ?counLabel; SEPARATOR="", "") AS ?country) (GROUP_CONCAT(DISTINCT ?hqLabel; SEPARATOR="", "") AS ?headquarters) ?revenue ?revenue_USD ?unitLabel ?date
WHERE {
?item wdt:P31 wd:Q4830453.
?item p:P2139 ?statement.
OPTIONAL { ?item wdt:P159 ?hq. }
OPTIONAL { ?item wdt:P17 ?coun. }
?statement wikibase:rank ?rank.
OPTIONAL {
?item p:P2139 ?statement1.
?statement1 wikibase:rank wikibase:PreferredRank.
FILTER(?rank != wikibase:PreferredRank)
FILTER(?statement1 != ?statement)
}
OPTIONAL { ?statement pq:P585 ?date. }
{
?statement psv:P2139 _:b9.
_:b9 wikibase:quantityAmount ?revenue.
_:b9 wikibase:quantityUnit wd:Q4917.
BIND(wd:Q4917 AS ?unit)
BIND(?revenue AS ?revenue_USD)
}
UNION
{
?statement psv:P2139 _:b10.
_:b10 wikibase:quantityAmount ?revenue.
_:b10 wikibase:quantityUnit ?unit.
?unit p:P2284 ?unit_statement.
?unit_statement wikibase:rank ?unit_rank.
?unit_statement psv:P2284 _:b11.
_:b11 wikibase:quantityUnit wd:Q4917.
_:b11 wikibase:quantityAmount ?usd.
OPTIONAL {
?unit p:P2284 ?unit_statement1.
?unit_statement1 (psv:P2284/wikibase:quantityUnit) wd:Q4917.
?unit_statement1 wikibase:rank wikibase:PreferredRank.
FILTER(?unit_rank != wikibase:PreferredRank)
FILTER(?unit_statement1 != ?unit_statement)
}
BIND(?revenue * ?usd AS ?revenue_USD)
FILTER(?unit != wd:Q4917)
FILTER(?unit_rank != wikibase:DeprecatedRank)
FILTER(!BOUND(?unit_statement1))
}
SERVICE wikibase:label {
bd:serviceParam wikibase:language ""en"" .
?item rdfs:label ?itemLabel .
?coun rdfs:label ?counLabel .
?hq rdfs:label ?hqLabel .
?unit rdfs:label ?unitLabel .
}
FILTER(?rank != wikibase:DeprecatedRank)
FILTER(!BOUND(?statement1))
}
GROUP BY ?item ?itemLabel ?revenue ?revenue_USD ?unitLabel ?date
ORDER BY DESC(?revenue_USD)
LIMIT 15",True,True,True,,1.0,1.0
404,complex,"PREFIX bd: <http://www.bigdata.com/rdf#>
PREFIX wd: <http://www.wikidata.org/entity/>
PREFIX wdt: <http://www.wikidata.org/prop/direct/>
PREFIX wikibase: <http://wikiba.se/ontology#>

SELECT ?type ?typeLabel ((COUNT(?tw)) AS ?twitter) (COUNT(?fb) AS ?facebook) WHERE {
{?t wdt:P2002 ?tw} UNION {?t wdt:P2013 ?fb}
?t wdt:P31 ?type.
FILTER (?type != wd:Q5)
SERVICE wikibase:label { bd:serviceParam wikibase:language ""[AUTO_LANGUAGE],en"" }
} GROUP BY ?type ?typeLabel
ORDER BY DESC(?twitter)
LIMIT 80",True,True,True,,1.0,1.0
405,complex,"PREFIX bd: <http://www.bigdata.com/rdf#>
PREFIX schema: <http://schema.org/>
PREFIX p: <http://www.wikidata.org/prop/>
PREFIX pq: <http://www.wikidata.org/prop/qualifier/>
PREFIX wd: <http://www.wikidata.org/entity/>
PREFIX wdt: <http://www.wikidata.org/prop/direct/>
PREFIX wikibase: <http://wikiba.se/ontology#>

select distinct ?groupLabel (?groupLabel as ?layer) ?article ?person ?personLabel ?personDescription ?graveplot ?coord ?pic ?picGrave ?WikiTree ?FindAGrave{
{
?person wdt:P119 wd:Q252312; #Place of burial
p:P119 [
pq:P965 ?graveplot;
pq:P625 ?coord].
OPTIONAL { ?person wdt:P2949 ?WikiTreeID .} # If we have a WikiTree profile
OPTIONAL { ?person wdt:P535 ?FindAGraveID .} # If we have a FindAGrave ID
OPTIONAL{ ?person wdt:P18 ?pic .} # If we have an illustration
OPTIONAL{ ?person wdt:P1442 ?picGrave .} # If we have a picture of the grave
BIND (URI(CONCAT(""http://www.findagrave.com/cgi-bin/fg.cgi?page=gr&df=all&GRid="",?FindAGraveID)) AS ?FindAGrave)
BIND (URI(CONCAT(""http://www.wikitree.com/wiki"",?WikiTreeID)) AS ?WikiTree)
OPTIONAL {
?article schema:about ?person .
?article schema:inLanguage ""en"" .
?article schema:isPartOf <https://sv.wikipedia.org/> .
}
OPTIONAL {
?article schema:about ?person .
?article schema:inLanguage ""sv"" .
?article schema:isPartOf <https://sv.wikipedia.org/> .
}
OPTIONAL { ?person wdt:P106 ?group .} # Occupation in Layer
}
SERVICE wikibase:label { bd:serviceParam wikibase:language ""en"",""sv""}
}
Order by ?personLabel",True,True,True,,1.0,1.0
406,complex,"PREFIX bd: <http://www.bigdata.com/rdf#>
PREFIX rdfs: <http://www.w3.org/2000/01/rdf-schema#>
PREFIX wd: <http://www.wikidata.org/entity/>
PREFIX wdt: <http://www.wikidata.org/prop/direct/>
PREFIX wikibase: <http://wikiba.se/ontology#>

SELECT DISTINCT ?team ?teamLabel ?location ?layer
WHERE
{
{
# select only ""popular"" sports (to keep the number of layers reasonable)
SELECT ?sport
WHERE
{
# see below
VALUES ?clubTeam { wd:Q847017 wd:Q12973014 }
?team wdt:P31/wdt:P279* ?clubTeam;
wdt:P115 [ wdt:P625 ?location ];
wdt:P641 ?sport.
}
GROUP BY ?sport
HAVING(COUNT(DISTINCT ?team) >= 5) # only sports played by at least five teams
}
VALUES ?clubTeam { wd:Q847017 wd:Q12973014 } # sports club or sports team
?team wdt:P31/wdt:P279* ?clubTeam;
wdt:P115 [ wdt:P625 ?location ]; # location via home venue
wdt:P641 ?sport.
SERVICE wikibase:label {
bd:serviceParam wikibase:language ""en"".
?sport rdfs:label ?layer. # (?sportLabel AS ?layer) in SELECT clause doesn't work
}
}",True,True,True,,1.0,1.0
407,complex,"PREFIX bd: <http://www.bigdata.com/rdf#>
PREFIX p: <http://www.wikidata.org/prop/>
PREFIX pq: <http://www.wikidata.org/prop/qualifier/>
PREFIX ps: <http://www.wikidata.org/prop/statement/>
PREFIX wd: <http://www.wikidata.org/entity/>
PREFIX wdt: <http://www.wikidata.org/prop/direct/>
PREFIX wikibase: <http://wikiba.se/ontology#>

SELECT ?item ?itemLabel ?start ?end ?image ?link ?nominatedLabel WHERE {
?item p:P39 ?s.?s ps:P39 wd:Q2666591.
?s pq:P580 ?start. OPTIONAL {?s pq:P582 ?end}
OPTIONAL {?item wdt:P18 ?image}
OPTIONAL {?item wdt:P1417 ?id}
OPTIONAL {?s pq:P4353 ?nominated}
BIND(IF(BOUND(?id), URI(CONCAT(""https://www.britannica.com/"",?id)) , ?item) AS ?link)
SERVICE wikibase:label { bd:serviceParam wikibase:language ""[AUTO_LANGUAGE],en"". }
} ORDER BY ?start",True,True,True,,1.0,1.0
408,complex,"PREFIX dct: <http://purl.org/dc/terms/>
PREFIX ontolex: <http://www.w3.org/ns/lemon/ontolex#>
PREFIX wd: <http://www.wikidata.org/entity/>
PREFIX wdt: <http://www.wikidata.org/prop/direct/>
PREFIX wikibase: <http://wikiba.se/ontology#>

SELECT ?value ?lemma {
?number wdt:P31 wd:Q21199 ; wdt:P1181 ?value .
FILTER (?value >= 0 && ?value <= 20) .
?lexeme dct:language wd:Q150 ; wikibase:lemma ?lemma ; ontolex:sense ?sense .
?sense wdt:P5137 ?number .
}
ORDER BY ?lemma",True,True,True,,1.0,na
409,complex,"PREFIX bd: <http://www.bigdata.com/rdf#>
PREFIX wd: <http://www.wikidata.org/entity/>
PREFIX wdt: <http://www.wikidata.org/prop/direct/>
PREFIX wikibase: <http://wikiba.se/ontology#>

SELECT ?item ?itemLabel (COUNT(DISTINCT ?river) AS ?count) WHERE {
?item wdt:P31/wdt:P279* wd:Q486972;
wdt:P206 ?river.
?river wdt:P31/wdt:P279* wd:Q355304.
SERVICE wikibase:label { bd:serviceParam wikibase:language ""en"". }
}
GROUP BY ?item ?itemLabel
HAVING(?count > 2)
ORDER BY DESC(?count)",True,True,True,,1.0,1.0
410,complex,"PREFIX bd: <http://www.bigdata.com/rdf#>
PREFIX hint: <http://www.bigdata.com/queryHints#>
PREFIX wd: <http://www.wikidata.org/entity/>
PREFIX wdt: <http://www.wikidata.org/prop/direct/>
PREFIX wikibase: <http://wikiba.se/ontology#>

SELECT DISTINCT ?s ?sLabel ?coor ?layer ?typeLabel ?website ?end ?end1
WHERE {
hint:Query hint:optimizer ""None"" .
?s wdt:P131* wd:Q25 .
{ ?s wdt:P31/wdt:P279* wd:Q33506 }
UNION { ?s wdt:P31/wdt:P279* wd:Q7075 }
UNION { ?s wdt:P31/wdt:P279* wd:Q166118 } .
?s wdt:P625 ?coor .
?s wdt:P31 ?type .
?type wdt:P279* wd:Q1030034 .
OPTIONAL { ?s wdt:P856 ?website . }
OPTIONAL { ?s wdt:P576 ?end . }
OPTIONAL { ?s wdt:P582 ?end1 . }
FILTER NOT EXISTS { ?s wdt:P576 ?end }.
FILTER NOT EXISTS { ?s wdt:P582 ?end1}.
SERVICE wikibase:label { bd:serviceParam wikibase:language ""en"" }
}",True,True,True,,1.0,na
411,complex,"PREFIX rdfs: <http://www.w3.org/2000/01/rdf-schema#>
PREFIX wd: <http://www.wikidata.org/entity/>
PREFIX wdt: <http://www.wikidata.org/prop/direct/>

SELECT
?person ?personLabel
(SAMPLE(CONCAT(?award1Label, "" ("", ?country1Label, "")"")) AS ?firstAward)
(SAMPLE(CONCAT(?award2Label, "" ("", ?country2Label, "")"")) AS ?secondAward)
WHERE {
?person wdt:P31 wd:Q5;
wdt:P166 ?award1, ?award2.
wd:Q1788716 ^(wdt:P31|wdt:P279)* ?award1, ?award2.
FILTER(?award1 != ?award2).
?award1 wdt:P17 ?country1.
?award2 wdt:P17 ?country2.
FILTER(?country1 != ?country2).
FILTER((?country1 != wd:Q159 || ?country2 != wd:Q15180) && (?country1 != wd:Q15180 || ?country2 != wd:Q159)).
OPTIONAL { ?person rdfs:label ?personLabel. FILTER(LANG(?personLabel) = ""en""). }
OPTIONAL { ?award1 rdfs:label ?award1Label. FILTER(LANG(?award1Label) = ""en""). }
OPTIONAL { ?award2 rdfs:label ?award2Label. FILTER(LANG(?award2Label) = ""en""). }
OPTIONAL { ?country1 rdfs:label ?country1Label. FILTER(LANG(?country1Label) = ""en""). }
OPTIONAL { ?country2 rdfs:label ?country2Label. FILTER(LANG(?country2Label) = ""en""). }
}
GROUP BY ?person ?personLabel
LIMIT 50",True,True,True,,0.8767,1.0
412,complex,"PREFIX bd: <http://www.bigdata.com/rdf#>
PREFIX wdt: <http://www.wikidata.org/prop/direct/>
PREFIX wikibase: <http://wikiba.se/ontology#>

SELECT ?occupation ?occupationLabel ?count
WHERE
{
{
SELECT ?occupation (COUNT(?person) AS ?count) WHERE {
?person wdt:P4478 ?accused .
?person wdt:P106 ?occupation.
}
GROUP BY ?occupation
}
SERVICE wikibase:label { bd:serviceParam wikibase:language ""[AUTO_LANGUAGE],en"". }
}
ORDER BY DESC(?count)
LIMIT 1000",True,True,True,,1.0,1.0
413,complex,"PREFIX bd: <http://www.bigdata.com/rdf#>
PREFIX rdfs: <http://www.w3.org/2000/01/rdf-schema#>
PREFIX schema: <http://schema.org/>
PREFIX wd: <http://www.wikidata.org/entity/>
PREFIX wdt: <http://www.wikidata.org/prop/direct/>
PREFIX wikibase: <http://wikiba.se/ontology#>

SELECT DISTINCT ?person ?name ?birthyear ?deathyear ?enws ?quotes ?commonscat
(URI(CONCAT(""https://www.gutenberg.org/ebooks/author/"", ?gutenberg_id)) AS ?gutenberg)
(URI(CONCAT(""https://doi.org/10.1093/ref:odnb/"", ?odnb)) AS ?odnburl)
(URI(CONCAT(""http://onlinebooks.library.upenn.edu/webbin/book/lookupname?key="", ?books)) AS ?booksurl)
(URI(CONCAT(""https://www.britannica.com/"", ?britannica)) AS ?britannicaurl) ?npg WHERE {
{ ?person wdt:P106 wd:Q188094 }
UNION
{ ?person wdt:P101 wd:Q8134 }
OPTIONAL {?person wdt:P1938 ?gutenberg_id}
OPTIONAL { ?person wdt:P4629 ?books }
OPTIONAL {
?enws schema:about ?person;
schema:isPartOf <https://en.wikisource.org/>
}
FILTER (BOUND(?enws) || BOUND(?gutenberg_id) || BOUND(?books))
OPTIONAL { ?person wdt:P570 ?death }
BIND(YEAR(?death) AS ?deathyear)
OPTIONAL { ?person wdt:P569 ?birth }
BIND(YEAR(?birth) AS ?birthyear)
OPTIONAL { ?person wdt:P1417 ?britannica }
OPTIONAL { ?person wdt:P1816 ?npg }
OPTIONAL { ?person wdt:P373 ?commonscat }
OPTIONAL {
?quote schema:about ?person;
schema:isPartOf <https://en.wikiquote.org/>
}
OPTIONAL { ?person wdt:P1415 ?odnb }
SERVICE wikibase:label { bd:serviceParam wikibase:language ""[AUTO_LANGUAGE],en"". ?person rdfs:label ?name }
}
ORDER BY ?deathyear",True,True,True,,1.0,1.0
414,complex,"PREFIX bd: <http://www.bigdata.com/rdf#>
PREFIX geo: <http://www.opengis.net/ont/geosparql#>
PREFIX hint: <http://www.bigdata.com/queryHints#>
PREFIX p: <http://www.wikidata.org/prop/>
PREFIX pq: <http://www.wikidata.org/prop/qualifier/>
PREFIX psv: <http://www.wikidata.org/prop/statement/value/>
PREFIX ps: <http://www.wikidata.org/prop/statement/>
PREFIX wd: <http://www.wikidata.org/entity/>
PREFIX wdt: <http://www.wikidata.org/prop/direct/>
PREFIX wikibase: <http://wikiba.se/ontology#>

SELECT DISTINCT ?coordinates ?line ?station ?stationLabel ?connectLabel ?image ?opening ?rgb
WITH {
SELECT ?station ?coordinates ?image ?lat ?lon ?opening WHERE {
{
SELECT ?station (SAMPLE(?coord_stmt) AS ?coord_stmt) (SAMPLE(?image) AS ?image) (sample(?opening) as ?opening) WHERE {
?station wdt:P31/wdt:P279* wd:Q55488 .
?station wdt:P361 wd:Q260870 .
?station p:P625 ?coord_stmt .
OPTIONAL { ?station wdt:P18 ?image }.
OPTIONAL { ?station wdt:P1619 ?opening }.
} GROUP BY ?station
}
hint:SubQuery hint:optimizer ""None"".
?coord_stmt ps:P625 ?coordinates .
?coord_stmt psv:P625 / wikibase:geoLatitude ?lat .
?coord_stmt psv:P625 / wikibase:geoLongitude ?lon .
}
} AS %stations
WITH {
SELECT (?station AS ?nextstation) (?lat AS ?lat2) (?lon AS ?lon2) WHERE {
INCLUDE %stations
}
} AS %nextstations
WITH {
SELECT ?line ?connect ?rgb WHERE {
INCLUDE %stations .
INCLUDE %nextstations .
?station p:P197 ?nextstationstatement .
?nextstationstatement ps:P197 ?nextstation .
?nextstationstatement pq:P81 ?connect . ?connect wdt:P361 wd:Q260870 .
?connect wdt:P465 ?rgb .
FILTER(STR(?station) < STR(?nextstation)) .
BIND(CONCAT('LINESTRING (', STR(?lon), ' ', STR(?lat), ',', STR(?lon2), ' ', STR(?lat2), ')') AS ?str) .
BIND(STRDT(?str, geo:wktLiteral) AS ?line)
}
} AS %lines
WHERE {
{ INCLUDE %stations } UNION { INCLUDE %lines } .
SERVICE wikibase:label { bd:serviceParam wikibase:language ""[AUTO_LANGUAGE],en"". }
}",True,True,False,http_400,0.0,0.0
415,complex,"PREFIX bd: <http://www.bigdata.com/rdf#>
PREFIX p: <http://www.wikidata.org/prop/>
PREFIX pq: <http://www.wikidata.org/prop/qualifier/>
PREFIX ps: <http://www.wikidata.org/prop/statement/>
PREFIX wd: <http://www.wikidata.org/entity/>
PREFIX wdt: <http://www.wikidata.org/prop/direct/>
PREFIX wikibase: <http://wikiba.se/ontology#>

SELECT ?material ?materialLabel (COUNT(?painting) AS ?count)
WHERE
{
?painting wdt:P31/wdt:P279* wd:Q3305213;
p:P186 [ ps:P186 ?material; pq:P518 wd:Q861259 ].
SERVICE wikibase:label { bd:serviceParam wikibase:language ""[AUTO_LANGUAGE]"". }
}
GROUP BY ?material ?materialLabel
ORDER BY DESC(?count)",True,True,True,,1.0,1.0
416,complex,"PREFIX bd: <http://www.bigdata.com/rdf#>
PREFIX wd: <http://www.wikidata.org/entity/>
PREFIX wdt: <http://www.wikidata.org/prop/direct/>
PREFIX wikibase: <http://wikiba.se/ontology#>

SELECT ?placeLabel ?placeDescription ?image ?coord WHERE {
wd:Q64 wdt:P625 ?berlinLoc .
SERVICE wikibase:around {
?place wdt:P625 ?location .
bd:serviceParam wikibase:center ?berlinLoc .
bd:serviceParam wikibase:radius ""10"" .
} .
FILTER EXISTS { ?place wdt:P31/wdt:P279* wd:Q23397 }
OPTIONAL { ?place wdt:P18 ?image.}
SERVICE wikibase:label {
bd:serviceParam wikibase:language ""[AUTO_LANGUAGE],en"" .
}
}",True,True,False,http_500,0.0,0.0
417,complex,"PREFIX bd: <http://www.bigdata.com/rdf#>
PREFIX xsd: <http://www.w3.org/2001/XMLSchema#>
PREFIX wikibase: <http://wikiba.se/ontology#>

SELECT ?property ?propertyType ?propertyLabel ?propertyDescription WHERE {
?property wikibase:propertyType ?propertyType .
SERVICE wikibase:label { bd:serviceParam wikibase:language ""[AUTO_LANGUAGE],en"". }
} ORDER BY ASC(xsd:integer(STRAFTER(STR(?property), 'P')))",True,True,True,,1.0,na
418,complex,"PREFIX bd: <http://www.bigdata.com/rdf#>
PREFIX wd: <http://www.wikidata.org/entity/>
PREFIX wdt: <http://www.wikidata.org/prop/direct/>
PREFIX wikibase: <http://wikiba.se/ontology#>

SELECT ?park ?parkLabel ?parkDescription (SAMPLE(?image) AS ?image) WHERE {
?park wdt:P127 wd:Q333515.
MINUS {?park wdt:P31/wdt:P279* wd:Q4502142} # Remove artworks
OPTIONAL { ?park wdt:P18 ?image }
MINUS { ?park wdt:P856 [] }
SERVICE wikibase:label { bd:serviceParam wikibase:language ""[AUTO_LANGUAGE],en"" }
} GROUP BY ?park ?parkLabel ?parkDescription
ORDER BY ?parkLabel",True,True,False,http_400,0.0,0.0
419,complex,"PREFIX bd: <http://www.bigdata.com/rdf#>
PREFIX wd: <http://www.wikidata.org/entity/>
PREFIX wdt: <http://www.wikidata.org/prop/direct/>
PREFIX wikibase: <http://wikiba.se/ontology#>

SELECT DISTINCT ?item ?itemLabel ?image ?coords
WHERE
{
?item wdt:P31/wdt:P279* wd:Q2977 ;
wdt:P17 wd:Q142 ;
wdt:P625 ?coords ;
wdt:P18 ?image .
FILTER NOT EXISTS { ?item wdt:P5816 wd:Q56556915 }
{ ?item wdt:P131 wd:Q90 } UNION
{ ?item wdt:P131/wdt:P131 wd:Q90 } UNION
{ ?item wdt:P131/wdt:P131/wdt:P131 wd:Q90 }
SERVICE wikibase:label { bd:serviceParam wikibase:language ""[AUTO_LANGUAGE],en"". }
}
ORDER BY ?itemLabel",True,True,True,,1.0,1.0
420,complex,"PREFIX bd: <http://www.bigdata.com/rdf#>
PREFIX wd: <http://www.wikidata.org/entity/>
PREFIX wdt: <http://www.wikidata.org/prop/direct/>
PREFIX wikibase: <http://wikiba.se/ontology#>

SELECT DISTINCT ?langLabel ?langDate ?humanLabel ?picture WHERE {
?lang (wdt:P31/(wdt:P279*)) wd:Q9143.
?human wdt:P31 wd:Q5;
wdt:P18 ?picture.
{ ?lang wdt:P287 ?human. }
UNION
{ ?lang wdt:P170 ?human. }
UNION
{ ?lang wdt:P943 ?human. }
UNION
{ ?lang wdt:P178 ?human. }
SERVICE wikibase:label { bd:serviceParam wikibase:language ""en"". }
OPTIONAL { ?lang wdt:P571 ?langDate. }
}
LIMIT 25",True,True,True,,1.0,na
421,complex,"PREFIX rdfs: <http://www.w3.org/2000/01/rdf-schema#>
PREFIX wd: <http://www.wikidata.org/entity/>
PREFIX wdt: <http://www.wikidata.org/prop/direct/>

SELECT ?occupation_fr ?rgb (COUNT(DISTINCT ?person) AS ?personCount) WHERE {
?person wdt:P31 wd:Q5;
wdt:P6379 wd:Q3329701 ;
wdt:P106 ?occupation;
wdt:P21 ?gender.
bind( if(?gender=wd:Q6581097,""94D459"",""4B1270"") as ?rgb ) .
OPTIONAL {?occupation rdfs:label ?occupation_fr filter (lang(?occupation_fr) = ""fr"")}.
}
GROUP BY ?occupation_fr ?rgb
ORDER BY DESC(?personCount)",True,True,True,,1.0,na
422,complex,"PREFIX bd: <http://www.bigdata.com/rdf#>
PREFIX p: <http://www.wikidata.org/prop/>
PREFIX psn: <http://www.wikidata.org/prop/statement/value-normalized/>
PREFIX wd: <http://www.wikidata.org/entity/>
PREFIX wdt: <http://www.wikidata.org/prop/direct/>
PREFIX wikibase: <http://wikiba.se/ontology#>

SELECT ?disciplineLabel ?genderLabel (AVG(?height_in_m) AS ?averageheight) (COUNT(?person) AS ?number)
WHERE {
?person wdt:P2416 ?discipline ;
wdt:P641 wd:Q38108 .
?person wdt:P21 ?gender .
?person p:P2048/psn:P2048/wikibase:quantityAmount ?height_in_m .
SERVICE wikibase:label { bd:serviceParam wikibase:language ""[AUTO_LANGUAGE],en"". }
}
GROUP BY ?disciplineLabel ?genderLabel
ORDER BY ?averageheight",True,True,True,,1.0,na
423,complex,"PREFIX bd: <http://www.bigdata.com/rdf#>
PREFIX wd: <http://www.wikidata.org/entity/>
PREFIX wdt: <http://www.wikidata.org/prop/direct/>
PREFIX wikibase: <http://wikiba.se/ontology#>

SELECT (SUBSTR(STR(?material), 32) as ?material) ?materialLabel ?materialDescription (COUNT(?item) AS ?count) WHERE {
?item wdt:P195 wd:Q636400; wdt:P186 ?material;
wdt:P973 ?url FILTER (STRSTARTS(STR(?url),""http://jameelcentre"") ).
SERVICE wikibase:label { bd:serviceParam wikibase:language ""en"" }
} GROUP BY ?material ?materialLabel ?materialDescription ORDER BY UCASE(?materialLabel)",True,True,False,http_400,0.0,0.0
424,complex,"PREFIX bd: <http://www.bigdata.com/rdf#>
PREFIX wd: <http://www.wikidata.org/entity/>
PREFIX wdt: <http://www.wikidata.org/prop/direct/>
PREFIX wikibase: <http://wikiba.se/ontology#>

SELECT ?occupationLabel (count(DISTINCT ?author) as ?count)
WHERE
{
?object wdt:P31 wd:Q13442814
; wdt:P50 ?author .
?author wdt:P106 ?occupation .
SERVICE wikibase:label { bd:serviceParam wikibase:language ""en,fr"" }
}
GROUP BY ?occupationLabel
ORDER BY DESC(?count)",True,True,True,,1.0,na
425,complex,"PREFIX bd: <http://www.bigdata.com/rdf#>
PREFIX geo: <http://www.opengis.net/ont/geosparql#>
PREFIX rdfs: <http://www.w3.org/2000/01/rdf-schema#>
PREFIX p: <http://www.wikidata.org/prop/>
PREFIX psv: <http://www.wikidata.org/prop/statement/value/>
PREFIX wd: <http://www.wikidata.org/entity/>
PREFIX wdt: <http://www.wikidata.org/prop/direct/>
PREFIX wikibase: <http://wikiba.se/ontology#>

SELECT DISTINCT ?cds ?line ?item ?itemLabel ?layer
WITH {
SELECT ?item ?cds ?lat1 ?lon1 ?layer WHERE {
?item wdt:P17 wd:Q668; wdt:P625 ?cds ; wdt:P190 [].
?item p:P625/psv:P625/wikibase:geoLatitude ?lat1 .
?item p:P625/psv:P625/wikibase:geoLongitude ?lon1 .
?item rdfs:label ?nl. FILTER(LANG(?nl)=""en"")
BIND(?nl as ?layer)
}
} AS %stations
WITH {
SELECT ?line ?layer WHERE {
INCLUDE %stations .
?item wdt:P190 ?ns.
?item rdfs:label ?nl. FILTER(LANG(?nl)=""en"")
?ns p:P625/psv:P625/wikibase:geoLatitude ?lat2 .
?ns p:P625/psv:P625/wikibase:geoLongitude ?lon2 .
BIND(CONCAT('LINESTRING(', STR(?lon1), ' ', STR(?lat1), ',', STR(?lon2), ' ', STR(?lat2), ')') AS ?str) .
BIND(STRDT(?str, geo:wktLiteral) AS ?line)
BIND(?nl as ?layer)
}
} AS %lines
WHERE {
{ INCLUDE %stations } UNION { INCLUDE %lines } .
SERVICE wikibase:label { bd:serviceParam wikibase:language ""[AUTO_LANGUAGE],en"". }
} #",True,True,False,http_400,0.0,0.0
426,complex,"PREFIX bd: <http://www.bigdata.com/rdf#>
PREFIX wd: <http://www.wikidata.org/entity/>
PREFIX wdt: <http://www.wikidata.org/prop/direct/>
PREFIX wikibase: <http://wikiba.se/ontology#>

SELECT ?locationLabel (COUNT(?band) AS ?count)
WHERE {
?band wdt:P31/wdt:P279* wd:Q25391823 ;
wdt:P495 wd:Q252;
OPTIONAL {
?band wdt:P856 ?website
}
OPTIONAL {
?band wdt:P740 ?location
}
SERVICE wikibase:label {
bd:serviceParam wikibase:language ""en,id"" .
}
}
GROUP BY ?locationLabel",True,True,True,,1.0,na
427,complex,"PREFIX bd: <http://www.bigdata.com/rdf#>
PREFIX hint: <http://www.bigdata.com/queryHints#>
PREFIX rdfs: <http://www.w3.org/2000/01/rdf-schema#>
PREFIX p: <http://www.wikidata.org/prop/>
PREFIX psv: <http://www.wikidata.org/prop/statement/value/>
PREFIX wd: <http://www.wikidata.org/entity/>
PREFIX wdt: <http://www.wikidata.org/prop/direct/>
PREFIX wikibase: <http://wikiba.se/ontology#>

SELECT DISTINCT ?item ?name ?coord ?lat ?lon
WHERE
{
hint:Query hint:optimizer ""None"" .
?item wdt:P131* wd:Q1492 .
?item wdt:P31/wdt:P279* wd:Q33506 .
?item wdt:P625 ?coord .
?item p:P625 ?coordinate .
?coordinate psv:P625 ?coordinate_node .
?coordinate_node wikibase:geoLatitude ?lat .
?coordinate_node wikibase:geoLongitude ?lon .
SERVICE wikibase:label {
bd:serviceParam wikibase:language ""ca"" .
?item rdfs:label ?name
}
}
ORDER BY ASC (?name)",True,True,True,,1.0,na
429,complex,"PREFIX bd: <http://www.bigdata.com/rdf#>
PREFIX p: <http://www.wikidata.org/prop/>
PREFIX psv: <http://www.wikidata.org/prop/statement/value/>
PREFIX wd: <http://www.wikidata.org/entity/>
PREFIX wdt: <http://www.wikidata.org/prop/direct/>
PREFIX wikibase: <http://wikiba.se/ontology#>

SELECT ?child ?childLabel ?motherLabel ?date ?causeLabel WHERE {
{
SELECT ?child ?mother ?date ?cause WHERE {
?child wdt:P31 wd:Q5;
p:P569/psv:P569 [ wikibase:timeValue ?date; wikibase:timePrecision 11 ].
?mother wdt:P31 wd:Q5;
p:P570/psv:P570 [ wikibase:timeValue ?date; wikibase:timePrecision 11 ].
?child wdt:P25 ?mother.
OPTIONAL { ?mother wdt:P509 ?cause. }
}
}
SERVICE wikibase:label { bd:serviceParam wikibase:language ""[AUTO_LANGUAGE],en"". }
}
ORDER BY ?date",True,True,True,,1.0,1.0
430,complex,"PREFIX bd: <http://www.bigdata.com/rdf#>
PREFIX wd: <http://www.wikidata.org/entity/>
PREFIX wdt: <http://www.wikidata.org/prop/direct/>
PREFIX wikibase: <http://wikiba.se/ontology#>

SELECT ?item ?itemLabel WHERE {
  ?item wdt:P108 ?employer.
  FILTER(NOT EXISTS {
    ?item ?wdt _:b2.
    ?wdt (^wikibase:directClaim/wdt:P31/(wdt:P279*)) wd:Q18614948.
    SERVICE wikibase:label { bd:serviceParam wikibase:language ""en"". }
  })
  VALUES ?employer {
    wd:Q1138080
  }
}",True,True,True,,1.0,1.0
431,complex,"PREFIX bd: <http://www.bigdata.com/rdf#>
PREFIX p: <http://www.wikidata.org/prop/>
PREFIX pq: <http://www.wikidata.org/prop/qualifier/>
PREFIX ps: <http://www.wikidata.org/prop/statement/>
PREFIX wd: <http://www.wikidata.org/entity/>
PREFIX wdt: <http://www.wikidata.org/prop/direct/>
PREFIX wikibase: <http://wikiba.se/ontology#>

SELECT DISTINCT ?person ?personLabel ?award ?awardLabel ?year WHERE {
?person p:P166 ?statement.
?statement ps:P166 ?award.
?award wdt:P31 wd:Q17701409
MINUS { ?person wdt:P106 wd:Q188094 }
MINUS{ ?person wdt:P31/wdt:P279? wd:Q15632617 } # exclude fictional people
OPTIONAL { ?statement pq:P585 ?date. BIND(YEAR(?date) AS ?year) }
SERVICE wikibase:label { bd:serviceParam wikibase:language ""[AUTO_LANGUAGE],en"" }
} ORDER BY ASC(?awardLabel) ASC(?year)",True,True,True,,1.0,1.0
432,complex,"PREFIX bd: <http://www.bigdata.com/rdf#>
PREFIX p: <http://www.wikidata.org/prop/>
PREFIX ps: <http://www.wikidata.org/prop/statement/>
PREFIX wd: <http://www.wikidata.org/entity/>
PREFIX wdt: <http://www.wikidata.org/prop/direct/>
PREFIX wikibase: <http://wikiba.se/ontology#>

SELECT ?city ?cityLabel (MAX(?inhabitants) AS ?inhabitants) WHERE {
?city (p:P31/ps:P31)/wdt:P279* wd:Q1637706.
MINUS { ?inhabitant ps:P19|ps:P551|ps:P20 ?city. }
OPTIONAL { ?city wdt:P1082 ?inhabitants. }
SERVICE wikibase:label { bd:serviceParam wikibase:language ""en"". }
}
GROUP BY ?city ?cityLabel",True,True,False,http_400,0.0,0.0
433,complex,"PREFIX bd: <http://www.bigdata.com/rdf#>
PREFIX wd: <http://www.wikidata.org/entity/>
PREFIX wdt: <http://www.wikidata.org/prop/direct/>
PREFIX wikibase: <http://wikiba.se/ontology#>

SELECT ?WBID (count(?item) as ?count)
{
?item wdt:P31/wdt:P279* wd:Q23397 .
?item wdt:P17 wd:Q145.
OPTIONAL { ?item wdt:P7548 ?value .}
BIND(IF(!BOUND(?value),""No WBID"",""WBID"") as ?WBID)
SERVICE wikibase:label { bd:serviceParam wikibase:language ""en"" }
} group by ?WBID",True,True,True,,1.0,na
434,complex,"PREFIX bd: <http://www.bigdata.com/rdf#>
PREFIX wd: <http://www.wikidata.org/entity/>
PREFIX wdt: <http://www.wikidata.org/prop/direct/>
PREFIX wikibase: <http://wikiba.se/ontology#>

SELECT ?person1 ?person1Label ?person2 ?person2Label
WHERE
{
{ ?person1 wdt:P22 ?person2 ; wdt:P31 wd:Q5 } UNION { ?person1 wdt:P25 ?person2 ; wdt:P31 wd:Q5 }
?person1 wdt:P40 ?person2 ; wdt:P31 wd:Q5 .
SERVICE wikibase:label { bd:serviceParam wikibase:language ""en"". }
}",True,True,True,,1.0,1.0
435,complex,"PREFIX bd: <http://www.bigdata.com/rdf#>
PREFIX hint: <http://www.bigdata.com/queryHints#>
PREFIX rdfs: <http://www.w3.org/2000/01/rdf-schema#>
PREFIX wd: <http://www.wikidata.org/entity/>
PREFIX wdt: <http://www.wikidata.org/prop/direct/>
PREFIX wikibase: <http://wikiba.se/ontology#>

SELECT ?state ?stateLabel ?capital ?capitalLabel WHERE {
?state wdt:P31/wdt:P279* wd:Q3624078;
wdt:P36 ?capital.
MINUS { ?state wdt:P576|wdt:P582 ?end. }
SERVICE wikibase:label {
bd:serviceParam wikibase:language ""en"".
?state rdfs:label ?stateLabel.
?capital rdfs:label ?capitalLabel.
} hint:Prior hint:runLast false.
BIND(CONCAT(""^["", ?stateLabel, ""]*$"") AS ?regex)
FILTER(REGEX(?capitalLabel, ?regex, ""i""))
MINUS { ?capital wdt:P138 ?state. }
}",True,True,True,,1.0,na
436,complex,"PREFIX rdfs: <http://www.w3.org/2000/01/rdf-schema#>
PREFIX wd: <http://www.wikidata.org/entity/>
PREFIX wdt: <http://www.wikidata.org/prop/direct/>

SELECT DISTINCT ?item ?itemLabel_ol ?official_language ?itemLabel_en WHERE {
?item wdt:P30 wd:Q15 ;
wdt:P37 ?officiallanguage ;
wdt:P31 wd:Q6256 .
?officiallanguage wdt:P424 ?langcode .
?item rdfs:label ?itemLabel_ol . FILTER(lang(?itemLabel_ol)=?langcode)
?item rdfs:label ?itemLabel_en . FILTER(lang(?itemLabel_en)='en')
?officiallanguage rdfs:label ?official_language . FILTER(lang(?official_language)='en')
}
ORDER BY ?item ?itemLabel_ol ?official_language",True,True,True,,1.0,1.0
437,complex,"PREFIX bd: <http://www.bigdata.com/rdf#>
PREFIX wd: <http://www.wikidata.org/entity/>
PREFIX wdt: <http://www.wikidata.org/prop/direct/>
PREFIX wikibase: <http://wikiba.se/ontology#>
PREFIX gas: <http://www.bigdata.com/rdf/gas#>

SELECT ?item ?itemLabel ?sitelinks {
SERVICE gas:service {
gas:program gas:gasClass ""com.bigdata.rdf.graph.analytics.SSSP"" ;
gas:in wd:Q291877 ;
gas:traversalDirection ""Forward"" ;
gas:out ?item ;
gas:linkType wdt:P40 .
}
?item wdt:P21 wd:Q6581072.
?item wdt:P569 ?jaiotza.
?item wdt:P106 wd:Q33999.
?item wikibase:sitelinks ?sitelinks.
BIND(YEAR(?jaiotza) as ?year).
FILTER(?year > 1950).
MINUS{?item wdt:P570 ?heriotza}.
SERVICE wikibase:label {bd:serviceParam wikibase:language ""eu,es,en"" }
}
order by desc(?sitelinks)",True,True,False,http_500,0.0,0.0
438,complex,"PREFIX bd: <http://www.bigdata.com/rdf#>
PREFIX xsd: <http://www.w3.org/2001/XMLSchema#>
PREFIX p: <http://www.wikidata.org/prop/>
PREFIX pq: <http://www.wikidata.org/prop/qualifier/>
PREFIX ps: <http://www.wikidata.org/prop/statement/>
PREFIX wd: <http://www.wikidata.org/entity/>
PREFIX wdt: <http://www.wikidata.org/prop/direct/>
PREFIX wikibase: <http://wikiba.se/ontology#>

SELECT DISTINCT ?monthLabel (?day_int as ?d) ?saintLabel (URI(CONCAT(""https://tools.wmflabs.org/reasonator/?q="", SUBSTR(STR(?saint),32) )) as ?link) WHERE {
{ SELECT ?month_int ?month ?day_int ?saint WHERE {
?month wdt:P31 wd:Q47018901; wdt:P1545 ?month_ordinal.
?day p:P361 [ps:P361 ?month; pq:P1545 ?day_ordinal ].
BIND(xsd:integer(?month_ordinal) AS ?month_int)
BIND(xsd:integer(?day_ordinal) AS ?day_int)
?saint wdt:P841 ?day # saint's feast day
} }
SERVICE wikibase:label { bd:serviceParam wikibase:language ""[AUTO_LANGUAGE],en"" }
} ORDER BY ?month_int ?d ?saintLabel",True,True,True,,1.0,na
440,complex,"PREFIX bd: <http://www.bigdata.com/rdf#>
PREFIX wd: <http://www.wikidata.org/entity/>
PREFIX wdt: <http://www.wikidata.org/prop/direct/>
PREFIX wikibase: <http://wikiba.se/ontology#>

SELECT ?person ?personLabel ?linkcount ?birthplace ?birthplaceLabel ?coordinates {
VALUES ?linkcount { 100 101 102 103 104 105 106 107 108 109 110 111 112 113 114 115 116 117 118 119 120 121 122 123 124 125 126 127 128 129 130 131 132 133 134 135 136 137 138 139 140 141 142 143 144 145 146 147 148 149 150 151 152 153 154 155 156 157 158 159 160 161 162 163 164 165 166 167 168 169 170 171 172 173 174 175 176 177 178 179 180 181 182 183 184 185 186 187 188 189 190 191 192 193 194 195 196 197 198 199 200 201 202 203 204 205 206 207 208 209 210 211 212 213 214 215 216 217 218 219 220 221 222 223 224 225 226 227 228 229 230 231 232 233 234 235 236 237 238 239 240 241 242 243 244 245 246 247 248 249 250 251 252 253 254 255 256 257 258 259 260 261 262 263 264 265 266 267 268 269 270 271 272 273 274 275 276 277 278 279 280 281 282 283 284 285 286 287 288 289 290 291 292 293 294 295 296 297 298 299 300 301 302 303 304 305 306 307 308 309 310 311 312 313 314 315 316 317 318 319 320 }
?person wdt:P31 wd:Q5 ; wikibase:sitelinks ?linkcount ; wdt:P19 ?birthplace .
?birthplace wdt:P625 ?coordinates .
SERVICE wikibase:label { bd:serviceParam wikibase:language ""[AUTO_LANGUAGE],en"". }
}
ORDER BY DESC(?linkcount)",True,True,True,,1.0,na
441,complex,"PREFIX bd: <http://www.bigdata.com/rdf#>
PREFIX wd: <http://www.wikidata.org/entity/>
PREFIX wdt: <http://www.wikidata.org/prop/direct/>
PREFIX wikibase: <http://wikiba.se/ontology#>

SELECT ?protein ?proteinLabel (COUNT(?work) AS ?count) WHERE {
?protein wdt:P703 wd:Q82069695 ; wdt:P31 wd:Q8054 .
?work wdt:P921 ?protein .
OPTIONAL { ?work wdt:P577 ?dates . }
OPTIONAL { ?work wdt:P356 ?doi . }
SERVICE wikibase:label { bd:serviceParam wikibase:language ""en,en"". }
} GROUP BY ?protein ?proteinLabel
ORDER BY ASC(?proteinLabel)",True,True,True,,1.0,1.0
442,complex,"PREFIX bd: <http://www.bigdata.com/rdf#>
PREFIX geo: <http://www.opengis.net/ont/geosparql#>
PREFIX p: <http://www.wikidata.org/prop/>
PREFIX pq: <http://www.wikidata.org/prop/qualifier/>
PREFIX psv: <http://www.wikidata.org/prop/statement/value/>
PREFIX ps: <http://www.wikidata.org/prop/statement/>
PREFIX wd: <http://www.wikidata.org/entity/>
PREFIX wdt: <http://www.wikidata.org/prop/direct/>
PREFIX wikibase: <http://wikiba.se/ontology#>

SELECT DISTINCT ?item ?itemLabel ?line ?coords ?length WHERE {
{
?item wdt:P31 wd:Q80830021.
OPTIONAL {
?item p:P625 ?coords_stmt_west.
?coords_stmt_west pq:P518 wd:Q80981719;
ps:P625 ?coords_west;
(psv:P625/wikibase:geoLatitude) ?lat1;
(psv:P625/wikibase:geoLongitude) ?lon1.
}
OPTIONAL {
?item p:P625 ?coords_stmt_east.
?coords_stmt_east pq:P518 wd:Q80982256;
ps:P625 ?coords_east;
(psv:P625/wikibase:geoLatitude) ?lat2;
(psv:P625/wikibase:geoLongitude) ?lon2.
}
OPTIONAL { ?item wdt:P2043 ?length. }
BIND(CONCAT(""LINESTRING ("", STR(?lon1), "" "", STR(?lat1), "","", STR(?lon2), "" "", STR(?lat2), "")"") AS ?str)
BIND(STRDT(?str, geo:wktLiteral) AS ?line)
}
UNION
{
?item wdt:P31 wd:Q80962689;
wdt:P625 ?coords.
}
SERVICE wikibase:label { bd:serviceParam wikibase:language ""[AUTO_LANGUAGE],en"". }
}
ORDER BY (?coords_west)",True,True,True,,1.0,1.0
443,complex,"PREFIX bd: <http://www.bigdata.com/rdf#>
PREFIX rdfs: <http://www.w3.org/2000/01/rdf-schema#>
PREFIX schema: <http://schema.org/>
PREFIX wd: <http://www.wikidata.org/entity/>
PREFIX wdt: <http://www.wikidata.org/prop/direct/>
PREFIX wikibase: <http://wikiba.se/ontology#>

SELECT ?person ?personLabel ?accusedwitch ?precision ?coords ?Occupation ?Residence ?image (?Occupation as ?layer)
WHERE {
?person wdt:P4478 ?accusedwitch .
?person wdt:P31 wd:Q5.
?person wdt:P21 ?gender .
?person wdt:P551 ?residence .
OPTIONAL { ?person wdt:P106 ?occupation}
OPTIONAL { ?person wdt:P3716 ?socialclassification }
?residence wdt:P625 ?coords.
OPTIONAL { ?article schema:about ?person. }
SERVICE wikibase:label {
bd:serviceParam wikibase:language ""en"".
?person rdfs:label ?personLabel.
?residence rdfs:label ?Residence .
?occupation rdfs:label ?Occupation.
?gender rdfs:label ?Gender.
?socialclassification rdfs:label ?SocialClassification .
}
}",True,True,True,,1.0,1.0
444,complex,"PREFIX dct: <http://purl.org/dc/terms/>
PREFIX ontolex: <http://www.w3.org/ns/lemon/ontolex#>
PREFIX rdfs: <http://www.w3.org/2000/01/rdf-schema#>
PREFIX xsd: <http://www.w3.org/2001/XMLSchema#>
PREFIX wikibase: <http://wikiba.se/ontology#>

select *
with {
select ?lang (count(*) as ?meaningless) {
?l dct:language ?lang;
wikibase:statements ""0""^^xsd:integer.
minus { ?l ontolex:sense [] }
} group by ?lang
} as %meaningless
with {
select ?lang (count(*) as ?total) {
?l dct:language ?lang.
} group by ?lang
} as %totals
where {
include %meaningless.
include %totals.
filter (?total >= 10).
bind(?meaningless/?total*100 as ?pc).
?lang rdfs:label ?en filter(lang(?en) = ""en"").
} order by desc(?pc) desc(?total) ?en",True,True,False,http_400,0.0,0.0
445,complex,"PREFIX bd: <http://www.bigdata.com/rdf#>
PREFIX p: <http://www.wikidata.org/prop/>
PREFIX pq: <http://www.wikidata.org/prop/qualifier/>
PREFIX ps: <http://www.wikidata.org/prop/statement/>
PREFIX wd: <http://www.wikidata.org/entity/>
PREFIX wdt: <http://www.wikidata.org/prop/direct/>
PREFIX wikibase: <http://wikiba.se/ontology#>

SELECT ?employerLabel ?logoImage ?NoVBIBFix (COUNT(?vbib) AS ?NoVBIB) WITH {
SELECT DISTINCT ?employer ?vbib ?logoImage WHERE {
?vbib wdt:P179 wd:Q108784175.
?presentation wdt:P5072 ?vbib;
wdt:P585 ?pit.
BIND(YEAR(?pit) AS ?year)
?presentation wdt:P50 ?author.
?author p:P108 ?employerStmt.
?employerStmt ps:P108 ?employer.
OPTIONAL { ?employerStmt pq:P580 ?empStart.
}
FILTER (?pit > ?empStart)
OPTIONAL { ?employerStmt pq:P582 ?empEnd.
}
FILTER ((bound(?empEnd) && ?pit < ?empEnd) || (!bound(?empEnd) && ?pit > ?empStart) )
OPTIONAL {?employer wdt:P154 ?logoImage.}
}
}AS %results
WHERE {
INCLUDE %results.
SERVICE wikibase:label { bd:serviceParam wikibase:language ""[AUTO_LANGUAGE],en"". }
{
SELECT (COUNT(?vbib) AS ?NoVBIBFix) WHERE {
?vbib wdt:P179 wd:Q108784175.
}
}
}
GROUP BY ?employerLabel ?NoVBIBFix ?logoImage
HAVING (COUNT(?vbib)=?NoVBIBFix)",True,True,False,http_400,0.0,0.0
447,complex,"PREFIX bd: <http://www.bigdata.com/rdf#>
PREFIX p: <http://www.wikidata.org/prop/>
PREFIX pq: <http://www.wikidata.org/prop/qualifier/>
PREFIX ps: <http://www.wikidata.org/prop/statement/>
PREFIX wd: <http://www.wikidata.org/entity/>
PREFIX wdt: <http://www.wikidata.org/prop/direct/>
PREFIX wikibase: <http://wikiba.se/ontology#>

SELECT distinct ?person ?personLabel ?gov ?govLabel ?rgb ?size
WHERE {
?person p:P39 ?statement.
?person p:P39 ?statement2.
?statement pq:P5054 ?gov;
pq:P580 ?date;
ps:P39 ?edge.
?statement2 pq:P5054 ?gov2;
pq:P580 ?date2;
ps:P39 ?edge2.
?edge wdt:P31 | wdt:P279 wd:Q3858501.
?edge2 wdt:P31 | wdt:P279 wd:Q3858501.
FILTER(YEAR(?date) >= 1990)
FILTER(YEAR(?date2) >= 1990)
FILTER(?gov != ?gov2)
# cosmetic stuff
BIND('8F2539' as ?rgb)
BIND(2000 as ?size)
SERVICE wikibase:label { bd:serviceParam wikibase:language ""[AUTO_LANGUAGE],en"". }
}",True,True,True,,1.0,1.0
448,complex,"PREFIX bd: <http://www.bigdata.com/rdf#>
PREFIX xsd: <http://www.w3.org/2001/XMLSchema#>
PREFIX wd: <http://www.wikidata.org/entity/>
PREFIX wdt: <http://www.wikidata.org/prop/direct/>
PREFIX wikibase: <http://wikiba.se/ontology#>

SELECT ?item ?itemLabel ?image ?distanceMiles ?coords WHERE {
SERVICE wikibase:label { bd:serviceParam wikibase:language ""[AUTO_LANGUAGE],en"". }
wd:Q188740 wdt:P625 ?MoMA.
SERVICE wikibase:around {
?item wdt:P625 ?coords.
bd:serviceParam wikibase:center ?MoMA;
wikibase:radius ""3.21869"";
wikibase:distance ?distance.
}
FILTER(EXISTS { ?item (wdt:P31/(wdt:P279*)) wd:Q33506. })
OPTIONAL { ?item wdt:P18 ?image. }
BIND(CONCAT(STR((ROUND(?distance * ""62.1371192""^^xsd:decimal)) / 100 ), "" miles FROM MoMA"") AS ?distanceMiles)
}
ORDER BY (?distance)",True,True,False,http_500,0.0,0.0
449,complex,"PREFIX bd: <http://www.bigdata.com/rdf#>
PREFIX p: <http://www.wikidata.org/prop/>
PREFIX pq: <http://www.wikidata.org/prop/qualifier/>
PREFIX ps: <http://www.wikidata.org/prop/statement/>
PREFIX wd: <http://www.wikidata.org/entity/>
PREFIX wdt: <http://www.wikidata.org/prop/direct/>
PREFIX wikibase: <http://wikiba.se/ontology#>

SELECT ?item1 ?item1Label (year(?date1) AS ?year1) ?item2 ?item2Label (year(?date2) AS ?year2) WHERE {
?item1 p:P166 ?prize_stmt1 .
?prize_stmt1 ps:P166 wd:Q616568 .
OPTIONAL {?prize_stmt1 pq:P585 ?date1} .
?item1 wdt:P3373 ?item2 .
?item2 p:P166 ?prize_stmt2 .
?prize_stmt2 ps:P166 wd:Q616568 .
OPTIONAL {?prize_stmt2 pq:P585 ?date2 } .
FILTER ((?date1 < ?date2) || ( (!(?date2 < ?date1)) && (str(?item1) < str(?item2)) ) ).
SERVICE wikibase:label { bd:serviceParam wikibase:language ""[AUTO_LANGUAGE],en"". }
} ORDER BY ?year1",True,True,True,,1.0,1.0
450,complex,"PREFIX bd: <http://www.bigdata.com/rdf#>
PREFIX hint: <http://www.bigdata.com/queryHints#>
PREFIX rdfs: <http://www.w3.org/2000/01/rdf-schema#>
PREFIX xsd: <http://www.w3.org/2001/XMLSchema#>
PREFIX p: <http://www.wikidata.org/prop/>
PREFIX ps: <http://www.wikidata.org/prop/statement/>
PREFIX wd: <http://www.wikidata.org/entity/>
PREFIX wdt: <http://www.wikidata.org/prop/direct/>
PREFIX wikibase: <http://wikiba.se/ontology#>

SELECT ?item ?itemLabel (GROUP_CONCAT(DISTINCT ?occupationLabel; SEPARATOR = "", "") AS ?occupations) (GROUP_CONCAT(DISTINCT ?countryLabel; SEPARATOR = "", "") AS ?countries) ?birth ?articles WHERE {
VALUES ?occ {wd:Q15253558}
?item wdt:P31 wd:Q5;
wdt:P21 wd:Q6581072;
wdt:P27 ?country;
(wdt:P106/(wdt:P279*)) ?occ;
wdt:P106 ?occupation;
wikibase:sitelinks ?articles;
wdt:P569 ?birth.
?country p:P361/ps:P361 wd:Q12585 .
hint:Prior hint:rangeSafe ""true""^^xsd:boolean.
FILTER((?birth >= ""1900-01-01T00:00:00""^^xsd:dateTime) && (?birth < ""1999-01-01T00:00:00""^^xsd:dateTime))
SERVICE wikibase:label {
bd:serviceParam wikibase:language ""es,en"".
?item rdfs:label ?itemLabel.
?gender rdfs:label ?genderLabel.
?occupation rdfs:label ?occupationLabel.
?country rdfs:label ?countryLabel.
}
}
GROUP BY ?item ?itemLabel ?genderLabel ?birth ?articles
ORDER BY DESC (?articles)",True,False,True,,1.0,na
451,complex,"PREFIX bd: <http://www.bigdata.com/rdf#>
PREFIX p: <http://www.wikidata.org/prop/>
PREFIX pqv: <http://www.wikidata.org/prop/qualifier/value/>
PREFIX ps: <http://www.wikidata.org/prop/statement/>
PREFIX wd: <http://www.wikidata.org/entity/>
PREFIX wdt: <http://www.wikidata.org/prop/direct/>
PREFIX wikibase: <http://wikiba.se/ontology#>

SELECT ?wetenschapper ?wetenschapperLabel ?university ?universityLabel ?twitter ?followers (CONCAT(""https://twitter.com/"",?twitter) AS ?twitterlink) ?pic WHERE {
?wetenschapper wdt:P108|wdt:P1416 ?university ;
p:P2002 ?twitterSt .
OPTIONAL { ?wetenschapper wdt:P18 ?pic . }
?twitterSt ps:P2002 ?twitter .
OPTIONAL { ?twitterSt pqv:P8687/wikibase:quantityAmount ?followers . }
?university wdt:P31 wd:Q3918 ;
wdt:P17 wd:Q55 .
SERVICE wikibase:label { bd:serviceParam wikibase:language ""[AUTO_LANGUAGE],en"". }
} ORDER BY DESC(?followers)",True,False,True,,0.9147,1.0
452,complex,"PREFIX dct: <http://purl.org/dc/terms/>
PREFIX ontolex: <http://www.w3.org/ns/lemon/ontolex#>
PREFIX rdf: <http://www.w3.org/1999/02/22-rdf-syntax-ns#>
PREFIX rdfs: <http://www.w3.org/2000/01/rdf-schema#>
PREFIX wd: <http://www.wikidata.org/entity/>
PREFIX wdt: <http://www.wikidata.org/prop/direct/>
PREFIX wikibase: <http://wikiba.se/ontology#>

SELECT DISTINCT ?item ?itemLabel ?sense ?lexeme ?lemma ?genre ?genreLabel WHERE {
?lexeme rdf:type ontolex:LexicalEntry;
dct:language wd:Q150;
wikibase:lemma ?lemma;
ontolex:sense ?sense;
wdt:P5185 ?genre.
?sense wdt:P5137 ?item.
?item (wdt:P31/(wdt:P279*)) wd:Q12737077;
rdfs:label ?itemLabel.
FILTER((LANG(?itemLabel)) = ""fr"")
?genre rdfs:label ?genreLabel.
FILTER((LANG(?genreLabel)) = ""fr"")
}
ORDER BY (?item) (?lemma) (?genre)",True,True,True,,1.0,1.0
453,complex,"PREFIX bd: <http://www.bigdata.com/rdf#>
PREFIX prov: <http://www.w3.org/ns/prov#>
PREFIX p: <http://www.wikidata.org/prop/>
PREFIX pq: <http://www.wikidata.org/prop/qualifier/>
PREFIX pr: <http://www.wikidata.org/prop/reference/>
PREFIX ps: <http://www.wikidata.org/prop/statement/>
PREFIX wd: <http://www.wikidata.org/entity/>
PREFIX wikibase: <http://wikiba.se/ontology#>

select ?lexemeId ?lemma ?example ?sourceLabel ?source
WHERE {
?lexemeId <http://purl.org/dc/terms/language> wd:Q9027;
wikibase:lemma ?lemma.
?lexemeId p:P5831 ?statement.
?statement ps:P5831 ?example;
pq:P6072 [];
pq:P5830 [].
?lexemeId p:P5831 [ prov:wasDerivedFrom [ pr:P248 ?source ] ].
SERVICE wikibase:label { bd:serviceParam wikibase:language ""sv,en"". }
}",True,True,True,,1.0,1.0
454,complex,"PREFIX bd: <http://www.bigdata.com/rdf#>
PREFIX wdt: <http://www.wikidata.org/prop/direct/>
PREFIX wikibase: <http://wikiba.se/ontology#>

SELECT ?composerLabel ?tonalityLabel ?count
WHERE
{
{
# 4. Group again, this time just by the composer.
# We also select the highest count of a tonality.
# Notice that we don't know what tonality this count is associated with - we'll get to that.
# So now we have each composer, along with how often they used whatever tonality they used most.
SELECT ?composer (MAX(?count) AS ?count)
WHERE
{
{
# 2. Group by composer and tonality, so that for each composer and tonality, we get a count of how often the composer used this tonality.
SELECT ?composer ?tonality (COUNT(?composition) AS ?count)
WHERE
{
# 1. Extremely straightforward: the ?composition has the composer ?composer and the tonality ?tonality.
# (I'm not bothering with any ""instance of"" because the presence of these two properties is a sufficient indicator of ?composition being a composition.)
?composition wdt:P86 ?composer;
wdt:P826 ?tonality.
}
GROUP BY ?composer ?tonality
HAVING(?count > 1) # 3. Limit that to counts > 1, because using a tonality once is hardly ""most used"".
}
}
GROUP BY ?composer
}
{
# 6. Identical to 2.
SELECT ?composer ?tonality (COUNT(?composition) AS ?count)
WHERE
{
# 5. Identical to 1.
?composition wdt:P86 ?composer;
wdt:P826 ?tonality.
}
GROUP BY ?composer ?tonality
HAVING(?count > 1) # 7. Identical to 3.
}
# 8. That's it. Wait, what?
# From 4, we now have ?composer, any composer, and ?count, the count of how often they used whatever tonality they used most.
# From 6, we also have a ?composer, as well as a ?tonality, and the count of how often they used that particular tonality.
# The trick is that ?composer and ?count are the same variable in each subquery, and so now, when the two subqueries are joined,
# we select only that ?tonality from 6 where the ?composer and the ?count are identical to those from 4 -
# that is, where this tonality was used as often as the composer's most-used tonality.
# In other words, this must *be* the composer's most-used tonality (except when there are multiple tonalities with the same count).
SERVICE wikibase:label { bd:serviceParam wikibase:language ""en"". }
}
ORDER BY DESC(?count) # 9. Order by count (highest first), because the result isn't very meaningful for low counts (many compositions aren't on Wikidata or don't have a tonality statement).",True,True,False,http_400,0.0,0.0
455,complex,"PREFIX bd: <http://www.bigdata.com/rdf#>
PREFIX rdfs: <http://www.w3.org/2000/01/rdf-schema#>
PREFIX schema: <http://schema.org/>
PREFIX xsd: <http://www.w3.org/2001/XMLSchema#>
PREFIX wdt: <http://www.wikidata.org/prop/direct/>
PREFIX wikibase: <http://wikiba.se/ontology#>

SELECT ?item ?articlename ?itemLabel ?itemDescription ?sl
WHERE {
VALUES ?dod {""+2001-08-25""^^xsd:dateTime}
?dod ^wdt:P570 ?item .
?item wikibase:sitelinks ?sl .
?item ^schema:about ?article .
?article schema:isPartOf <https://en.wikipedia.org/>;
schema:name ?articlename .
SERVICE wikibase:label
{
bd:serviceParam wikibase:language ""en"" .
?item rdfs:label ?itemLabel .
?item schema:description ?itemDescription .
}
BIND(REPLACE(?itemLabel, ""^.*(?<! [Vv][ao]n| [Dd][aeiu]| [Dd][e][lns]| [Ll][ae]) (?!([SJ]r\\.?|[XVI]+)$)"", """") AS ?sortname)
} ORDER BY ASC(UCASE(?sortname)) ASC(UCASE(?itemLabel))",True,True,True,,1.0,na
456,complex,"PREFIX bd: <http://www.bigdata.com/rdf#>
PREFIX p: <http://www.wikidata.org/prop/>
PREFIX pq: <http://www.wikidata.org/prop/qualifier/>
PREFIX wd: <http://www.wikidata.org/entity/>
PREFIX wdt: <http://www.wikidata.org/prop/direct/>
PREFIX wikibase: <http://wikiba.se/ontology#>

SELECT DISTINCT
?item
?itemLabel
?communeLabel
(group_concat(distinct ?merimee ; separator = "", "") as ?merimee)
?coords
?image
WHERE {
{
SELECT DISTINCT ?item ?merimee WHERE {
?item wdt:P1435/wdt:P279* wd:Q916475 .
?item p:P1435 ?heritage_statement .
FILTER NOT EXISTS { ?heritage_statement pq:P582 ?end . }
?item wdt:P380 ?merimee.
}
ORDER BY ?merimee
}
?item wdt:P131/wdt:P131* wd:Q3068 .
?item wdt:P131 ?commune .
OPTIONAL { ?item wdt:P625 ?coords . }
OPTIONAL { ?item wdt:P18 ?image . }
SERVICE wikibase:label { bd:serviceParam wikibase:language ""fr"" . }
}
GROUP BY ?item ?itemLabel ?communeLabel ?coords ?image
ORDER BY ?communeLabel ?itemLabel",True,True,False,http_400,0.0,0.0
457,complex,"PREFIX bd: <http://www.bigdata.com/rdf#>
PREFIX wd: <http://www.wikidata.org/entity/>
PREFIX wdt: <http://www.wikidata.org/prop/direct/>
PREFIX wikibase: <http://wikiba.se/ontology#>

SELECT DISTINCT ?artist ?artistLabel ?genderLabel ?countryLabel (year(?death) as ?deathyear) #?birthyear ?flyear
WHERE {
?artist wdt:P31 wd:Q5 ; wdt:P106/wdt:P279? wd:Q1028181 .
?artist wdt:P570 ?death FILTER(year(?death)<1800).
OPTIONAL{?artist wdt:P21 ?gender}
OPTIONAL{?artist wdt:P27 ?country}
SERVICE wikibase:label { bd:serviceParam wikibase:language ""[AUTO_LANGUAGE],en"". }
} ORDER BY DESC(?deathyear)",True,True,True,,1.0,1.0
458,complex,"PREFIX bd: <http://www.bigdata.com/rdf#>
PREFIX geo: <http://www.opengis.net/ont/geosparql#>
PREFIX p: <http://www.wikidata.org/prop/>
PREFIX pq: <http://www.wikidata.org/prop/qualifier/>
PREFIX psv: <http://www.wikidata.org/prop/statement/value/>
PREFIX ps: <http://www.wikidata.org/prop/statement/>
PREFIX wd: <http://www.wikidata.org/entity/>
PREFIX wdt: <http://www.wikidata.org/prop/direct/>
PREFIX wikibase: <http://wikiba.se/ontology#>
PREFIX gas: <http://www.bigdata.com/rdf/gas#>

SELECT ?station ?stationLabel ?cds ?line ?trackLabel ?track ?image {
{SELECT * {
SERVICE gas:service {
gas:program gas:gasClass ""com.bigdata.rdf.graph.analytics.BFS"" ; gas:in wd:Q1990205 ; gas:out ?station ; gas:out1 ?depth ; gas:out2 ?pred .
gas:program gas:linkType wdt:P197 . }
FILTER(?station != wd:Q1990205)
?station wdt:P625 ?cds ;
wdt:P17 wd:Q55 .
?station p:P197 ?adjST .
?adjST ps:P197 ?adj ;
pq:P81 ?track .
?pred p:P625/psv:P625/wikibase:geoLatitude ?lat1 ; p:P625/psv:P625/wikibase:geoLongitude ?lon1 .
?station p:P625/psv:P625/wikibase:geoLatitude ?lat2 ; p:P625/psv:P625/wikibase:geoLongitude ?lon2 .
BIND(CONCAT('LINESTRING(', STR(?lon1), ' ', STR(?lat1), ',', STR(?lon2), ' ', STR(?lat2), ')') AS ?str) . BIND(STRDT(?str, geo:wktLiteral) AS ?line)}
}
OPTIONAL { ?station wdt:P18 ?image .}
SERVICE wikibase:label { bd:serviceParam wikibase:language ""en"". }
}",True,True,False,http_500,0.0,0.0
459,complex,"PREFIX bd: <http://www.bigdata.com/rdf#>
PREFIX wd: <http://www.wikidata.org/entity/>
PREFIX wdt: <http://www.wikidata.org/prop/direct/>
PREFIX wikibase: <http://wikiba.se/ontology#>

select ?item ?itemLabel ?string ?content ?timestamp ?user {
?item wdt:P31 wd:Q146. # find cats
SERVICE wikibase:label { bd:serviceParam wikibase:language ""[AUTO_LANGUAGE],en"". }
BIND(STRAFTER(wikibase:decodeUri(str(?item)), ""http://www.wikidata.org/entity/"") AS ?string)
# need to make the ID something the API can understand
SERVICE wikibase:mwapi {
bd:serviceParam wikibase:endpoint ""www.wikidata.org"";
wikibase:api ""Generator"";
wikibase:limit ""once"";
mwapi:generator ""allpages"";
mwapi:gapfrom ?string;
mwapi:gapnamespace 0 ; # main namespace
mwapi:gaplimit 1; # only one
mwapi:prop ""revisions"";
mwapi:rvdir ""newer""; # FIRST revision
mwapi:rvprop ""timestamp|content|user"".
?content wikibase:apiOutput 'revisions/rev/text()' . # text of first
?timestamp wikibase:apiOutput 'revisions/rev/@timestamp' . # timestamp
?user wikibase:apiOutput 'revisions/rev/@user' . # user who created it
}
}",True,True,False,http_400,0.0,0.0
460,complex,"PREFIX bd: <http://www.bigdata.com/rdf#>
PREFIX geo: <http://www.opengis.net/ont/geosparql#>
PREFIX p: <http://www.wikidata.org/prop/>
PREFIX pq: <http://www.wikidata.org/prop/qualifier/>
PREFIX psv: <http://www.wikidata.org/prop/statement/value/>
PREFIX ps: <http://www.wikidata.org/prop/statement/>
PREFIX wd: <http://www.wikidata.org/entity/>
PREFIX wdt: <http://www.wikidata.org/prop/direct/>
PREFIX wikibase: <http://wikiba.se/ontology#>
PREFIX gas: <http://www.bigdata.com/rdf/gas#>

SELECT ?station ?stationLabel ?cds ?line ?trackLabel ?track ?image {
{SELECT * {
SERVICE gas:service {
gas:program gas:gasClass ""com.bigdata.rdf.graph.analytics.BFS"" ; gas:in wd:Q1990205 ; gas:out ?station ; gas:out1 ?depth ; gas:out2 ?pred .
gas:program gas:linkType wdt:P197 . }
FILTER(?station != wd:Q1990205)
?station wdt:P625 ?cds ;
wdt:P17 wd:Q145 .
?station p:P197 ?adjST .
?adjST ps:P197 ?adj ;
pq:P81 ?track .
?pred p:P625/psv:P625/wikibase:geoLatitude ?lat1 ; p:P625/psv:P625/wikibase:geoLongitude ?lon1 .
?station p:P625/psv:P625/wikibase:geoLatitude ?lat2 ; p:P625/psv:P625/wikibase:geoLongitude ?lon2 .
BIND(CONCAT('LINESTRING(', STR(?lon1), ' ', STR(?lat1), ',', STR(?lon2), ' ', STR(?lat2), ')') AS ?str) . BIND(STRDT(?str, geo:wktLiteral) AS ?line)}
}
OPTIONAL { ?station wdt:P18 ?image .}
SERVICE wikibase:label { bd:serviceParam wikibase:language ""en"". }
}",True,True,False,http_500,0.0,0.0
462,complex,"PREFIX bd: <http://www.bigdata.com/rdf#>
PREFIX hint: <http://www.bigdata.com/queryHints#>
PREFIX wd: <http://www.wikidata.org/entity/>
PREFIX wdt: <http://www.wikidata.org/prop/direct/>
PREFIX wikibase: <http://wikiba.se/ontology#>

SELECT ?item ?itemLabel ?itemDescription ?sitelinks
WITH
{
SELECT ?item ?sitelinks
WHERE
{
#Minimum sitelinks
?item wikibase:sitelinks ?sitelinks.
hint:Prior hint:rangeSafe true.
FILTER (?sitelinks > 20 )
#Random stuff
# BIND(RAND() AS ?random) . # Using this makes it not random
BIND(SHA512(CONCAT(STR(RAND()), STR(?item))) AS ?random)
}
ORDER BY ?random
LIMIT 1000
} AS %subquery1
WITH
{
SELECT ?item ?sitelinks
WHERE
{
INCLUDE %subquery1
#Filters to remove undesired entries (templates, categories, ...)
FILTER NOT EXISTS {?item wdt:P31 wd:Q11266439}
FILTER NOT EXISTS {?item wdt:P31 wd:Q97950663}
FILTER NOT EXISTS {?item wdt:P31 wd:Q4167836}
FILTER NOT EXISTS {?item wdt:P31 wd:Q59541917}
FILTER NOT EXISTS {?item wdt:P31 wd:Q14204246}
FILTER NOT EXISTS {?item wdt:P31 wd:Q19842659}
FILTER NOT EXISTS {?item wdt:P373 ?commonsCategory}
FILTER NOT EXISTS {?item wdt:P301 ?categoryMainTopic}
FILTER NOT EXISTS {?item wdt:P31 wd:Q15184295}
FILTER NOT EXISTS {?item wdt:P1423 ?templateHasTopic}
FILTER NOT EXISTS {?item wdt:P910 ?topicMainCategory}
FILTER NOT EXISTS {?item wdt:P31 wd:Q20010800}
FILTER NOT EXISTS {?item wdt:P360 ?isAListOf}
FILTER NOT EXISTS {?item wdt:P31 wd:Q108783631}
FILTER NOT EXISTS {?item wdt:P31 wd:Q11753321}
FILTER NOT EXISTS {?item wdt:P4224 ?categoryContains}
FILTER NOT EXISTS {?item wdt:P971 ?categoryCombinesTopics}
FILTER NOT EXISTS {?item wdt:P31 wd:Q97303168}
FILTER NOT EXISTS {?item wdt:P31 wd:Q59259626}
FILTER NOT EXISTS {?item wdt:P31 wd:Q110010043}
FILTER NOT EXISTS {?item wdt:P31 wd:Q1474116}
FILTER NOT EXISTS {?item wdt:P31 wd:Q15647814}
FILTER NOT EXISTS {?item wdt:P31 wd:Q19887878}
FILTER NOT EXISTS {?item wdt:P31 wd:Q107344376}
FILTER NOT EXISTS {?item wdt:P31 wd:Q36330215}
FILTER NOT EXISTS {?item wdt:P31 wd:Q14296}
FILTER NOT EXISTS {?item wdt:P31 wd:Q42032}
FILTER NOT EXISTS {?item wdt:P2370 ?conversionToSIUnit}
FILTER NOT EXISTS {?item wdt:P31 wd:Q4167410}
#FILTER NOT EXISTS {?item wdt:P31 wd:aaa}
}
LIMIT 100
} AS %subquery2
WHERE
{
INCLUDE %subquery2
SERVICE wikibase:label { bd:serviceParam wikibase:language ""[AUTO_LANGUAGE],en"" . }
}",True,True,False,http_400,0.0,0.0
463,complex,"PREFIX bd: <http://www.bigdata.com/rdf#>
PREFIX p: <http://www.wikidata.org/prop/>
PREFIX pq: <http://www.wikidata.org/prop/qualifier/>
PREFIX ps: <http://www.wikidata.org/prop/statement/>
PREFIX wd: <http://www.wikidata.org/entity/>
PREFIX wdt: <http://www.wikidata.org/prop/direct/>
PREFIX wikibase: <http://wikiba.se/ontology#>

SELECT ?xLabel ?size ?rgb WITH {
SELECT DISTINCT ?n WHERE { # generate a sequence of natural numbers
VALUES ?start { 1 }
BIND (2000 AS ?end)
BIND ( (?end - ?start ) + 1 AS ?x )
[] p:P31 [
ps:P31 wd:Q21199 ; # is a natural number
pq:P155 ?prev
] .
?prev wdt:P1181 ?n .
FILTER (?n > 0 && ?n < ?x + 1)
}
} AS %numbers
WHERE {
INCLUDE %numbers
?x wdt:P31 wd:Q21199 .
?x wdt:P1181 ?n .
FILTER (?x NOT IN (wd:Q713113)) # exclude the annoying 0.999
OPTIONAL { ?x wdt:P31 wd:Q49008 . BIND (true AS ?prime) } # highlight prime numbers
BIND(1 AS ?size) # used for the size of the bubble: want them all the same size
BIND ( COALESCE(IF(?prime, ""FD7F7F"", 1/0),""71C1FD"") AS ?rgb )
SERVICE wikibase:label { bd:serviceParam wikibase:language ""[AUTO_LANGUAGE],en"". }
}
ORDER BY ?n",True,True,False,http_400,0.0,0.0
464,complex,"PREFIX bd: <http://www.bigdata.com/rdf#>
PREFIX p: <http://www.wikidata.org/prop/>
PREFIX pq: <http://www.wikidata.org/prop/qualifier/>
PREFIX ps: <http://www.wikidata.org/prop/statement/>
PREFIX wd: <http://www.wikidata.org/entity/>
PREFIX wdt: <http://www.wikidata.org/prop/direct/>
PREFIX wikibase: <http://wikiba.se/ontology#>

SELECT ?codeInsee ?item ?itemLabel ?itemDescription ?instance ?instanceLabel WHERE {
SERVICE wikibase:label { bd:serviceParam wikibase:language ""[AUTO_LANGUAGE],en"" . }
{
wd:Q6465 ^(wdt:P279*) ?instance.
?item p:P31 ?typeStatement.
?typeStatement ps:P31 ?instance.
FILTER(NOT EXISTS { ?typeStatement pq:P582 _:b2. })
}
UNION
{
?item p:P31 ?typeStatement.
?typeStatement ps:P31 wd:Q22923920;
pq:P2868 wd:Q6465.
}
?item wdt:P2586 ?codeInsee
}
ORDER BY (?codeInsee)",True,True,True,,1.0,1.0
465,complex,"PREFIX bd: <http://www.bigdata.com/rdf#>
PREFIX xsd: <http://www.w3.org/2001/XMLSchema#>
PREFIX p: <http://www.wikidata.org/prop/>
PREFIX pq: <http://www.wikidata.org/prop/qualifier/>
PREFIX psv: <http://www.wikidata.org/prop/statement/value/>
PREFIX ps: <http://www.wikidata.org/prop/statement/>
PREFIX wd: <http://www.wikidata.org/entity/>
PREFIX wdt: <http://www.wikidata.org/prop/direct/>
PREFIX wikibase: <http://wikiba.se/ontology#>

SELECT ?twin1 ?birth1 ?twin2 ?birth2 ?twin1Label ?birth1Label ?twin2Label ?birth2Label WHERE {
?twin1 wdt:P31 wd:Q5;
wdt:P19 ?birth1;
p:P3373 ?siblingStatement.
?siblingStatement ps:P3373 ?twin2.
{ ?siblingStatement pq:P1039/wdt:P279* wd:Q14756018. } UNION
{ ?twin1 p:P569/psv:P569 ?dateOfBirth. ?twin2 p:P569/psv:P569 ?dateOfBirth. ?dateOfBirth wikibase:timePrecision ""11""^^xsd:integer. }
?twin2 wdt:P31 wd:Q5;
wdt:P19 ?birth2.
FILTER(?birth1 != ?birth2)
FILTER(STR(?twin1) < STR(?twin2))
SERVICE wikibase:label { bd:serviceParam wikibase:language ""[AUTO_LANGUAGE],en"". }
}",True,True,False,http_500,0.0,0.0
466,complex,"PREFIX bd: <http://www.bigdata.com/rdf#>
PREFIX wd: <http://www.wikidata.org/entity/>
PREFIX wdt: <http://www.wikidata.org/prop/direct/>
PREFIX wikibase: <http://wikiba.se/ontology#>
PREFIX gas: <http://www.bigdata.com/rdf/gas#>

SELECT ?item ?itemLabel ?depth1 ?depth2 ?depth WITH{
SELECT ?item ?depth1 ?depth2 WHERE
{
{
SERVICE gas:service
{
gas:program gas:gasClass ""com.bigdata.rdf.graph.analytics.SSSP"" ; gas:in wd:Q23 ; gas:traversalDirection ""Reverse"" ; gas:out ?item ;gas:out1 ?depth1 ; gas:maxIterations 1000 ; gas:linkType wdt:P40 .
}
}
{
SERVICE gas:service
{
gas:program gas:gasClass ""com.bigdata.rdf.graph.analytics.SSSP"" ; gas:in wd:Q207 ; gas:traversalDirection ""Reverse"" ; gas:out ?item ;gas:out1 ?depth2 ; gas:maxIterations 1000 ; gas:linkType wdt:P40 .
}
}
} } AS %1 WITH {SELECT (?item2 AS ?item1) {INCLUDE %1. ?item2 wdt:P40 ?item.}} AS %2
WHERE {
INCLUDE %1.
FILTER NOT EXISTS {SELECT (?item1 AS ?item) {INCLUDE %2.}}
SERVICE wikibase:label { bd:serviceParam wikibase:language ""[AUTO_LANGUAGE],en"". }
BIND(?depth1+?depth2 AS ?depth)
} ORDER BY ?depth",True,True,False,http_400,0.0,0.0
467,complex,"PREFIX bd: <http://www.bigdata.com/rdf#>
PREFIX p: <http://www.wikidata.org/prop/>
PREFIX psv: <http://www.wikidata.org/prop/statement/value/>
PREFIX wd: <http://www.wikidata.org/entity/>
PREFIX wdt: <http://www.wikidata.org/prop/direct/>
PREFIX wikibase: <http://wikiba.se/ontology#>

SELECT ?place ?location ?elev ?image
WHERE
{
  ?place p:P2044/psv:P2044 ?placeElev.
  ?placeElev wikibase:quantityAmount ?elev.
  ?placeElev wikibase:quantityUnit ?unit.
  bind(0.01 as ?km).
  filter( (?elev < ?km*1000 && ?unit = wd:Q11573)
       || (?elev < ?km*3281 && ?unit = wd:Q3710)
       || (?elev < ?km      && ?unit = wd:Q828224) ).
  ?place wdt:P625 ?location.
  OPTIONAL { ?place wdt:P18 ?image }
  SERVICE wikibase:label { bd:serviceParam wikibase:language ""[AUTO_LANGUAGE],en"" }
}",True,True,True,,1.0,1.0
468,complex,"PREFIX bd: <http://www.bigdata.com/rdf#>
PREFIX wdt: <http://www.wikidata.org/prop/direct/>
PREFIX wikibase: <http://wikiba.se/ontology#>

SELECT ?place ?placeLabel ?publication ?publicationLabel ?image ?coordinate_location ?dist ?instance_of ?instance_ofLabel WHERE {
SERVICE wikibase:around {
?place wdt:P625 ?coordinate_location.
bd:serviceParam wikibase:center ""[AUTO_COORDINATES]"".
bd:serviceParam wikibase:radius ""100"".
bd:serviceParam wikibase:distance ?dist.
}
SERVICE wikibase:label { bd:serviceParam wikibase:language ""[AUTO_LANGUAGE],en"". }
?publication wdt:P921 ?place .
OPTIONAL { ?place wdt:P18 ?image. }
OPTIONAL { ?place wdt:P31 ?instance_of. }
}",True,True,False,http_500,0.0,0.0
469,complex,"PREFIX bd: <http://www.bigdata.com/rdf#>
PREFIX p: <http://www.wikidata.org/prop/>
PREFIX pq: <http://www.wikidata.org/prop/qualifier/>
PREFIX ps: <http://www.wikidata.org/prop/statement/>
PREFIX wd: <http://www.wikidata.org/entity/>
PREFIX wdt: <http://www.wikidata.org/prop/direct/>
PREFIX wikibase: <http://wikiba.se/ontology#>

SELECT ?item ?itemLabel ?dob ?start ?age1 ?end ?age2 ?rest WHERE {
?item wdt:P31 wd:Q5.
?item p:P39 [ps:P39 wd:Q11696; pq:P580 ?start].
BIND ((?start-?dob)/365.25 AS ?age1)
OPTIONAL {?item p:P39 [ps:P39 wd:Q11696; pq:P582 ?end].}
?item wdt:P569 ?dob.
BIND ((?end-?dob)/365.25 AS ?age2).
SERVICE wikibase:label { bd:serviceParam wikibase:language ""[AUTO_LANGUAGE],en"". }
OPTIONAL {?item wdt:P570 ?dod.}
BIND ((?dod-?end)/365.25 AS ?rest)
}
ORDER BY DESC(?age1)",True,True,True,,1.0,1.0
470,complex,"PREFIX rdfs: <http://www.w3.org/2000/01/rdf-schema#>
PREFIX p: <http://www.wikidata.org/prop/>
PREFIX pq: <http://www.wikidata.org/prop/qualifier/>
PREFIX wd: <http://www.wikidata.org/entity/>
PREFIX wdt: <http://www.wikidata.org/prop/direct/>

select distinct ?o ?fecha ?denominacion where
{
{ wd:Q10132 p:P1344 ?o .
wd:Q10132 wdt:P18 ?pic .
?o ?l ?t .
optional { ?t wdt:P585 ?fecha .}
?t rdfs:label ?denominacion .
}
union
{ wd:Q10132 p:P166 ?o .
wd:Q10132 wdt:P109 ?pic .
optional { ?o pq:P585 ?fecha .}
?o ?l ?t .
?t rdfs:label ?denominacion .
}
FILTER (lang(?denominacion) = 'es')
}
order by ?fecha",True,True,True,,1.0,na
471,complex,"PREFIX p: <http://www.wikidata.org/prop/>
PREFIX psv: <http://www.wikidata.org/prop/statement/value/>
PREFIX wd: <http://www.wikidata.org/entity/>
PREFIX wdt: <http://www.wikidata.org/prop/direct/>
PREFIX wikibase: <http://wikiba.se/ontology#>

SELECT ?age (COUNT (DISTINCT ?a) AS ?count) WHERE {
?a wdt:P31 wd:Q5 . #instance of human
?a wdt:P106/wdt:P279 wd:Q639669 . #occupation a subclass of musician
?a p:P569/psv:P569 ?birth_date_node .
?a p:P570/psv:P570 ?death_date_node .
?birth_date_node wikibase:timeValue ?birth_date .
?death_date_node wikibase:timeValue ?death_date .
FILTER(?age > 10 && ?age < 100) . #ignore outlyers, several of which are probably errors
BIND( year(?death_date) - year(?birth_date) - if(month(?death_date)<month(?birth_date) || (month(?death_date)=month(?birth_date) && day(?death_date)<day(?birth_date)),1,0) as ?age )
# calculate the age, precisely to the day (times and timezones ignored)
}
GROUP BY ?age
ORDER BY ?age",True,True,True,,1.0,na
472,complex,"PREFIX bd: <http://www.bigdata.com/rdf#>
PREFIX wd: <http://www.wikidata.org/entity/>
PREFIX wdt: <http://www.wikidata.org/prop/direct/>
PREFIX wikibase: <http://wikiba.se/ontology#>

SELECT ?item ?itemLabel ?comienzo ?lugar ?imagen ?paisLabel {
?item wdt:P31 wd:Q8343784.
{?item wdt:P17 wd:Q77} UNION {?item wdt:P17 wd:Q414} UNION {?item wdt:P17 wd:Q298}.
?item wdt:P17 ?pais.
OPTIONAL {?item wdt:P18 ?imagen}.
OPTIONAL {?item wdt:P625 ?lugar}.
SERVICE wikibase:label { bd:serviceParam wikibase:language ""[AUTO_LANGUAGE],es"". }
}",True,True,True,,1.0,1.0
473,complex,"PREFIX bd: <http://www.bigdata.com/rdf#>
PREFIX wd: <http://www.wikidata.org/entity/>
PREFIX wdt: <http://www.wikidata.org/prop/direct/>
PREFIX wikibase: <http://wikiba.se/ontology#>

SELECT DISTINCT ?item ?itemLabel ?namedAfter ?namedAfterLabel WHERE {
?item wdt:P31 wd:Q6256. # list of all countries (Q6256)
{
?item wdt:P138 ?namedAfter. # countries that are named after a person (Q5)
?namedAfter wdt:P31 wd:Q5.
}
UNION
{
?item wdt:P138 ?middleNamedAfter. # some countries are named after things that are named after people
?middleNamedAfter wdt:P138 ?namedAfter.
?namedAfter wdt:P31 wd:Q5.
}
UNION
{
?item wdt:P138 ?middleNamedAfter. # some countries are named after things that are named after things that are named after people
?middleNamedAfter wdt:P138 ?middle2NamedAfter.
?middle2NamedAfter wdt:P138 ?namedAfter.
?namedAfter wdt:P31 wd:Q5.
}
FILTER(NOT EXISTS { ?namedAfter wdt:P411 wd:Q43115. }) # exclude any Saints (people whose canonisation status is ""Saint"")
FILTER(NOT EXISTS { ?namedAfter wdt:P411 wd:Q3464126. }) # exclude any Saints (people whose canonisation status is ""Catholic Saint"")
FILTER(NOT EXISTS { ?namedAfter wdt:P31 wd:Q20643955. }) # exclude any biblical figures (people who are an instance of Human Biblical figures)
SERVICE wikibase:label { bd:serviceParam wikibase:language ""[AUTO_LANGUAGE],en"". }
}
ORDER BY (?namedAfterLabel)",True,True,True,,1.0,1.0
474,complex,"PREFIX bd: <http://www.bigdata.com/rdf#>
PREFIX p: <http://www.wikidata.org/prop/>
PREFIX pq: <http://www.wikidata.org/prop/qualifier/>
PREFIX ps: <http://www.wikidata.org/prop/statement/>
PREFIX wd: <http://www.wikidata.org/entity/>
PREFIX wdt: <http://www.wikidata.org/prop/direct/>
PREFIX wikibase: <http://wikiba.se/ontology#>

SELECT DISTINCT ?Juror ?JurorLabel ?imageJur ?Preistraeger ?PreistraegerLabel (YEAR(?Zeitpunkt) AS ?Jahr) ?image ?edgeLabel WHERE {
SERVICE wikibase:label { bd:serviceParam wikibase:language ""[AUTO_LANGUAGE],en"". }
?Preistraeger p:P166 ?Preis.
OPTIONAL { ?Preistraeger wdt:P18 ?image. }
?Preis ps:P166 wd:Q339982;
pq:P585 ?Zeitpunkt.
OPTIONAL {
?Preis pq:P4353 ?Juror.
OPTIONAL { ?Juror wdt:P18 ?imageJur. }
}
BIND(""nominiert "" AS ?edgeLabel)
}
ORDER BY DESC (?Zeitpunkt)",True,True,True,,1.0,1.0
475,complex,"PREFIX bd: <http://www.bigdata.com/rdf#>
PREFIX rdfs: <http://www.w3.org/2000/01/rdf-schema#>
PREFIX wd: <http://www.wikidata.org/entity/>
PREFIX wdt: <http://www.wikidata.org/prop/direct/>
PREFIX wikibase: <http://wikiba.se/ontology#>

SELECT ?dynastyLabel ?thing ?thingLabel (GROUP_CONCAT(DISTINCT ?typel; separator="", "") AS ?what) (GROUP_CONCAT(DISTINCT ?matl; separator="", "") AS ?materials) ?thingDescription ?collectionLabel ?inventoryNo WHERE {
?dynasty wdt:P31 wd:Q50068795.
VALUES ?prop {wdt:P2348 wdt:P17 wdt:P495}.
?thing ?prop ?dynasty;
wdt:P31 ?type;
wdt:P195 ?collection.
?type rdfs:label ?typel FILTER(lang(?typel) = ""en"").
OPTIONAL {?thing wdt:P186 ?material. ?material rdfs:label ?matl FILTER(lang(?matl) = ""en"") }.
OPTIONAL {?thing wdt:P217 ?inventoryNo }
SERVICE wikibase:label { bd:serviceParam wikibase:language ""[AUTO_LANGUAGE],en"" }
} GROUP BY ?dynastyLabel ?thing ?thingLabel?thingDescription ?collectionLabel ?inventoryNo
ORDER BY ?dynastyLabel",True,True,False,result_too_large,0.0,0.0
476,complex,"PREFIX bd: <http://www.bigdata.com/rdf#>
PREFIX wd: <http://www.wikidata.org/entity/>
PREFIX wdt: <http://www.wikidata.org/prop/direct/>
PREFIX wikibase: <http://wikiba.se/ontology#>

SELECT ?item ?itemLabel ?code ?native_label (lang(?native_label) AS ?lang) ?missing1 ?missing2
WITH {
SELECT ?item ?native_label ?code WHERE {
?item wdt:P463 wd:Q8908 .
?item wdt:P1705 ?native_label .
?item wdt:P297 ?code .
}
} AS %countries
WHERE {
INCLUDE %countries .
OPTIONAL {
INCLUDE %countries .
BIND(SUBSTR(?code,1,1) AS ?first) .
BIND(?first AS ?missing1) .
FILTER(! CONTAINS(UCASE(?native_label), ?first) )
}
OPTIONAL {
INCLUDE %countries .
BIND(SUBSTR(?code,2,1) AS ?second) .
BIND(?second AS ?missing2) .
FILTER(! CONTAINS(UCASE(?native_label), ?second) ) .
}
FILTER(bound(?missing1) || bound(?missing2)) .
SERVICE wikibase:label { bd:serviceParam wikibase:language ""[AUTO_LANGUAGE],en"". }
} ORDER BY ?itemLabel",True,True,False,http_400,0.0,0.0
477,complex,"PREFIX bd: <http://www.bigdata.com/rdf#>
PREFIX p: <http://www.wikidata.org/prop/>
PREFIX pq: <http://www.wikidata.org/prop/qualifier/>
PREFIX ps: <http://www.wikidata.org/prop/statement/>
PREFIX wd: <http://www.wikidata.org/entity/>
PREFIX wdt: <http://www.wikidata.org/prop/direct/>
PREFIX wikibase: <http://wikiba.se/ontology#>

SELECT ?image ?partyLabel ?justiceLabel ?birthdate
WHERE
{
?justice p:P39 ?statement .
{ ?statement ps:P39 wd:Q11144 } UNION { ?statement ps:P39 wd:Q11147 }
?statement pq:P580 ?appointed .
FILTER NOT EXISTS { ?statement pq:P582 ?x }
?justice wdt:P569 ?birthdate .
?justice wdt:P102 ?party .
?justice wdt:P18 ?image .
SERVICE wikibase:label { bd:serviceParam wikibase:language ""en"" }
}",True,True,True,,1.0,na
478,complex,"PREFIX bd: <http://www.bigdata.com/rdf#>
PREFIX p: <http://www.wikidata.org/prop/>
PREFIX ps: <http://www.wikidata.org/prop/statement/>
PREFIX wd: <http://www.wikidata.org/entity/>
PREFIX wdt: <http://www.wikidata.org/prop/direct/>
PREFIX wikibase: <http://wikiba.se/ontology#>

SELECT ?prenomLabel (COUNT(?q) AS ?compte) WHERE {
?q wdt:P19/wdt:P131* ?dpt ; wdt:P735 ?prenom .
?dpt p:P131/ps:P131 wd:Q1152 ; wdt:P31 wd:Q6465 .
SERVICE wikibase:label { bd:serviceParam wikibase:language ""[AUTO_LANGUAGE],en"". }
}
GROUP BY ?prenomLabel
HAVING ( ?compte > 5 )",True,True,True,,1.0,na
479,complex,"PREFIX p: <http://www.wikidata.org/prop/>
PREFIX pq: <http://www.wikidata.org/prop/qualifier/>
PREFIX ps: <http://www.wikidata.org/prop/statement/>
PREFIX wd: <http://www.wikidata.org/entity/>
PREFIX wdt: <http://www.wikidata.org/prop/direct/>

SELECT ?material (COUNT(?painting) AS ?count)
WHERE
{
?painting wdt:P31/wdt:P279* wd:Q3305213;
p:P186 [ ps:P186 ?material; pq:P518 wd:Q861259 ].
}
GROUP BY ?material",True,True,True,,1.0,1.0
480,complex,"PREFIX bd: <http://www.bigdata.com/rdf#>
PREFIX wd: <http://www.wikidata.org/entity/>
PREFIX wdt: <http://www.wikidata.org/prop/direct/>
PREFIX wikibase: <http://wikiba.se/ontology#>

SELECT DISTINCT ?obj ?objLabel ?objDescription ?nom ?nomLabel ?nomDescription
WHERE {
{?obj wdt:P31/wdt:P279* wd:Q318} UNION {?obj wdt:P31/wdt:P279* wd:Q523}
UNION {?obj wdt:P31/wdt:P279* wd:Q1054444}
UNION {?obj wdt:P31/wdt:P279* wd:Q168845}
?obj wdt:P138 ?nom
SERVICE wikibase:label { bd:serviceParam wikibase:language ""[AUTO_LANGUAGE],en"" }
} ORDER BY ASC(?objLabel)",True,True,True,,1.0,1.0
481,complex,"PREFIX bd: <http://www.bigdata.com/rdf#>
PREFIX hint: <http://www.bigdata.com/queryHints#>
PREFIX pq: <http://www.wikidata.org/prop/qualifier/>
PREFIX wikibase: <http://wikiba.se/ontology#>

SELECT ?property ?propertyLabel (COUNT(DISTINCT ?statement) AS ?count) WHERE {
hint:Query hint:optimizer ""None"" .
?statement pq:P2210 ?qualifier_value .
?statement ?ps ?value .
?property wikibase:statementProperty ?ps .
SERVICE wikibase:label {
bd:serviceParam wikibase:language ""en"" .
}
} GROUP BY ?property ?propertyLabel
ORDER BY DESC(?count)",True,False,True,,1.0,na
482,complex,"PREFIX bd: <http://www.bigdata.com/rdf#>
PREFIX xsd: <http://www.w3.org/2001/XMLSchema#>
PREFIX p: <http://www.wikidata.org/prop/>
PREFIX psv: <http://www.wikidata.org/prop/statement/value/>
PREFIX wd: <http://www.wikidata.org/entity/>
PREFIX wdt: <http://www.wikidata.org/prop/direct/>
PREFIX wikibase: <http://wikiba.se/ontology#>

SELECT ?countryLabel ?weekday ?count ?totalCount ?percentage
WITH {
SELECT ?country ?offset (COUNT(DISTINCT ?election) AS ?count) WHERE {
?election wdt:P31/wdt:P279* wd:Q40231;
wdt:P17 ?country;
p:P585/psv:P585 [
wikibase:timeValue ?date;
wikibase:timePrecision ?precision
].
FILTER(?precision >= ""11""^^xsd:integer)
MINUS { ?country wdt:P156|wdt:P576|wdt:P582 ?end. }
BIND(?date - ""1776-07-04""^^xsd:dateTime AS ?offsetInt)
BIND(?offsetInt - (7 * xsd:integer(xsd:float(?offsetInt) / 7.0)) AS ?offsetSigned)
BIND(IF(?offsetSigned < 0, ?offsetSigned + 7, ?offsetSigned) AS ?offset)
}
GROUP BY ?country ?offset
} AS %offsets
WITH {
SELECT ?country ?weekday ?count WHERE {
INCLUDE %offsets.
BIND(IF(?offset = 0, ""Thursday""@en,
IF(?offset = 1, ""Friday""@en,
IF(?offset = 2, ""Saturday""@en,
IF(?offset = 3, ""Sunday""@en,
IF(?offset = 4, ""Monday""@en,
IF(?offset = 5, ""Tuesday""@en,
IF(?offset = 6, ""Wednesday""@en,
""unknown day""@en)))))))
AS ?weekday)
}
} AS %weekdays
WITH {
SELECT ?country (MAX(?count) AS ?maxCount) (SUM(?count) AS ?totalCount) WHERE {
INCLUDE %weekdays.
}
GROUP BY ?country
HAVING(?totalCount >= 3) # filter out countries with not enough data (3 is a very generous limit)
} AS %maxWeekdayCount
WITH {
SELECT ?country (SAMPLE(?weekday) AS ?weekday) ?count ?totalCount WHERE {
INCLUDE %weekdays.
INCLUDE %maxWeekdayCount.
FILTER(?count = ?maxCount)
}
GROUP BY ?country ?count ?totalCount
} AS %maxWeekday
WHERE {
INCLUDE %maxWeekday.
BIND(?count / ?totalCount AS ?ratio)
BIND(CONCAT(SUBSTR(STR(100 * ?ratio), 1, 5), ""%"") AS ?percentage)
SERVICE wikibase:label { bd:serviceParam wikibase:language ""[AUTO_LANGUAGE],en"". }
}
ORDER BY DESC(?totalCount)",True,True,False,http_400,0.0,0.0
483,complex,"PREFIX bd: <http://www.bigdata.com/rdf#>
PREFIX wd: <http://www.wikidata.org/entity/>
PREFIX wdt: <http://www.wikidata.org/prop/direct/>
PREFIX wikibase: <http://wikiba.se/ontology#>

SELECT ?church ?churchLabel ?churchloc ?dist ?other ?otherLabel
WHERE
{
?church wdt:P31 wd:Q16970 . # this thing is a church
?church wdt:P17 wd:Q145 . # and it's in the UK
?church wdt:P625 ?churchloc . # and it has a location
?other wdt:P31 wd:Q16970 . # another thing is also a church
SERVICE wikibase:around {
?other wdt:P625 ?otherloc .
bd:serviceParam wikibase:center ?churchloc .
bd:serviceParam wikibase:radius ""0.025"" . # and is pretty much exactly on the same spot (+-25m)
}
FILTER (STR(?church) > STR(?other)) # filter so each pair only shows up once
SERVICE wikibase:label { bd:serviceParam wikibase:language ""en"" }
BIND(geof:distance(?churchloc, ?otherloc) as ?dist)
}
ORDER BY ?dist",True,True,False,http_400,0.0,0.0
484,complex,"PREFIX bd: <http://www.bigdata.com/rdf#>
PREFIX wd: <http://www.wikidata.org/entity/>
PREFIX wdt: <http://www.wikidata.org/prop/direct/>
PREFIX wikibase: <http://wikiba.se/ontology#>

SELECT ?item ?itemLabel (SAMPLE(?holder) as ?sample) (COUNT(DISTINCT ?holder) as ?ct)
{
?item wdt:P31 wd:Q1240901 .
OPTIONAL { ?holder wdt:P2358 ?item }
MINUS { ?item wdt:P31 wd:Q4167410 }
MINUS { ?item wdt:P31 wd:Q101352 }
SERVICE wikibase:label { bd:serviceParam wikibase:language ""en"" .}
}
GROUP BY ?item ?itemLabel",True,True,True,,1.0,1.0
485,complex,"PREFIX bd: <http://www.bigdata.com/rdf#>
PREFIX hint: <http://www.bigdata.com/queryHints#>
PREFIX xsd: <http://www.w3.org/2001/XMLSchema#>
PREFIX wd: <http://www.wikidata.org/entity/>
PREFIX wdt: <http://www.wikidata.org/prop/direct/>
PREFIX wikibase: <http://wikiba.se/ontology#>

SELECT DISTINCT ?item ?d1 ?d2 ?nl0 ?nl1 ?itemDescription ?sig
WHERE
{
?item wdt:P569 ?d1 ; wdt:P570 ?d2 .
hint:Prior hint:rangeSafe true .
FILTER( ?d1 > ""1880-00-00""^^xsd:dateTime &&
?d2 > ""1964-00-00""^^xsd:dateTime &&
?d1 < ""1944-00-00""^^xsd:dateTime
)
?item wdt:P735 / wdt:P1705 ?nl0 . FILTER( REGEX(?nl0, ""^D"" ) )
?item wdt:P734 / wdt:P1705 ?nl1 . FILTER( REGEX(?nl1, ""^K"" ) )
?item wdt:P106/wdt:P279* wd:Q3391743 .
hint:Prior hint:gearing ""forward"".
OPTIONAL { ?item wdt:P109 ?sig }
SERVICE wikibase:label { bd:serviceParam wikibase:language ""[AUTO_LANGUAGE],en"" }
}",True,True,True,,1.0,na
486,complex,"PREFIX bd: <http://www.bigdata.com/rdf#>
PREFIX wd: <http://www.wikidata.org/entity/>
PREFIX wdt: <http://www.wikidata.org/prop/direct/>
PREFIX wikibase: <http://wikiba.se/ontology#>

SELECT ?country1 ?country1Label ?rgb ?country2 ?country2Label WHERE {
{
SELECT ?landlocked1 ?coastal ?landlocked2 WHERE {
?landlocked1 wdt:P31 wd:Q3624078, wd:Q123480;
wdt:P47 ?coastal.
?coastal wdt:P31 wd:Q3624078.
MINUS { ?coastal wdt:P31 wd:Q123480. }
?coastal wdt:P47 ?landlocked2.
FILTER(?landlocked2 != ?landlocked1)
?landlocked2 wdt:P31 wd:Q3624078, wd:Q123480.
}
}
VALUES ?switch { true false }
BIND(IF(?switch, ?landlocked1, ?coastal) AS ?country1)
BIND(IF(?switch, ?coastal, ?landlocked2) AS ?country2)
BIND(IF(?switch, ""FFBB33"", ""0033CC"") AS ?rgb)
SERVICE wikibase:label { bd:serviceParam wikibase:language ""[AUTO_LANGUAGE],en"". }
}",True,True,True,,1.0,1.0
487,complex,"PREFIX bd: <http://www.bigdata.com/rdf#>
PREFIX dct: <http://purl.org/dc/terms/>
PREFIX ontolex: <http://www.w3.org/ns/lemon/ontolex#>
PREFIX wdt: <http://www.wikidata.org/prop/direct/>
PREFIX wikibase: <http://wikiba.se/ontology#>

SELECT ?l ?lemma ?demoPlaceLabel ?coords WHERE {
?l a ontolex:LexicalEntry ;
dct:language ?language ;
wikibase:lemma ?lemma .
?language wdt:P218 'sv'. # language
?l ontolex:sense ?sense.
?sense wdt:P6271 ?demoPlace.
?demoPlace wdt:P625 ?coords
SERVICE wikibase:label { bd:serviceParam wikibase:language ""[AUTO_LANGUAGE],en"". }
}",True,True,True,,1.0,na
488,complex,"PREFIX bd: <http://www.bigdata.com/rdf#>
PREFIX wd: <http://www.wikidata.org/entity/>
PREFIX wdt: <http://www.wikidata.org/prop/direct/>
PREFIX wikibase: <http://wikiba.se/ontology#>

SELECT ?school ?schoolLabel (SAMPLE(?schoolWebsite) as ?website) (COUNT(?student) AS ?students) WHERE {
?school wdt:P31/wdt:P279* wd:Q2143781 .
OPTIONAL { ?school wdt:P856 ?schoolWebsite } .
?student wdt:P31 wd:Q5 .
?student wdt:P69 ?school .
SERVICE wikibase:label { bd:serviceParam wikibase:language ""en"" }
} GROUP BY ?school ?schoolLabel ORDER BY DESC(?students)",True,True,True,,1.0,1.0
489,complex,"PREFIX bd: <http://www.bigdata.com/rdf#>
PREFIX wd: <http://www.wikidata.org/entity/>
PREFIX wdt: <http://www.wikidata.org/prop/direct/>
PREFIX wikibase: <http://wikiba.se/ontology#>

SELECT ?person ?personLabel ?group ?groupLabel (""7FFF00"" as ?rgb)
WHERE {
?person wdt:P570 ?death FILTER (YEAR(?death) < 1800).
?person wdt:P463 wd:Q123885. # That ?person is a person is implicit through membership
?person wdt:P463 ?group FILTER (?group != wd:Q123885).
?group wdt:P31/wdt:P279? wd:Q955824.
SERVICE wikibase:label { bd:serviceParam wikibase:language ""[AUTO_LANGUAGE],en"". }
}",True,True,True,,1.0,1.0
490,complex,"PREFIX bd: <http://www.bigdata.com/rdf#>
PREFIX wd: <http://www.wikidata.org/entity/>
PREFIX wdt: <http://www.wikidata.org/prop/direct/>
PREFIX wikibase: <http://wikiba.se/ontology#>

SELECT ?cemetery ?cemeteryLabel ?churchLabel ?church ?distance {
?cemetery wdt:P31/wdt:P279* wd:Q39614;
wdt:P17 wd:Q142;
wdt:P625 ?cem_coords.
SERVICE wikibase:around {
?church wdt:P625 ?chr_coords.
bd:serviceParam wikibase:center ?cem_coords.
bd:serviceParam wikibase:radius ""0.02"".
bd:serviceParam wikibase:distance ?distance.
}
FILTER EXISTS {
?church wdt:P31/wdt:P279* wd:Q16970.
}
SERVICE wikibase:label { bd:serviceParam wikibase:language ""[AUTO_LANGUAGE], en"". }
}",True,True,False,http_500,0.0,0.0
491,complex,"PREFIX bd: <http://www.bigdata.com/rdf#>
PREFIX wd: <http://www.wikidata.org/entity/>
PREFIX wdt: <http://www.wikidata.org/prop/direct/>
PREFIX wikibase: <http://wikiba.se/ontology#>

SELECT ?creditLabel ?item ?itemLabel ?itemDescription ?typeLabel ?series ?seriesLabel (MIN(?date) as ?date_)
WHERE
{
{ ?item wdt:P58 wd:Q710739 . BIND ( wd:Q28389 as ?credit ) }
UNION { ?item wdt:P57 wd:Q710739 . BIND ( wd:Q2526255 as ?credit ) }
OPTIONAL { ?item wdt:P31 ?type }
OPTIONAL { ?item wdt:P179 ?series }
OPTIONAL { ?item wdt:P577 ?date }
SERVICE wikibase:label { bd:serviceParam wikibase:language ""[AUTO_LANGUAGE],en"". }
}
GROUP BY ?item ?itemLabel ?itemDescription ?typeLabel ?series ?seriesLabel ?creditLabel
ORDER BY (!BOUND(?date_)) DESC(?date_)",True,False,True,,1.0,1.0
492,complex,"PREFIX bd: <http://www.bigdata.com/rdf#>
PREFIX p: <http://www.wikidata.org/prop/>
PREFIX pq: <http://www.wikidata.org/prop/qualifier/>
PREFIX ps: <http://www.wikidata.org/prop/statement/>
PREFIX wd: <http://www.wikidata.org/entity/>
PREFIX wdt: <http://www.wikidata.org/prop/direct/>
PREFIX wikibase: <http://wikiba.se/ontology#>

SELECT ?p ?pLabel ?groupLabel (URI(CONCAT(""https://twitter.com/"", ?tw)) AS ?twitterlink) WHERE {
?p p:P39 ?s. ?s ps:P39 wd:Q77685926; pq:P4100 ?group
OPTIONAL {?p wdt:P2002 ?tw}
SERVICE wikibase:label { bd:serviceParam wikibase:language ""[AUTO_LANGUAGE],en"". }
} ORDER BY ?groupLabel ?pLabel",True,True,True,,1.0,1.0
493,complex,"PREFIX rdfs: <http://www.w3.org/2000/01/rdf-schema#>
PREFIX p: <http://www.wikidata.org/prop/>
PREFIX pq: <http://www.wikidata.org/prop/qualifier/>
PREFIX ps: <http://www.wikidata.org/prop/statement/>
PREFIX wd: <http://www.wikidata.org/entity/>
PREFIX wdt: <http://www.wikidata.org/prop/direct/>

SELECT ?tour ?tourLabel ?startdate ?tournumber ?item ?itemLabel ?stagenumber ?winner ?winnerLabel ?country ?countryLabel WHERE {
?tour wdt:P31 wd:Q33881;
rdfs:label ?tourLabel.
FILTER((LANG(?tourLabel)) = ""en"")
?item wdt:P361 ?tour;
rdfs:label ?itemLabel.
FILTER((LANG(?itemLabel)) = ""en"")
?tour wdt:P580 ?startdate.
?tour wdt:P393 ?tournumber.
?item wdt:P1545 ?stagenumber.
?item p:P1346 ?statement.
?statement ps:P1346 ?winner.
?statement pq:P1013 wd:Q20882747 .
?winner rdfs:label ?winnerLabel.
FILTER((LANG(?winnerLabel)) = ""en"" )
?winner wdt:P27 ?country.
?country rdfs:label ?countryLabel.
FILTER((LANG(?countryLabel)) = ""en"" )
}",True,False,True,,1.0,na
494,complex,"PREFIX bd: <http://www.bigdata.com/rdf#>
PREFIX rdfs: <http://www.w3.org/2000/01/rdf-schema#>
PREFIX wd: <http://www.wikidata.org/entity/>
PREFIX wdt: <http://www.wikidata.org/prop/direct/>
PREFIX wikibase: <http://wikiba.se/ontology#>

SELECT ?companyLabel (GROUP_CONCAT(DISTINCT ?founderLabel; separator="", "") AS ?founders) WHERE {
?company wdt:P112 ?founder;
wdt:P17 wd:Q30.
FILTER EXISTS { ?company wdt:P414|wdt:P249 []. }
?founder (wdt:P22|wdt:P25)?/wdt:P19 ?placeOfBirth.
MINUS { ?placeOfBirth wdt:P17 wd:Q30. }
OPTIONAL { ?founder rdfs:label ?founderLabel. FILTER(LANG(?founderLabel) = ""en""). }
OPTIONAL { ?company wdt:P2403|wdt:P2137|wdt:P2139|wdt:P2226|wdt:P2295 ?money. }
SERVICE wikibase:label { bd:serviceParam wikibase:language ""en"". }
}
GROUP BY ?companyLabel
ORDER BY DESC(MAX(?money)) ?companyLabel",True,True,True,,1.0,na
495,complex,"PREFIX bd: <http://www.bigdata.com/rdf#>
PREFIX wd: <http://www.wikidata.org/entity/>
PREFIX wdt: <http://www.wikidata.org/prop/direct/>
PREFIX wikibase: <http://wikiba.se/ontology#>

SELECT distinct ?h ?hLabel ?location (CONCAT(""injured: "",str(?injured)) as ?injuredl) (concat(""dead: "",str(?dead)) as ?deadl) ?date ?image WHERE {
?h wdt:P31/wdt:P279* wd:Q4202290.
optional { ?h wdt:P1339 ?injured . }
optional { ?h wdt:P1120 ?dead. }
optional { ?h wdt:P276?/wdt:P625 ?location }
optional { ?h wdt:P585 ?date }
optional { ?h wdt:P18 ?image }
SERVICE wikibase:label { bd:serviceParam wikibase:language ""en"" }
} order by desc(?date)",True,True,False,timeout,0.0,0.0
496,complex,"PREFIX bd: <http://www.bigdata.com/rdf#>
PREFIX p: <http://www.wikidata.org/prop/>
PREFIX pq: <http://www.wikidata.org/prop/qualifier/>
PREFIX ps: <http://www.wikidata.org/prop/statement/>
PREFIX wd: <http://www.wikidata.org/entity/>
PREFIX wdt: <http://www.wikidata.org/prop/direct/>
PREFIX wikibase: <http://wikiba.se/ontology#>

SELECT DISTINCT ?item ?itemLabel ?itemDescription ?award_label (SAMPLE(?date) AS ?year) (SAMPLE(?photo) AS ?pic)
WHERE {
?item p:P166 ?awardStatement .
?awardStatement ps:P166 ?award ;
pq:P585 ?date .
VALUES (?award ?award_label) {
(wd:Q1131356 ""Theatre World Award"")
(wd:Q28007396 ""Dorothy Loudon Award"")
(wd:Q28007416 ""Special Award"")
(wd:Q28007447 ""John Willis Award"")
(wd:Q28007406 ""Lunt-Fontanne Award"")
} .
OPTIONAL { ?item wdt:P18 ?photo . }
SERVICE wikibase:label { bd:serviceParam wikibase:language ""en"" . }
}GROUP BY ?item ?itemLabel ?itemDescription ?award_label
ORDER BY ?year",True,True,True,,1.0,1.0
497,complex,"PREFIX bd: <http://www.bigdata.com/rdf#>
PREFIX wd: <http://www.wikidata.org/entity/>
PREFIX wdt: <http://www.wikidata.org/prop/direct/>
PREFIX wikibase: <http://wikiba.se/ontology#>

SELECT ?surname ?surnameLabel ?count WHERE {
{
SELECT ?surname (COUNT(?person) AS ?count) WHERE {
?person wdt:P31 wd:Q5.
?person wdt:P734 ?surname.
}
GROUP BY ?surname
}
SERVICE wikibase:label { bd:serviceParam wikibase:language ""en"". }
}
ORDER BY DESC(?count)
LIMIT 100",True,True,True,,1.0,1.0
498,complex,"PREFIX bd: <http://www.bigdata.com/rdf#>
PREFIX xsd: <http://www.w3.org/2001/XMLSchema#>
PREFIX wd: <http://www.wikidata.org/entity/>
PREFIX wdt: <http://www.wikidata.org/prop/direct/>
PREFIX wikibase: <http://wikiba.se/ontology#>

SELECT DISTINCT ?t ?value ?valueLabel ?rrLabel ?rr (SAMPLE(?image) as ?img)
WHERE
{
VALUES ?person {wd:Q1512}
{?person wdt:P570 ?death .
?person ?prop ?t FILTER (datatype(?t)=xsd:dateTime) FILTER (?t <= ?death) .
?value wikibase:directClaim ?prop. }
UNION
{
?person ?q ?statement FILTER regex (STR(?q),""prop/P"") . #exclude P:describedBy
?person wdt:P570 ?death .
?statement ?p ?t FILTER regex (STR(?p), ""prop/qualifier/P"") FILTER (datatype(?t)=xsd:dateTime) FILTER (?t <= ?death).
?statement ?r ?value FILTER regex (STR(?r),""prop/statement/"") .
BIND(IRI(CONCAT(CONCAT(SUBSTR(STR(?r),1,29),""direct/""),SUBSTR(STR(?r),40))) as ?rprop)
?rr wikibase:directClaim ?rprop .
OPTIONAL {?value wdt:P18 ?image}
}
UNION { # author of / creator of
?value wdt:P50|wdt:P98|wdt:P655|wdt:[property:P1773]|wdt:P170 ?person .
?person wdt:P570 ?death .
?value wdt:P571|wdt:P577 ?t .
FILTER (?t <= ?death)
#FILTER NOT EXISTS {?value wdt:P629 ?x }
FILTER NOT EXISTS {?person wdt:P800 ?value } .
OPTIONAL {?value wdt:P1433 ?rr .}
OPTIONAL {?value wdt:P18 ?image .}
}
UNION #Notable Works
{
?person wdt:P800 ?rr ;
wdt:P570 ?death ;
wdt:P569 ?birth .
?rr wdt:P577|wdt:P571|wdt:P1191 ?t FILTER ((?t <= ?death)&&(?t >= ?birth)).
OPTIONAL {?rr wdt:P18 ?image .}
}
UNION #discoverer or inventor
{
?rr wdt:P61 ?person .
?person wdt:P570 ?death ;
wdt:P569 ?birth .
?rr wdt:P575|wdt:P571|wdt:P585 ?t FILTER ((?t <= ?death)&&(?t >= ?birth)).
OPTIONAL {?rr wdt:P18 ?image .}
}
UNION #architect
{
?rr wdt:P84 ?person .
?person wdt:P570 ?death ;
wdt:P569 ?birth .
?rr wdt:P571|wdt:P1619 ?t FILTER ((?t <= ?death)&&(?t >= ?birth)).
OPTIONAL {?rr wdt:P18 ?image .}
}
UNION #composer
{
?rr wdt:P86 ?person .
?person wdt:P570 ?death ;
wdt:P569 ?birth .
?rr wdt:P571|wdt:P1191|wdt:P577 ?t FILTER ((?t <= ?death)&&(?t >= ?birth)).
OPTIONAL {?rr wdt:P18 ?image .}
}
SERVICE wikibase:label { bd:serviceParam wikibase:language ""en, fr, de"". }
} GROUP BY ?t ?value ?rr ?rrLabel ?valueLabel
ORDER BY ?t",False,False,False,not_linked,0.0,0.0
499,complex,"PREFIX wd: <http://www.wikidata.org/entity/>
PREFIX wdt: <http://www.wikidata.org/prop/direct/>

SELECT ?work ?title
WHERE
{
?work wdt:P31/wdt:P279* wd:Q838948;
wdt:P1476 ?title.
FILTER(REGEX(?title, ""^\\w*(\\w{3})(\\W+\\w*\\1)+$"", ""i"") && !REGEX(?title, ""^(\\w+)(\\W+\\1)+$"", ""i"")).
}
ORDER BY STR(?title)",True,True,False,http_400,0.0,0.0
500,complex,"PREFIX bd: <http://www.bigdata.com/rdf#>
PREFIX wd: <http://www.wikidata.org/entity/>
PREFIX wdt: <http://www.wikidata.org/prop/direct/>
PREFIX wikibase: <http://wikiba.se/ontology#>

SELECT ?composer ?countryLabel (count(distinct ?f) as ?count) (min(year(?date)) as ?min) (max(year(?date)) as ?max) WHERE {
?f wdt:P31 wd:Q11424 ;
wdt:P86 ?composer .
optional {?f wdt:P577 ?date }
?composer wdt:P27 ?country .
SERVICE wikibase:label { bd:serviceParam wikibase:language ""en"". }
} group by ?composer ?countryLabel having (?count > 100)",True,True,True,,1.0,1.0
501,complex,"PREFIX bd: <http://www.bigdata.com/rdf#>
PREFIX p: <http://www.wikidata.org/prop/>
PREFIX ps: <http://www.wikidata.org/prop/statement/>
PREFIX wd: <http://www.wikidata.org/entity/>
PREFIX wdt: <http://www.wikidata.org/prop/direct/>
PREFIX wikibase: <http://wikiba.se/ontology#>

SELECT ?mp ?mpLabel ?person ?personLabel ?born ?died ?typeLabel WHERE {
?mp p:P39 ?positionStatement .
?positionStatement ps:P39 wd:Q30524710 . # this person is a member of the current parliament
{ ?mp (wdt:P25|wdt:P22)* ?person . } # mp's mother or father, or their mother or father, and so on
filter not exists { ?person wdt:P31 wd:Q5 } . # the ancestor is not ""a human""
?person wdt:P31 ?type .
OPTIONAL { ?person wdt:P569 ?born } .
OPTIONAL { ?person wdt:P570 ?died } .
SERVICE wikibase:label { bd:serviceParam wikibase:language ""en"". }
}",True,True,True,,1.0,1.0
502,complex,"PREFIX bd: <http://www.bigdata.com/rdf#>
PREFIX wd: <http://www.wikidata.org/entity/>
PREFIX wdt: <http://www.wikidata.org/prop/direct/>
PREFIX wikibase: <http://wikiba.se/ontology#>

SELECT ?property ?propertyLabel ?uses ?example_preprint ?example_preprint_title ?example_article ?example_article_title
WITH {
SELECT ?directProperty (COUNT(?preprint) as ?uses) (SAMPLE(?preprint) as ?example_preprint) (SAMPLE(?article) as ?example_article) WHERE {
?preprint wdt:P31 wd:Q580922 .
?article wdt:P31 wd:Q13442814 .
?preprint ?directProperty ?article .
FILTER(STRSTARTS(STR(?directProperty), STR(wdt:)))
} GROUP BY ?directProperty
} AS %properties
WHERE {
INCLUDE %properties .
?property wikibase:directClaim ?directProperty .
?example_preprint wdt:P1476 ?example_preprint_title .
?example_article wdt:P1476 ?example_article_title .
SERVICE wikibase:label { bd:serviceParam wikibase:language ""en"". }
} ORDER BY desc(?uses)",True,True,False,http_400,0.0,0.0
503,complex,"PREFIX bd: <http://www.bigdata.com/rdf#>
PREFIX wd: <http://www.wikidata.org/entity/>
PREFIX wdt: <http://www.wikidata.org/prop/direct/>
PREFIX wikibase: <http://wikiba.se/ontology#>

SELECT (COUNT(?mp) AS ?mps) ?education ?educationLabel ?educationDescription
WHERE {
?mp wdt:P39 wd:Q4416090;
wdt:P69 ?education.
SERVICE wikibase:label { bd:serviceParam wikibase:language ""[AUTO_LANGUAGE],en"" }
} GROUP BY ?education ?educationLabel ?educationDescription
ORDER BY DESC(?mps)",True,True,True,,1.0,1.0
504,complex,"PREFIX bd: <http://www.bigdata.com/rdf#>
PREFIX wd: <http://www.wikidata.org/entity/>
PREFIX wdt: <http://www.wikidata.org/prop/direct/>
PREFIX wikibase: <http://wikiba.se/ontology#>
PREFIX gas: <http://www.bigdata.com/rdf/gas#>

select ?author ?authorLabel ?work ?workLabel where {
{
select ?work ?author where {
service gas:service {
gas:program gas:gasClass ""com.bigdata.rdf.graph.analytics.BFS"" ;
gas:in wd:Q173746 ;
gas:target wd:Q25975509 ;
gas:traversalDirection ""Undirected"" ;
gas:out ?work ;
gas:out1 ?depth ;
gas:out2 ?predecessor ;
gas:linkType wdt:P50 ;
gas:maxIterations 12;
gas:maxVisited 2000 .
}
?work wdt:P50 ?author
}
}
union {
bind(wd:Q25975509 as ?work)
?work wdt:P50 ?author .
}
SERVICE wikibase:label {
bd:serviceParam wikibase:language ""en"" .
}
}",True,True,False,http_500,0.0,0.0
505,complex,"PREFIX bd: <http://www.bigdata.com/rdf#>
PREFIX schema: <http://schema.org/>
PREFIX wd: <http://www.wikidata.org/entity/>
PREFIX wdt: <http://www.wikidata.org/prop/direct/>
PREFIX wikibase: <http://wikiba.se/ontology#>

SELECT ?item ?itemLabel (COUNT(distinct ?sitelink) as ?count) (SAMPLE(?picture) as ?picture)
WHERE
{
?item wdt:P31 wd:Q5 .
?item wdt:P21 wd:Q6581072 .
?item wdt:P106 ?dancer .
VALUES ?dancer {
wd:Q5716684
wd:Q805221
wd:Q2490358
}
?item wdt:P18 ?picture .
?sitelink schema:about ?item .
FILTER EXISTS { ?wen schema:about ?item . ?wen schema:inLanguage ""en"" }
FILTER NOT EXISTS { ?wfr schema:about ?item . ?wfr schema:inLanguage ""fr"" }
SERVICE wikibase:label {
bd:serviceParam wikibase:language ""fr,en"" .
}
}
GROUP BY ?item ?itemLabel
ORDER BY DESC(?count)",True,False,False,http_400,0.0,0.0
506,complex,"PREFIX bd: <http://www.bigdata.com/rdf#>
PREFIX p: <http://www.wikidata.org/prop/>
PREFIX ps: <http://www.wikidata.org/prop/statement/>
PREFIX wd: <http://www.wikidata.org/entity/>
PREFIX wdt: <http://www.wikidata.org/prop/direct/>
PREFIX wikibase: <http://wikiba.se/ontology#>

select distinct ?educatedLabel ?count
where
{
{ ?position wdt:P31 wd:Q18115939 . } union { ?position wdt:P31 wd:Q56760832 } . # position is UK ambassador or high commissioner
?person p:P39 ?positionStatement . ?positionStatement ps:P39 ?position . # find positions they held
{ select ?educated (count(?person) as ?count)
where {
{ ?position wdt:P31 wd:Q18115939 . } union { ?position wdt:P31 wd:Q56760832 } .
?person p:P39 ?positionStatement . ?positionStatement ps:P39 ?position .
?person wdt:P69 ?educated . # where were they educated
} group by ?educated }
SERVICE wikibase:label { bd:serviceParam wikibase:language ""[AUTO_LANGUAGE],en"". }
}
#defaultView:BubbleChart",True,True,True,,1.0,na
507,complex,"PREFIX bd: <http://www.bigdata.com/rdf#>
PREFIX rdfs: <http://www.w3.org/2000/01/rdf-schema#>
PREFIX schema: <http://schema.org/>
PREFIX xsd: <http://www.w3.org/2001/XMLSchema#>
PREFIX p: <http://www.wikidata.org/prop/>
PREFIX ps: <http://www.wikidata.org/prop/statement/>
PREFIX wd: <http://www.wikidata.org/entity/>
PREFIX wdt: <http://www.wikidata.org/prop/direct/>
PREFIX wikibase: <http://wikiba.se/ontology#>

SELECT DISTINCT ?lighthouse ?lighthouseName ?countryLabel (concat(str(?latitude), "", "", str(?longitude)) AS ?coordinates) ?height ?builtDateLabel ?functionalLabel ?wikipediaUrl
WHERE
{
?lighthouse wdt:P31 wd:Q39715. # find all instances of lighthouse
?country wdt:P30 wd:Q18. # find all instances of country in South America
?lighthouse wdt:P17 ?country. # find lighthouses in South American countries
OPTIONAL {
?lighthouse wdt:P17 ?country.
SERVICE wikibase:label { bd:serviceParam wikibase:language ""en"". }
}
OPTIONAL {
?lighthouse wdt:P625 ?coordinates.
BIND(xsd:float(STRAFTER(STR(?coordinates), ""Point("")) AS ?longitude)
BIND(xsd:float(STRAFTER(STR(?coordinates), "" "" )) AS ?latitude)
}
OPTIONAL { ?lighthouse wdt:P2048 ?height. }
OPTIONAL { ?lighthouse wdt:P571 ?builtDate. }
OPTIONAL {
?lighthouse p:P1433/ps:P1433 ?wikipediaUrl. # get the English Wikipedia page URL
FILTER (LANG(?wikipediaUrl) = '' || LANG(?wikipediaUrl) = 'en')
}
OPTIONAL {
?lighthouse p:P1317 ?functionalClaim.
?functionalClaim ps:P1317 ?functional.
BIND(IF(?functional, ""Operational"", ""Not operational"") AS ?functionalLabel)
}
OPTIONAL {
?lighthouse rdfs:label ?lighthouseName.
FILTER (LANG(?lighthouseName) = 'en')
}
OPTIONAL {
?lighthouse schema:description ?lighthouseName.
FILTER (LANG(?lighthouseName) = 'en')
}
SERVICE wikibase:label { bd:serviceParam wikibase:language ""en"". }
}
ORDER BY ?lighthouseName",True,True,False,http_400,0.0,0.0
508,complex,"PREFIX dct: <http://purl.org/dc/terms/>
PREFIX ontolex: <http://www.w3.org/ns/lemon/ontolex#>
PREFIX wdt: <http://www.wikidata.org/prop/direct/>

SELECT
# ?language1
?language1Label
# ?language2
?language2Label
(COUNT(?concept) AS ?count)
{
?concept ^wdt:P5137 / ^ontolex:sense ?lexeme1, ?lexeme2 .
?lexeme1 dct:language ?language1 .
?lexeme2 dct:language ?language2 .
?language1 wdt:P218 ?language1Label .
?language2 wdt:P218 ?language2Label .
# FILTER (?language1 != ?language2)
}
GROUP BY ?language1 ?language1Label ?language2 ?language2Label
HAVING (COUNT(?concept) > 10)",True,True,True,,1.0,na
509,complex,"PREFIX bd: <http://www.bigdata.com/rdf#>
PREFIX xsd: <http://www.w3.org/2001/XMLSchema#>
PREFIX p: <http://www.wikidata.org/prop/>
PREFIX pq: <http://www.wikidata.org/prop/qualifier/>
PREFIX ps: <http://www.wikidata.org/prop/statement/>
PREFIX wd: <http://www.wikidata.org/entity/>
PREFIX wdt: <http://www.wikidata.org/prop/direct/>
PREFIX wikibase: <http://wikiba.se/ontology#>

SELECT DISTINCT ?episode ?ordinal ?episodeLabel ?subject ?subjectLabel
WHERE {
?episode wdt:P31/wdt:P279* wd:Q21191270;
p:P179 ?statement.
OPTIONAL{ ?episode wdt:P921 ?subject }
?statement ps:P179 wd:Q3577037;
pq:P1545 ?ordinal
SERVICE wikibase:label { bd:serviceParam wikibase:language ""[AUTO_LANGUAGE],en"". }
} ORDER BY xsd:integer(?ordinal)",True,False,True,,0.9985,0.998
510,complex,"PREFIX bd: <http://www.bigdata.com/rdf#>
PREFIX rdfs: <http://www.w3.org/2000/01/rdf-schema#>
PREFIX wdt: <http://www.wikidata.org/prop/direct/>
PREFIX wikibase: <http://wikiba.se/ontology#>

SELECT DISTINCT ?person ?personLabel (URI(CONCAT(""http://emlo.bodleian.ox.ac.uk/profile/person/"",?emlo)) AS ?emlolink) ?birthyear (IF(isBLANK(?pob),""unknown"",?pobLabel) AS ?birthplace) ?deathyear (IF(isBLANK(?pod),""unknown"",?podLabel) AS ?deathplace)
WHERE {
?person wdt:P1802 ?emlo;
OPTIONAL { ?person wdt:P569 ?dob }
OPTIONAL { ?person wdt:P570 ?dod }
OPTIONAL { ?person wdt:P19 ?pob }
OPTIONAL { ?person wdt:P20 ?pod }
BIND(YEAR(?dob) as ?birthyear)
BIND(YEAR(?dod) as ?deathyear)
SERVICE wikibase:label {
bd:serviceParam wikibase:language ""[AUTO_LANGUAGE],en,fr,de,nl,es,pl"".
?pob rdfs:label ?pobLabel.
?pod rdfs:label ?podLabel.
?person rdfs:label ?personLabel
}
} ORDER BY DESC(?birthyear)",True,True,True,,1.0,1.0
511,complex,"PREFIX geo: <http://www.opengis.net/ont/geosparql#>
PREFIX rdfs: <http://www.w3.org/2000/01/rdf-schema#>
PREFIX p: <http://www.wikidata.org/prop/>
PREFIX psv: <http://www.wikidata.org/prop/statement/value/>
PREFIX wd: <http://www.wikidata.org/entity/>
PREFIX wdt: <http://www.wikidata.org/prop/direct/>
PREFIX wikibase: <http://wikiba.se/ontology#>

SELECT ?q1 ?q2 ?label ?coord1 ?coord2 ?dist ?layer ?line WHERE {
?q1 wdt:P31 wd:Q484170 ; rdfs:label ?label ; wdt:P625 ?coord1 . FILTER (lang(?label) = ""fr"").
?q1 p:P625/psv:P625 ?valuenode1. ?valuenode1 wikibase:geoLatitude ?lat1 . ?valuenode1 wikibase:geoLongitude ?lon1.
?q2 wdt:P31 wd:Q484170 ; rdfs:label ?label ; wdt:P625 ?coord2 . FILTER (lang(?label) = ""fr"").
?q2 p:P625/psv:P625 ?valuenode2. ?valuenode2 wikibase:geoLatitude ?lat2 . ?valuenode2 wikibase:geoLongitude ?lon2.
FILTER ( str(?q1) > str(?q2) )
BIND(geof:distance(?coord1, ?coord2) AS ?dist).
BIND(floor(?dist/100) AS ?layer).
BIND(CONCAT('LINESTRING (', STR(?lon1), ' ', STR(?lat1), ',', STR(?lon2), ' ', STR(?lat2), ')') AS ?str) .
BIND(STRDT(?str, geo:wktLiteral) AS ?line)
FILTER ( ?dist > 100 )
}
LIMIT 100",True,True,False,http_400,0.0,0.0
512,complex,"PREFIX bd: <http://www.bigdata.com/rdf#>
PREFIX prov: <http://www.w3.org/ns/prov#>
PREFIX p: <http://www.wikidata.org/prop/>
PREFIX pr: <http://www.wikidata.org/prop/reference/>
PREFIX wd: <http://www.wikidata.org/entity/>
PREFIX wdt: <http://www.wikidata.org/prop/direct/>
PREFIX wikibase: <http://wikiba.se/ontology#>

SELECT DISTINCT ?a ?coord ?authorityLabel ?official ?language WHERE {
{ ?a p:P1448/prov:wasDerivedFrom/pr:P248 wd:Q60849575 }
?a wdt:P625 ?coord .
?a wdt:P1448 ?official .
BIND( LANG(?official) AS ?language).
OPTIONAL { ?a wdt:P131 ?authority .}
SERVICE wikibase:label { bd:serviceParam wikibase:language ""cy"". }
}
ORDER BY ?aLabel",True,False,True,,0.0,0.0
513,complex,"PREFIX bd: <http://www.bigdata.com/rdf#>
PREFIX hint: <http://www.bigdata.com/queryHints#>
PREFIX wd: <http://www.wikidata.org/entity/>
PREFIX wdt: <http://www.wikidata.org/prop/direct/>
PREFIX wikibase: <http://wikiba.se/ontology#>

SELECT ?prop ?propLabel ?prop_items ?prop_stmts ?val ?valLabel ?val_count ?samp ?sampLabel
WITH {
SELECT ?item ?prop ?stmt ?val WHERE {
hint:Query hint:optimizer ""None"" .
wd:Q4006 ^wdt:P279*/^wdt:P31 ?item .
MINUS {?item wdt:P31 wd:Q17146139}
?item ?p ?stmt .
?prop wikibase:claim ?p .
?prop wikibase:statementProperty ?ps .
MINUS {
{?prop wdt:P31/wdt:P279* wd:Q19847637} # Wikidata property representing a unique identifier
UNION
{?prop wdt:P31/wdt:P279* wd:Q18614948} # Wikidata property for authority control
}
?stmt ?ps ?val .
} #LIMIT 2000
} AS %maps_props_vals
WITH {
SELECT ?prop (COUNT(DISTINCT(?item)) AS ?prop_items) (COUNT(DISTINCT(?stmt)) AS ?prop_stmts) WHERE {
INCLUDE %maps_props_vals
} GROUP BY ?prop
} AS %prop_stats
WITH {
SELECT ?prop ?val (COUNT(DISTINCT(?item)) AS ?val_count) (SAMPLE(?item) AS ?samp) WHERE {
INCLUDE %maps_props_vals
} GROUP BY ?prop ?val
HAVING (?val_count > 3)
} AS %prop_val_counts
WITH {
SELECT ?prop ?val ?samp ?val_count (COUNT(DISTINCT(?val1)) AS ?val_rank) WHERE {
INCLUDE %prop_val_counts .
{
SELECT ?prop (?val AS ?val1) (?val_count AS ?val1_count) WHERE {
INCLUDE %prop_val_counts
}
}
FILTER (?val1_count >= ?val_count)
} GROUP BY ?prop ?val ?val_count ?samp
} AS %prop_val_ranks
WHERE {
INCLUDE %prop_stats .
INCLUDE %prop_val_ranks .
SERVICE wikibase:label { bd:serviceParam wikibase:language ""[AUTO_LANGUAGE],en"". }
FILTER (?val_rank < 6) .
} ORDER BY DESC(?prop_items) DESC(?prop_stmts) ?prop ?val_rank",True,True,False,http_400,0.0,0.0
514,complex,"PREFIX bd: <http://www.bigdata.com/rdf#>
PREFIX schema: <http://schema.org/>
PREFIX wd: <http://www.wikidata.org/entity/>
PREFIX wdt: <http://www.wikidata.org/prop/direct/>
PREFIX wikibase: <http://wikiba.se/ontology#>

SELECT distinct ?museum ?museumLabel ?location ?dist ?img ?article ?URL WHERE {
SERVICE wikibase:label { bd:serviceParam wikibase:language ""sv,en"". }
SERVICE wikibase:around {
?museum wdt:P625 ?location.
bd:serviceParam wikibase:center ""[AUTO_COORDINATES]"".
bd:serviceParam wikibase:radius ""20"".
bd:serviceParam wikibase:distance ?dist.
}
{?museum wdt:P31 wd:Q33506}
UNION
{?museum wdt:P31/wdt:P279* wd:Q33506}
OPTIONAL {?article schema:about ?museum;
schema:inLanguage ""sv""}
OPTIONAL{?museum wdt:P18 ?img}
OPTIONAL {?museum wdt:P856 ?URL}
} limit 100",True,True,False,http_500,0.0,0.0
515,complex,"PREFIX bd: <http://www.bigdata.com/rdf#>
PREFIX p: <http://www.wikidata.org/prop/>
PREFIX pq: <http://www.wikidata.org/prop/qualifier/>
PREFIX wdt: <http://www.wikidata.org/prop/direct/>
PREFIX wikibase: <http://wikiba.se/ontology#>

SELECT ?personLabel ?item ?itemLabel ?img ?Alvin WHERE {
?person wdt:P6821 ?id.
BIND(URI(CONCAT(""http://www.alvin-portal.org/alvin/view.jsf?pid="", ?id)) AS ?Alvin)
?item p:P225 ?ScienceNameStat.
?ScienceNameStat pq:P405 ?person.
minus {?item wdt:P18 ?img}
SERVICE wikibase:label { bd:serviceParam wikibase:language ""en"". }
}",True,True,True,,1.0,1.0
516,complex,"PREFIX bd: <http://www.bigdata.com/rdf#>
PREFIX p: <http://www.wikidata.org/prop/>
PREFIX psv: <http://www.wikidata.org/prop/statement/value/>
PREFIX wd: <http://www.wikidata.org/entity/>
PREFIX wdt: <http://www.wikidata.org/prop/direct/>
PREFIX wikibase: <http://wikiba.se/ontology#>

SELECT ?a ?aLabel ?lat ?long WHERE {
?a wdt:P131+ wd:Q90 . # administrative territorial entity = Paris
?a p:P625 ?statement . # coordinate-location statement
?statement psv:P625 ?coordinate_node .
?coordinate_node wikibase:geoLatitude ?lat .
?coordinate_node wikibase:geoLongitude ?long .
FILTER (ABS(?lat - 48.8738) < 0.01)
FILTER (ABS(?long - 2.2950) < 0.01)
SERVICE wikibase:label {
bd:serviceParam wikibase:language ""en"" .
}
} ORDER BY DESC(?lat)",True,True,True,,1.0,1.0
517,complex,"PREFIX bd: <http://www.bigdata.com/rdf#>
PREFIX schema: <http://schema.org/>
PREFIX wd: <http://www.wikidata.org/entity/>
PREFIX wdt: <http://www.wikidata.org/prop/direct/>
PREFIX wikibase: <http://wikiba.se/ontology#>

SELECT DISTINCT ?language ?groupeLabel ?languageLabel ?sitelink
WHERE {
{
VALUES (?language ?groupe) {
(wd:Q33302 wd:Q496250)
(wd:Q150 wd:Q23492)
}
} UNION {
?language wdt:P361 ?groupe .
?groupe wdt:P361 wd:Q496250 .
}
OPTIONAL {
?sitelink schema:about ?language .
?sitelink schema:inLanguage ""fr"" .
?sitelink schema:isPartOf <https://fr.wikipedia.org/>.
}
SERVICE wikibase:label { bd:serviceParam wikibase:language ""fr"". }
} ORDER BY ?languageLabel",True,True,True,,1.0,1.0
518,complex,"PREFIX rdfs: <http://www.w3.org/2000/01/rdf-schema#>
PREFIX p: <http://www.wikidata.org/prop/>
PREFIX psv: <http://www.wikidata.org/prop/statement/value/>
PREFIX wd: <http://www.wikidata.org/entity/>
PREFIX wdt: <http://www.wikidata.org/prop/direct/>
PREFIX wikibase: <http://wikiba.se/ontology#>

SELECT ?label (SAMPLE(?coord) AS ?where) ?subj (?typeLabel AS ?layer) ?planimage WHERE
{ ?subj wdt:P31/wdt:P279? ?type ;
wdt:P625 ?coord ;
wdt:P31 ?type ;
wdt:P3311 ?planimage ;
rdfs:label ?label filter (lang(?label) = ""en"").
?type wdt:P279? wd:Q744099 ;
rdfs:label ?typeLabel filter (lang(?typeLabel) = ""en"").
?subj p:P625/psv:P625 ?loc. # coordinate-location statement
?loc wikibase:geoLatitude ?lat .
?loc wikibase:geoLongitude ?long .
FILTER (?lat > 49) FILTER (?lat < 63)
FILTER (?long > -10.5) FILTER (?long < 2.02)
} GROUP BY ?label ?subj ?typeLabel ?planimage",True,True,False,timeout,0.0,0.0
519,complex,"PREFIX bd: <http://www.bigdata.com/rdf#>
PREFIX wd: <http://www.wikidata.org/entity/>
PREFIX wdt: <http://www.wikidata.org/prop/direct/>
PREFIX wikibase: <http://wikiba.se/ontology#>

SELECT ?country ?countryLabel ?count WITH {
SELECT ?givenName ?givenNameLabel WHERE {
?givenName wdt:P31/wdt:P279* wd:Q202444;
wdt:P1705 ?givenNameLabel.
FILTER(STRSTARTS(?givenNameLabel, ""X"") || STRSTARTS(?givenNameLabel, ""Q""))
}
} AS %givenNames WITH {
SELECT ?country (COUNT(DISTINCT ?human) AS ?count) WHERE {
INCLUDE %givenNames.
?human wdt:P31 wd:Q5;
wdt:P735 ?givenName;
wdt:P27 ?country.
}
GROUP BY ?country
} AS %countries WHERE {
INCLUDE %countries.
SERVICE wikibase:label { bd:serviceParam wikibase:language ""en"". }
}
ORDER BY DESC(?count)",True,False,False,http_400,0.0,0.0
520,complex,"PREFIX bd: <http://www.bigdata.com/rdf#>
PREFIX wd: <http://www.wikidata.org/entity/>
PREFIX wdt: <http://www.wikidata.org/prop/direct/>
PREFIX wikibase: <http://wikiba.se/ontology#>

SELECT DISTINCT ?p ?pLabel ?pDescription WHERE {
?p wdt:P31 wd:Q5;
wdt:P21 wd:Q6581072;
{?p wdt:P19 wd:Q145} # place of birth: UK
UNION {?p wdt:P19 ?place.
{ ?place wdt:P131?/wdt:P27 wd:Q145 } # places whose country is the UK
UNION
{ ?place wdt:P131*/wdt:P27?/wdt:P31 wd:Q3336843 } # places whose country is a constituent of the UK
}
SERVICE wikibase:label { bd:serviceParam wikibase:language ""[AUTO_LANGUAGE],en"" }
} ORDER BY ?pLabel",True,False,True,,0.9586,0.9586
521,complex,"PREFIX bd: <http://www.bigdata.com/rdf#>
PREFIX rdfs: <http://www.w3.org/2000/01/rdf-schema#>
PREFIX wd: <http://www.wikidata.org/entity/>
PREFIX wdt: <http://www.wikidata.org/prop/direct/>
PREFIX wikibase: <http://wikiba.se/ontology#>

SELECT DISTINCT ?i ?iLabel ?layer ?c {
?item wdt:P31/wdt:P279* wd:Q4260475 ; wdt:P31 ?thing ; wdt:P17 wd:Q668 ; wdt:P131/wdt:P131* wd:Q1546240 ; wdt:P625 ?c.
?thing rdfs:label ?tl. FILTER(LANG(?tl)=""en"")
BIND(?tl as ?layer)
SERVICE wikibase:label { bd:serviceParam wikibase:language ""en"". }
}",True,True,True,,1.0,na
522,complex,"PREFIX bd: <http://www.bigdata.com/rdf#>
PREFIX schema: <http://schema.org/>
PREFIX xsd: <http://www.w3.org/2001/XMLSchema#>
PREFIX p: <http://www.wikidata.org/prop/>
PREFIX pq: <http://www.wikidata.org/prop/qualifier/>
PREFIX wd: <http://www.wikidata.org/entity/>
PREFIX wdt: <http://www.wikidata.org/prop/direct/>
PREFIX wikibase: <http://wikiba.se/ontology#>

SELECT ?layer ?article ?person ?personLabel ?personDescription ?coord ?pic ?picGrave ?DoD
WHERE {
?person wdt:P119 wd:Q311; #Place of burial
p:P119 [
pq:P965 ?graveplot;
pq:P625 ?coord];
wdt:P570 ?DoD.
OPTIONAL{ ?person wdt:P18 ?pic .} # If we have an illustration
OPTIONAL{ ?person wdt:P1442 ?picGrave .} # If we have a picture of the grave
OPTIONAL {
?article schema:about ?person .
?article schema:inLanguage ""fr"" .
?article schema:isPartOf <https://fr.wikipedia.org/> .
}
OPTIONAL { ?person wdt:P21 ?group .} # Occupation in Layer
#BIND(year(?DoD) AS ?Deces)
BIND(
IF(?DoD < ""1850-01-01T00:00:00Z""^^xsd:dateTime, ""1800-1849"",
IF(?DoD < ""1900-01-01T00:00:00Z""^^xsd:dateTime, ""1850-1899"",
IF(?DoD < ""1950-01-01T00:00:00Z""^^xsd:dateTime, ""1900-1949"",
IF(?DoD < ""2020-01-01T00:00:00Z""^^xsd:dateTime, ""1950-2000"",
""2000-2022""))))
AS ?layer).
#FILTER (YEAR(?DoD) >= 2000)
SERVICE wikibase:label { bd:serviceParam wikibase:language ""fr, en"" .}
}",True,True,True,,1.0,1.0
523,complex,"PREFIX bd: <http://www.bigdata.com/rdf#>
PREFIX xsd: <http://www.w3.org/2001/XMLSchema#>
PREFIX p: <http://www.wikidata.org/prop/>
PREFIX pq: <http://www.wikidata.org/prop/qualifier/>
PREFIX ps: <http://www.wikidata.org/prop/statement/>
PREFIX wd: <http://www.wikidata.org/entity/>
PREFIX wdt: <http://www.wikidata.org/prop/direct/>
PREFIX wikibase: <http://wikiba.se/ontology#>

SELECT DISTINCT ?item ?itemLabel (COUNT(DISTINCT ?position_statement) AS ?ministerCount)
WHERE
{
# Essere umano di cittadinanza italiana
?item wdt:P31 wd:Q5.
?item wdt:P27 wd:Q38.
# Non piu vecchio/a di Mattarella
?item wdt:P569 ?birth.
filter (?birth > ""1941-07-23""^^xsd:dateTime).
filter (?birth < ""1972-01-24""^^xsd:dateTime).
# Non morto/a
MINUS { ?item wdt:P570 ?death. }.
# Ex parlamentari
?item wdt:P39/wdt:P361/wdt:P361 wd:Q1117578.
MINUS { ?item wdt:P39/wdt:P361/wdt:P361 wd:Q1117578 ;
pq:P580 ?start FILTER (?start >= ""2018-01-01T00:00:00Z""^^xsd:dateTime) . }
# Ex ministri
?item p:P39 ?position_statement .
?position_statement ps:P39/wdt:P361 wd:Q3687318.
# Ma non ministri recenti
MINUS { ?item p:P39 ?position_recent .
?position_recent ps:P39/wdt:P361 wd:Q3687318.
?position_recent pq:P582 ?position_end
FILTER (?position_end >= ""2014-01-01T00:00:00Z""^^xsd:dateTime). }
SERVICE wikibase:label { bd:serviceParam wikibase:language ""[AUTO_LANGUAGE],it"". }
}
GROUP BY ?item ?itemLabel",True,True,True,,1.0,na
524,complex,"PREFIX bd: <http://www.bigdata.com/rdf#>
PREFIX p: <http://www.wikidata.org/prop/>
PREFIX pq: <http://www.wikidata.org/prop/qualifier/>
PREFIX ps: <http://www.wikidata.org/prop/statement/>
PREFIX wd: <http://www.wikidata.org/entity/>
PREFIX wdt: <http://www.wikidata.org/prop/direct/>
PREFIX wikibase: <http://wikiba.se/ontology#>

SELECT DISTINCT ?item ?itemLabel ?itemDescription ?from ?to ?img
{
?item p:P39 [ps:P39 wd:Q11696 ; pq:P580 ?from ; pq:P582 ?to ] .
{ ?item p:P106/ps:P106 wd:Q10076267 } UNION { VALUES ?item { wd:Q11812 wd:Q8612 wd:Q23 wd:Q11891 wd:Q11813 wd:Q11869 wd:Q11896 wd:Q11817 wd:Q11815 wd:Q11820 wd:Q34836 } }
OPTIONAL { ?item wdt:P18 ?img }
SERVICE wikibase:label { bd:serviceParam wikibase:language ""en"" }
}",True,True,True,,1.0,1.0
525,complex,"PREFIX bd: <http://www.bigdata.com/rdf#>
PREFIX rdf: <http://www.w3.org/1999/02/22-rdf-syntax-ns#>
PREFIX wd: <http://www.wikidata.org/entity/>
PREFIX wdt: <http://www.wikidata.org/prop/direct/>
PREFIX wikibase: <http://wikiba.se/ontology#>

SELECT ?item1 ?image ?item1Label ?item2 ?image2 ?item2Label ?edgeLabel
WITH { SELECT ?item1 WHERE {
VALUES ?item1 {wd:Q3172160 wd:Q56024100 wd:Q524289 wd:Q164992 wd:Q524289 wd:Q6941088 wd:Q164992 wd:Q15109492 wd:Q56867532 wd:Q1646305}
} } AS %item1
WITH {SELECT (?item1 AS ?item2) WHERE {INCLUDE %item1} } AS %item2
WHERE {
INCLUDE %item1.
INCLUDE %item2.?item1 ?prop ?item2.
?edge ?dummy ?prop ; rdf:type wikibase:Property
OPTIONAL {?item1 wdt:P18 ?image}
OPTIONAL {?item2 wdt:P18 ?image2}
SERVICE wikibase:label { bd:serviceParam wikibase:language ""en"" }
}",True,False,False,http_400,0.0,0.0
526,complex,"PREFIX bd: <http://www.bigdata.com/rdf#>
PREFIX wd: <http://www.wikidata.org/entity/>
PREFIX wdt: <http://www.wikidata.org/prop/direct/>
PREFIX wikibase: <http://wikiba.se/ontology#>

SELECT ?men ?women ?award ?awardLabel WHERE {
{ SELECT (COUNT(?recipient_male) AS ?men) (COUNT(?recipient_female) AS ?women) ?award WHERE {
?award wdt:P31 wd:Q1792571 # art prize
{
?recipient_male wdt:P166 ?award .
?recipient_male wdt:P21 wd:Q6581097 .
}
UNION
{
?recipient_female wdt:P166 ?award .
?recipient_female wdt:P21 wd:Q6581072 .
}
}
GROUP BY ?award
}
SERVICE wikibase:label { bd:serviceParam wikibase:language ""[AUTO_LANGUAGE],en"". }
}",True,True,True,,1.0,1.0
527,complex,"PREFIX bd: <http://www.bigdata.com/rdf#>
PREFIX xsd: <http://www.w3.org/2001/XMLSchema#>
PREFIX p: <http://www.wikidata.org/prop/>
PREFIX pq: <http://www.wikidata.org/prop/qualifier/>
PREFIX ps: <http://www.wikidata.org/prop/statement/>
PREFIX wd: <http://www.wikidata.org/entity/>
PREFIX wdt: <http://www.wikidata.org/prop/direct/>
PREFIX wikibase: <http://wikiba.se/ontology#>

SELECT DISTINCT
?area ?areaLabel
?2011
?WelshSpeakerPercentage
?geoshape
?rgb
WHERE {
?area wdt:P3896 ?geoshape .
{ SELECT ?area ?2011 ?2011_percent WHERE {
BIND(CONCAT(""2001: "", ?2011_Population, "" ; "", ?2011_Speakers, "" "", ?2011_Percent) as ?2011)
{ SELECT ?area ?2011_Population ?2011_Speakers ?2011_Percent ?2011_percent WHERE {
BIND(CONCAT(""Population: "", STR(?2011_population)) as ?2011_Population)
BIND(CONCAT(""Welsh speakers: "", STR(?2011_speakers)) as ?2011_Speakers)
BIND(CONCAT(""("", SUBSTR(STR(?2011_percent),0,5), ""%)."") as ?2011_Percent)
{ SELECT ?area ?2011_speakers ?2011_population ?2011_percent WHERE {
BIND(100 * ?2011_speakers / ?2011_population AS ?2011_percent)
{ SELECT ?area ?2011_speakers ?2011_population WHERE {
?area wdt:P31 wd:[entity:principal area of Wales] ;
p:P2936 ?2011_SpeakersStatement ;
p:P1082 ?2011_PopulationStatement .
?2011_SpeakersStatement ?pq_qual ?pq_obj .
?qual wikibase:qualifier ?pq_qual .
?2011_SpeakersStatement pq:P585 ""2011-00-00T00:00:00Z""^^xsd:dateTime ;
pq:P1098 ?2011_speakers .
?2011_PopulationStatement ?pq_qual ?pq_obj .
?qual wikibase:qualifier ?pq_qual .
?2011_PopulationStatement pq:P585 ""2011-00-00T00:00:00Z""^^xsd:dateTime ;
ps:P1082 ?2011_population .
} }
} }
} }
} }
BIND(
IF(?2011_percent < 10, ""0-10%"",
IF(?2011_percent < 20, ""10-20%"",
IF(?2011_percent < 30, ""20-30%"",
IF(?2011_percent < 40, ""30-40%"",
IF(?2011_percent < 50, ""40-50%"",
IF(?2011_percent < 60, ""50-60%"",
IF(?2011_percent < 70, ""60-70%"",
""70%+"")))))))
AS ?WelshSpeakerPercentage).
BIND(
IF(?2011_percent < 10, ""ffe6e6"",
IF(?2011_percent < 20, ""ffb3b3"",
IF(?2011_percent < 30, ""ff8080"",
IF(?2011_percent < 40, ""ff4d4d"",
IF(?2011_percent < 50, ""ff1a1a"",
IF(?2011_percent < 60, ""e60000"",
IF(?2011_percent < 70, ""b30000"",
""800000"")))))))
AS ?rgb).
SERVICE wikibase:label { bd:serviceParam wikibase:language ""[AUTO_LANGUAGE],en"". }
}
ORDER BY ?WelshSpeakerPercentage",False,False,False,not_linked,0.0,0.0
528,complex,"PREFIX bd: <http://www.bigdata.com/rdf#>
PREFIX dct: <http://purl.org/dc/terms/>
PREFIX ontolex: <http://www.w3.org/ns/lemon/ontolex#>
PREFIX rdfs: <http://www.w3.org/2000/01/rdf-schema#>
PREFIX wdt: <http://www.wikidata.org/prop/direct/>
PREFIX wikibase: <http://wikiba.se/ontology#>

SELECT ?i_ (SAMPLE(?lemma) as ?lemma_) ?layer ?place ?placeLabel ?cds
WITH {
SELECT (SAMPLE(?i) as ?i_) ?lang ?place ?cds {
?i dct:language ?lang ; ontolex:sense/wdt:P6084 ?place. OPTIONAL { ?place wdt:P625 ?cds }
} GROUP BY ?lang ?place ?cds
} AS %places
WHERE { INCLUDE %places.
?i_ wikibase:lemma ?lemma.
SERVICE wikibase:label { bd:serviceParam wikibase:language ""[AUTO_LANGUAGE],en"". ?lang rdfs:label ?layer. ?place rdfs:label ?placeLabel }
}
GROUP BY ?layer ?placeLabel ?place ?cds ?i_",True,True,False,http_400,0.0,0.0
529,complex,"PREFIX hint: <http://www.bigdata.com/queryHints#>
PREFIX rdfs: <http://www.w3.org/2000/01/rdf-schema#>
PREFIX wd: <http://www.wikidata.org/entity/>
PREFIX wdt: <http://www.wikidata.org/prop/direct/>

SELECT ?label (COUNT(?street) AS ?count) (GROUP_CONCAT(?street) AS ?streets) WHERE {
?street wdt:P31/wdt:P279* wd:Q79007;
wdt:P17 wd:Q183;
wdt:P131+ wd:Q64. hint:Prior hint:gearing ""forward"".
?street rdfs:label ?label.
FILTER(LANG(?label) = ""de"")
}
GROUP BY ?label
HAVING(?count > 1)",True,True,True,,1.0,na
530,complex,"PREFIX bd: <http://www.bigdata.com/rdf#>
PREFIX hint: <http://www.bigdata.com/queryHints#>
PREFIX schema: <http://schema.org/>
PREFIX p: <http://www.wikidata.org/prop/>
PREFIX psv: <http://www.wikidata.org/prop/statement/value/>
PREFIX wd: <http://www.wikidata.org/entity/>
PREFIX wdt: <http://www.wikidata.org/prop/direct/>
PREFIX wikibase: <http://wikiba.se/ontology#>

SELECT
(COUNT(?page) AS ?count) ?person ?personLabel
WITH {
SELECT DISTINCT ?person WHERE {
hint:Query hint:optimizer ""None"".
?person wdt:P569 ?birthdate .
BIND(MONTH(?birthdate) AS ?month)
FILTER (?month = 1)
?person p:P569/psv:P569 ?timenode .
?timenode wikibase:timePrecision 11 .
VALUES ?year { 1956 1960 1964 1968 1972 1976 1980 1984 1988 1992 1996 2004 2008 }
BIND(YEAR(?birthdate) AS ?year)
}
LIMIT 1000000
} AS %persons
WHERE {
INCLUDE %persons
?page schema:about ?person .
?person wdt:P31 wd:Q5 .
SERVICE wikibase:label { bd:serviceParam wikibase:language ""[AUTO_LANGUAGE],en"". }
}
GROUP BY ?person ?personLabel
ORDER BY DESC(?count)
LIMIT 200",True,True,False,http_400,0.0,0.0
531,complex,"PREFIX rdfs: <http://www.w3.org/2000/01/rdf-schema#>
PREFIX wd: <http://www.wikidata.org/entity/>
PREFIX wdt: <http://www.wikidata.org/prop/direct/>

SELECT (COUNT(?paper) AS ?countPapers) ?item ?nameString {
?item wdt:P108 wd:Q1138080; #employer
rdfs:label ?name .
BIND(STR(?name) AS ?nameString)
FILTER(LANG(?name)=""en"")
FILTER NOT EXISTS {
?anotherPerson wdt:P31 wd:Q5;
rdfs:label ?name .
FILTER(?anotherPerson != ?item)
}
?paper wdt:P2093 ?nameString .
}
GROUP BY ?item ?nameString
ORDER BY DESC(?countPapers)",True,True,True,,1.0,1.0
532,complex,"PREFIX rdfs: <http://www.w3.org/2000/01/rdf-schema#>
PREFIX wd: <http://www.wikidata.org/entity/>
PREFIX wdt: <http://www.wikidata.org/prop/direct/>

SELECT ?item ?itemLabel ?layer ?coordsLabel ?DOD ?coords WHERE {
?item wdt:P39 wd:Q18341329;
wdt:P20 ?PoD.
?item rdfs:label ?itemLabel.
?item wdt:P570 ?DOD.
?PoD wdt:P625 ?coords.
FILTER((LANG(?itemLabel)) = ""da"")
OPTIONAL {
?item wdt:P1196 ?manner.
?manner rdfs:label ?mannerLabel.
FILTER((LANG(?mannerLabel)) = ""da"")
BIND(?mannerLabel AS ?layer)
}
}",True,True,True,,1.0,1.0
533,complex,"PREFIX bd: <http://www.bigdata.com/rdf#>
PREFIX wd: <http://www.wikidata.org/entity/>
PREFIX wdt: <http://www.wikidata.org/prop/direct/>
PREFIX wikibase: <http://wikiba.se/ontology#>

# Find parent taxon shared by two taxa:
SELECT ?via ?viaLabel ?rank ?rankLabel ?pic WHERE {
?via ^(wdt:P171*) wd:Q15314291; # Alocasia cuprea (Q15314291)
^(wdt:P171*) wd:Q1345646. # Codiaeum variegatum (Q1345646)
FILTER(NOT EXISTS {
?via2 ^(wdt:P171*) wd:Q15314291; # Alocasia cuprea (Q15314291)
^(wdt:P171*) wd:Q1345646; # Codiaeum variegatum (Q1345646)
wdt:P171 ?via.
})
OPTIONAL {
?via wdt:P18 ?pic;
wdt:P105 ?rank.
}
SERVICE wikibase:label { bd:serviceParam wikibase:language ""[AUTO_LANGUAGE],en"". }
}",True,True,True,,1.0,1.0
534,complex,"PREFIX bd: <http://www.bigdata.com/rdf#>
PREFIX p: <http://www.wikidata.org/prop/>
PREFIX pq: <http://www.wikidata.org/prop/qualifier/>
PREFIX wd: <http://www.wikidata.org/entity/>
PREFIX wdt: <http://www.wikidata.org/prop/direct/>
PREFIX wikibase: <http://wikiba.se/ontology#>

SELECT DISTINCT ?pathway ?pathwayLabel ?pwpart ?pwpartLabel ?variant ?variantLabel ?disease?diseaseLabel WHERE {
VALUES ?predictor {p:P3354 p:P3355 p:P3356 p:P3357 p:P3358 p:P3359}
VALUES ?predictorQualifier {pq:P2175}
VALUES ?wpID {""WP2828""}
?pathway wdt:P2410 ?wpID ; # Pathways has a Wikipathways identifier
wdt:P527 ?pwpart . # which contains pathways parts
?disease wdt:P279+ wd:Q504775 . # The disease is a subclass of urinary bladder cancer
# based on annotations in the Disease ontology
?variant wdt:P3329 ?civicID ; # a variant known in CIViC
?predictor ?node ; # has a predicting relation with diseases
# labeled as being a subclass of urinary bladder cancer
wdt:P3433 ?pwpart . # variant is biological variant of
{?node ?predictorStatement ?drug_label ;
?predictorQualifier ?disease .}
UNION
{
?node ?predictorStatement ?disease .
}
SERVICE wikibase:label { bd:serviceParam wikibase:language ""[AUTO_LANGUAGE],en"". }
}",True,True,False,timeout,0.0,0.0
535,complex,"PREFIX bd: <http://www.bigdata.com/rdf#>
PREFIX wd: <http://www.wikidata.org/entity/>
PREFIX wdt: <http://www.wikidata.org/prop/direct/>
PREFIX wikibase: <http://wikiba.se/ontology#>

SELECT ?date ?poem ?poemLabel
{
?poem wdt:P31 wd:Q7725634 ; wdt:P7937 wd:Q5185279 ; wdt:P50 wd:Q7241 ; wdt:P571 ?date_.
BIND(MONTH(?date_) as ?month)
BIND(YEAR(?date_) as ?year)
FILTER(?year > 1936)
BIND(CONCAT(STR(?month),""-"",STR(?year)) as ?date)
SERVICE wikibase:label { bd:serviceParam wikibase:language ""bn,en"". }
}",True,False,True,,0.0,0.0
536,complex,"PREFIX bd: <http://www.bigdata.com/rdf#>
PREFIX p: <http://www.wikidata.org/prop/>
PREFIX pq: <http://www.wikidata.org/prop/qualifier/>
PREFIX ps: <http://www.wikidata.org/prop/statement/>
PREFIX wd: <http://www.wikidata.org/entity/>
PREFIX wdt: <http://www.wikidata.org/prop/direct/>
PREFIX wikibase: <http://wikiba.se/ontology#>

SELECT ?item ?itemLabel ?geo ?layer ?image WHERE {
?item (wdt:P31/(wdt:P279*)) wd:Q11707;
wdt:P17 wd:Q39;
wdt:P166 wd:Q20824563;
wdt:P625 ?geo.
OPTIONAL {?item wdt:P18 ?image}
?item p:P166 [ps:P166 wd:Q20824563; pq:P1114 ?layer]
MINUS {?item wdt:P576 []}
SERVICE wikibase:label { bd:serviceParam wikibase:language ""de"". }
}",True,True,True,,1.0,1.0
537,complex,"PREFIX bd: <http://www.bigdata.com/rdf#>
PREFIX rdfs: <http://www.w3.org/2000/01/rdf-schema#>
PREFIX wd: <http://www.wikidata.org/entity/>
PREFIX wdt: <http://www.wikidata.org/prop/direct/>
PREFIX wikibase: <http://wikiba.se/ontology#>

SELECT ?coord ?birthyear ?birthplace ?name ?person WHERE {
{?person wdt:P106 wd:Q188094 } UNION {?person wdt:P101 wd:Q8134} MINUS {?person wdt:P106 wd:Q188094; wdt:P101 wd:Q8134}
?person wdt:P19 ?place .
?place wdt:P625 ?coord .
OPTIONAL { ?person wdt:P569 ?dob }.
MINUS { ?person wdt:P570 ?dod }.
BIND(YEAR(?dob) as ?birthyear).
SERVICE wikibase:label { bd:serviceParam wikibase:language ""[AUTO_LANGUAGE],en"". ?person rdfs:label ?name. ?place rdfs:label ?birthplace}
}",True,True,True,,1.0,1.0
538,complex,"PREFIX bd: <http://www.bigdata.com/rdf#>
PREFIX hint: <http://www.bigdata.com/queryHints#>
PREFIX rdfs: <http://www.w3.org/2000/01/rdf-schema#>
PREFIX xsd: <http://www.w3.org/2001/XMLSchema#>
PREFIX wd: <http://www.wikidata.org/entity/>
PREFIX wdt: <http://www.wikidata.org/prop/direct/>
PREFIX wikibase: <http://wikiba.se/ontology#>

SELECT ?item ?itemLabel ?genderLabel (GROUP_CONCAT(DISTINCT ?occupationLabel; SEPARATOR="", "") AS ?occupations) (GROUP_CONCAT(DISTINCT ?countryLabel; SEPARATOR="", "") AS ?countries) ?death ?articles {
VALUES ?target_country { wd:Q16 wd:Q142 wd:Q39 wd:Q31 wd:Q30 } . #countries: Canada, France, Switzerland, Belgium, USA. Removing this line to get worldwide may cause a query timeout.
VALUES ?occ { wd:Q2500638 wd:Q20826540 wd:Q5 } . #occupation: creator, erudite, person. These 3 occupations will also look for subclasses. Example: Alan Turing is a cryptographer, a subclass of cryptologist, a subclass of mathematician, a subclass of scientist, a subclass of erudite.
?item wdt:P31 wd:Q5;
wdt:P21 ?gender;
wdt:P27 ?target_country;
wdt:P27 ?country;
wdt:P106/wdt:P279* ?occ ;
wdt:P106 ?occupation;
wikibase:sitelinks ?articles . #Service to count the number of articles in Wikipedia language versions. The higher the number, the greater the chances that the person is very notorious.
?item wdt:P570 ?death . hint:Prior hint:rangeSafe true .
FILTER( ?death >= ""1969-01-01T00:00:00""^^xsd:dateTime && ?death < ""1970-01-01T00:00:00""^^xsd:dateTime ) #death: public domain ""life+50 years"". Change both years to get a list in different legislation. Example for USA: life+70 years
SERVICE wikibase:label {
bd:serviceParam wikibase:language ""fr,en"" . #Service to retrieve the labels of items, in order of language. Example: if the label does not exist in French, the service will take the English label
?item rdfs:label ?itemLabel .
?gender rdfs:label ?genderLabel .
?occupation rdfs:label ?occupationLabel .
?country rdfs:label ?countryLabel .
} .
} GROUP BY ?item ?itemLabel ?genderLabel ?death ?articles ORDER BY DESC (?articles) #Order by the number of articles in Wikipedia language versions. The most notorious people will be at the top of the list.",True,False,True,,1.0,na
539,complex,"PREFIX bd: <http://www.bigdata.com/rdf#>
PREFIX rdfs: <http://www.w3.org/2000/01/rdf-schema#>
PREFIX xsd: <http://www.w3.org/2001/XMLSchema#>
PREFIX p: <http://www.wikidata.org/prop/>
PREFIX pq: <http://www.wikidata.org/prop/qualifier/>
PREFIX ps: <http://www.wikidata.org/prop/statement/>
PREFIX wd: <http://www.wikidata.org/entity/>
PREFIX wdt: <http://www.wikidata.org/prop/direct/>
PREFIX wikibase: <http://wikiba.se/ontology#>

SELECT DISTINCT ?item ?itemLabel ?positionLabel ?as ?start ?end ?days WHERE {
?item wdt:P31 wd:Q5 .
?item p:P39 ?position_statement .
?position_statement ps:P39 ?position .
?position wdt:P279* wd:Q15135541 .
?position_statement pq:P580 ?start FILTER (?start >= ""1815-01-01T00:00:00Z""^^xsd:dateTime) .
OPTIONAL { ?position_statement pq:P582 ?x }
OPTIONAL {
?position_statement pq:[property:P794] ?ast .
?ast rdfs:label ?as filter (lang(?as) = ""en"") .
}
bind(if(bound(?x), ?x, NOW()) as ?end )
BIND(FLOOR(?end - ?start) as ?days)
SERVICE wikibase:label { bd:serviceParam wikibase:language ""en"" . }
} ORDER BY DESC(?days) ?itemLabel",False,False,False,not_linked,0.0,0.0
540,complex,"PREFIX bd: <http://www.bigdata.com/rdf#>
PREFIX geo: <http://www.opengis.net/ont/geosparql#>
PREFIX rdf: <http://www.w3.org/1999/02/22-rdf-syntax-ns#>
PREFIX rdfs: <http://www.w3.org/2000/01/rdf-schema#>
PREFIX p: <http://www.wikidata.org/prop/>
PREFIX pq: <http://www.wikidata.org/prop/qualifier/>
PREFIX psv: <http://www.wikidata.org/prop/statement/value/>
PREFIX ps: <http://www.wikidata.org/prop/statement/>
PREFIX wd: <http://www.wikidata.org/entity/>
PREFIX wdt: <http://www.wikidata.org/prop/direct/>
PREFIX wikibase: <http://wikiba.se/ontology#>

SELECT ?st ?stLabel ?sl ?coords ?line ?layer ?rgb WHERE {
?search wdt:P31 wd:Q15640053;wdt:P527 ?lignes.
?lignes wdt:P559 ?termini.
?st wdt:P31 wd:Q2175765;wdt:P17 wd:Q142;(wdt:P361|wdt:P16) ?search;wdt:P625 ?coords;(wdt:P81|wdt:P1192) ?sl;wdt:P197 ?pred;p:P197[ps:P197 ?pred;pq:P5051 ?towards;(pq:P81|pq:P1192) ?line_pq].
?pred wdt:P625 ?coords_pred;(wdt:P81|wdt:P1192) ?sl_pred.
OPTIONAL{?sl wdt:P1671 ?ln.}
FILTER(?sl_pred = ?lignes)FILTER(?sl = ?lignes)FILTER(?towards = ?termini)
MINUS{?st (wdt:P576|wdt:P582|wdt:P3999) ?dispar.}
MINUS{?st (wdt:P5817|wdt:P5816) ?interdit.VALUES ?interdit{wd:Q811683 wd:Q63065035 wd:Q12377751 wd:Q97317113 wd:Q55653430 wd:Q30108381 wd:Q55570340 wd:Q11639308 wd:Q104664889}}
?pred p:P625[psv:P625[wikibase:geoLatitude ?lat1;wikibase:geoLongitude ?lon1]; rdf:type wikibase:BestRank].
?st p:P625[psv:P625[wikibase:geoLatitude ?lat2;wikibase:geoLongitude ?lon2]; rdf:type wikibase:BestRank].
BIND(STRDT(CONCAT(""LINESTRING("",STR(?lon1),"" "",STR(?lat1),"","",STR(?lon2),"" "",STR(?lat2),"")""),geo:wktLiteral)AS ?line)
?sl wdt:P465 ?rgb.
SERVICE wikibase:label{bd:serviceParam wikibase:language ""fr"". ?sl rdfs:label ?layer. ?st rdfs:label ?stLabel}
}
GROUP BY ?st ?stLabel ?sl ?rgb ?layer ?coords ?line
ORDER BY ?ln ?sl",True,False,False,http_400,0.0,0.0
541,complex,"PREFIX bd: <http://www.bigdata.com/rdf#>
PREFIX wd: <http://www.wikidata.org/entity/>
PREFIX wdt: <http://www.wikidata.org/prop/direct/>
PREFIX wikibase: <http://wikiba.se/ontology#>

SELECT
?item ?itemLabel
((?sitelinks * ?sitelinks) as ?links_squared)
WHERE
{
?item wdt:P31 wd:Q103632 .
?item wikibase:sitelinks ?sitelinks .
SERVICE wikibase:label { bd:serviceParam wikibase:language ""en"". }
}
ORDER BY
DESC (?sitelinks)",True,True,True,,1.0,na
542,complex,"PREFIX bd: <http://www.bigdata.com/rdf#>
PREFIX wd: <http://www.wikidata.org/entity/>
PREFIX wdt: <http://www.wikidata.org/prop/direct/>
PREFIX wikibase: <http://wikiba.se/ontology#>

SELECT DISTINCT ?q ?qLabel ?nb ?pays ?paysLabel ?loc ?image WHERE {
{
SELECT (MAX(?nb) AS ?nb) ?pays WHERE {
?q (wdt:P31/wdt:P279*) wd:Q3305213 .
?q wdt:P4950 ?crea.
?crea wdt:P19 ?villenaissance .
?villenaissance wdt:P495 ?pays.
?q wikibase:sitelinks ?nb
}
GROUP BY ?pays
HAVING (?nb>1)
ORDER BY DESC(?nb)
}
?q wdt:P31/wdt:P279* wd:Q3305213 .
?q wdt:P4950 ?crea.
?crea wdt:P19 ?villenaissance .
?villenaissance wdt:P495 ?pays.
OPTIONAL{?q wdt:P18 ?image .}
?q wikibase:sitelinks ?nb .
?pays wdt:P625 ?loc .
SERVICE wikibase:label { #BabelRainbow
bd:serviceParam wikibase:language ""fr,en,ar,be,bg,bn,ca,cs,da,de,el,es,et,fa,fi,he,hi,hu,hy,id,it,ja,jv,ko,nb,nl,eo,pa,pl,pt,ro,ru,sh,sk,sr,sv,sw,te,th,tr,uk,yue,vec,vi,zh"".
}
}",True,False,False,http_400,0.0,0.0
543,complex,"PREFIX bd: <http://www.bigdata.com/rdf#>
PREFIX rdfs: <http://www.w3.org/2000/01/rdf-schema#>
PREFIX schema: <http://schema.org/>
PREFIX wd: <http://www.wikidata.org/entity/>
PREFIX wdt: <http://www.wikidata.org/prop/direct/>
PREFIX wikibase: <http://wikiba.se/ontology#>

SELECT ?item ?itemLabel ?english ?afrik (SAMPLE(?workLabel) AS ?occupation) WHERE {
?item wdt:P27 wd:Q258; wdt:P21 wd:Q6581072
MINUS{ ?englishq schema:about ?item ; schema:isPartOf <https://en.wikiquote.org/> }
MINUS{ ?afrikq schema:about ?item ; schema:isPartOf <https://af.wikiquote.org/> }
OPTIONAL{ ?english schema:about ?item ; schema:isPartOf <https://en.wikipedia.org/> }
OPTIONAL{ ?afrik schema:about ?item ; schema:isPartOf <https://af.wikipedia.org/> }
OPTIONAL{?item wdt:P106 ?work}
FILTER (BOUND(?english) || BOUND(?afrik))
SERVICE wikibase:label { bd:serviceParam wikibase:language ""[AUTO_LANGUAGE],en"". ?item rdfs:label ?itemLabel. ?work rdfs:label ?workLabel}
} GROUP BY ?item ?itemLabel ?english ?afrik",True,True,True,,1.0,1.0
544,complex,"PREFIX bd: <http://www.bigdata.com/rdf#>
PREFIX schema: <http://schema.org/>
PREFIX wd: <http://www.wikidata.org/entity/>
PREFIX wdt: <http://www.wikidata.org/prop/direct/>
PREFIX wikibase: <http://wikiba.se/ontology#>

SELECT DISTINCT ?item ?itemLabel ?itemDescription ?image ?location ?distance ?sitelink WHERE {
SERVICE wikibase:around {
?item wdt:P625 ?location.
bd:serviceParam wikibase:center ""[AUTO_COORDINATES]"".
bd:serviceParam wikibase:radius ""1"".
bd:serviceParam wikibase:distance ?distance.
}
SERVICE wikibase:label { bd:serviceParam wikibase:language ""[AUTO_LANGUAGE],en,es,de"". }
OPTIONAL { ?item wdt:P18 ?image. }
OPTIONAL {
?sitelink schema:about ?item.
FILTER(REGEX(STR(?sitelink), ""[AUTO_LANGUAGE].wikipedia.org/wiki/""))
}
?item wdt:P31/wdt:P279* wd:Q294440.
}
ORDER BY asc(?distance)",True,True,False,http_500,0.0,0.0
545,complex,"PREFIX bd: <http://www.bigdata.com/rdf#>
PREFIX wd: <http://www.wikidata.org/entity/>
PREFIX wdt: <http://www.wikidata.org/prop/direct/>
PREFIX wikibase: <http://wikiba.se/ontology#>

select distinct ?movie ?movieLabel (year(?date) as ?year) ?Commons ?InternetArchive ?Youtube ?url
where {
{ ?movie wdt:P31/wdt:P279* wd:Q11424 . ?movie wdt:P10 ?Commons .}
UNION { ?movie wdt:P31/wdt:P279* wd:Q11424 . ?movie wdt:P724 ?InternetArchive .}
UNION { ?movie wdt:P31/wdt:P279* wd:Q11424 . ?movie wdt:P1651 ?Youtube .}
UNION { ?movie wdt:P31/wdt:P279* wd:Q11424 . ?movie wdt:P963 ?url .}
OPTIONAL {?movie wdt:P577 ?date.}
SERVICE wikibase:label {
bd:serviceParam wikibase:language ""fr,en""
}
} ORDER BY ?date",True,True,True,,1.0,1.0
546,complex,"PREFIX bd: <http://www.bigdata.com/rdf#>
PREFIX ontolex: <http://www.w3.org/ns/lemon/ontolex#>
PREFIX wdt: <http://www.wikidata.org/prop/direct/>
PREFIX wikibase: <http://wikiba.se/ontology#>

SELECT ?meaning ?meaningLabel ?count
WITH {
SELECT ?meaning (count(?l) as ?count)
WHERE {
?l a ontolex:LexicalEntry ;
ontolex:sense ?sense.
?sense wdt:P5137 ?meaning.
}
GROUP BY ?meaning
ORDER BY desc(?count)
LIMIT 100
} AS %i
WHERE {
INCLUDE %i
SERVICE wikibase:label { bd:serviceParam wikibase:language ""[AUTO_LANGUAGE],en"" . }
}
ORDER BY desc(?count)",True,True,False,http_400,0.0,0.0
547,complex,"PREFIX bd: <http://www.bigdata.com/rdf#>
PREFIX p: <http://www.wikidata.org/prop/>
PREFIX psv: <http://www.wikidata.org/prop/statement/value/>
PREFIX wd: <http://www.wikidata.org/entity/>
PREFIX wdt: <http://www.wikidata.org/prop/direct/>
PREFIX wikibase: <http://wikiba.se/ontology#>

SELECT distinct ?planet ?planetLabel ?satellite ?satelliteLabel ?namedLabel ?namedDescription WHERE {
?planet wdt:P31/wdt:P279* wd:Q13205267.
?satellite wdt:P31/wdt:P279* wd:Q2537.
?satellite wdt:P397 ?planet.
?satellite wdt:P138 ?named.
SERVICE wikibase:label { bd:serviceParam wikibase:language ""[AUTO_LANGUAGE],en"". }
?planet p:P2244/psv:P2244 ?statement.
?statement wikibase:quantityUnit ?unit.
?statement wikibase:quantityAmount ?distance.
?statement wikibase:quantityNormalized/wikibase:quantityAmount ?distanceNormalized. # convert to normalized unit (meter)
BIND (?distanceNormalized / 9460800000000000 AS ?lightyears)
}
ORDER BY ?lightyears",True,True,True,,1.0,1.0
548,complex,"PREFIX bd: <http://www.bigdata.com/rdf#>
PREFIX wd: <http://www.wikidata.org/entity/>
PREFIX wdt: <http://www.wikidata.org/prop/direct/>
PREFIX wikibase: <http://wikiba.se/ontology#>

SELECT ?monument ?monumentLabel ?person ?personLabel (SAMPLE(?coordinates_) AS ?coordinates) (SAMPLE(?image_) AS ?image) WITH {
SELECT DISTINCT ?monument ?person WHERE {
?monument wdt:P31/wdt:P279* wd:Q4989906;
wdt:P138 ?person.
MINUS {
?monument ?wdt ?person.
FILTER(?wdt != wdt:P138)
}
?person wdt:P31 wd:Q5.
}
LIMIT 100
} AS %results WHERE {
INCLUDE %results.
OPTIONAL { ?monument wdt:P625 ?coordinates_. }
OPTIONAL { ?monument wdt:P18 ?image_. }
SERVICE wikibase:label { bd:serviceParam wikibase:language ""[AUTO_LANGUAGE],en"". }
}
GROUP BY ?monument ?monumentLabel ?person ?personLabel
LIMIT 100",True,True,False,http_400,0.0,0.0
549,complex,"PREFIX bd: <http://www.bigdata.com/rdf#>
PREFIX wd: <http://www.wikidata.org/entity/>
PREFIX wdt: <http://www.wikidata.org/prop/direct/>
PREFIX wikibase: <http://wikiba.se/ontology#>

SELECT DISTINCT ?language ?languageLabel ?wikipediaLabel where {
?language wdt:P31 ?instance;
wdt:P17 wd:Q55.
FILTER (?instance in (wd:Q34770, wd:Q33384)).
OPTIONAL {
?wikipedia wdt:P31 wd:Q10876391;
wdt:P407 ?language.
}
SERVICE wikibase:label { bd:serviceParam wikibase:language ""nl,en"". }
} GROUP BY ?language ?languageLabel ?wikipediaLabel",True,True,True,,1.0,1.0
550,complex,"PREFIX bd: <http://www.bigdata.com/rdf#>
PREFIX p: <http://www.wikidata.org/prop/>
PREFIX pq: <http://www.wikidata.org/prop/qualifier/>
PREFIX ps: <http://www.wikidata.org/prop/statement/>
PREFIX wd: <http://www.wikidata.org/entity/>
PREFIX wdt: <http://www.wikidata.org/prop/direct/>
PREFIX wikibase: <http://wikiba.se/ontology#>

SELECT DISTINCT ?party1 ?party1Label ?rgb (count(DISTINCT(?item)) as ?count)
{
?item p:P39 ?positionStatement . ?positionStatement ps:P39 ?term . ?term wdt:P279* wd:Q16707842 .
?positionStatement ps:P39 ?term .
?positionStatement pq:P768 ?constituency .
?positionStatement pq:P2715 wd:Q119524 . # relevant general election
?positionStatement pq:P4100 ?party .
BIND(IF(?party = wd:Q6467393, wd:Q9630 , ?party) AS ?party1) .
optional { ?party1 wdt:P465 ?rgb } . # colour if known
SERVICE wikibase:label { bd:serviceParam wikibase:language 'en' }
} group by ?party1 ?party1Label ?rgb order by desc(?count)
#defaultView:BubbleChart",True,True,True,,1.0,1.0
551,complex,"PREFIX bd: <http://www.bigdata.com/rdf#>
PREFIX p: <http://www.wikidata.org/prop/>
PREFIX pq: <http://www.wikidata.org/prop/qualifier/>
PREFIX ps: <http://www.wikidata.org/prop/statement/>
PREFIX wd: <http://www.wikidata.org/entity/>
PREFIX wdt: <http://www.wikidata.org/prop/direct/>
PREFIX wikibase: <http://wikiba.se/ontology#>

SELECT ?proglang ?proglangLabel ?maxdate ?followers
WITH {
SELECT ?proglang (MAX(?date) as ?maxdate) WHERE {
?proglang wdt:P31 wd:Q9143;
p:P8687 ?socialmedia.
?socialmedia ps:P8687 ?followers;
pq:P6552 ?twitter;
pq:P585 ?date.
}
GROUP by ?proglang
} AS %result
WHERE {
INCLUDE %result
?proglang wdt:P31 wd:Q9143;
p:P8687 ?socialmedia.
?socialmedia ps:P8687 ?followers;
pq:P585 ?maxdate.
SERVICE wikibase:label { bd:serviceParam wikibase:language ""en"". }
} ORDER BY DESC(?followers)",True,True,False,http_400,0.0,0.0
552,complex,"PREFIX bd: <http://www.bigdata.com/rdf#>
PREFIX dct: <http://purl.org/dc/terms/>
PREFIX wikibase: <http://wikiba.se/ontology#>

SELECT
?language
?languageLabel
?count
?langLemmas
WITH {
SELECT DISTINCT ?language {
[] dct:language ?language.
}
} AS %0
WITH {
SELECT DISTINCT ?language ?langLemma {
INCLUDE %0.
[]
dct:language ?language;
wikibase:lemma ?lemma.
BIND(LANG(?lemma) AS ?langLemma).
}
} AS %1
WITH {
SELECT ?language (COUNT(*) AS ?count) {
INCLUDE %1.
}
GROUP BY ?language
} AS %2
WITH {
SELECT
?language
(GROUP_CONCAT(CONCAT(?langLemma); SEPARATOR = "", "") AS ?langLemmas)
{
INCLUDE %1.
}
GROUP BY ?language
} AS %3
{
INCLUDE %2.
INCLUDE %3.
SERVICE wikibase:label {bd:serviceParam wikibase:language ""[AUTO_LANGUAGE]""}.
}
ORDER BY DESC(?count) ASC(LCASE(?languageLabel))",True,True,False,http_400,0.0,0.0
553,complex,"PREFIX bd: <http://www.bigdata.com/rdf#>
PREFIX wd: <http://www.wikidata.org/entity/>
PREFIX wdt: <http://www.wikidata.org/prop/direct/>
PREFIX wikibase: <http://wikiba.se/ontology#>

SELECT (SUBSTR(STR(?type), 32) as ?type) ?typeLabel ?typeDescription (COUNT(?item) AS ?count) WHERE {
?item wdt:P195 wd:Q636400; wdt:P31 ?type; wdt:P973 ?url FILTER (STRSTARTS(STR(?url),""http://jameelcentre"") ).
SERVICE wikibase:label { bd:serviceParam wikibase:language ""[AUTO_LANGUAGE],en"" }
} GROUP BY ?type ?typeLabel ?typeDescription ORDER BY UCASE(?typeLabel)",True,True,False,http_400,0.0,0.0
554,complex,"PREFIX bd: <http://www.bigdata.com/rdf#>
PREFIX rdfs: <http://www.w3.org/2000/01/rdf-schema#>
PREFIX p: <http://www.wikidata.org/prop/>
PREFIX psv: <http://www.wikidata.org/prop/statement/value/>
PREFIX wd: <http://www.wikidata.org/entity/>
PREFIX wdt: <http://www.wikidata.org/prop/direct/>
PREFIX wikibase: <http://wikiba.se/ontology#>

SELECT (YEAR(SAMPLE(?date)) as ?year) (SAMPLE(?diam) as ?diam1) (CONCAT(?itemLabel,"" "",SUBSTR(str(?item),32) ) as ?name) WHERE {
?item wdt:P31 wd:Q164992; wdt:P571 ?date; p:P2386/psv:P2386 ?valuenode. # astrolabes with a diameter property
?valuenode wikibase:quantityAmount ?length; wikibase:quantityUnit ?unit.
BIND(IF(?unit = wd:Q174728, ?length * 10,?length) as ?diam) # diameter in millimetres (unit is cm or mm)
SERVICE wikibase:label { bd:serviceParam wikibase:language ""[AUTO_LANGUAGE],en"". ?item rdfs:label ?itemLabel }
} group by ?item ?itemLabel",True,True,True,,1.0,na
555,complex,"PREFIX bd: <http://www.bigdata.com/rdf#>
PREFIX wd: <http://www.wikidata.org/entity/>
PREFIX wdt: <http://www.wikidata.org/prop/direct/>
PREFIX wikibase: <http://wikiba.se/ontology#>

SELECT ?itemLabel (COUNT(distinct ?alfabet) AS ?cnt) WHERE {
?item wdt:P31/wdt:P279* wd:Q9788.
FILTER NOT EXISTS {?alfabet wdt:P31/wdt:P279* wd:Q3241972.}
FILTER NOT EXISTS {?alfabet wdt:P279+ wd:Q9788.}
FILTER NOT EXISTS {?alfabet wdt:P31/wdt:P279* wd:Q15139721.}
FILTER NOT EXISTS {?alfabet wdt:P31/wdt:P279* wd:Q10856962.}
FILTER NOT EXISTS {?alfabet wdt:P31/wdt:P279* wd:Q188725.}
?alfabet wdt:P527 ?item.
SERVICE wikibase:label {
bd:serviceParam wikibase:language ""ru, en"" .
}
}
GROUP BY ?item ?itemLabel
ORDER BY DESC(?cnt)",True,True,True,,1.0,na
556,complex,"PREFIX bd: <http://www.bigdata.com/rdf#>
PREFIX wd: <http://www.wikidata.org/entity/>
PREFIX wdt: <http://www.wikidata.org/prop/direct/>
PREFIX wikibase: <http://wikiba.se/ontology#>
PREFIX gas: <http://www.bigdata.com/rdf/gas#>

SELECT ?item ?itemLabel ?itemDescription ?depth {
SERVICE gas:service {
gas:program gas:gasClass ""com.bigdata.rdf.graph.analytics.SSSP"" ;
gas:in wd:Q312032 ;
gas:traversalDirection ""Forward"" ;
gas:out ?item ;
gas:out1 ?depth ;
gas:linkType wdt:P40 .
}
FILTER NOT EXISTS {?item wdt:P4638 []}
SERVICE wikibase:label {bd:serviceParam wikibase:language ""en"" }
}
ORDER BY DESC(?depth)
LIMIT 100",True,True,False,http_500,0.0,0.0
557,complex,"PREFIX bd: <http://www.bigdata.com/rdf#>
PREFIX p: <http://www.wikidata.org/prop/>
PREFIX pq: <http://www.wikidata.org/prop/qualifier/>
PREFIX ps: <http://www.wikidata.org/prop/statement/>
PREFIX wd: <http://www.wikidata.org/entity/>
PREFIX wdt: <http://www.wikidata.org/prop/direct/>
PREFIX wikibase: <http://wikiba.se/ontology#>

SELECT ?firstnameLabel (COUNT(*) AS ?count)
WHERE {
?depute wdt:P31 wd:Q5 .
?depute p:P39 ?mandate .
?mandate ps:P39 wd:Q3044918 . # French depute
?mandate pq:P2937 wd:Q24939798 . # 15th legislature
?depute wdt:P735 ?firstname .
SERVICE wikibase:label { bd:serviceParam wikibase:language ""fr"" . }
}
GROUP BY ?firstnameLabel
HAVING (?count >= 3)
ORDER BY DESC(?count)",True,True,True,,1.0,na
558,complex,"PREFIX bd: <http://www.bigdata.com/rdf#>
PREFIX rdfs: <http://www.w3.org/2000/01/rdf-schema#>
PREFIX schema: <http://schema.org/>
PREFIX p: <http://www.wikidata.org/prop/>
PREFIX psv: <http://www.wikidata.org/prop/statement/value/>
PREFIX wd: <http://www.wikidata.org/entity/>
PREFIX wdt: <http://www.wikidata.org/prop/direct/>
PREFIX wikibase: <http://wikiba.se/ontology#>

SELECT ?workLabel ?pubdate ?pubdatePrecision ?image ?typelabel ?english
(URI(CONCAT(""https://tools.wmflabs.org/reasonator/?q="", SUBSTR(STR(?work),32) )) as ?reasonator) #build a reasonator link
(IF(BOUND(?english), ?english, ?reasonator) as ?link) # link to English Wikipedia article, if available
WHERE {
?work wdt:P50 wd:Q9068; # author: Voltaire
wdt:P31 ?type; # What is the work? poem, play, historical work etc.?
p:P577/psv:P577 ?pubdateStatementNode
MINUS {?work wdt:P31 wd:Q3331189} # exclude editions
MINUS {?work wdt:P31 wd:Q105420} # exclude anthologies
?pubdateStatementNode wikibase:timeValue ?pubdate ;
wikibase:timePrecision ?pubdatePrecision # get precision of the publication date
OPTIONAL {?work wdt:P18 ?image}
OPTIONAL{ ?english schema:about ?work ; schema:isPartOf <https://en.wikipedia.org/> }
SERVICE wikibase:label {bd:serviceParam wikibase:language ""fr,en,de""} # Prefer labels in French but fall back to English and German
?type rdfs:label ?typelabel FILTER(lang(?typelabel) =""en"") # English labels for the types
}",True,True,True,,1.0,na
559,complex,"PREFIX bd: <http://www.bigdata.com/rdf#>
PREFIX xsd: <http://www.w3.org/2001/XMLSchema#>
PREFIX wd: <http://www.wikidata.org/entity/>
PREFIX wdt: <http://www.wikidata.org/prop/direct/>
PREFIX wikibase: <http://wikiba.se/ontology#>

SELECT DISTINCT ?t ?ppLabel ?valueLabel ?rrLabel ?image
WHERE
{
{wd:Q9711 ?prop ?t FILTER (datatype(?t)=xsd:dateTime) .
?value wikibase:directClaim ?prop. }
UNION
{
wd:Q9711 ?q ?statement FILTER regex (STR(?q),""prop/P"") .
?statement ?p ?t FILTER regex (STR(?p), ""prop/qualifier/P"") FILTER (datatype(?t)=xsd:dateTime) .
?statement ?r ?value FILTER regex (STR(?r),""prop/statement/"") .
BIND(IRI(CONCAT(CONCAT(SUBSTR(STR(?r),1,29),""direct/""),SUBSTR(STR(?r),40))) as ?rprop)
?rr wikibase:directClaim ?rprop .
BIND(IRI(CONCAT(CONCAT(SUBSTR(STR(?p),1,29),""direct/""),SUBSTR(STR(?p),40))) as ?pprop)
?pp wikibase:directClaim ?pprop .
OPTIONAL {?value wdt:P18 ?image}
}
UNION
{
wd:Q9711 wdt:P800 ?value .
?value ?prop ?t FILTER (datatype(?t)=xsd:dateTime) .
?rr wikibase:directClaim wdt:P800 .
?pp wikibase:directClaim ?prop.
OPTIONAL {?value wdt:P18 ?image}
}
SERVICE wikibase:label { bd:serviceParam wikibase:language ""en"". }
}
ORDER BY ?t",True,True,True,,1.0,na
560,complex,"PREFIX bd: <http://www.bigdata.com/rdf#>
PREFIX wd: <http://www.wikidata.org/entity/>
PREFIX wdt: <http://www.wikidata.org/prop/direct/>
PREFIX wikibase: <http://wikiba.se/ontology#>

SELECT DISTINCT ?prop ?propLabel WHERE {
?s (wdt:P31/(wdt:P279*)) wd:Q235557;
?props ?o.
SERVICE wikibase:label { bd:serviceParam wikibase:language ""en"". }
?prop wikibase:directClaim ?props.
}
ORDER BY (?propLabel)",True,True,True,,1.0,na
561,complex,"PREFIX rdfs: <http://www.w3.org/2000/01/rdf-schema#>
PREFIX schema: <http://schema.org/>
PREFIX wd: <http://www.wikidata.org/entity/>
PREFIX wdt: <http://www.wikidata.org/prop/direct/>

SELECT ?wikipediaLabel ?filmcount WHERE {
?wikipedia wdt:P31 wd:Q10876391 .
?wikipedia wdt:P424 ?sprachcode .
?wikipedia rdfs:label ?wikipediaLabel
FILTER(lang(?wikipediaLabel) = ""de"")
{ SELECT ?sprachcode (COUNT(DISTINCT ?film) as ?filmcount) WHERE {
?film wdt:P31/wdt:P279* wd:Q11424 .
?article schema:about ?film .
?article schema:inLanguage ?sprachcode
} GROUP BY ?sprachcode
}
} ORDER BY DESC (?filmcount) LIMIT 10",True,True,True,,1.0,na
562,complex,"PREFIX bd: <http://www.bigdata.com/rdf#>
PREFIX hint: <http://www.bigdata.com/queryHints#>
PREFIX wd: <http://www.wikidata.org/entity/>
PREFIX wikibase: <http://wikiba.se/ontology#>

SELECT ?item ?itemLabel ?type ?typeLabel WHERE {
{
SELECT ?item WHERE {
SERVICE wikibase:mwapi {
bd:serviceParam wikibase:endpoint ""en.wikipedia.org"" .
bd:serviceParam wikibase:api ""Generator"" .
bd:serviceParam mwapi:generator ""search"" .
bd:serviceParam mwapi:gsrsearch ""University of Virginia"" .
bd:serviceParam mwapi:gsrlimit ""max"" .
?item wikibase:apiOutputItem mwapi:item .
}
} LIMIT 100
}
hint:Prior hint:runFirst ""true"".
FILTER NOT EXISTS { ?item ?property wd:Q213439 . }
SERVICE wikibase:label { bd:serviceParam wikibase:language ""en"". }
} LIMIT 100",True,True,False,http_400,0.0,0.0
563,complex,"PREFIX bd: <http://www.bigdata.com/rdf#>
PREFIX p: <http://www.wikidata.org/prop/>
PREFIX psv: <http://www.wikidata.org/prop/statement/value/>
PREFIX wd: <http://www.wikidata.org/entity/>
PREFIX wdt: <http://www.wikidata.org/prop/direct/>
PREFIX wikibase: <http://wikiba.se/ontology#>

SELECT DISTINCT ?city ?cityLabel ?population ?location ?lon ?lat WHERE {
# get cities (or classes based on city) in germany
?city wdt:P31/wdt:P279* wd:Q515 ;
wdt:P17 wd:Q183 .
# get population and location of the city
?city wdt:P1082 ?population ;
wdt:P625 ?location .
# we're only interested in cities with a population count > 50.000
FILTER (abs(?population) > 50000)
# extract lat and lon
?city p:P625 ?coordinate.
?coordinate psv:P625 ?coordinate_node.
?coordinate_node wikibase:geoLongitude ?lon.
?coordinate_node wikibase:geoLatitude ?lat.
SERVICE wikibase:label { bd:serviceParam wikibase:language ""[AUTO_LANGUAGE],de,en"" }
}",True,True,True,,1.0,1.0
564,complex,"PREFIX bd: <http://www.bigdata.com/rdf#>
PREFIX p: <http://www.wikidata.org/prop/>
PREFIX pq: <http://www.wikidata.org/prop/qualifier/>
PREFIX ps: <http://www.wikidata.org/prop/statement/>
PREFIX wd: <http://www.wikidata.org/entity/>
PREFIX wdt: <http://www.wikidata.org/prop/direct/>
PREFIX wikibase: <http://wikiba.se/ontology#>

SELECT ?iso ?countryLabel (SUM(?stars) as ?stars) ?fertility WHERE {
{SELECT DISTINCT ?country ?iso WHERE {
VALUES ?countrytypes {wd:Q6256 wd:Q3624078} # country and sovereign state
?country wdt:P31 ?countrytypes ; wdt:P298 ?iso
MINUS {?country wdt:P576 []} # Not dissolved
} }
?country wdt:P163 ?flag.
OPTIONAL{
?flag p:P180 [ps:P180 ?feature ; pq:P1114 ?stars] . # quantity of feature
?feature wdt:P279? wd:Q17504209 # type of star polygon
}
OPTIONAL { ?country wdt:P4841 ?fertility }
SERVICE wikibase:label { bd:serviceParam wikibase:language ""[AUTO_LANGUAGE],en"". }
} GROUP BY ?iso ?countryLabel ?fertility
ORDER BY DESC(?stars) ?countryLabel",True,False,False,http_400,0.0,0.0
565,complex,"PREFIX rdfs: <http://www.w3.org/2000/01/rdf-schema#>
PREFIX wd: <http://www.wikidata.org/entity/>
PREFIX wdt: <http://www.wikidata.org/prop/direct/>

SELECT ?type ?typename (COUNT(?text) AS ?count)
WHERE {
?text wdt:P31 ?type.
?type wdt:P279* wd:Q7725634.
?type rdfs:label ?typename filter (lang(?typename) = ""en"")
} GROUP BY ?type ?typename ORDER BY DESC(?count)
LIMIT 100",True,True,True,,1.0,1.0
566,complex,"PREFIX bd: <http://www.bigdata.com/rdf#>
PREFIX rdfs: <http://www.w3.org/2000/01/rdf-schema#>
PREFIX wdt: <http://www.wikidata.org/prop/direct/>
PREFIX wikibase: <http://wikiba.se/ontology#>
PREFIX foaf: <http://xmlns.com/foaf/0.1/>
PREFIX nobel: <http://data.nobelprize.org/terms/>

SELECT distinct ?id (sample(?name) AS ?name) (sample(?text) AS ?text) ?motivationen ?contribution ?Documentary ?Diploma ?Nobel_Lecture ?Prize_Presentation ?Biographical ?Banquet_Speech
(sample (?coord) AS ?coord)
(sample (?img) AS ?img)
(floor(?Year/10)*10 as ?layer)
WHERE {
SERVICE <http://data.nobelprize.org/sparql> {
?laureate_nobel_uri nobel:laureateAward ?NobelAwardid.
BIND(REPLACE(str(?laureate_nobel_uri),""http://data.nobelprize.org/resource/laureate/"","""") AS ?id)
OPTIONAL{?laureate_nobel_uri nobel:laureateAward / nobel:year ?Year}
OPTIONAL{?NobelAwardid rdfs:label ?text}
OPTIONAL{?NobelAwardid nobel:laureate/foaf:name ?name}
OPTIONAL{?NobelAwardid nobel:category ?category}
OPTIONAL{?NobelAwardid nobel:motivation ?motivationen
FILTER (lang(?motivationen) = 'en')
}
OPTIONAL {
?NobelAwardid nobel:contribution ?contribution
FILTER (lang(?contribution) = 'en')
}
OPTIONAL {
?NobelAwardid nobel:awardFile ?NobelAwardFileF.
?NobelAwardFileF nobel:fileType <http://data.nobelprize.org/resource/filetype/Documentary>.
?NobelAwardFileF rdfs:seeAlso ?Documentary
}
OPTIONAL {
?NobelAwardid nobel:awardFile ?NobelAwardFileD.
?NobelAwardFileD nobel:fileType <http://data.nobelprize.org/resource/filetype/Nobel_Diploma>.
?NobelAwardFileD rdfs:seeAlso ?Diploma
}
OPTIONAL { # 845 st
?NobelAwardid nobel:awardFile ?NobelAwardFileL.
?NobelAwardFileL nobel:fileType <http://data.nobelprize.org/resource/filetype/Nobel_Lecture>.
?NobelAwardFileL rdfs:seeAlso ?Nobel_Lecture
}
OPTIONAL { # 3 st
?NobelAwardid nobel:awardFile ?NobelAwardFileP.
?NobelAwardFileP nobel:fileType <http://data.nobelprize.org/resource/filetype/Prize_Presentation>.
?NobelAwardFileP rdfs:seeAlso ?Prize_Presentation
}
OPTIONAL { # 66 st
?NobelAwardid nobel:awardFile ?NobelAwardFileB.
?NobelAwardFileB nobel:fileType <http://data.nobelprize.org/resource/filetype/Biographical>.
?NobelAwardFileB rdfs:seeAlso ?Biographical
}
OPTIONAL {
?NobelAwardid nobel:awardFile ?NobelAwardFileBa.
?NobelAwardFileBa nobel:fileType <http://data.nobelprize.org/resource/filetype/Banquet_Speech>.
?NobelAwardFileBa rdfs:seeAlso ?Banquet_Speech
}
}
# Match with Wikidata P2888 Exact match
?Wikidataid wdt:P2888 ?laureate_nobel_uri.
?Wikidataid wdt:P19/wdt:P625 ?coord.
OPTIONAL {?Wikidataid wdt:P18 ?img}
BIND (?Year AS ?layer)
SERVICE wikibase:label { bd:serviceParam wikibase:language ""en"". }
} group by ?id ?motivationen ?contribution ?Documentary ?Diploma ?Nobel_Lecture ?Prize_Presentation ?Biographical ?Banquet_Speech ?Year
?layer
order by desc(?Year)",True,True,False,http_400,0.0,0.0
