index,complexity,instruction,linked_query,fully_linked,syntax,jaccard,n_entities,n_predicates
0,simple,How many items on Wikidata have a coordinate location?,"PREFIX wdt: <http://www.wikidata.org/prop/direct/>

SELECT (COUNT(?item) AS ?count)
WHERE { ?item wdt:P625 [] }",True,False,0.0,0,1
1,simple,List all subproperties related to location.,"PREFIX bd: <http://www.bigdata.com/rdf#>
PREFIX wd: <http://www.wikidata.org/entity/>
PREFIX wdt: <http://www.wikidata.org/prop/direct/>
PREFIX wikibase: <http://wikiba.se/ontology#>

SELECT DISTINCT ?subProperties ?subPropertiesLabel WHERE {
?subProperties wdt:P1647* wd:P276.
SERVICE wikibase:label { bd:serviceParam wikibase:language ""[AUTO_LANGUAGE],en"". }
}",True,True,1.0,0,2
2,simple,List all organisms named in honor of John Sibthorp.,"PREFIX wd: <http://www.wikidata.org/entity/>
PREFIX wdt: <http://www.wikidata.org/prop/direct/>

SELECT ?item ?name WHERE {
?item wdt:P138 wd:Q936580; wdt:P225 ?name
}",True,True,1.0,1,2
3,simple,List politicians who have Mastodon accounts.,"PREFIX bd: <http://www.bigdata.com/rdf#>
PREFIX wd: <http://www.wikidata.org/entity/>
PREFIX wdt: <http://www.wikidata.org/prop/direct/>
PREFIX wikibase: <http://wikiba.se/ontology#>

SELECT ?politicianLabel ?mastodon ?countryLabel
WHERE
{
?politician wdt:P4033 ?mastodon .
?politician wdt:P106 wd:Q82955 . # occupation politician
?politician wdt:P27 ?country .
SERVICE wikibase:label { bd:serviceParam wikibase:language ""[AUTO_LANGUAGE],en"". }
}
ORDER BY ?countryLabel",True,True,1.0,1,3
4,simple,List all phrases that are known as catchphrases.,"PREFIX bd: <http://www.bigdata.com/rdf#>
PREFIX wdt: <http://www.wikidata.org/prop/direct/>
PREFIX wikibase: <http://wikiba.se/ontology#>

SELECT ?q ?qLabel ?catchphrase { ?q wdt:P6251 ?catchphrase . SERVICE wikibase:label { bd:serviceParam wikibase:language ""[AUTO_LANGUAGE],en"". } }",True,True,1.0,0,1
5,simple,"List the children of Johann Sebastian Bach with his first wife, Maria Barbara Bach.","PREFIX bd: <http://www.bigdata.com/rdf#>
PREFIX wd: <http://www.wikidata.org/entity/>
PREFIX wdt: <http://www.wikidata.org/prop/direct/>
PREFIX wikibase: <http://wikiba.se/ontology#>

SELECT ?child ?childLabel
WHERE
{
?child wdt: wd:Q1339; # Child has father Johann Sebastian Bach and
wdt: wd:. # has mother Maria Barbara Bach.
SERVICE wikibase:label { bd:serviceParam wikibase:language ""en"". }
}",True,True,0.0,2,2
6,simple,List the Apple M series SoC models in chronological order of their announcement dates.,"PREFIX bd: <http://www.bigdata.com/rdf#>
PREFIX wd: <http://www.wikidata.org/entity/>
PREFIX wdt: <http://www.wikidata.org/prop/direct/>
PREFIX wikibase: <http://wikiba.se/ontology#>

SELECT ?itemLabel ?img ?ann_date WHERE {
?item wdt: wd:;
wdt: ?img;
wdt: ?ann_date
SERVICE wikibase:label { bd:serviceParam wikibase:language ""[AUTO_LANGUAGE],en"". }
}",True,True,0.0,1,3
7,simple,Show me a map of the hometowns of people with Mastodon profiles.,"PREFIX wdt: <http://www.wikidata.org/prop/direct/>

SELECT * WHERE {
?item wdt:P4033 ?mastodon; wdt:P19 ?pob. ?pob wdt:P625 ?coords.
}",True,True,1.0,0,3
8,simple,List all literary works and their descriptions.,"PREFIX rdfs: <http://www.w3.org/2000/01/rdf-schema#>
PREFIX wd: <http://www.wikidata.org/entity/>
PREFIX wdt: <http://www.wikidata.org/prop/direct/>

SELECT ?s ?desc
WHERE
{
?s wdt:P279 wd:Q7725634 .
OPTIONAL {
?s rdfs:label ?desc FILTER (lang(?desc) = ""en"").
}
}",True,True,1.0,1,1
9,simple,List botanists whose names start with the letter H.,"PREFIX wdt: <http://www.wikidata.org/prop/direct/>

SELECT ?q ?name WHERE {
?q wdt:P428 ?name FILTER(STRSTARTS(?name,""H""))
} ORDER BY ?name",True,True,1.0,0,1
10,simple,List the oldest subway systems in the world.,"PREFIX bd: <http://www.bigdata.com/rdf#>
PREFIX wd: <http://www.wikidata.org/entity/>
PREFIX wdt: <http://www.wikidata.org/prop/direct/>
PREFIX wikibase: <http://wikiba.se/ontology#>

SELECT ?metro ?metroLabel ?locationLabel ?openingDate
WHERE {
?metro wdt:P31 wd:Q5503.
?metro wdt:P131 ?location.
?metro wdt:P1619 ?openingDate.
SERVICE wikibase:label { bd:serviceParam wikibase:language ""[AUTO_LANGUAGE],en"". } }
order by ?openingDate
limit 20",True,True,1.0,1,3
11,simple,Find 3D models of items from specific collections.,"PREFIX bd: <http://www.bigdata.com/rdf#>
PREFIX wdt: <http://www.wikidata.org/prop/direct/>
PREFIX wikibase: <http://wikiba.se/ontology#>

SELECT ?item ?itemLabel ?itemDescription ?model WHERE {
?item wdt:P4896 ?model; wdt:P195 [].
SERVICE wikibase:label { bd:serviceParam wikibase:language ""[AUTO_LANGUAGE],en,fr"" }
} ORDER BY ?itemLabel",True,True,1.0,0,2
12,simple,List all books on Bengali Wikisource that have been validated.,"PREFIX bd: <http://www.bigdata.com/rdf#>
PREFIX schema: <http://schema.org/>
PREFIX wd: <http://www.wikidata.org/entity/>
PREFIX wikibase: <http://wikiba.se/ontology#>

SELECT
?item ?itemLabel ?siteLink
WHERE {
?siteLink schema:about ?item;
schema:isPartOf <https://bn.wikisource.org/>;
wikibase:badge wd:Q20748093.
SERVICE wikibase:label { bd:serviceParam wikibase:language ""bn,en"".}
}",True,True,1.0,1,0
13,simple,Show me all hackerspaces on a map.,"PREFIX wd: <http://www.wikidata.org/entity/>
PREFIX wdt: <http://www.wikidata.org/prop/direct/>

SELECT DISTINCT * WHERE {
?item wdt:P31 wd:Q1032372;
wdt:P625 ?geo .
}",True,True,1.0,1,2
14,simple,List the top 20 humans with the highest recorded weight.,"PREFIX wdt: <http://www.wikidata.org/prop/direct/>

SELECT DISTINCT ?id WHERE { ?i wdt:P2067 ?v. ?i wdt:P31 ?id}",True,False,0.0,0,2
15,simple,Find authors with the full name 'Bill Thompson'.,"PREFIX bd: <http://www.bigdata.com/rdf#>
PREFIX wdt: <http://www.wikidata.org/prop/direct/>
PREFIX wikibase: <http://wikiba.se/ontology#>

SELECT ?item ?itemLabel
{
?item wdt:P2093 ""Bill Thompson"" .
SERVICE wikibase:label { bd:serviceParam wikibase:language ""en"". }
}",True,True,1.0,0,1
16,simple,What species are commonly found at Fazenda Tamandua?,"PREFIX bd: <http://www.bigdata.com/rdf#>
PREFIX wd: <http://www.wikidata.org/entity/>
PREFIX wdt: <http://www.wikidata.org/prop/direct/>
PREFIX wikibase: <http://wikiba.se/ontology#>

SELECT
?item ?itemLabel ?pic
WHERE
{
wd:Q96740175 wdt:P6803 ?item .
OPTIONAL {?item wdt:P18 ?pic}
SERVICE wikibase:label { bd:serviceParam wikibase:language ""[AUTO_LANGUAGE],en"" }
}",True,True,0.0,1,2
17,simple,List all chemical elements along with their symbol and atomic number in ascending order of atomic number.,"PREFIX bd: <http://www.bigdata.com/rdf#>
PREFIX wd: <http://www.wikidata.org/entity/>
PREFIX wdt: <http://www.wikidata.org/prop/direct/>
PREFIX wikibase: <http://wikiba.se/ontology#>

SELECT ?element ?elementLabel ?symbol ?number
WHERE
{
?element wdt:P31 wd:Q11344;
wdt:P246 ?symbol;
wdt:P1086 ?number.
SERVICE wikibase:label { bd:serviceParam wikibase:language ""en"". }
}
ORDER BY ?number",True,True,1.0,1,3
18,simple,List all CDLI item IDs along with their corresponding labels in every language.,"PREFIX rdfs: <http://www.w3.org/2000/01/rdf-schema#>
PREFIX wdt: <http://www.wikidata.org/prop/direct/>

SELECT ?id (lang(?label) AS ?lang) ?label WHERE {
?item wdt:P2474 ?id;
rdfs:label ?label.
} ORDER BY ?id ?lang",True,True,1.0,0,1
19,simple,Find the Wikipathways citation corpus with corresponding IDs and references.,"PREFIX bd: <http://www.bigdata.com/rdf#>
PREFIX wdt: <http://www.wikidata.org/prop/direct/>
PREFIX wikibase: <http://wikiba.se/ontology#>

SELECT ?wpid ?item ?itemLabel ?referenceLabel
WHERE
{
?item wdt:P2410 ?wpid ;
wdt:P2860 ?reference ;
SERVICE wikibase:label { bd:serviceParam wikibase:language ""en"" }
}",True,True,1.0,0,2
20,simple,Find paintings depicting the Pentecost theme.,"PREFIX wd: <http://www.wikidata.org/entity/>
PREFIX wdt: <http://www.wikidata.org/prop/direct/>

SELECT ?item ?image WHERE {
?item wdt:P921 wd:Q65560542 .
?item wdt:P31 wd:Q3305213 .
?item wdt:P18 ?image .
}
LIMIT 4000",True,True,1.0,2,3
21,simple,What are some common phrases related to Redewendung?,"PREFIX bd: <http://www.bigdata.com/rdf#>
PREFIX wd: <http://www.wikidata.org/entity/>
PREFIX wdt: <http://www.wikidata.org/prop/direct/>
PREFIX wikibase: <http://wikiba.se/ontology#>

SELECT ?q ?qLabel
WHERE
{
?q wdt:P31 wd:Q12355361.
SERVICE wikibase:label { bd:serviceParam wikibase:language ""en"" }
}",True,True,0.0,1,1
22,simple,List all type foundries and their corresponding typefaces.,"PREFIX bd: <http://www.bigdata.com/rdf#>
PREFIX wd: <http://www.wikidata.org/entity/>
PREFIX wdt: <http://www.wikidata.org/prop/direct/>
PREFIX wikibase: <http://wikiba.se/ontology#>

SELECT ?foundry ?foundryLabel ?rgb ?item ?itemLabel WHERE {
?item wdt:P31 wd:Q17451.
?item wdt:P4586 ?foundry.
BIND( ""3182BD"" AS ?rgb) #color code foundry nodes
SERVICE wikibase:label { bd:serviceParam wikibase:language ""[AUTO_LANGUAGE],en,fr,de"". }
}",True,True,1.0,1,2
23,simple,List all hill forts in the Atlas with their names written in Irish.,"PREFIX rdfs: <http://www.w3.org/2000/01/rdf-schema#>
PREFIX wdt: <http://www.wikidata.org/prop/direct/>

SELECT ?subj ?label WHERE
{ ?subj wdt:P4102 ?atlasID ;
rdfs:label ?label filter (lang(?label) = ""g1"")
}",True,True,1.0,0,1
24,simple,Find all items with a 3D model property on Wikidata.,"PREFIX bd: <http://www.bigdata.com/rdf#>
PREFIX wdt: <http://www.wikidata.org/prop/direct/>
PREFIX wikibase: <http://wikiba.se/ontology#>

SELECT ?item ?itemLabel ?itemDescription ?value
{
?item wdt:P4896 ?value .
SERVICE wikibase:label { bd:serviceParam wikibase:language ""en,en"" }
}
LIMIT 200",True,True,1.0,0,1
25,simple,Rank countries by their average lifespan.,"PREFIX bd: <http://www.bigdata.com/rdf#>
PREFIX p: <http://www.wikidata.org/prop/>
PREFIX ps: <http://www.wikidata.org/prop/statement/>
PREFIX wd: <http://www.wikidata.org/entity/>
PREFIX wdt: <http://www.wikidata.org/prop/direct/>
PREFIX wikibase: <http://wikiba.se/ontology#>

SELECT ?country ?countryLabel ?lifeExpectancy
WHERE
{
?country wdt:P31 wd:Q6256. # instance of country
?country p:P2250/ps:P2250 ?lifeExpectancy. # life expectancy
SERVICE wikibase:label { bd:serviceParam wikibase:language ""en"" }
}
ORDER BY DESC(?lifeExpectancy)",True,True,1.0,1,2
26,simple,List the streets in Leiden named after famous people or things.,"PREFIX bd: <http://www.bigdata.com/rdf#>
PREFIX wd: <http://www.wikidata.org/entity/>
PREFIX wdt: <http://www.wikidata.org/prop/direct/>
PREFIX wikibase: <http://wikiba.se/ontology#>

SELECT ?item ?itemLabel ?vernoemdeLabel ?coords
WHERE
{
?item wdt:P31 wd:Q79007 .
?item wdt: wd:Q43631 .
?item wdt: ?vernoemde .
?item wdt: ?coords .
SERVICE wikibase:label { bd:serviceParam wikibase:language ""[AUTO_LANGUAGE],en"". }
}",True,True,0.0,2,4
27,simple,List the grandchildren of Johann Sebastian Bach.,"PREFIX bd: <http://www.bigdata.com/rdf#>
PREFIX wd: <http://www.wikidata.org/entity/>
PREFIX wdt: <http://www.wikidata.org/prop/direct/>
PREFIX wikibase: <http://wikiba.se/ontology#>

SELECT ?grandChild ?grandChildLabel
WHERE
{
wd:Q1339 wdt:P40 [ wdt:P40 ?grandChild ]. # Bach has as child someone who has a child ?grandChild.
SERVICE wikibase:label { bd:serviceParam wikibase:language ""en"". }
}",True,True,1.0,1,1
28,simple,List all individuals who studied at the University of Oxford.,"PREFIX bd: <http://www.bigdata.com/rdf#>
PREFIX wd: <http://www.wikidata.org/entity/>
PREFIX wdt: <http://www.wikidata.org/prop/direct/>
PREFIX wikibase: <http://wikiba.se/ontology#>

SELECT (COUNT(?alum) AS ?count)
WHERE
{
?alum wdt:P69 wd:Q34433.
SERVICE wikibase:label { bd:serviceParam wikibase:language ""[AUTO_LANGUAGE],en"" }
}",True,True,1.0,1,1
29,simple,List websites associated with projects in the Women's & Gender History DH list.,"PREFIX bd: <http://www.bigdata.com/rdf#>
PREFIX wd: <http://www.wikidata.org/entity/>
PREFIX wdt: <http://www.wikidata.org/prop/direct/>
PREFIX wikibase: <http://wikiba.se/ontology#>

SELECT ?item ?itemLabel ?official_website WHERE {
SERVICE wikibase:label { bd:serviceParam wikibase:language ""[AUTO_LANGUAGE],en"". }
?item wdt:P1343 wd:Q76510930.
OPTIONAL { ?item wdt:P856 ?official_website. }
}
ORDER BY ASC(?itemLabel)",True,True,1.0,1,2
30,simple,List all monuments in Berlin with their cultural heritage ID and geolocation.,"PREFIX bd: <http://www.bigdata.com/rdf#>
PREFIX wdt: <http://www.wikidata.org/prop/direct/>
PREFIX wikibase: <http://wikiba.se/ontology#>

SELECT DISTINCT ?denkmal ?denkmalLabel ?coordinates WHERE {
?denkmal wdt:P2424 ?id ;
wdt:P625 ?coordinates .
SERVICE wikibase:label { bd:serviceParam wikibase:language ""[AUTO_LANGUAGE],de,en"". }
}",True,True,1.0,0,2
31,simple,Find the UniProt IDs of proteins found in Homo sapiens.,"PREFIX bd: <http://www.bigdata.com/rdf#>
PREFIX wd: <http://www.wikidata.org/entity/>
PREFIX wdt: <http://www.wikidata.org/prop/direct/>
PREFIX wikibase: <http://wikiba.se/ontology#>

SELECT ?item ?itemLabel ?uniprotid ?tax_node
WHERE
{
?item wdt: ?uniprotid ;
wdt: wd:Q15978631 .
SERVICE wikibase:label { bd:serviceParam wikibase:language ""en"" }
}",True,True,0.0,1,2
32,simple,What are the nodes and predicates related to 'Wikidata' in English?,"SELECT ?node ?predicate WHERE {
?node ?predicate ""Wikidata""@en # @en is different from @en-gb and @en-ca
}",True,True,1.0,0,0
33,simple,Find the base form of the word 'bought' in English.,"PREFIX dct: <http://purl.org/dc/terms/>
PREFIX ontolex: <http://www.w3.org/ns/lemon/ontolex#>
PREFIX wd: <http://www.wikidata.org/entity/>
PREFIX wikibase: <http://wikiba.se/ontology#>

SELECT DISTINCT ?l ?word ?lemma WHERE {
VALUES ?word {'bought'@en}
?l a ontolex:LexicalEntry ;
dct:language wd:Q1860 ;
wikibase:lemma ?lemma ;
ontolex:lexicalForm ?form .
?form ontolex:representation ?word .
}",True,True,1.0,1,0
34,simple,List all taxons and their eponyms.,"PREFIX bd: <http://www.bigdata.com/rdf#>
PREFIX wd: <http://www.wikidata.org/entity/>
PREFIX wdt: <http://www.wikidata.org/prop/direct/>
PREFIX wikibase: <http://wikiba.se/ontology#>

SELECT ?taxon ?eponym ?taxonLabel ?eponymLabel
WHERE
{
?taxon wdt:P31 wd:Q16521;
wdt:P138 ?eponym.
SERVICE wikibase:label { bd:serviceParam wikibase:language ""en"". }
}
ORDER BY ?eponym",True,False,0.0,1,2
35,simple,List all items that are instances of goats.,"PREFIX bd: <http://www.bigdata.com/rdf#>
PREFIX wd: <http://www.wikidata.org/entity/>
PREFIX wdt: <http://www.wikidata.org/prop/direct/>
PREFIX wikibase: <http://wikiba.se/ontology#>

SELECT ?item ?itemLabel
WHERE
{
?item wdt:P31 wd:Q2934.
SERVICE wikibase:label { bd:serviceParam wikibase:language ""[AUTO_LANGUAGE],en"". }
}",True,True,1.0,1,1
36,simple,List all the letters in the Swedish alphabet.,"PREFIX dct: <http://purl.org/dc/terms/>
PREFIX wd: <http://www.wikidata.org/entity/>
PREFIX wikibase: <http://wikiba.se/ontology#>

SELECT ?lexemeId ?lemma WHERE {
?lexemeId dct:language wd:Q9027;
wikibase:lemma ?lemma.
?lexemeId wikibase:lexicalCategory wd:Q9788
}
ORDER BY ?lemma",True,True,1.0,2,0
37,simple,List all colors with their corresponding sRGB hex triplets.,"PREFIX bd: <http://www.bigdata.com/rdf#>
PREFIX wd: <http://www.wikidata.org/entity/>
PREFIX wdt: <http://www.wikidata.org/prop/direct/>
PREFIX wikibase: <http://wikiba.se/ontology#>

SELECT ?p ?pLabel ?size ?rgb WHERE {
?p wdt:P31 wd:Q1075 .
?p wdt:P465 ?rgb . # sRGB color hex triplet
BIND (1 AS ?size)
SERVICE wikibase:label { bd:serviceParam wikibase:language ""[AUTO_LANGUAGE],en"". }
}
ORDER BY ASC (LCASE(?pLabel))",True,True,1.0,1,2
38,medium,List all countries where a pride parade has taken place.,"PREFIX bd: <http://www.bigdata.com/rdf#>
PREFIX wd: <http://www.wikidata.org/entity/>
PREFIX wdt: <http://www.wikidata.org/prop/direct/>
PREFIX wikibase: <http://wikiba.se/ontology#>

SELECT ?country ?countryLabel (COUNT(DISTINCT ?item) AS ?count) WHERE {
?item (wdt:P31|wdt:P279) wd:Q51404;
wdt: ?country;
wdt:P571 ?time.
SERVICE wikibase:label { bd:serviceParam wikibase:language ""[AUTO_LANGUAGE],en"". }
}
GROUP BY ?country ?countryLabel
ORDER BY (?countryLabel)",True,True,0.0,1,4
39,medium,What are the longest rivers in the world?,"PREFIX bd: <http://www.bigdata.com/rdf#>
PREFIX wd: <http://www.wikidata.org/entity/>
PREFIX wdt: <http://www.wikidata.org/prop/direct/>
PREFIX wikibase: <http://wikiba.se/ontology#>

SELECT ?item ?itemLabel ?length WHERE {
?item wdt:P31/wdt:P279* wd:Q4022 .
?item wdt:P2043 ?length .
FILTER ( ?length >= 1000 )
SERVICE wikibase:label { bd:serviceParam wikibase:language ""en"" . }
} ORDER BY DESC(?length) ?itemLabel",True,True,1.0,1,3
40,medium,Find properties that can have organizations as values.,"PREFIX bd: <http://www.bigdata.com/rdf#>
PREFIX p: <http://www.wikidata.org/prop/>
PREFIX pq: <http://www.wikidata.org/prop/qualifier/>
PREFIX ps: <http://www.wikidata.org/prop/statement/>
PREFIX wd: <http://www.wikidata.org/entity/>
PREFIX wikibase: <http://wikiba.se/ontology#>

SELECT ?property ?propertyLabel ?relation ?relationLabel WHERE {
?property p:P2302 ?statement.
?statement ps:P2302 wd:Q21510865;
pq:P2308 wd:Q43229;
pq:P2309 ?relation.
SERVICE wikibase:label { bd:serviceParam wikibase:language ""[AUTO_LANGUAGE],en"". }
}",True,True,1.0,2,3
41,medium,List all the materials used in paintings along with their labels.,"PREFIX bd: <http://www.bigdata.com/rdf#>
PREFIX p: <http://www.wikidata.org/prop/>
PREFIX pq: <http://www.wikidata.org/prop/qualifier/>
PREFIX ps: <http://www.wikidata.org/prop/statement/>
PREFIX wd: <http://www.wikidata.org/entity/>
PREFIX wdt: <http://www.wikidata.org/prop/direct/>
PREFIX wikibase: <http://wikiba.se/ontology#>

SELECT ?material ?materialLabel (COUNT(?painting) AS ?count)
WHERE
{
?painting wdt:P31/wdt:P279* wd:Q3305213;
p:P186 [ ps:P186 ?material; pq:P518 wd:Q861259 ].
SERVICE wikibase:label { bd:serviceParam wikibase:language ""[AUTO_LANGUAGE]"". }
}
GROUP BY ?material ?materialLabel",True,False,0.0,2,4
42,medium,List all US presidents and their spouses in chronological order.,"PREFIX bd: <http://www.bigdata.com/rdf#>
PREFIX p: <http://www.wikidata.org/prop/>
PREFIX pq: <http://www.wikidata.org/prop/qualifier/>
PREFIX ps: <http://www.wikidata.org/prop/statement/>
PREFIX wd: <http://www.wikidata.org/entity/>
PREFIX wdt: <http://www.wikidata.org/prop/direct/>
PREFIX wikibase: <http://wikiba.se/ontology#>

SELECT ?pres ?presLabel ?spouse ?spouseLabel WHERE {
?pres wdt:P31 wd:Q5 .
?pres p:P39 ?position_held_statement .
?position_held_statement ps:P39 wd:Q11696 .
?position_held_statement pq:P580 ?start .
?pres wdt:P26 ?spouse .
SERVICE wikibase:label {
bd:serviceParam wikibase:language ""en"" .
}
} ORDER BY ?start",True,True,1.0,2,4
43,medium,List the birthplaces of artists whose works are part of the Europeana 280 project.,"PREFIX bd: <http://www.bigdata.com/rdf#>
PREFIX wd: <http://www.wikidata.org/entity/>
PREFIX wdt: <http://www.wikidata.org/prop/direct/>
PREFIX wikibase: <http://wikiba.se/ontology#>

SELECT ?creator ?placebirthLabel ?geoloc where {
?item wdt:P31/wdt:P279* wd:Q838948 . # oeuvre d'art et ss-classe
?item wdt:P608 wd:Q20980830. # du projet Europeana 280
?item wdt:P170 ?creator. # createur
?creator wdt:P19 ?placebirth. # lieu de naissance
?placebirth wdt:P625 ?geoloc . #coordonnees geo
SERVICE wikibase:label {
bd:serviceParam wikibase:language ""fr,es,en"" .
}
}",True,False,0.0,2,6
44,medium,Find books published before 1830 with their places of publication.,"PREFIX rdfs: <http://www.w3.org/2000/01/rdf-schema#>
PREFIX xsd: <http://www.w3.org/2001/XMLSchema#>
PREFIX wd: <http://www.wikidata.org/entity/>
PREFIX wdt: <http://www.wikidata.org/prop/direct/>

SELECT ?item ?label ?coord ?place
WHERE
{
VALUES ?type {wd:Q571 wd:Q7725634} # book or literary work
?item wdt:P31 ?type .
?item wdt:P577 ?date FILTER (?date < ""1830-01-01T00:00:00Z""^^xsd:dateTime) .
?item rdfs:label ?label FILTER (lang(?label) = ""en"")
OPTIONAL {
?item (wdt:P291|wdt:P840) ?place . # publication or narration place is ?place
?place wdt:P625 ?coord
}
}",True,True,1.0,2,5
45,medium,List the compositions that feature both organ and orchestra.,"PREFIX bd: <http://www.bigdata.com/rdf#>
PREFIX wd: <http://www.wikidata.org/entity/>
PREFIX wdt: <http://www.wikidata.org/prop/direct/>
PREFIX wikibase: <http://wikiba.se/ontology#>

SELECT ?composition ?composerLabel ?compositionLabel
WHERE
{
?composition wdt:P870/wdt:P279* wd:Q1444;
wdt:P870/wdt:P279* wd:Q42998;
wdt:P86 ?composer.
SERVICE wikibase:label { bd:serviceParam wikibase:language ""en"". }
}",True,True,1.0,2,3
46,medium,List all masonic lodges with a Wikipedia article but no label.,"PREFIX bd: <http://www.bigdata.com/rdf#>
PREFIX schema: <http://schema.org/>
PREFIX wd: <http://www.wikidata.org/entity/>
PREFIX wdt: <http://www.wikidata.org/prop/direct/>
PREFIX wikibase: <http://wikiba.se/ontology#>

SELECT ?Masonic_Lodge ?Masonic_LodgeLabel (sample(?Masonic_LodgeTitle) as ?wpTitle) WHERE {
SERVICE wikibase:label { bd:serviceParam wikibase:language ""[AUTO_LANGUAGE],en"". }
?Masonic_Lodge wdt:P31 wd:Q1454597.
OPTIONAL {
?article schema:about ?Masonic_Lodge ;
schema:name ?Masonic_LodgeTitle
}
} group by ?Masonic_Lodge ?Masonic_LodgeLabel",True,True,1.0,1,1
47,medium,List all countries that are part of a free trade area.,"PREFIX bd: <http://www.bigdata.com/rdf#>
PREFIX wd: <http://www.wikidata.org/entity/>
PREFIX wdt: <http://www.wikidata.org/prop/direct/>
PREFIX wikibase: <http://wikiba.se/ontology#>

SELECT ?c ?cLabel ?item ?itemLabel WHERE {
?item wdt:P31 wd:Q5335686.
?c wdt:P463 ?item
SERVICE wikibase:label { bd:serviceParam wikibase:language ""[AUTO_LANGUAGE],en"". }
} ORDER BY ?itemLabel",True,True,1.0,1,2
48,medium,What are the names of pyramids in Egypt?,"PREFIX bd: <http://www.bigdata.com/rdf#>
PREFIX wd: <http://www.wikidata.org/entity/>
PREFIX wdt: <http://www.wikidata.org/prop/direct/>
PREFIX wikibase: <http://wikiba.se/ontology#>

SELECT ?item ?itemLabel ?image ?coords WHERE {
?item wdt:P31/wdt:P279* wd:Q12516 .
?item wdt:P17 wd:Q79 .
OPTIONAL { ?item wdt:P625 ?coords }
OPTIONAL { ?item wdt:P18 ?image }
SERVICE wikibase:label { bd:serviceParam wikibase:language ""en"" . }
} ORDER BY ?itemLabel",True,True,1.0,2,5
49,medium,Show me a map of national parks in Sweden.,"PREFIX bd: <http://www.bigdata.com/rdf#>
PREFIX wd: <http://www.wikidata.org/entity/>
PREFIX wdt: <http://www.wikidata.org/prop/direct/>
PREFIX wikibase: <http://wikiba.se/ontology#>

select ?shape ?parkLabel ?image {
?park wdt:/wdt:* wd: .
?park wdt:P17 wd: .
?park wdt:P3896 ?shape .
OPTIONAL { ?park wdt:P18 ?image . }
SERVICE wikibase:label { bd:serviceParam wikibase:language ""[AUTO_LANGUAGE],en"". }
} limit 100",True,True,0.0,2,5
50,medium,List all UK cabinet ministers along with their positions and dates of death.,"PREFIX bd: <http://www.bigdata.com/rdf#>
PREFIX wd: <http://www.wikidata.org/entity/>
PREFIX wdt: <http://www.wikidata.org/prop/direct/>
PREFIX wikibase: <http://wikiba.se/ontology#>

SELECT ?person ?personLabel ?positionLabel ?date (URI(CONCAT(""https://discovery.nationalarchives.gov.uk/details/c/"",?ukna)) AS ?url) WHERE {
?person wdt:P3029 ?ukna; # person in UK National Archives
wdt:P39 ?position . ?position wdt:P361 wd:Q112014. # held position in Cabinet of the UK
?person wdt:P570 ?date # death date
SERVICE wikibase:label { bd:serviceParam wikibase:language ""[AUTO_LANGUAGE],en"". }
}",True,True,1.0,1,4
51,medium,List all epic poems with their sitelink counts.,"PREFIX rdfs: <http://www.w3.org/2000/01/rdf-schema#>
PREFIX wd: <http://www.wikidata.org/entity/>
PREFIX wdt: <http://www.wikidata.org/prop/direct/>
PREFIX wikibase: <http://wikiba.se/ontology#>

SELECT ?s ?desc ?linkcount
WHERE
{
?s wdt:P31 wd:Q37484 .
?s wikibase:sitelinks ?linkcount .
OPTIONAL {
?s rdfs:label ?desc FILTER (lang(?desc) = ""en"").
}
} GROUP BY ?s ?desc ?linkcount ORDER BY DESC(?linkcount)",True,True,1.0,1,1
52,medium,List all Western films released before 1925 along with their release dates and locations.,"PREFIX bd: <http://www.bigdata.com/rdf#>
PREFIX wd: <http://www.wikidata.org/entity/>
PREFIX wdt: <http://www.wikidata.org/prop/direct/>
PREFIX wikibase: <http://wikiba.se/ontology#>

SELECT distinct ?event ?eventLabel ?date ?location ?image WHERE {
?event wdt: wd: ;
wdt: ?date FILTER (YEAR(?date) <1925) .
OPTIONAL {?event wdt: ?image .}
SERVICE wikibase:label { bd:serviceParam wikibase:language ""en, fr, de, it, es"". }
}",True,True,0.0,1,3
53,medium,What are the names of buildings taller than the Eiffel Tower?,"PREFIX bd: <http://www.bigdata.com/rdf#>
PREFIX wd: <http://www.wikidata.org/entity/>
PREFIX wdt: <http://www.wikidata.org/prop/direct/>
PREFIX wikibase: <http://wikiba.se/ontology#>

SELECT DISTINCT ?subjectLabel ?coord ?image ?height ?subject WHERE {
?subject wdt:P31/wdt:P279* wd:Q41176 .
?subject wdt:P2048 ?height FILTER (?height > 300)
OPTIONAL {?subject wdt:P729 ?time .}
OPTIONAL {?subject wdt:P18 ?image .}
OPTIONAL {?subject wdt:P625 ?coord .}
SERVICE wikibase:label { bd:serviceParam wikibase:language ""en, fr"" }
}",True,False,0.0,1,6
54,medium,Show me a map of countries with their respective sign languages.,"PREFIX bd: <http://www.bigdata.com/rdf#>
PREFIX wd: <http://www.wikidata.org/entity/>
PREFIX wdt: <http://www.wikidata.org/prop/direct/>
PREFIX wikibase: <http://wikiba.se/ontology#>

SELECT ?sl ?slLabel ?coord ?country ?countryLabel # ?indigenous ?indigenousLabel
WHERE
{
?sl wdt:P31 wd:Q34228.
# ?sl wdt:P2341 ?indigenous.
?sl wdt:P17 ?country.
?country wdt:P625 ?coord.
SERVICE wikibase:label { bd:serviceParam wikibase:language ""ca,en"". }
}",True,True,1.0,1,4
55,medium,List all things that have a first line.,"PREFIX bd: <http://www.bigdata.com/rdf#>
PREFIX wdt: <http://www.wikidata.org/prop/direct/>
PREFIX wikibase: <http://wikiba.se/ontology#>

SELECT (COUNT(?thing) AS ?count) ?typeLabel WHERE {
?thing wdt:P1922 [];
wdt:P31 ?type.
SERVICE wikibase:label {bd:serviceParam wikibase:language ""[AUTO_LANGUAGE],en,de,fr,ru""}
} GROUP BY ?typeLabel
ORDER BY DESC(?count)",True,True,0.0,0,2
56,medium,What are the areas of each state in Malaysia?,"PREFIX bd: <http://www.bigdata.com/rdf#>
PREFIX wd: <http://www.wikidata.org/entity/>
PREFIX wdt: <http://www.wikidata.org/prop/direct/>
PREFIX wikibase: <http://wikiba.se/ontology#>

SELECT ?state_of_Malaysia ?state_of_MalaysiaLabel ?area WHERE {
SERVICE wikibase:label { bd:serviceParam wikibase:language ""[AUTO_LANGUAGE],en"". }
?state_of_Malaysia wdt:P31 wd:Q15063586.
OPTIONAL { ?state_of_Malaysia wdt:P2046 ?area. }
}
ORDER BY(?area)
LIMIT 100",True,True,1.0,1,2
57,medium,List all racing car drivers who died in a crash.,"PREFIX bd: <http://www.bigdata.com/rdf#>
PREFIX wd: <http://www.wikidata.org/entity/>
PREFIX wdt: <http://www.wikidata.org/prop/direct/>
PREFIX wikibase: <http://wikiba.se/ontology#>

SELECT ?item ?death ?itemLabel {
?item wdt:P31 wd:Q5 ; wdt:P106 wd:Q10349745 ; wdt:P509 wd:Q61037771 .
OPTIONAL { ?item wdt:P570 ?death }
SERVICE wikibase:label { bd:serviceParam wikibase:language ""[AUTO_LANGUAGE],en"". }
}
ORDER BY ?death",True,True,1.0,3,4
58,medium,List all movies featuring Bud Spencer as a cast member.,"PREFIX bd: <http://www.bigdata.com/rdf#>
PREFIX wd: <http://www.wikidata.org/entity/>
PREFIX wdt: <http://www.wikidata.org/prop/direct/>
PREFIX wikibase: <http://wikiba.se/ontology#>

SELECT ?item ?itemLabel (MIN(?date) AS ?firstReleased) ?_image
WHERE {
?item wdt:P161 wd:Q221074;
wdt:P577 ?date
SERVICE wikibase:label { bd:serviceParam wikibase:language ""[AUTO_LANGUAGE],en"". }
OPTIONAL { ?item wdt:P18 ?_image. }
} GROUP BY ?item ?itemLabel ?_image
ORDER BY (?date)",True,True,1.0,1,3
59,medium,What are the things named after characters from William Shakespeare's works?,"PREFIX bd: <http://www.bigdata.com/rdf#>
PREFIX wd: <http://www.wikidata.org/entity/>
PREFIX wdt: <http://www.wikidata.org/prop/direct/>
PREFIX wikibase: <http://wikiba.se/ontology#>

SELECT DISTINCT ?obj ?objLabel ?objDescription ?char ?charLabel ?charDescription
WHERE {
?obj wdt:P138 ?char.
?char wdt:P1441/wdt: wd:Q692 # Present in a work written by William Shakespeare
SERVICE wikibase:label { bd:serviceParam wikibase:language ""[AUTO_LANGUAGE],en"" }
} ORDER By ASC(?work)",True,True,0.0,1,3
60,medium,Find all children of Johann Sebastian Bach with his first wife Maria Barbara Bach.,"PREFIX bd: <http://www.bigdata.com/rdf#>
PREFIX wd: <http://www.wikidata.org/entity/>
PREFIX wdt: <http://www.wikidata.org/prop/direct/>
PREFIX wikibase: <http://wikiba.se/ontology#>

SELECT ?child ?childLabel
WHERE
{
?child wdt: wd:;
wdt: wd:;
wdt: wd:,
wd:.
# no indentation; makes it hard to distinguish between ; and ,
SERVICE wikibase:label { bd:serviceParam wikibase:language ""[AUTO_LANGUAGE]"". }
}",True,True,0.0,4,3
61,medium,List all Church of Scotland synods with their corresponding geoshapes.,"PREFIX bd: <http://www.bigdata.com/rdf#>
PREFIX wd: <http://www.wikidata.org/entity/>
PREFIX wdt: <http://www.wikidata.org/prop/direct/>
PREFIX wikibase: <http://wikiba.se/ontology#>

SELECT ?itemLabel ?shape (?itemLabel as ?layer)
WHERE
{
?item wdt: wd: ;
wdt: wd: ;
wdt: ?shape .
SERVICE wikibase:label { bd:serviceParam wikibase:language ""[AUTO_LANGUAGE],en"". }
}",True,True,0.0,2,3
62,medium,List all suburbs in New Zealand along with their coordinates.,"PREFIX bd: <http://www.bigdata.com/rdf#>
PREFIX wd: <http://www.wikidata.org/entity/>
PREFIX wdt: <http://www.wikidata.org/prop/direct/>
PREFIX wikibase: <http://wikiba.se/ontology#>

SELECT ?suburb ?suburbLabel ?coordinate_location WHERE {
SERVICE wikibase:label { bd:serviceParam wikibase:language ""[AUTO_LANGUAGE],en"". }
?suburb wdt: wd:;
wdt: wd:.
OPTIONAL { ?suburb wdt: ?coordinate_location. }
}
LIMIT 10000",True,True,0.0,2,3
63,medium,List the birthplaces of actors from The Matrix movie.,"PREFIX bd: <http://www.bigdata.com/rdf#>
PREFIX wd: <http://www.wikidata.org/entity/>
PREFIX wdt: <http://www.wikidata.org/prop/direct/>
PREFIX wikibase: <http://wikiba.se/ontology#>

select ?actor ?actorLabel ?pobLabel ?geo ?image {
wd:Q83495 wdt:P161 ?actor .
# ?movie wdt:P179 wd:Q1210827 .
optional { ?actor wdt:P19 ?pob . }
optional { ?pob wdt:P625 ?geo . }
optional { ?actor wdt:P18 ?image . }
service wikibase:label { bd:serviceParam wikibase:language ""[AUTO_LANGUAGE],en"". }
}",True,True,1.0,2,5
64,medium,What places are within a 1 km radius of the Arc de Triomphe?,"PREFIX bd: <http://www.bigdata.com/rdf#>
PREFIX wd: <http://www.wikidata.org/entity/>
PREFIX wdt: <http://www.wikidata.org/prop/direct/>
PREFIX wikibase: <http://wikiba.se/ontology#>

SELECT ?place ?placeLabel ?location WHERE
{
wd:Q64436 wdt:P625 ?arcLoc .
SERVICE wikibase:around {
?place wdt:P625 ?location .
bd:serviceParam wikibase:center ?arcLoc .
bd:serviceParam wikibase:radius ""1"" .
}
SERVICE wikibase:label {
bd:serviceParam wikibase:language ""en"" .
}
}",True,True,1.0,1,1
65,medium,List all software developed by the KDE community.,"PREFIX bd: <http://www.bigdata.com/rdf#>
PREFIX wd: <http://www.wikidata.org/entity/>
PREFIX wdt: <http://www.wikidata.org/prop/direct/>
PREFIX wikibase: <http://wikiba.se/ontology#>

SELECT ?software ?softwareLabel ?fsf ?hub ?fram ?logo WHERE {
?software (wdt:/wdt:*) wd:Q7397.
?software wdt: wd:.
OPTIONAL {?software wdt: ?fsf.}
OPTIONAL {?software wdt: ?hub.}
OPTIONAL {?software wdt: ?fram.}
OPTIONAL {?software wdt: ?logo.}
SERVICE wikibase:label { bd:serviceParam wikibase:language ""en"". }
}",True,True,0.0,2,7
66,medium,List all places with the most public art installations.,"PREFIX bd: <http://www.bigdata.com/rdf#>
PREFIX wd: <http://www.wikidata.org/entity/>
PREFIX wdt: <http://www.wikidata.org/prop/direct/>
PREFIX wikibase: <http://wikiba.se/ontology#>

SELECT ?place ?placeLabel (COUNT(*) AS ?count) WHERE {
?item wdt: wd: .
?item wdt:P131 ?place .
SERVICE wikibase:label { bd:serviceParam wikibase:language ""en"" . }
}
GROUP BY ?place ?placeLabel
ORDER BY DESC(?count) ?placeLabel",True,True,0.0,1,2
67,medium,List all French municipalities with their corresponding banners.,"PREFIX bd: <http://www.bigdata.com/rdf#>
PREFIX wd: <http://www.wikidata.org/entity/>
PREFIX wdt: <http://www.wikidata.org/prop/direct/>
PREFIX wikibase: <http://wikiba.se/ontology#>

SELECT ?item ?itemLabel ?banner WHERE {
?item wdt:P31/wdt:P279* wd:Q484170 .
?item wdt:P948 ?banner .
SERVICE wikibase:label { bd:serviceParam wikibase:language ""fr"". }
} ORDER BY ?itemLabel",True,True,1.0,1,3
68,medium,"List all paintings by Ferdinand Georg Waldmüller in the Belvedere, Vienna.","PREFIX bd: <http://www.bigdata.com/rdf#>
PREFIX wd: <http://www.wikidata.org/entity/>
PREFIX wdt: <http://www.wikidata.org/prop/direct/>
PREFIX wikibase: <http://wikiba.se/ontology#>

SELECT DISTINCT ?item ?itemLabel ?itemDescription ?image ?collection ?collectionLabel WHERE {
?item wdt:P31 wd:Q3305213 ; # Get items that are instances of painting
wdt:P170 wd:Q186816 ; # By creator Waldmuller
wdt:P195/wdt:P361* ?collection . # That are in some collection
# Only return results where 'collection' is the Belvedere
FILTER ( ?collection = wd:Q303139 || ?collection = wd:Q303139 )
OPTIONAL { ?item wdt:P18 ?image } # Optionally with an image
SERVICE wikibase:label { bd:serviceParam wikibase:language ""[AUTO_LANGUAGE]"" }
}",True,True,0.9935,3,5
69,medium,How many words are listed on Wikidata in languages spoken in India?,"PREFIX bd: <http://www.bigdata.com/rdf#>
PREFIX dct: <http://purl.org/dc/terms/>
PREFIX p: <http://www.wikidata.org/prop/>
PREFIX ps: <http://www.wikidata.org/prop/statement/>
PREFIX wd: <http://www.wikidata.org/entity/>
PREFIX wikibase: <http://wikiba.se/ontology#>

SELECT ?lang ?langLabel (COUNT(?lexeme) as ?lexemes) {
?lexeme dct:language ?lang.
wd:Q668 p:P2936/ps:P2936 ?lang.
FILTER(?lang != wd:Q1860)
FILTER(?lang != wd:)
SERVICE wikibase:label { bd:serviceParam wikibase:language ""[AUTO_LANGUAGE],en"". }
}
GROUP BY ?lang ?langLabel",True,False,0.0,3,1
70,medium,List all images used in more than 10 items.,"PREFIX wdt: <http://www.wikidata.org/prop/direct/>

SELECT ?image (count(?image) AS ?cnt) (group_concat(?item) AS ?items) {
?item wdt:P18 ?image
} group by ?image having (?cnt>10)",True,False,0.0,0,1
71,medium,List all politicians who were members of the Whig party.,"PREFIX bd: <http://www.bigdata.com/rdf#>
PREFIX wd: <http://www.wikidata.org/entity/>
PREFIX wdt: <http://www.wikidata.org/prop/direct/>
PREFIX wikibase: <http://wikiba.se/ontology#>

SELECT ?person ?personLabel ?birthLabel ?deathLabel
WHERE {
?person wdt:P102 wd:Q108700
OPTIONAL{ ?person wdt:P19 ?birth }
OPTIONAL{ ?person wdt:P20 ?death }
SERVICE wikibase:label { bd:serviceParam wikibase:language ""[AUTO_LANGUAGE],en"" }
} ORDER by ?personLabel",True,True,1.0,1,3
72,medium,"Find parks in Oslo, Norway that are missing images on Wikidata.","PREFIX bd: <http://www.bigdata.com/rdf#>
PREFIX wd: <http://www.wikidata.org/entity/>
PREFIX wdt: <http://www.wikidata.org/prop/direct/>
PREFIX wikibase: <http://wikiba.se/ontology#>

SELECT ?item ?itemLabel ?coord
WHERE
{
?item wdt:P31 wd:Q22698;
wdt:P17 wd:Q20;
wdt:P131 wd:Q5245991;
wdt:P625 ?coord.
MINUS { ?item wdt: [] }
SERVICE wikibase:label { bd:serviceParam wikibase:language ""nb,en"". }
}",True,True,0.0778,3,5
73,medium,"Show me a map of people's birthplaces, categorized by century.","PREFIX wdt: <http://www.wikidata.org/prop/direct/>

SELECT * WHERE {
?q wdt: ?id .
?q wdt: ?date .
?q wdt:/wdt: ?coord .
BIND ( floor(year(?date)/100) AS ?layer )
}",True,True,0.0,0,4
74,medium,Find research papers on backward contact tracing and list their DOIs.,"PREFIX bd: <http://www.bigdata.com/rdf#>
PREFIX wd: <http://www.wikidata.org/entity/>
PREFIX wdt: <http://www.wikidata.org/prop/direct/>
PREFIX wikibase: <http://wikiba.se/ontology#>

SELECT ?item ?itemLabel ?doi ?journal ?journalLabel WHERE {
?item wdt: wd:.
SERVICE wikibase:label {
bd:serviceParam wikibase:language ""en"" .
}
OPTIONAL { ?item wdt: ?_image. }
OPTIONAL { ?item wdt: ?doi. }
OPTIONAL { ?item wdt: ?journal. }
}
LIMIT 100",True,True,0.0,1,4
75,medium,List the notable alumni of University of Reading who have won awards.,"PREFIX bd: <http://www.bigdata.com/rdf#>
PREFIX wd: <http://www.wikidata.org/entity/>
PREFIX wdt: <http://www.wikidata.org/prop/direct/>
PREFIX wikibase: <http://wikiba.se/ontology#>

SELECT ?alum ?alumLabel ?awardLabel WHERE {
?alum wdt:P69 wd: .
?alum wdt:P166 ?award .
SERVICE wikibase:label { bd:serviceParam wikibase:language ""[AUTO_LANGUAGE],en"". }
} ORDER BY ?alumLabel",True,True,0.0,1,2
76,medium,List all music genres.,"PREFIX bd: <http://www.bigdata.com/rdf#>
PREFIX wd: <http://www.wikidata.org/entity/>
PREFIX wdt: <http://www.wikidata.org/prop/direct/>
PREFIX wikibase: <http://wikiba.se/ontology#>

SELECT ?item ?itemLabel ?_image ?_subclass_of ?_subclass_ofLabel WHERE {
?item wdt:P31 wd:Q188451.
SERVICE wikibase:label { bd:serviceParam wikibase:language ""en"". }
OPTIONAL { ?item wdt:P279 ?_subclass_of. }
OPTIONAL { ?item wdt:P18 ?_image. }
}",True,True,1.0,1,3
77,medium,List all museums in Tunisia along with their coordinates and images.,"PREFIX bd: <http://www.bigdata.com/rdf#>
PREFIX wd: <http://www.wikidata.org/entity/>
PREFIX wdt: <http://www.wikidata.org/prop/direct/>
PREFIX wikibase: <http://wikiba.se/ontology#>

SELECT ?museum ?museumLabel ?coord ?image WHERE {
?museum wdt:P31/wdt:P279* wd:Q33506 ; wdt:P17 wd:Q948 .
OPTIONAL { ?museum wdt:P625 ?coord }
OPTIONAL { ?museum wdt:P18 ?image }
SERVICE wikibase:label { bd:serviceParam wikibase:language ""[AUTO_LANGUAGE],en"". }
}",True,True,1.0,2,5
78,medium,Show me a list of archives on Wikidata along with their coordinates.,"PREFIX bd: <http://www.bigdata.com/rdf#>
PREFIX wd: <http://www.wikidata.org/entity/>
PREFIX wdt: <http://www.wikidata.org/prop/direct/>
PREFIX wikibase: <http://wikiba.se/ontology#>

SELECT ?Archiv ?ArchivLabel ?archiviert_in ?archiviert_inLabel ?geographische_Koordinaten
WHERE {SERVICE wikibase:label { bd:serviceParam wikibase:language ""[AUTO_LANGUAGE],en"". }
?Archiv wdt:P31/wdt:P279* wd:Q166118.
OPTIONAL { ?Archiv wdt:P625 ?geographische_Koordinaten. }
}
LIMIT 100000",True,True,1.0,1,3
79,medium,Find images of ancient Egyptian rulers.,"PREFIX bd: <http://www.bigdata.com/rdf#>
PREFIX wd: <http://www.wikidata.org/entity/>
PREFIX wdt: <http://www.wikidata.org/prop/direct/>
PREFIX wikibase: <http://wikiba.se/ontology#>

SELECT ?q ?qLabel ?img {
?q wdt:P31 wd:Q5 .
?q wdt:P39 wd:Q37110
OPTIONAL { ?q wdt:P18 ?img }
SERVICE wikibase:label { bd:serviceParam wikibase:language ""en"". }
}",True,True,1.0,2,3
80,medium,Find locations on iNaturalist and show them on a map.,"PREFIX bd: <http://www.bigdata.com/rdf#>
PREFIX wdt: <http://www.wikidata.org/prop/direct/>
PREFIX wikibase: <http://wikiba.se/ontology#>

SELECT DISTINCT ?item ?itemLabel ?pic ?coord ?iNatlink WHERE {
?item wdt:P7471 ?iNat.
?item wdt:P625 ?coord.
OPTIONAL { ?item wdt:P18 ?pic. }
BIND(URI(CONCAT(""https://www.inaturalist.org/observations?subview=grid&view=species&place_id="", STR(?iNat))) AS ?iNatlink)
SERVICE wikibase:label { bd:serviceParam wikibase:language ""[AUTO_LANGUAGE],en"". }
}",True,True,0.0,0,3
81,medium,What are the cathedrals in Paris?,"PREFIX bd: <http://www.bigdata.com/rdf#>
PREFIX wd: <http://www.wikidata.org/entity/>
PREFIX wdt: <http://www.wikidata.org/prop/direct/>
PREFIX wikibase: <http://wikiba.se/ontology#>

SELECT ?item ?itemLabel ?placeLabel ?coords ?image
WHERE
{
?item wdt:P31 wd:Q2977 .
?item wdt:P131 ?place .
?place wdt:P131 wd:Q90 .
OPTIONAL { ?item wdt:P625 ?coords . }
OPTIONAL { ?item wdt:P18 ?image . }
SERVICE wikibase:label { bd:serviceParam wikibase:language ""fr"" . }
} ORDER BY ?placeLabel ?itemLabel",True,True,1.0,2,4
82,medium,"Show me a list of railway stations in France, sorted by the number of tracks they have.","PREFIX bd: <http://www.bigdata.com/rdf#>
PREFIX wd: <http://www.wikidata.org/entity/>
PREFIX wdt: <http://www.wikidata.org/prop/direct/>
PREFIX wikibase: <http://wikiba.se/ontology#>

SELECT ?item ?itemLabel ?country ?pic ?cityLabel WHERE {
?item wdt:P31 wd:Q55488;
wdt:P17 wd:Q142;
wdt:P18 ?pic;
wdt:P131 ?city;
wdt:P1103 ?nbVoies .
SERVICE wikibase:label { bd:serviceParam wikibase:language ""[AUTO_LANGUAGE],en"" }
} ORDER BY desc(?nbVoies)",True,True,1.0,2,5
83,medium,List the birds that are native to a region in France.,"PREFIX bd: <http://www.bigdata.com/rdf#>
PREFIX wd: <http://www.wikidata.org/entity/>
PREFIX wdt: <http://www.wikidata.org/prop/direct/>
PREFIX wikibase: <http://wikiba.se/ontology#>

SELECT ?item ?itemLabel ?place ?placeLabel ?image
WHERE
{
?item wdt:P183 ?place .
?item wdt:P171+ wd:Q5113 .
?place wdt:P17 wd:Q142 .
OPTIONAL { ?item wdt:P18 ?image . }
SERVICE wikibase:label { bd:serviceParam wikibase:language ""[AUTO_LANGUAGE],en"". }
}",True,True,1.0,2,2
84,medium,List all universities in Mexico along with their founding dates.,"PREFIX bd: <http://www.bigdata.com/rdf#>
PREFIX wd: <http://www.wikidata.org/entity/>
PREFIX wdt: <http://www.wikidata.org/prop/direct/>
PREFIX wikibase: <http://wikiba.se/ontology#>

SELECT DISTINCT ?universidad ?universidadLabel ?fecha WHERE {
?universidad wdt:P17 wd:Q96 ;
wdt:P31 wd:Q3918 ;
wdt:P571 ?fecha.
SERVICE wikibase:label { bd:serviceParam wikibase:language ""es, en"". }
}",True,True,1.0,2,3
85,medium,Find the places where people named Michael or its variants were born.,"PREFIX bd: <http://www.bigdata.com/rdf#>
PREFIX wd: <http://www.wikidata.org/entity/>
PREFIX wdt: <http://www.wikidata.org/prop/direct/>
PREFIX wikibase: <http://wikiba.se/ontology#>

SELECT ?pertsona ?pertsonaLabel ?koord WHERE {
SERVICE wikibase:label { bd:serviceParam wikibase:language ""[AUTO_LANGUAGE],en"". }
?Mikel wdt:P460 wd:Q4927524.
?pertsona wdt:P735 ?Mikel.
?pertsona wdt:P19 ?jaiolekua.
?jaiolekua wdt:P625 ?koord.
}",True,True,1.0,1,4
86,medium,Find properties with missing labels or descriptions in Spanish.,"PREFIX bd: <http://www.bigdata.com/rdf#>
PREFIX rdfs: <http://www.w3.org/2000/01/rdf-schema#>
PREFIX schema: <http://schema.org/>
PREFIX wikibase: <http://wikiba.se/ontology#>

SELECT ?property ?propertyLabel ?propertyDescription ?datatype ?missingLbl ?missingDesc WHERE {
?property wikibase:propertyType ?datatype .
OPTIONAL { ?property rdfs:label ?missingLbl . FILTER(LANG(?missingLbl) = 'es') }
OPTIONAL { ?property schema:description ?missingDesc . FILTER(LANG(?missingDesc) = 'es') }
FILTER(!BOUND(?missingLbl)|| !BOUND(?missingDesc)) .
SERVICE wikibase:label { bd:serviceParam wikibase:language 'en' }
}",True,True,1.0,0,0
87,medium,How many statements are supported by a reference with a DOI?,"PREFIX prov: <http://www.w3.org/ns/prov#>
PREFIX wdt: <http://www.wikidata.org/prop/direct/>

SELECT (COUNT (?statement) as ?statements) WHERE {
?entry ?p ?statement .
?statement prov:wasDerivedFrom/
<http://www.wikidata.org/prop/reference/P248>/
wdt:P356 ?doi .
}",True,False,0.0,0,1
88,medium,Find images of architectural drawings depicting cathedrals in France.,"PREFIX bd: <http://www.bigdata.com/rdf#>
PREFIX wd: <http://www.wikidata.org/entity/>
PREFIX wdt: <http://www.wikidata.org/prop/direct/>
PREFIX wikibase: <http://wikiba.se/ontology#>

SELECT ?dessin_d_architecture ?image ?geoloc ?cr_ateurLabel ?d_peintLabel WHERE {
SERVICE wikibase:label { bd:serviceParam wikibase:language ""[AUTO_LANGUAGE],en"". }
?dessin_d_architecture wdt:P31 wd:Q184784.
OPTIONAL { ?dessin_d_architecture wdt:P18 ?image. }
OPTIONAL { ?dessin_d_architecture wdt:P625 ?geoloc. }
OPTIONAL { }
OPTIONAL { }
OPTIONAL { ?dessin_d_architecture wdt:P170 ?cr_ateur. }
OPTIONAL { ?dessin_d_architecture wdt:P180 ?d_peint. }
}
LIMIT 100",True,True,1.0,1,4
89,medium,What are the most common ingredients used in a sandwich?,"PREFIX bd: <http://www.bigdata.com/rdf#>
PREFIX wd: <http://www.wikidata.org/entity/>
PREFIX wdt: <http://www.wikidata.org/prop/direct/>
PREFIX wikibase: <http://wikiba.se/ontology#>

SELECT ?ingredienteLabel (COUNT (?ingrediente) AS ?count)
WHERE
{
?sandwich wdt:P31?/wdt:P279* wd:Q28803;
wdt:P527 ?ingrediente.
SERVICE wikibase:label { bd:serviceParam wikibase:language ""es"", ""en"". }
}
GROUP BY ?ingredienteLabel
ORDER BY DESC (?count)",True,True,1.0,1,3
90,medium,List all items with an inventory number but no collection.,"PREFIX p: <http://www.wikidata.org/prop/>
PREFIX pq: <http://www.wikidata.org/prop/qualifier/>
PREFIX ps: <http://www.wikidata.org/prop/statement/>
PREFIX wdt: <http://www.wikidata.org/prop/direct/>

SELECT ?obj ?collection ?inventory WHERE {
?obj p:P217 ?s.
?s pq:P195 ?collection; ps:P217 ?inventory
MINUS {?obj wdt:P195 []}
}",True,False,0.0,0,2
91,medium,Find the addresses of city halls in Spain.,"PREFIX bd: <http://www.bigdata.com/rdf#>
PREFIX wd: <http://www.wikidata.org/entity/>
PREFIX wdt: <http://www.wikidata.org/prop/direct/>
PREFIX wikibase: <http://wikiba.se/ontology#>

SELECT ?casa_consistorial ?casa_consistorialLabel ?coordenadas WHERE {
SERVICE wikibase:label { bd:serviceParam wikibase:language ""[AUTO_LANGUAGE],en"". }
?casa_consistorial wdt:P31 wd:Q543654.
?casa_consistorial wdt:P17 wd:Q29.
OPTIONAL { ?casa_consistorial wdt:P625 ?coordenadas. }
}",True,True,1.0,2,3
92,medium,List all cities and towns in Denmark along with their population and OSM relation IDs.,"PREFIX bd: <http://www.bigdata.com/rdf#>
PREFIX wd: <http://www.wikidata.org/entity/>
PREFIX wdt: <http://www.wikidata.org/prop/direct/>
PREFIX wikibase: <http://wikiba.se/ontology#>

SELECT ?city ?cityLabel ?population ?OSM_relation_ID WHERE {
SERVICE wikibase:label { bd:serviceParam wikibase:language ""[AUTO_LANGUAGE],en"". }
VALUES ?town_or_city {
wd:Q3957
wd:Q515
}
?city (wdt:P31/(wdt:P279*)) ?town_or_city;
wdt:P17 wd:Q35.
OPTIONAL { ?city wdt:P1082 ?population. }
OPTIONAL { ?city wdt:P402 ?OSM_relation_ID. }
}
LIMIT 100",True,False,0.0,3,5
93,medium,What country shares a border with all municipalities in the Basque Country?,"PREFIX bd: <http://www.bigdata.com/rdf#>
PREFIX wd: <http://www.wikidata.org/entity/>
PREFIX wdt: <http://www.wikidata.org/prop/direct/>
PREFIX wikibase: <http://wikiba.se/ontology#>

SELECT ?udalerria ?udalerriaLabel ?mugakideak ?mugakideakLabel WHERE {
SERVICE wikibase:label { bd:serviceParam wikibase:language ""[AUTO_LANGUAGE],en"". }
{ ?udalerria wdt:P31 wd:Q2074737. }
UNION
{ ?udalerria wdt:P31 wd:Q484170. }
?udalerria ((wdt:P131*)/^wdt:P527) wd:Q3995.
?udalerria wdt:P47 ?mugakideak.
}",True,True,0.3885,3,4
94,medium,Find photographs of restoration works in French National Archives from the 19th century.,"PREFIX bd: <http://www.bigdata.com/rdf#>
PREFIX wd: <http://www.wikidata.org/entity/>
PREFIX wdt: <http://www.wikidata.org/prop/direct/>
PREFIX wikibase: <http://wikiba.se/ontology#>

SELECT ?sous_s_rie_F_19_des_Archives_nationales ?sous_s_rie_F_19_des_Archives_nationalesLabel ?image ?coordonn_es_g_ographiques ?date_de_fondation_ou_de_cr_ation ?cr_ateur ?cr_ateurLabel WHERE {
SERVICE wikibase:label { bd:serviceParam wikibase:language ""[AUTO_LANGUAGE],en"". }
?sous_s_rie_F_19_des_Archives_nationales wdt:P361 wd:Q64556342.
OPTIONAL { ?sous_s_rie_F_19_des_Archives_nationales wdt:P18 ?image. }
OPTIONAL { ?sous_s_rie_F_19_des_Archives_nationales wdt:P625 ?coordonn_es_g_ographiques. }
OPTIONAL { ?sous_s_rie_F_19_des_Archives_nationales wdt:P571 ?date_de_fondation_ou_de_cr_ation. }
OPTIONAL { ?sous_s_rie_F_19_des_Archives_nationales wdt:P170 ?cr_ateur. }
}
LIMIT 1000",True,True,1.0,1,5
95,medium,Show a line graph of COVID-19 cases over time for each state in India.,"PREFIX bd: <http://www.bigdata.com/rdf#>
PREFIX p: <http://www.wikidata.org/prop/>
PREFIX pq: <http://www.wikidata.org/prop/qualifier/>
PREFIX ps: <http://www.wikidata.org/prop/statement/>
PREFIX wd: <http://www.wikidata.org/entity/>
PREFIX wdt: <http://www.wikidata.org/prop/direct/>
PREFIX wikibase: <http://wikiba.se/ontology#>

SELECT ?state ?time ?cases ?stateLabel {
wd:Q84055514 wdt:P527 ?statecases.
?statecases wdt:P276 ?state ; p:P1603 ?casestmt.
?casestmt ps:P1603 ?cases ; pq: ?time.
SERVICE wikibase:label { bd:serviceParam wikibase:language ""[AUTO_LANGUAGE],en"". }
}",True,True,0.0,1,4
96,medium,List all databases and digital libraries without an official URL.,"PREFIX bd: <http://www.bigdata.com/rdf#>
PREFIX wd: <http://www.wikidata.org/entity/>
PREFIX wdt: <http://www.wikidata.org/prop/direct/>
PREFIX wikibase: <http://wikiba.se/ontology#>

SELECT ?store ?storeLabel ?typeLabel WHERE {
VALUES ?type { wd: wd: wd: wd:Q5227308 wd: wd: wd: }
?store wdt: ?type
MINUS{ ?store wdt: [] }
SERVICE wikibase:label {
bd:serviceParam wikibase:language ""[AUTO_LANGUAGE],en"".
}
} ORDER BY ?typeLabel UCASE(?storeLabel)",True,True,0.0,6,2
97,medium,Show me a map of Slovenian cultural monuments with different colours for each type.,"PREFIX bd: <http://www.bigdata.com/rdf#>
PREFIX rdfs: <http://www.w3.org/2000/01/rdf-schema#>
PREFIX wdt: <http://www.wikidata.org/prop/direct/>
PREFIX wikibase: <http://wikiba.se/ontology#>

SELECT ?item ?itemLabel ?ESD ?coord ?image ?layer
WHERE
{
?item wdt: ?ESD .
OPTIONAL { ?item wdt: ?coord }
OPTIONAL { ?item wdt: ?image }
OPTIONAL { ?item wdt: ?type }
SERVICE wikibase:label {
bd:serviceParam wikibase:language ""en"" .
?item rdfs:label ?itemLabel .
?type rdfs:label ?layer .
}
}",True,True,0.0,0,4
98,medium,List French-speaking female writers with their signatures.,"PREFIX bd: <http://www.bigdata.com/rdf#>
PREFIX schema: <http://schema.org/>
PREFIX wd: <http://www.wikidata.org/entity/>
PREFIX wdt: <http://www.wikidata.org/prop/direct/>
PREFIX wikibase: <http://wikiba.se/ontology#>

SELECT ?author ?authorLabel ?signature WHERE {
?author wdt:P21 wd:.
?author wdt:P106 wd:.
?author wdt:P1412 wd:Q150.
?author wdt:P570 ?died.
?author wdt:P109 ?signature.
OPTIONAL { ?wikisourcePage schema:about ?author. }
SERVICE wikibase:label { bd:serviceParam wikibase:language ""fr"". }
}
GROUP BY ?author ?authorLabel ?signature",True,True,0.0,3,5
99,medium,List artworks that feature the Moon as a subject.,"PREFIX bd: <http://www.bigdata.com/rdf#>
PREFIX wd: <http://www.wikidata.org/entity/>
PREFIX wdt: <http://www.wikidata.org/prop/direct/>
PREFIX wikibase: <http://wikiba.se/ontology#>

SELECT ?item ?itemLabel ?itemDescription ?creatorLabel ?image WHERE {
?item wdt:P31*/wdt:P279* wd:Q838948.
?item wdt:0 wd:Q405.
?item wdt: ?creator
OPTIONAL { ?item wdt: ?image } # Optionally with an image
SERVICE wikibase:label { bd:serviceParam wikibase:language ""[AUTO_LANGUAGE],en,fr"" }
}",True,True,1.0,2,4
100,medium,"Find all grandchildren of Johann Sebastian Bach where the parent is his first wife, Maria Barbara Bach.","PREFIX bd: <http://www.bigdata.com/rdf#>
PREFIX wd: <http://www.wikidata.org/entity/>
PREFIX wdt: <http://www.wikidata.org/prop/direct/>
PREFIX wikibase: <http://wikiba.se/ontology#>

SELECT ?grandChild ?grandChildLabel
WHERE
{
wd: wdt: ?child.
?child wdt: ?grandChild.
SERVICE wikibase:label { bd:serviceParam wikibase:language ""[AUTO_LANGUAGE]"". }
}",True,True,0.0,1,1
101,medium,List all five-letter English words that start with the letter F.,"PREFIX dct: <http://purl.org/dc/terms/>
PREFIX ontolex: <http://www.w3.org/ns/lemon/ontolex#>
PREFIX wdt: <http://www.wikidata.org/prop/direct/>

SELECT ?lexeme ?word WHERE {
?lexeme a ontolex:LexicalEntry ; dct:language ?language ; ontolex:lexicalForm ?form .
?form ontolex:representation ?word .
?language wdt: 'en' .
filter(strlen(?word)=5)
filter(strstarts(ucase(?word),""F""))
} order by ?word",True,True,0.0,0,1
102,medium,Show me a map of remarkable trees in Bulgaria.,"PREFIX bd: <http://www.bigdata.com/rdf#>
PREFIX rdfs: <http://www.w3.org/2000/01/rdf-schema#>
PREFIX wd: <http://www.wikidata.org/entity/>
PREFIX wdt: <http://www.wikidata.org/prop/direct/>
PREFIX wikibase: <http://wikiba.se/ontology#>

select ?label ?layer ?x ?coords {
?x wdt:P31 wd:Q811534 ; wdt:P625 ?coords ; wdt:P31 ?species ; wdt:P17 wd:Q219 .
?species wdt:P31 wd:Q16521 .
SERVICE wikibase:label { bd:serviceParam wikibase:language ""bg"".
?x rdfs:label ?label .
?species rdfs:label ?layer .
}
}",True,True,1.0,3,3
103,medium,List the inventors who are members of the Republican Party.,"PREFIX bd: <http://www.bigdata.com/rdf#>
PREFIX wd: <http://www.wikidata.org/entity/>
PREFIX wdt: <http://www.wikidata.org/prop/direct/>
PREFIX wikibase: <http://wikiba.se/ontology#>

SELECT ?item ?itemDescription ?republican ?republicanLabel WHERE {
?republican wdt:P102 wd:Q29468.
?item wdt:P61 ?republican.
SERVICE wikibase:label { bd:serviceParam wikibase:language ""en"". }
}",True,True,1.0,1,2
104,medium,List all websites without an official webpage.,"PREFIX bd: <http://www.bigdata.com/rdf#>
PREFIX wd: <http://www.wikidata.org/entity/>
PREFIX wdt: <http://www.wikidata.org/prop/direct/>
PREFIX wikibase: <http://wikiba.se/ontology#>

SELECT ?item ?itemLabel WHERE {
?item (wdt:P31/wdt:P279*) wd:Q35127.
MINUS { ?item wdt:P856 ?site. }
SERVICE wikibase:label { bd:serviceParam wikibase:language ""en,de,nl,ja,fr,no"". }
}",True,True,1.0,1,3
105,medium,List all external links mentioned in the Wikipedia article about Ashmolean Museum.,"PREFIX bd: <http://www.bigdata.com/rdf#>
PREFIX wikibase: <http://wikiba.se/ontology#>

SELECT ?extlink WHERE {
SERVICE wikibase:mwapi {
bd:serviceParam wikibase:api ""Generator"";
wikibase:endpoint ""en.wikipedia.org"";
mwapi:generator ""allpages"";
mwapi:gapfrom ""Ashmolean_Museum"";
mwapi:gapto ""Ashmolean_Museum"";
mwapi:prop ""extlinks"".
?extlink wikibase:apiOutput ""extlinks/el/text()"".
}
}",True,True,1.0,0,0
106,medium,What organisms live in the vagina?,"PREFIX rdfs: <http://www.w3.org/2000/01/rdf-schema#>
PREFIX wd: <http://www.wikidata.org/entity/>
PREFIX wdt: <http://www.wikidata.org/prop/direct/>

SELECT ?organism_name
WHERE
{
?organism_item wdt:P2974 wd:Q5880
; rdfs:label ?organism_name .
?gene wdt:P703 ?organism_item
; wdt: wd:Q319541 .
FILTER (LANG(?organism_name) = ""en"") .
}",True,True,0.0,2,3
107,medium,Find paintings with RKDimages links and display them in an ImageGrid.,"PREFIX wd: <http://www.wikidata.org/entity/>
PREFIX wdt: <http://www.wikidata.org/prop/direct/>

SELECT ?item ?image ?rkdurl WHERE {
wd:P350 wdt:P1630 ?formatterurl .
?item wdt:P31 wd:Q3305213 .
?item wdt:P18 ?image .
?item wdt:P350 ?rkdid .
BIND(IRI(REPLACE(?rkdid, '^(.+)$', ?formatterurl)) AS ?rkdurl).
} LIMIT 10",True,True,0.0,1,4
108,medium,Find film directors who have collaborated with Jean-François Stévenin the most.,"PREFIX bd: <http://www.bigdata.com/rdf#>
PREFIX wd: <http://www.wikidata.org/entity/>
PREFIX wdt: <http://www.wikidata.org/prop/direct/>
PREFIX wikibase: <http://wikiba.se/ontology#>

SELECT DISTINCT ?director ?directorLabel (COUNT(*) AS ?count) WHERE {
?item wdt: wd:Q1684856;
wdt: ?director.
SERVICE wikibase:label { bd:serviceParam wikibase:language ""[AUTO_LANGUAGE],en"". }
}
GROUP BY ?director ?directorLabel
ORDER BY DESC(?count)",True,True,0.0,1,2
109,medium,List all Wikidata properties with their IDs and descriptions.,"PREFIX bd: <http://www.bigdata.com/rdf#>
PREFIX xsd: <http://www.w3.org/2001/XMLSchema#>
PREFIX wikibase: <http://wikiba.se/ontology#>

SELECT ?id ?idLabel ?idDescription ?new {
?id wikibase:directClaim ?pid .
# ?id wikibase:propertyType wikibase:ExternalId .
BIND(Replace(STR(?id),""http://www.wikidata.org/entity/P"","" "") as ?new)
SERVICE wikibase:label { bd:serviceParam wikibase:language ""en,sv"". }
}
ORDER BY DESC(xsd:integer(?new))",True,False,0.0,0,0
110,medium,List all caves with prehistoric art and their coordinates.,"PREFIX bd: <http://www.bigdata.com/rdf#>
PREFIX wd: <http://www.wikidata.org/entity/>
PREFIX wdt: <http://www.wikidata.org/prop/direct/>
PREFIX wikibase: <http://wikiba.se/ontology#>

SELECT DISTINCT ?author ?authorLabel ?image ?coord WHERE {
?author wdt:P31 wd:Q11269813 .
?author wdt:P625 ?coord .
OPTIONAL {?author wdt:P18 ?image .}
SERVICE wikibase:label { bd:serviceParam wikibase:language ""de, en, fr, es, it, cz"" }
}",True,True,1.0,1,3
111,medium,Find a list of women who are computational biologists or bioinformaticians.,"PREFIX bd: <http://www.bigdata.com/rdf#>
PREFIX wd: <http://www.wikidata.org/entity/>
PREFIX wdt: <http://www.wikidata.org/prop/direct/>
PREFIX wikibase: <http://wikiba.se/ontology#>

SELECT DISTINCT ?item ?itemLabel ?_image WHERE {
{ ?item wdt:P106 wd:Q15709480.} # computational biologist
UNION
{ ?item wdt:P106 wd:Q15956275.} # bioinformatician
?item wdt:P21 wd:Q6581072. # female
SERVICE wikibase:label { bd:serviceParam wikibase:language ""en"". }
OPTIONAL { ?item wdt:P18 ?_image. }
}",True,True,1.0,2,3
112,medium,List all US states with the letter A in their name.,"PREFIX rdfs: <http://www.w3.org/2000/01/rdf-schema#>
PREFIX wd: <http://www.wikidata.org/entity/>
PREFIX wdt: <http://www.wikidata.org/prop/direct/>

select ?thing ?label ?shape {
?thing wdt: ?shape .
?thing wdt: wd:Q30 .
?thing rdfs:label ?label .
filter(lang(?label) = 'en')
filter(contains(ucase(?label), ""A""))
?thing wdt: wd: .
}",True,True,0.0,2,3
113,medium,"List all people in the Dictionary of Welsh Biography, categorized by their birthplace and gender.","PREFIX bd: <http://www.bigdata.com/rdf#>
PREFIX wdt: <http://www.wikidata.org/prop/direct/>
PREFIX wikibase: <http://wikiba.se/ontology#>

SELECT ?item ?itemLabel ?coords ?pic ?genderLabel ?type ?typeLabel
where {
?item wdt:P1648 ?biog .
?item wdt:P19 ?location .
?location wdt:P625 ?coords .
?item wdt:P21 ?gender .
?item wdt:P106 ?type .
OPTIONAL { ?item wdt:P18 ?pic }
SERVICE wikibase:label { bd:serviceParam wikibase:language ""[AUTO_LANGUAGE],en"". }
}
GROUP BY ?item ?itemLabel ?coords ?pic ?genderLabel ?type ?typeLabel",True,True,1.0,0,6
114,medium,List all weather satellites with their launch dates.,"PREFIX bd: <http://www.bigdata.com/rdf#>
PREFIX wd: <http://www.wikidata.org/entity/>
PREFIX wdt: <http://www.wikidata.org/prop/direct/>
PREFIX wikibase: <http://wikiba.se/ontology#>

SELECT DISTINCT ?author ?authorLabel ?image ?date WHERE {
?author wdt:P31 wd:Q209363 .
?author wdt:P619 ?date .
OPTIONAL {?author wdt:P18 ?image .}
SERVICE wikibase:label { bd:serviceParam wikibase:language ""de, en, fr, es, it, cz, ru"" }
}",True,True,1.0,1,3
115,medium,Show me hillforts with their protection status on a map.,"PREFIX bd: <http://www.bigdata.com/rdf#>
PREFIX wd: <http://www.wikidata.org/entity/>
PREFIX wdt: <http://www.wikidata.org/prop/direct/>
PREFIX wikibase: <http://wikiba.se/ontology#>

select ?site ?siteLabel ?siteDescription ?location ?photo ?placeNameLabel ?heritageLabel (?heritage as ?layer)
WHERE {
?site wdt: ?place. ?place wdt:* wd: .
?site wdt: ?location.
optional {
?site wdt: ?placeName.
?site wdt: ?photo.
}
?site wdt: ?heritage.
SERVICE wikibase:label { bd:serviceParam wikibase:language ""en,lt,es,[AUTO_LANGUAGE]"". }
}
#defaultView:Map",True,True,0.0,1,5
116,medium,List all viaducts in the UK with their heritage designations.,"PREFIX bd: <http://www.bigdata.com/rdf#>
PREFIX wd: <http://www.wikidata.org/entity/>
PREFIX wdt: <http://www.wikidata.org/prop/direct/>
PREFIX wikibase: <http://wikiba.se/ontology#>

SELECT ?item ?itemLabel ?designationLabel ?img ?id ?coords (?designationLabel AS ?layer) WHERE {
?item wdt:P31/wdt:P279* wd:Q181348 .
?item wdt:P1216|wdt:P709|wdt:P1459 ?id .
?item wdt:P625 ?coords .
?item wdt:P1435 ?designation .
OPTIONAL {?item wdt:P18 ?img} .
SERVICE wikibase:label { bd:serviceParam wikibase:language ""[AUTO_LANGUAGE],en"". }
} ORDER BY ?itemLabel",True,True,1.0,1,8
117,medium,List all humans who received the Theatre World Award in 2016.,"PREFIX bd: <http://www.bigdata.com/rdf#>
PREFIX p: <http://www.wikidata.org/prop/>
PREFIX pq: <http://www.wikidata.org/prop/qualifier/>
PREFIX ps: <http://www.wikidata.org/prop/statement/>
PREFIX wd: <http://www.wikidata.org/entity/>
PREFIX wdt: <http://www.wikidata.org/prop/direct/>
PREFIX wikibase: <http://wikiba.se/ontology#>

SELECT DISTINCT ?item ?itemLabel (year(?date) as ?year)
WHERE {
?item wdt: wd:Q5 .
?item p: ?award .
?award ps: wd: ;
pq: ?date .
SERVICE wikibase:label { bd:serviceParam wikibase:language ""fr"" . }
}",True,True,0.0,2,3
118,medium,"List all synthesizers manufactured by ARP Instruments, Inc.","PREFIX bd: <http://www.bigdata.com/rdf#>
PREFIX wd: <http://www.wikidata.org/entity/>
PREFIX wdt: <http://www.wikidata.org/prop/direct/>
PREFIX wikibase: <http://wikiba.se/ontology#>

SELECT ?item ?itemLabel ?image
WHERE
{
?item wdt:P176 wd:Q296878.
?item wdt:P18 ?image.
SERVICE wikibase:label { bd:serviceParam wikibase:language ""[AUTO_LANGUAGE],en"". }
}",True,True,1.0,1,2
119,medium,List all libraries in Austria along with their coordinates.,"PREFIX bd: <http://www.bigdata.com/rdf#>
PREFIX hint: <http://www.bigdata.com/queryHints#>
PREFIX wd: <http://www.wikidata.org/entity/>
PREFIX wdt: <http://www.wikidata.org/prop/direct/>
PREFIX wikibase: <http://wikiba.se/ontology#>

SELECT ?lib ?libLabel ?coord ?kindOfLibLabel (?kindOfLibLabel AS ?layer) WHERE {
hint:Query hint:optimizer ""None"".
?lib (wdt:P131+) wd:Q40;
(wdt:P31/(wdt:P279*)) wd:Q7075;
wdt:P31 ?kindOfLib;
wdt:P625 ?coord.
SERVICE wikibase:label { bd:serviceParam wikibase:language ""[AUTO_LANGUAGE/wd],en"". }
}",True,False,0.0,2,4
120,medium,List all places where people named Desiree were born.,"PREFIX bd: <http://www.bigdata.com/rdf#>
PREFIX wd: <http://www.wikidata.org/entity/>
PREFIX wdt: <http://www.wikidata.org/prop/direct/>
PREFIX wikibase: <http://wikiba.se/ontology#>

SELECT ?p ?pLabel ?pob ?pobLabel ?coor
WHERE
{
?p wdt:P735 wd:Q919943 .
?p wdt:P19 ?pob .
?pob wdt:P625 ?coor .
SERVICE wikibase:label { bd:serviceParam wikibase:language ""[AUTO_LANGUAGE],en"". }
}",True,True,1.0,1,3
121,medium,List all the house cats that held the position of Chief Mouser to the Cabinet Office.,"PREFIX bd: <http://www.bigdata.com/rdf#>
PREFIX p: <http://www.wikidata.org/prop/>
PREFIX pq: <http://www.wikidata.org/prop/qualifier/>
PREFIX ps: <http://www.wikidata.org/prop/statement/>
PREFIX wd: <http://www.wikidata.org/entity/>
PREFIX wdt: <http://www.wikidata.org/prop/direct/>
PREFIX wikibase: <http://wikiba.se/ontology#>

SELECT ?item ?itemLabel ?startdate (SAMPLE(?image) AS ?image)
WHERE
{
?item wdt:P31 wd:Q146.
?item p:P39 ?mouserOffice.
?mouserOffice ps:P39 wd:Q198641.
?mouserOffice pq:P580 ?startdate .
#?item wdt:P569 ?startdate .
SERVICE wikibase:label { bd:serviceParam wikibase:language ""[AUTO_LANGUAGE],en"" }
OPTIONAL { ?item wdt:P18 ?image }
}
GROUP BY ?item ?itemLabel ?startdate",True,True,1.0,2,5
122,medium,Find items published in A Compendium of Irish Biography without page numbers.,"PREFIX bd: <http://www.bigdata.com/rdf#>
PREFIX p: <http://www.wikidata.org/prop/>
PREFIX pq: <http://www.wikidata.org/prop/qualifier/>
PREFIX ps: <http://www.wikidata.org/prop/statement/>
PREFIX wd: <http://www.wikidata.org/entity/>
PREFIX wikibase: <http://wikiba.se/ontology#>

SELECT ?item ?itemLabel
WHERE
{
?item p:P1433 ?statement . # Items with P1433
?statement ps:P1433 wd:Q19020593 . # ... with statement: published in Q19020593
FILTER NOT EXISTS { # ... filtering out
?statement pq:P304 [] . # ... statements that have a P304 qualifier
}
SERVICE wikibase:label { bd:serviceParam wikibase:language ""[AUTO_LANGUAGE],en"". }
}",True,True,1.0,1,2
123,medium,What are the most popular literary works written in German?,"PREFIX bd: <http://www.bigdata.com/rdf#>
PREFIX schema: <http://schema.org/>
PREFIX wd: <http://www.wikidata.org/entity/>
PREFIX wdt: <http://www.wikidata.org/prop/direct/>
PREFIX wikibase: <http://wikiba.se/ontology#>

SELECT ?q ?qLabel (COUNT(DISTINCT ?sitelink) as ?linkcount) {
?q (wdt:P31/wdt:P279*) wd:Q7725634 . # Literary work
?q wdt:P364 wd:Q188 . # Q188=German Language
?sitelink schema:about ?q
SERVICE wikibase:label { bd:serviceParam wikibase:language ""de"" }
}
GROUP BY ?q ?qLabel
ORDER BY DESC(?linkcount)
LIMIT 500",True,False,0.0,2,3
124,medium,Show me the latest heatwaves that have occurred.,"PREFIX bd: <http://www.bigdata.com/rdf#>
PREFIX wd: <http://www.wikidata.org/entity/>
PREFIX wdt: <http://www.wikidata.org/prop/direct/>
PREFIX wikibase: <http://wikiba.se/ontology#>

SELECT ?item ?itemLabel ?itemDescription ?instance ?instanceLabel ?date WHERE {
SERVICE wikibase:label { bd:serviceParam wikibase:language ""[AUTO_LANGUAGE],en"". }
wd:Q215864 ^(wdt:P279*) ?instance.
?item wdt:P31 ?instance.
OPTIONAL { ?item wdt:P585 ?date. }
}
ORDER BY DESC (?date)
LIMIT 1000",True,True,1.0,1,3
125,medium,Show me the list of countries with multiple official languages.,"PREFIX bd: <http://www.bigdata.com/rdf#>
PREFIX wd: <http://www.wikidata.org/entity/>
PREFIX wdt: <http://www.wikidata.org/prop/direct/>
PREFIX wikibase: <http://wikiba.se/ontology#>

SELECT DISTINCT ?q ?qLabel WHERE {
?q wdt:P31 wd:Q3624078 ; wdt:P37 ?l1 ; wdt:P37 ?l2 .
FILTER ( STR(?l1) < STR(?l2) ) .
SERVICE wikibase:label { bd:serviceParam wikibase:language ""[AUTO_LANGUAGE],en"". }
}
ORDER BY ?qLabel",True,True,1.0,1,2
126,medium,List Czech buildings that serve as both a place of worship and a fire station.,"PREFIX wd: <http://www.wikidata.org/entity/>
PREFIX wdt: <http://www.wikidata.org/prop/direct/>

select ?item ?itemLabel ?img where {
?item wdt:P31 wd:Q1195942 .
?item wdt:P31/wdt:P279* wd:Q24398318 .
optional {?item wdt:P18 ?img .}
}",True,True,0.0,2,3
127,medium,List all Mexican presidents with their signature images on Wikidata.,"PREFIX bd: <http://www.bigdata.com/rdf#>
PREFIX wd: <http://www.wikidata.org/entity/>
PREFIX wdt: <http://www.wikidata.org/prop/direct/>
PREFIX wikibase: <http://wikiba.se/ontology#>

SELECT DISTINCT ?presidente ?presidenteLabel ?firma WHERE {
?presidente wdt:P39 wd:Q628004 ;
wdt:P109 ?firma .
SERVICE wikibase:label { bd:serviceParam wikibase:language ""es"". }
}",True,True,1.0,1,2
128,medium,List all megaliths in the Basque Country with their coordinates.,"PREFIX bd: <http://www.bigdata.com/rdf#>
PREFIX wd: <http://www.wikidata.org/entity/>
PREFIX wdt: <http://www.wikidata.org/prop/direct/>
PREFIX wikibase: <http://wikiba.se/ontology#>

SELECT ?koord ?megalito ?megalitoLabel ?layerLabel WHERE {
SERVICE wikibase:label { bd:serviceParam wikibase:language ""eu,es,en"". }
?megalito wdt:P1435 wd:Q66112157.
?megalito wdt:P625 ?koord.
?megalito wdt:P31 ?mota
BIND (?mota AS ?layer)
}",True,True,1.0,1,3
129,medium,What are the names of spacecraft and their inspirations?,"PREFIX bd: <http://www.bigdata.com/rdf#>
PREFIX wd: <http://www.wikidata.org/entity/>
PREFIX wdt: <http://www.wikidata.org/prop/direct/>
PREFIX wikibase: <http://wikiba.se/ontology#>

SELECT DISTINCT ?obj ?objLabel ?objDescription ?nom ?nomLabel ?nomDescription
WHERE {
{?obj wdt:P31/wdt:P279* wd:Q40218} # type of spacecraft
UNION {?obj wdt:P31/wdt:P279* wd:Q13226541}. # or spaceflight programme
?obj wdt:P138 ?nom #named after
SERVICE wikibase:label { bd:serviceParam wikibase:language ""[AUTO_LANGUAGE],en"" }
} ORDER BY ASC(?objLabel)",True,True,1.0,2,3
130,medium,List all National Trust properties in the UK along with their coordinates.,"PREFIX bd: <http://www.bigdata.com/rdf#>
PREFIX wd: <http://www.wikidata.org/entity/>
PREFIX wdt: <http://www.wikidata.org/prop/direct/>
PREFIX wikibase: <http://wikiba.se/ontology#>

SELECT ?park ?parkLabel ?coord ?image ?web WHERE {
?park wdt:P127 wd:Q333515;
wdt:P625 ?coord.
OPTIONAL { ?park wdt:P18 ?image }
OPTIONAL { ?park wdt:P856 ?web }
SERVICE wikibase:label { bd:serviceParam wikibase:language ""[AUTO_LANGUAGE],en"" }
}",True,True,1.0,1,4
131,medium,Show me the top 50 longest cars in the world.,"PREFIX bd: <http://www.bigdata.com/rdf#>
PREFIX wd: <http://www.wikidata.org/entity/>
PREFIX wdt: <http://www.wikidata.org/prop/direct/>
PREFIX wikibase: <http://wikiba.se/ontology#>

SELECT ?item ?itemLabel ?length WHERE {
?item (wdt:P31/(wdt:P279*)) wd:Q1420;
wdt:P2043 ?length;
SERVICE wikibase:label { bd:serviceParam wikibase:language ""en"". }
}
ORDER BY DESC (?length) (?itemLabel)
LIMIT 50",True,True,1.0,1,3
132,medium,Find paintings that are taller than they are wide and show me the images.,"PREFIX bd: <http://www.bigdata.com/rdf#>
PREFIX wd: <http://www.wikidata.org/entity/>
PREFIX wdt: <http://www.wikidata.org/prop/direct/>
PREFIX wikibase: <http://wikiba.se/ontology#>

SELECT ?i ?iLabel ?iDescription ?collLabel ?image WHERE {
?i wdt:P31 wd:Q3305213.
?i wdt:P136 wd:Q191163 .
?i wdt:P2048 ?height.
?i wdt:P2049 ?width.
FILTER (?height > ?width)
?i wdt:P18 ?image.
?i wdt:P195 ?coll.
SERVICE wikibase:label { bd:serviceParam wikibase:language ""[AUTO_LANGUAGE],en"". }
}",True,True,1.0,2,6
133,medium,List the hometowns of all current US Senators.,"PREFIX wd: <http://www.wikidata.org/entity/>
PREFIX wdt: <http://www.wikidata.org/prop/direct/>

select * { ?s wdt:P39 wd:Q13217683 ; wdt:P19/wdt:P625 ?l }",True,True,1.0,0,3
134,medium,List all the settlements along the Way of Saint James in Basque Country.,"PREFIX bd: <http://www.bigdata.com/rdf#>
PREFIX wd: <http://www.wikidata.org/entity/>
PREFIX wdt: <http://www.wikidata.org/prop/direct/>
PREFIX wikibase: <http://wikiba.se/ontology#>

SELECT DISTINCT ?Donejakue_bidea ?Donejakue_bideaLabel ?koordenatuak ?layerLabel WHERE {
SERVICE wikibase:label { bd:serviceParam wikibase:language ""eu,es,en"". }
?Donejakue_bidea (wdt:P361*) wd:Q5742377.
?Donejakue_bidea wdt:P131*/^wdt:P527 wd:Q3995.
?Donejakue_bidea wdt:P625 ?koordenatuak.
?Donejakue_bidea wdt:P361 ?bidea.
?bidea wdt:P31 wd:Q337912.
BIND (?bidea AS ?layer)
}",True,False,0.0,3,5
135,medium,"What are the English, Welsh and Scottish counties that share borders?","PREFIX bd: <http://www.bigdata.com/rdf#>
PREFIX prov: <http://www.w3.org/ns/prov#>
PREFIX p: <http://www.wikidata.org/prop/>
PREFIX pr: <http://www.wikidata.org/prop/reference/>
PREFIX ps: <http://www.wikidata.org/prop/statement/>
PREFIX wd: <http://www.wikidata.org/entity/>
PREFIX wdt: <http://www.wikidata.org/prop/direct/>
PREFIX wikibase: <http://wikiba.se/ontology#>

SELECT ?place1 ?place1Label ?place2 ?place2Label ?refurl WHERE {
?place1 p: ?statement;
wdt: ?place1type.
?statement ps: ?place2;
FILTER (?place1type IN (wd:Q180673, wd:Q1138494, wd:, wd:Q202435, wd:Q15060255)).
OPTIONAL {?statement prov:wasDerivedFrom/pr: ?refurl}
SERVICE wikibase:label { bd:serviceParam wikibase:language ""[AUTO_LANGUAGE],en"" }
}",True,True,0.0,5,3
136,medium,List Indian people who died in 1959 and whose work is now public domain.,"PREFIX bd: <http://www.bigdata.com/rdf#>
PREFIX wd: <http://www.wikidata.org/entity/>
PREFIX wdt: <http://www.wikidata.org/prop/direct/>
PREFIX wikibase: <http://wikiba.se/ontology#>

SELECT ?i ?iLabel (SAMPLE(?image) as ?photo) {
?i wdt:P31 wd:Q5 ; wdt:P27 wd:Q668 ; wdt:P570 ?date.
OPTIONAL { ?i wdt:P18 ?image }
FILTER(YEAR(?date)=1959)
SERVICE wikibase:label { bd:serviceParam wikibase:language ""[AUTO_LANGUAGE],en"". }
}
GROUP BY ?i ?iLabel",True,True,1.0,2,4
137,medium,"List the top 100 lexemes with their corresponding lemmas, ordered by frequency of compound parts.","PREFIX wdt: <http://www.wikidata.org/prop/direct/>
PREFIX wikibase: <http://wikiba.se/ontology#>

SELECT (COUNT(*) AS ?count) ?lexeme ?lemma {
?lexeme wikibase:lemma ?lemma ;
wdt:P5238 ?parts .
FILTER (!CONTAINS(?lemma, "" ""))
}
GROUP BY ?lexeme?lemma
ORDER BY DESC(?count)
LIMIT 100",True,True,1.0,0,1
138,medium,List all humans without children.,"PREFIX bd: <http://www.bigdata.com/rdf#>
PREFIX rdf: <http://www.w3.org/1999/02/22-rdf-syntax-ns#>
PREFIX wd: <http://www.wikidata.org/entity/>
PREFIX wdno: <http://www.wikidata.org/prop/novalue/>
PREFIX wdt: <http://www.wikidata.org/prop/direct/>
PREFIX wikibase: <http://wikiba.se/ontology#>

SELECT ?human ?humanLabel
WHERE
{
?human wdt:P31 wd:Q5 . #find humans
?human rdf:type wdno:P40 . #with at least one truthy P40 (child) statement defined to be ""no value""
SERVICE wikibase:label { bd:serviceParam wikibase:language ""[AUTO_LANGUAGE],en"" }
}",True,True,1.0,1,2
139,medium,List all rivers in Antarctica.,"PREFIX bd: <http://www.bigdata.com/rdf#>
PREFIX wd: <http://www.wikidata.org/entity/>
PREFIX wdt: <http://www.wikidata.org/prop/direct/>
PREFIX wikibase: <http://wikiba.se/ontology#>

SELECT ?river ?riverLabel ?location
WHERE
{
?river wdt:P31/wdt:P279* wd:Q355304; # watercourse; includes a few creeks - use wd:Q4022 for rivers only
wdt:P30 wd:Q51.
OPTIONAL { ?river wdt:P625 ?location. }
SERVICE wikibase:label { bd:serviceParam wikibase:language ""en"". }
}",True,True,0.0,3,4
140,medium,Show me a map of libraries located in Austria.,"PREFIX bd: <http://www.bigdata.com/rdf#>
PREFIX wd: <http://www.wikidata.org/entity/>
PREFIX wdt: <http://www.wikidata.org/prop/direct/>
PREFIX wikibase: <http://wikiba.se/ontology#>

SELECT DISTINCT ?Bibliothek ?BibliothekLabel ?BibliothekDescription ?geographische_Koordinaten WHERE {
SERVICE wikibase:label { bd:serviceParam wikibase:language ""[AUTO_LANGUAGE],de"". }
?Bibliothek (wdt:P31/wdt:P279*) wd:Q7075.
?Bibliothek wdt:P17 wd:Q40.
?Bibliothek wdt:P131* ?Ort.
OPTIONAL { ?Bibliothek wdt:P625 ?geographische_Koordinaten. }
}",True,True,1.0,2,5
141,medium,List all politicians who died from cancer.,"PREFIX rdfs: <http://www.w3.org/2000/01/rdf-schema#>
PREFIX wd: <http://www.wikidata.org/entity/>
PREFIX wdt: <http://www.wikidata.org/prop/direct/>

SELECT ?politician ?cause ?politician_label ?cause_of_death_label
WHERE
{
?politician wdt:P106 wd:Q82955 . # find items that have ""occupation (P106): politician (Q82955)""
?politician wdt:P509 ?cause . # with a P509 (cause of death) claim
?cause wdt:P279* wd:Q12078 . # ... where the cause is a subclass of (P279*) cancer (Q12078)
# ?politician wdt:P39 wd:Q11696 . # Uncomment this line to include only U.S. Presidents
OPTIONAL {?politician rdfs:label ?politician_label FILTER (lang(?politician_label) = ""en"") .}
OPTIONAL {?cause rdfs:label ?cause_of_death_label FILTER (lang(?cause_of_death_label) = ""en"").}
}
ORDER BY ASC (?politician)",True,True,1.0,3,4
142,medium,List the most popular heritage sites based on their sitelinks.,"PREFIX hint: <http://www.bigdata.com/queryHints#>
PREFIX rdfs: <http://www.w3.org/2000/01/rdf-schema#>
PREFIX wdt: <http://www.wikidata.org/prop/direct/>
PREFIX wikibase: <http://wikiba.se/ontology#>

SELECT DISTINCT
?item ?itemLabel ?sitelinks (SAMPLE(?pic) as ?sample_pic)
WHERE
{
?item wdt:P1435 [] .
?item wikibase:sitelinks ?sitelinks . hint:Prior hint:rangeSafe true.
FILTER (?sitelinks > 50)
?item wdt:P18 ?pic .
?item rdfs:label ?itemLabel .
FILTER (LANG (?itemLabel) = ""en"")
}
GROUP BY ?item ?itemLabel ?sitelinks
ORDER BY DESC(?sitelinks)",True,True,0.9984,0,2
143,medium,List Belgian artists who died in 1949 and will have their work enter the public domain in 2020.,"PREFIX bd: <http://www.bigdata.com/rdf#>
PREFIX wd: <http://www.wikidata.org/entity/>
PREFIX wdt: <http://www.wikidata.org/prop/direct/>
PREFIX wikibase: <http://wikiba.se/ontology#>

SELECT ?name ?nameLabel ?dod ?image WHERE {
?name wdt:P27 wd:Q31 .
?name wdt:P570 ?dod .
OPTIONAL {?name wdt:P18 ?image} .
FILTER (YEAR(?dod) = 1949) .
SERVICE wikibase:label { bd:serviceParam wikibase:language ""[AUTO_LANGUAGE],en"". }
}",True,True,1.0,1,3
144,medium,List the top magic schools by student enrollment.,"PREFIX bd: <http://www.bigdata.com/rdf#>
PREFIX wd: <http://www.wikidata.org/entity/>
PREFIX wdt: <http://www.wikidata.org/prop/direct/>
PREFIX wikibase: <http://wikiba.se/ontology#>

SELECT ?q ?qLabel (COUNT(?person) AS ?count) WHERE {
?q wdt:P31/wdt:P279* wd:Q52085914.
?person wdt:P69 ?q.
SERVICE wikibase:label { bd:serviceParam wikibase:language ""en"". }
}
GROUP BY ?q ?qLabel
ORDER BY DESC(?count)",True,True,1.0,1,3
145,medium,List the countries of origin for people affiliated with Ghana's top 3 traditional universities.,"PREFIX bd: <http://www.bigdata.com/rdf#>
PREFIX wd: <http://www.wikidata.org/entity/>
PREFIX wdt: <http://www.wikidata.org/prop/direct/>
PREFIX wikibase: <http://wikiba.se/ontology#>

SELECT ?lieuLabel ?contLabel (COUNT(DISTINCT ?researcher) AS ?nb) WHERE {
VALUES ?univ { wd:Q2303765 wd:Q1654025 wd:Q746079 }
?researcher (wdt:P108|wdt:P463|wdt:P1416) ?univ .
?researcher wdt:P27 ?lieu .
?lieu wdt:P30 ?cont .
SERVICE wikibase:label { bd:serviceParam wikibase:language ""[AUTO_LANGUAGE],en"". }
}
GROUP BY ?lieuLabel ?contLabel",True,True,1.0,3,5
146,medium,List all male Americans born between 1875 and 1930 with exact dates of death but only year-specific birthdates.,"PREFIX bd: <http://www.bigdata.com/rdf#>
PREFIX xsd: <http://www.w3.org/2001/XMLSchema#>
PREFIX p: <http://www.wikidata.org/prop/>
PREFIX psv: <http://www.wikidata.org/prop/statement/value/>
PREFIX wd: <http://www.wikidata.org/entity/>
PREFIX wdt: <http://www.wikidata.org/prop/direct/>
PREFIX wikibase: <http://wikiba.se/ontology#>

SELECT ?a ?aLabel ?birth_date ?death_date WHERE {
?a wdt: wd:Q30 .
?a wdt: wd: .
?a p:/psv: ?birth_date_node .
?birth_date_node wikibase:timePrecision ""9""^^xsd:integer .
?a p:/psv: ?death_date_node .
?death_date_node wikibase:timePrecision ""11""^^xsd:integer .
?birth_date_node wikibase:timeValue ?birth_date .
?death_date_node wikibase:timeValue ?death_date .
FILTER (year(?birth_date) > 1875) .
FILTER (year(?birth_date) < 1930)
SERVICE wikibase:label {
bd:serviceParam wikibase:language ""en"" .
}
}
ORDER BY ?birth_date ?aLabel",True,True,0.0,2,4
147,medium,List the French towns that have a street in Paris named after them.,"PREFIX bd: <http://www.bigdata.com/rdf#>
PREFIX wd: <http://www.wikidata.org/entity/>
PREFIX wdt: <http://www.wikidata.org/prop/direct/>
PREFIX wikibase: <http://wikiba.se/ontology#>

SELECT DISTINCT ?street ?streetLabel ?town ?coords WHERE {
?street wdt:P630 ?code .
?street wdt:P138 ?town .
?town wdt:P31 wd:Q484170 .
?town wdt:P625 ?coords .
SERVICE wikibase:label { bd:serviceParam wikibase:language ""fr"" . }
} ORDER BY ?itemLabel",True,True,1.0,1,4
148,medium,Show me a map of German states with links to iNaturalist observations.,"PREFIX bd: <http://www.bigdata.com/rdf#>
PREFIX rdfs: <http://www.w3.org/2000/01/rdf-schema#>
PREFIX wd: <http://www.wikidata.org/entity/>
PREFIX wdt: <http://www.wikidata.org/prop/direct/>
PREFIX wikibase: <http://wikiba.se/ontology#>

SELECT DISTINCT ?item ?itemLabel ?pic ?geo ?layer ?iNatlinkI ?iNatlinkII WHERE {
?item wdt:P31 wd:Q1221156.
?item wdt:P7471 ?iNat.
?item wdt:P3896 ?geo.
?item rdfs:label ?label FILTER (lang(?label) = ""de"") .
BIND(?label AS ?layer).
BIND (?itemLabel AS ?rgb)
OPTIONAL { ?item wdt:P18 ?pic. }
BIND(URI(CONCAT(""https://www.inaturalist.org/places/"", STR(?iNat))) AS ?iNatlinkI)
BIND(URI(CONCAT(""https://www.inaturalist.org/observations?subview=grid&view=species&place_id="", STR(?iNat))) AS ?iNatlinkII)
SERVICE wikibase:label { bd:serviceParam wikibase:language ""de,en"". }
}",True,True,1.0,1,4
149,medium,What are the Alpine peaks with an elevation above 1500 meters?,"PREFIX bd: <http://www.bigdata.com/rdf#>
PREFIX wd: <http://www.wikidata.org/entity/>
PREFIX wdt: <http://www.wikidata.org/prop/direct/>
PREFIX wikibase: <http://wikiba.se/ontology#>

SELECT ?item ?itemLabel ?massifLabel ?elevation ?prominence ?isolation ?coords WHERE {
?item wdt: ?massif .
?massif wdt:* wd: .
OPTIONAL { ?item wdt: ?elevation . }
OPTIONAL { ?item wdt: ?prominence . }
OPTIONAL { ?item wdt: ?isolation . }
?item wdt: ?coords .
FILTER ( ?prominence >= 1500 )
SERVICE wikibase:label { bd:serviceParam wikibase:language ""en"" . }
}
ORDER BY DESC(?prominence) ?itemLabel",True,True,1.0,1,5
150,medium,Show me the locations of Pablo Picasso's artworks on a map.,"PREFIX rdfs: <http://www.w3.org/2000/01/rdf-schema#>
PREFIX wd: <http://www.wikidata.org/entity/>
PREFIX wdt: <http://www.wikidata.org/prop/direct/>

SELECT ?label ?coord ?subj
WHERE
{
?subj wdt:P170 wd:Q5593 .
OPTIONAL {?subj wdt:P276 ?loc .
?loc wdt:P625 ?coord } .
?subj rdfs:label ?label FILTER (lang(?label) = ""en"")
}",True,True,1.0,1,3
151,medium,Find scientific statements related to the DOI 10.10.21/JA01577A030.,"PREFIX prov: <http://www.w3.org/ns/prov#>
PREFIX rdfs: <http://www.w3.org/2000/01/rdf-schema#>
PREFIX wdt: <http://www.wikidata.org/prop/direct/>

SELECT ?entryRes ?entry ?statement
WHERE
{
?entryRes ?p ?statement ;
rdfs:label ?entry .
?statement prov:wasDerivedFrom/
<http://www.wikidata.org/prop/reference/P248>/
wdt:P356 ""10.1021/JA01577A030"" .
FILTER(lang(?entry) = ""en"")
}",True,True,1.0,0,1
152,medium,List all Hebrew nouns that can be both masculine and feminine.,"PREFIX dct: <http://purl.org/dc/terms/>
PREFIX ontolex: <http://www.w3.org/ns/lemon/ontolex#>
PREFIX wd: <http://www.wikidata.org/entity/>
PREFIX wikibase: <http://wikiba.se/ontology#>

SELECT ?lexemeId ?lemma ?form ?word WHERE {
?lexemeId dct:language wd:Q9288;
wikibase:lexicalCategory wd:Q1084;
wikibase:lemma ?lemma.
?lexemeId ontolex:lexicalForm ?form .
?form wikibase:grammaticalFeature wd:Q499327;
wikibase:grammaticalFeature wd:Q1775415;
ontolex:representation ?word .
}",True,True,1.0,4,0
153,medium,List all winners of the FSF Award for the Advancement of Free Software along with their images.,"PREFIX bd: <http://www.bigdata.com/rdf#>
PREFIX wd: <http://www.wikidata.org/entity/>
PREFIX wdt: <http://www.wikidata.org/prop/direct/>
PREFIX wikibase: <http://wikiba.se/ontology#>

SELECT ?personLabel ?image
WHERE {
?person wdt: wd:Q1389573 .
?person wdt: ?image .
SERVICE wikibase:label {
bd:serviceParam wikibase:language ""en"" .
}
}",True,True,0.0,1,2
154,medium,Find images of languages and their dialects.,"PREFIX bd: <http://www.bigdata.com/rdf#>
PREFIX wd: <http://www.wikidata.org/entity/>
PREFIX wdt: <http://www.wikidata.org/prop/direct/>
PREFIX wikibase: <http://wikiba.se/ontology#>

SELECT DISTINCT ?item ?itemLabel ?image
WHERE
{
?item wdt:P31/wdt:P279* wd:Q34770 .
?item wdt:P18 ?image .
SERVICE wikibase:label { bd:serviceParam wikibase:language ""[AUTO_LANGUAGE],en"". }
} ORDER BY ?itemLabel",True,True,1.0,1,3
155,medium,"Show me a map of parishes in New South Wales, Australia, organized by county.","PREFIX bd: <http://www.bigdata.com/rdf#>
PREFIX wd: <http://www.wikidata.org/entity/>
PREFIX wdt: <http://www.wikidata.org/prop/direct/>
PREFIX wikibase: <http://wikiba.se/ontology#>

SELECT DISTINCT ?parish ?parishLabel ?coords ?county ?countyLabel WHERE {
?parish wdt:P31/wdt:P279* wd:Q28931907 .
?county wdt:P31/wdt:P279* wd:Q20974973 .
?parish wdt:P131 ?county .
?parish wdt:P625 ?coords.
SERVICE wikibase:label {
bd:serviceParam wikibase:language ""en"" .
}
}
LIMIT 15000",True,True,1.0,2,4
156,medium,List all organizations with their geographic locations.,"PREFIX bd: <http://www.bigdata.com/rdf#>
PREFIX wdt: <http://www.wikidata.org/prop/direct/>
PREFIX wikibase: <http://wikiba.se/ontology#>

SELECT DISTINCT ?item ?itemLabel ?geo ?image
WHERE
{
?item wdt: ?doiPrefix ;
wdt: ?geo.
OPTIONAL {?item wdt: ?image.}
SERVICE wikibase:label { bd:serviceParam wikibase:language ""en"" }
}",True,True,0.0,0,3
157,medium,List all French watercraft whose name begins with the letter A.,"PREFIX rdfs: <http://www.w3.org/2000/01/rdf-schema#>
PREFIX wd: <http://www.wikidata.org/entity/>
PREFIX wdt: <http://www.wikidata.org/prop/direct/>

SELECT DISTINCT ?item ?itemLabel ?image {
?item wdt:P31/wdt:P279* wd:Q1229765 ; wdt:P17 wd:Q142 ; rdfs:label ?itemLabel .
FILTER (LANG(?itemLabel) = ""fr"" && STRSTARTS(?itemLabel, ""A"")) .
OPTIONAL { ?item wdt:P18 ?image } .
}
ORDER BY ?itemLabel",True,True,1.0,2,4
158,medium,List Indian films that are remakes of other Indian movies.,"PREFIX bd: <http://www.bigdata.com/rdf#>
PREFIX wd: <http://www.wikidata.org/entity/>
PREFIX wdt: <http://www.wikidata.org/prop/direct/>
PREFIX wikibase: <http://wikiba.se/ontology#>

SELECT ?i ?iLabel ?j ?jLabel {
?i wdt:P31 wd:Q11424 ; wdt:P495 wd:Q668 ; ^wdt:P144 ?j.
?j wdt:P31 wd:Q11424 ; wdt:P495 wd:Q668.
SERVICE wikibase:label { bd:serviceParam wikibase:language ""[AUTO_LANGUAGE],en"". }
}",True,True,1.0,2,3
159,medium,List the countries with the most metal bands.,"PREFIX bd: <http://www.bigdata.com/rdf#>
PREFIX wd: <http://www.wikidata.org/entity/>
PREFIX wdt: <http://www.wikidata.org/prop/direct/>
PREFIX wikibase: <http://wikiba.se/ontology#>

SELECT ?countryLabel (COUNT(?item) AS ?count)
WHERE
{
?item wdt:P31/wdt:P279* wd:Q2088357 ; wdt:P136/wdt:P279* wd:Q38848 ; wdt:P495 ?country .
SERVICE wikibase:label { bd:serviceParam wikibase:language ""en"". }
}
GROUP BY ?countryLabel",True,True,1.0,2,4
160,medium,List all popes who had a parent that was also a pope.,"PREFIX bd: <http://www.bigdata.com/rdf#>
PREFIX wd: <http://www.wikidata.org/entity/>
PREFIX wdt: <http://www.wikidata.org/prop/direct/>
PREFIX wikibase: <http://wikiba.se/ontology#>

SELECT ?parent ?parentLabel ?child ?childLabel WHERE {
?parent wdt:P40 ?child;
wdt:P39 wd:Q19546.
?child wdt:P39 wd:Q19546.
SERVICE wikibase:label { bd:serviceParam wikibase:language ""[AUTO_LANGUAGE],en,de"". }
}",True,True,1.0,1,2
161,medium,List all locations with the name 'Earth' in any language.,"PREFIX hint: <http://www.bigdata.com/queryHints#>
PREFIX rdfs: <http://www.w3.org/2000/01/rdf-schema#>
PREFIX wd: <http://www.wikidata.org/entity/>
PREFIX wdt: <http://www.wikidata.org/prop/direct/>

SELECT DISTINCT ?place (STR(?label) AS ?placeLabel) WHERE {
hint:Query hint:optimizer 'None' .
BIND(wd:Q2 AS ?earth) .
?earth rdfs:label ?label .
?place rdfs:label ?label .
FILTER (?earth != ?place) .
?place wdt:P31/wdt:P279* wd:Q17334923 .
}",True,True,1.0,2,2
162,medium,List scientific papers where an animal is credited as a co-author.,"PREFIX bd: <http://www.bigdata.com/rdf#>
PREFIX wd: <http://www.wikidata.org/entity/>
PREFIX wdt: <http://www.wikidata.org/prop/direct/>
PREFIX wikibase: <http://wikiba.se/ontology#>

SELECT ?article ?articleLabel ?authorLabel WHERE {
SERVICE wikibase:label { bd:serviceParam wikibase:language ""[AUTO_LANGUAGE],en"". }
?article wdt:P31 wd:Q13442814.
?article wdt:P50 ?author.
?author wdt:P31/wdt:P279* wd:Q729
}
LIMIT 100",True,True,1.0,2,3
163,medium,List all archaeological sites without coordinates.,"PREFIX bd: <http://www.bigdata.com/rdf#>
PREFIX wd: <http://www.wikidata.org/entity/>
PREFIX wdt: <http://www.wikidata.org/prop/direct/>
PREFIX wikibase: <http://wikiba.se/ontology#>

SELECT ?q ?qLabel ?location ?locationLabel {
?q wdt:P31 wd:Q839954
OPTIONAL { ?q wdt:P131 ?location }
MINUS { ?q wdt:P625 ?dummy }
SERVICE wikibase:label { bd:serviceParam wikibase:language ""en"" }
}",True,True,1.0,1,3
164,medium,List national flags that have inscriptions on them.,"PREFIX bd: <http://www.bigdata.com/rdf#>
PREFIX wd: <http://www.wikidata.org/entity/>
PREFIX wdt: <http://www.wikidata.org/prop/direct/>
PREFIX wikibase: <http://wikiba.se/ontology#>

SELECT ?flag ?inscription ?countryLabel ?image WHERE {
?flag wdt:P31/wdt:P279* wd:Q186516;
wdt:P1684 ?inscription.
OPTIONAL { ?flag wdt:P1001|wdt:P17 ?country. }
OPTIONAL { ?flag wdt:P18 ?image. }
SERVICE wikibase:label { bd:serviceParam wikibase:language ""en"". }
}",True,True,1.0,1,6
165,medium,Find individuals with both UK National Archives and US NARA IDs.,"PREFIX bd: <http://www.bigdata.com/rdf#>
PREFIX wdt: <http://www.wikidata.org/prop/direct/>
PREFIX wikibase: <http://wikiba.se/ontology#>

SELECT ?personLabel ?personDescription (URI(CONCAT(""https://discovery.nationalarchives.gov.uk/details/c/"",?ukna)) AS ?uknalink)
(URI(CONCAT(""https://catalog.archives.gov/id/"",?nara)) as ?naralink) WHERE {
?person wdt:P3029 ?ukna; wdt:P1225 ?nara.
SERVICE wikibase:label { bd:serviceParam wikibase:language ""[AUTO_LANGUAGE],en"". }
} ORDER BY ?personLabel",True,True,1.0,0,2
166,medium,List countries with featured articles on Russian Wikipedia.,"PREFIX bd: <http://www.bigdata.com/rdf#>
PREFIX schema: <http://schema.org/>
PREFIX wd: <http://www.wikidata.org/entity/>
PREFIX wdt: <http://www.wikidata.org/prop/direct/>
PREFIX wikibase: <http://wikiba.se/ontology#>

SELECT ?sitelink ?itemLabel WHERE {
?item wdt:P31 wd:Q6256.
?sitelink schema:isPartOf <https://ru.wikipedia.org/>;
schema:about ?item;
wikibase:badge wd:Q17437796 . # Sitelink is badged as a Featured Article
SERVICE wikibase:label { bd:serviceParam wikibase:language ""en"" } .
} ORDER BY ?itemLabel",True,True,1.0,2,1
167,medium,List all fortifications related to the Dutch East India Company (VOC) and the Dutch West India Company (WIC).,"PREFIX bd: <http://www.bigdata.com/rdf#>
PREFIX wd: <http://www.wikidata.org/entity/>
PREFIX wdt: <http://www.wikidata.org/prop/direct/>
PREFIX wikibase: <http://wikiba.se/ontology#>

SELECT ?i ?iLabel ?coords ?url WHERE {
?i wdt:P31/wdt:P279* wd:Q57821 .
?i wdt:P973 ?url .
?i wdt:P625 ?coords .
FILTER (REGEX(STR(?url),""atlasofmutualheritage""))
SERVICE wikibase:label { bd:serviceParam wikibase:language ""[AUTO_LANGUAGE],en"". }
}",True,True,1.0,1,4
168,medium,List all movies directed by Jean-Luc Godard in chronological order.,"PREFIX bd: <http://www.bigdata.com/rdf#>
PREFIX wd: <http://www.wikidata.org/entity/>
PREFIX wdt: <http://www.wikidata.org/prop/direct/>
PREFIX wikibase: <http://wikiba.se/ontology#>

SELECT DISTINCT ?item ?itemLabel ?itemDescription (MIN(?date2) AS ?date) WHERE {
?item wdt:P57 wd:Q53001;
wdt:P577 ?date2.
SERVICE wikibase:label { bd:serviceParam wikibase:language ""en, fr"". }
}
GROUP BY ?item ?itemLabel ?itemDescription
ORDER BY (?date)",True,True,1.0,1,2
169,medium,Show me a map of the birthplaces of artists featured in Europeana 280.,"PREFIX bd: <http://www.bigdata.com/rdf#>
PREFIX wd: <http://www.wikidata.org/entity/>
PREFIX wdt: <http://www.wikidata.org/prop/direct/>
PREFIX wikibase: <http://wikiba.se/ontology#>

SELECT ?creator ?creatorLabel ?placebirthLabel ?geoloc where {
?item wdt:P31/wdt:P279* wd:Q838948 . # oeuvre d'art et ss-classe
?item wdt:P608 wd:Q20980830 . # du projet Europeana 280
?item wdt:P170 ?creator . # createur
?creator wdt:P19 ?placebirth . # lieu de naissance
?placebirth wdt: ?geoloc . #coordonnees geo
SERVICE wikibase:label {
bd:serviceParam wikibase:language ""fr,es,en"" .
}
}",True,True,1.0,2,6
170,medium,List the people who have both a warship and a microarchitecture named after them.,"PREFIX bd: <http://www.bigdata.com/rdf#>
PREFIX wd: <http://www.wikidata.org/entity/>
PREFIX wdt: <http://www.wikidata.org/prop/direct/>
PREFIX wikibase: <http://wikiba.se/ontology#>

SELECT ?eponym ?eponymLabel ?eponymDescription WHERE {
wd:Q1443306 wdt:P31/wdt:P279* wd:Q2031121;
wdt:P138 ?eponym.
wd:Q85767253 wdt:P31/wdt:P279* wd:Q259864;
wdt:P138 ?eponym.
SERVICE wikibase:label { bd:serviceParam wikibase:language ""[AUTO_LANGUAGE],en"". }
}",True,True,0.0,4,3
171,medium,List all types of food in English.,"PREFIX rdfs: <http://www.w3.org/2000/01/rdf-schema#>
PREFIX schema: <http://schema.org/>
PREFIX wd: <http://www.wikidata.org/entity/>
PREFIX wdt: <http://www.wikidata.org/prop/direct/>

SELECT ?lang1 ?desc ?lang2 WHERE {
?item wdt:P279 wd:Q2095.
?item rdfs:label ?lang1 FILTER(lang(?lang1) = ""en"").
?item schema:description ?desc FILTER(lang(?desc) = ""en"").
?item rdfs:label ?lang2 FILTER(lang(?lang2) = ""ca"")
} ORDER BY ?lang1",True,True,1.0,1,1
172,medium,List all female artists.,"PREFIX bd: <http://www.bigdata.com/rdf#>
PREFIX wd: <http://www.wikidata.org/entity/>
PREFIX wdt: <http://www.wikidata.org/prop/direct/>
PREFIX wikibase: <http://wikiba.se/ontology#>

SELECT DISTINCT ?women ?womenLabel
WHERE
{
?women wdt:P31 wd:Q5 .
?women wdt:P21 wd:Q6581072 .
?women wdt:P106/wdt:P279* wd:Q483501 . # artists
SERVICE wikibase:label {bd:serviceParam wikibase:language ""fr,en"" }
}
LIMIT 500",True,False,0.0,3,4
173,medium,List all paintings that are classified as still life and were created by female artists.,"PREFIX bd: <http://www.bigdata.com/rdf#>
PREFIX wd: <http://www.wikidata.org/entity/>
PREFIX wdt: <http://www.wikidata.org/prop/direct/>
PREFIX wikibase: <http://wikiba.se/ontology#>

SELECT ?item ?itemLabel ?artistLabel ?pic
WHERE
{
?item wdt:P31 wd:Q3305213.
?item wdt:P136/wdt:P279* wd:Q170571.
?item wdt:P170 ?artist.
?item wdt:P18 ?pic.
?artist wdt:P21 wd:Q6581072.
SERVICE wikibase:label { bd:serviceParam wikibase:language ""[AUTO_LANGUAGE],en"". }
}",True,True,1.0,3,6
174,medium,List all articles about Wikidata instances.,"PREFIX bd: <http://www.bigdata.com/rdf#>
PREFIX wd: <http://www.wikidata.org/entity/>
PREFIX wdt: <http://www.wikidata.org/prop/direct/>
PREFIX wikibase: <http://wikiba.se/ontology#>

SELECT ?item ?itemLabel WHERE {
?item (wdt:P31/wdt:P279*) wd:Q191067.
?item wdt:P921 wd:Q2013.
SERVICE wikibase:label { bd:serviceParam wikibase:language ""en"". }
}",True,True,0.0,2,3
175,medium,Find statements with a specific value assigned to property P1343 and retrieve their references.,"PREFIX prov: <http://www.w3.org/ns/prov#>
PREFIX p: <http://www.wikidata.org/prop/>
PREFIX pr: <http://www.wikidata.org/prop/reference/>
PREFIX wd: <http://www.wikidata.org/entity/>
PREFIX wdt: <http://www.wikidata.org/prop/direct/>

SELECT ?item ?reference
WHERE {
?item wdt:P1343 wd:Q51955019 .
?item p:P1343 [ prov:wasDerivedFrom [ pr:P958 ?reference ] ] .
}",True,False,0.0,1,2
176,medium,Show me a map of lakes and rivers in France.,"PREFIX bd: <http://www.bigdata.com/rdf#>
PREFIX wd: <http://www.wikidata.org/entity/>
PREFIX wdt: <http://www.wikidata.org/prop/direct/>
PREFIX wikibase: <http://wikiba.se/ontology#>

SELECT ?lac ?lacLabel ?coordonnees_geographiques WHERE {
SERVICE wikibase:label { bd:serviceParam wikibase:language ""[AUTO_LANGUAGE],en"". }
?lac wdt:P31/wdt:P279* wd:Q3391202;
wdt:P17 wd:Q142.
OPTIONAL { ?lac wdt:P625 ?coordonnees_geographiques. }
}
LIMIT 10000",True,True,1.0,2,4
177,medium,Find paintings of ships created by Charles Heaphy.,"PREFIX bd: <http://www.bigdata.com/rdf#>
PREFIX wd: <http://www.wikidata.org/entity/>
PREFIX wdt: <http://www.wikidata.org/prop/direct/>
PREFIX wikibase: <http://wikiba.se/ontology#>

SELECT ?painting ?image ?paintingLabel WHERE {
SERVICE wikibase:label { bd:serviceParam wikibase:language ""[AUTO_LANGUAGE],en"". }
?painting wdt:P31 wd:Q93184;
wdt:P170 wd:Q1064767.
OPTIONAL { ?painting wdt:P18 ?image. }
?painting wdt:P180 wd:Q11446.
}
LIMIT 1000",True,True,1.0,3,3
178,medium,Show me a map of images from the Wicipics project in Wales.,"PREFIX bd: <http://www.bigdata.com/rdf#>
PREFIX wd: <http://www.wikidata.org/entity/>
PREFIX wdt: <http://www.wikidata.org/prop/direct/>
PREFIX wikibase: <http://wikiba.se/ontology#>

SELECT DISTINCT ?item ?itemLabel ?itemDescription ?coords ?image ?typeLabel
WHERE
{
?item wdt:P5008 wd:Q101553389.
?item wdt:P625 ?coords .
?item wdt:P18 ?image .
?item wdt:P31 ?type .
SERVICE wikibase:label { bd:serviceParam wikibase:language ""cy,en"". }
}",True,True,1.0,1,4
179,medium,List all poets from the Kingdom of Great Britain with known birth and death years.,"PREFIX bd: <http://www.bigdata.com/rdf#>
PREFIX wd: <http://www.wikidata.org/entity/>
PREFIX wdt: <http://www.wikidata.org/prop/direct/>
PREFIX wikibase: <http://wikiba.se/ontology#>

SELECT DISTINCT ?person ?personLabel (URI(CONCAT(""http://viaf.org/viaf/"",?viaf)) AS ?viaf_id) ?birthyear ?deathyear WHERE {
?person wdt:P106 wd:Q49757;
wdt: wd:Q161885;
wdt: ?birthdate;
wdt: ?deathdate.
FILTER (!isBLANK(?birthdate))
FILTER (!isBLANK(?deathdate))
OPTIONAL{ ?person wdt: ?viaf}
BIND(YEAR(?birthdate) AS ?birthyear)
BIND(YEAR(?deathdate) AS ?deathyear)
SERVICE wikibase:label {bd:serviceParam wikibase:language ""[AUTO_LANGUAGE],en,de,fr,ru""}
} ORDER BY ?birthyear",True,True,0.0,2,5
180,medium,List all coups d'etat that occurred in the 21st century.,"PREFIX bd: <http://www.bigdata.com/rdf#>
PREFIX hint: <http://www.bigdata.com/queryHints#>
PREFIX xsd: <http://www.w3.org/2001/XMLSchema#>
PREFIX wd: <http://www.wikidata.org/entity/>
PREFIX wdt: <http://www.wikidata.org/prop/direct/>
PREFIX wikibase: <http://wikiba.se/ontology#>

SELECT ?coup ?coupLabel (MIN(?date) AS ?date_) (SAMPLE(?image) AS ?image_) WHERE {
?coup wdt:/wdt:* wd:;
wdt: ?date. hint:Prior hint:rangeSafe true.
FILTER(?date >= ""2001-00-00""^^xsd:dateTime
&& ?date < ""2101-00-00""^^xsd:dateTime)
OPTIONAL { ?coup wdt: ?image. }
SERVICE wikibase:label { bd:serviceParam wikibase:language ""[AUTO_LANGUAGE],en"". }
}
GROUP BY ?coup ?coupLabel",True,True,0.0,1,4
181,medium,List all Wikidata entities with multiple Electronic Enlightenment IDs.,"PREFIX bd: <http://www.bigdata.com/rdf#>
PREFIX wdt: <http://www.wikidata.org/prop/direct/>
PREFIX wikibase: <http://wikiba.se/ontology#>

SELECT ?person ?personLabel ?personDescription (COUNT(?ee) AS ?eelinks)
WHERE {
?person wdt:P3429 ?ee
SERVICE wikibase:label { bd:serviceParam wikibase:language ""[AUTO_LANGUAGE],en,fr,de,es"" }
} GROUP BY ?person ?personLabel ?personDescription
ORDER BY DESC(?eelinks) ?ee",True,True,1.0,0,1
182,medium,List German movie titles that imply someone or something doesn't answer.,"PREFIX bd: <http://www.bigdata.com/rdf#>
PREFIX rdfs: <http://www.w3.org/2000/01/rdf-schema#>
PREFIX wd: <http://www.wikidata.org/entity/>
PREFIX wdt: <http://www.wikidata.org/prop/direct/>
PREFIX wikibase: <http://wikiba.se/ontology#>

SELECT ?item ?itemLabel ?titelDeutsch
WHERE
{
?item wdt:P31/wdt:P279* wd:Q11424;
rdfs:label ?titelDeutsch;
FILTER (lang(?titelDeutsch) = ""de"") .
FILTER(STRENDS(?titelDeutsch,""antwortet nicht"")).
SERVICE wikibase:label { bd:serviceParam wikibase:language ""en"". }
}",True,False,0.0,1,2
183,medium,List all female artists.,"PREFIX bd: <http://www.bigdata.com/rdf#>
PREFIX wd: <http://www.wikidata.org/entity/>
PREFIX wdt: <http://www.wikidata.org/prop/direct/>
PREFIX wikibase: <http://wikiba.se/ontology#>

select distinct ?women ?womenLabel
where {
?women wdt:P31 wd:Q5 .
?women wdt:P21 wd:Q6581072 .
?women wdt:P106/wdt:P279* wd:Q483501 . # artists
SERVICE wikibase:label {
bd:serviceParam wikibase:language ""fr,en"" .
}
} LIMIT 500",True,False,0.0,3,4
184,medium,List all biological taxa named after metal music bands.,"PREFIX bd: <http://www.bigdata.com/rdf#>
PREFIX wd: <http://www.wikidata.org/entity/>
PREFIX wdt: <http://www.wikidata.org/prop/direct/>
PREFIX wikibase: <http://wikiba.se/ontology#>

SELECT ?taxon ?taxonLabel ?band ?bandLabel WHERE {
?taxon wdt:P31 wd:Q16521 ;
wdt:P138 ?band .
?band wdt:P31 wd:Q215380 ;
SERVICE wikibase:label { bd:serviceParam wikibase:language ""[AUTO_LANGUAGE],en"". }
}",True,True,1.0,2,2
185,medium,List authors with their Project Gutenberg IDs and Electronic Enlightenment IDs.,"PREFIX bd: <http://www.bigdata.com/rdf#>
PREFIX wdt: <http://www.wikidata.org/prop/direct/>
PREFIX wikibase: <http://wikiba.se/ontology#>

SELECT ?person ?personLabel ?ee (URI(CONCAT(""https://www.gutenberg.org/ebooks/author/"", ?gutenberg)) AS ?gutenberglink) WHERE {
?person wdt:P3429 ?ee;
wdt:P1938 ?gutenberg
SERVICE wikibase:label { bd:serviceParam wikibase:language ""[AUTO_LANGUAGE],en"" }
}
ORDER BY ?personLabel",True,True,1.0,0,2
186,medium,List all artworks created by Ferdinand Bauer that do not have a 'depicts' property.,"PREFIX bd: <http://www.bigdata.com/rdf#>
PREFIX wd: <http://www.wikidata.org/entity/>
PREFIX wdt: <http://www.wikidata.org/prop/direct/>
PREFIX wikibase: <http://wikiba.se/ontology#>

SELECT ?item ?itemLabel ?workLabel WHERE {
?item wdt:P170 wd:Q79012.
MINUS {?item wdt:P180 []}
OPTIONAL {?item wdt:P1433 ?work} # Work published in
SERVICE wikibase:label { bd:serviceParam wikibase:language ""[AUTO_LANGUAGE],en"". }
} ORDER by ?itemLabel",True,True,1.0,1,3
187,medium,List the notable people whose doctoral advisor was a University of Bristol alum.,"PREFIX bd: <http://www.bigdata.com/rdf#>
PREFIX wd: <http://www.wikidata.org/entity/>
PREFIX wdt: <http://www.wikidata.org/prop/direct/>
PREFIX wikibase: <http://wikiba.se/ontology#>

SELECT ?alum ?alumLabel ?supervisee ?superviseeLabel ?fieldLabel
WHERE
{
?alum wdt:P69 wd:Q459506.
?supervisee wdt:P184 ?alum.
OPTIONAL {?supervisee wdt:P101 ?field.}
SERVICE wikibase:label { bd:serviceParam wikibase:language ""[AUTO_LANGUAGE],en"" }
}",True,True,1.0,1,3
188,medium,List the top software titles with their dependency counts.,"PREFIX bd: <http://www.bigdata.com/rdf#>
PREFIX wd: <http://www.wikidata.org/entity/>
PREFIX wdt: <http://www.wikidata.org/prop/direct/>
PREFIX wikibase: <http://wikiba.se/ontology#>

SELECT ?application ?applicationLabel (COUNT(?software) AS ?count)
WHERE
{
?application wdt:P31/wdt:* wd:Q7397.
?application wdt: ?software.
SERVICE wikibase:label { bd:serviceParam wikibase:language ""[AUTO_LANGUAGE],en"". }
}
GROUP BY ?application ?applicationLabel
ORDER BY DESC (?count)
LIMIT 60",True,True,1.0,1,3
189,medium,List all tram bridges located in France.,"PREFIX bd: <http://www.bigdata.com/rdf#>
PREFIX wd: <http://www.wikidata.org/entity/>
PREFIX wdt: <http://www.wikidata.org/prop/direct/>
PREFIX wikibase: <http://wikiba.se/ontology#>

SELECT DISTINCT ?site ?siteLabel ?coordinates ?image WHERE {
?site (wdt:P31/(wdt:P279*)) wd:Q18615527;
wdt:P17 wd:Q142;
wdt:P625 ?coordinates.
OPTIONAL { ?site wdt:P18 ?image. }
SERVICE wikibase:label { bd:serviceParam wikibase:language ""fr,en"". }
}",True,True,1.0,2,5
190,medium,List all works with languages spoken in a specific country.,"PREFIX bd: <http://www.bigdata.com/rdf#>
PREFIX wd: <http://www.wikidata.org/entity/>
PREFIX wdt: <http://www.wikidata.org/prop/direct/>
PREFIX wikibase: <http://wikiba.se/ontology#>

SELECT DISTINCT ?work ?workLabel ?languageLabel
WHERE
{
?work wdt:P37|wdt:P103|wdt:P364|wdt:P407|wdt:P1412|wdt: ?language.
?language wdt:P31/wdt:P279* wd:Q7275.
SERVICE wikibase:label { bd:serviceParam wikibase:language ""en"". }
}
ORDER BY ?languageLabel",True,True,1.0,1,8
191,medium,"List the children of Johann Sebastian Bach with his first wife, Maria Barbara Bach.","PREFIX bd: <http://www.bigdata.com/rdf#>
PREFIX wd: <http://www.wikidata.org/entity/>
PREFIX wdt: <http://www.wikidata.org/prop/direct/>
PREFIX wikibase: <http://wikiba.se/ontology#>

SELECT ?child ?childLabel
WHERE
{
?child wdt: wd:Q1339. # Child has father Johann Sebastian Bach.
?child wdt: wd:. # Child has mother Maria Barbara Bach.
SERVICE wikibase:label { bd:serviceParam wikibase:language ""en"". }
}",True,True,0.0,2,2
192,medium,List all lexemes that describe a color.,"PREFIX bd: <http://www.bigdata.com/rdf#>
PREFIX dct: <http://purl.org/dc/terms/>
PREFIX ontolex: <http://www.w3.org/ns/lemon/ontolex#>
PREFIX wd: <http://www.wikidata.org/entity/>
PREFIX wdt: <http://www.wikidata.org/prop/direct/>
PREFIX wikibase: <http://wikiba.se/ontology#>

SELECT ?l ?lemma ?languageLabel WHERE {
?l a ontolex:LexicalEntry;
dct:language ?language;
wikibase:lemma ?lemma .
?l wdt: wd:.
SERVICE wikibase:label { bd:serviceParam wikibase:language ""[AUTO_LANGUAGE],en"". }
}
ORDER BY ?languageLabel",True,True,0.0,1,1
193,medium,List all individuals buried in Pere-Lachaise cemetery who were born in a Ukrainian city.,"PREFIX bd: <http://www.bigdata.com/rdf#>
PREFIX wd: <http://www.wikidata.org/entity/>
PREFIX wdt: <http://www.wikidata.org/prop/direct/>
PREFIX wikibase: <http://wikiba.se/ontology#>

SELECT ?human ?humanLabel ?humanDescription ?cityLabel ?naissance ?deces WHERE {
?human wdt: wd: .
?human wdt: ?city .
?city wdt: wd: .
?human wdt: ?naissance .
?human wdt: ?deces .
SERVICE wikibase:label {bd:serviceParam wikibase:language ""fr,en"" .}
}
ORDER BY ?countryLabel ?cityLabel",True,True,0.0,2,5
194,medium,List all films shot in Austria.,"PREFIX bd: <http://www.bigdata.com/rdf#>
PREFIX wd: <http://www.wikidata.org/entity/>
PREFIX wdt: <http://www.wikidata.org/prop/direct/>
PREFIX wikibase: <http://wikiba.se/ontology#>

SELECT ?movie ?movieLabel ?place ?placeLabel ?coord ?image
WHERE
{
?movie wdt:P31 wd:Q11424 .
?movie wdt:P915 ?place .
?place wdt:P17 wd:Q40 .
?place wdt:P625 ?coord .
OPTIONAL { ?movie wdt:P18 ?image }
SERVICE wikibase:label { bd:serviceParam wikibase:language ""de"". }
}",True,True,1.0,2,5
195,medium,List all entities that have received the Commander of the Legion of Honour award without any references.,"PREFIX bd: <http://www.bigdata.com/rdf#>
PREFIX prov: <http://www.w3.org/ns/prov#>
PREFIX p: <http://www.wikidata.org/prop/>
PREFIX ps: <http://www.wikidata.org/prop/statement/>
PREFIX wd: <http://www.wikidata.org/entity/>
PREFIX wikibase: <http://wikiba.se/ontology#>

SELECT ?item ?itemLabel WHERE {
?item p:P166 ?award_statement .
?award_statement ps:P166 wd:Q10855212 . # Commander of the Legion of Honour
FILTER NOT EXISTS {
?award_statement prov:wasDerivedFrom ?ref
}
SERVICE wikibase:label {
bd:serviceParam wikibase:language ""en""
}
}",True,True,1.0,1,1
196,medium,"List the Jameel items in Ashmolean Museum with their URLs, ordered by the number of statements.","PREFIX bd: <http://www.bigdata.com/rdf#>
PREFIX wd: <http://www.wikidata.org/entity/>
PREFIX wdt: <http://www.wikidata.org/prop/direct/>
PREFIX wikibase: <http://wikiba.se/ontology#>

SELECT ?item ?itemLabel ?url ?count WHERE {
?item wdt:P195 wd:Q636400; wdt:P973 ?url FILTER (STRSTARTS(STR(?url),""http://jameelcentre"") ).
?item wikibase:statements ?count.
SERVICE wikibase:label { bd:serviceParam wikibase:language ""[AUTO_LANGUAGE],en"". }
} ORDER BY DESC(?count)
LIMIT 20",True,True,1.0,1,2
197,medium,List all album covers that show a specific location.,"PREFIX bd: <http://www.bigdata.com/rdf#>
PREFIX wd: <http://www.wikidata.org/entity/>
PREFIX wdt: <http://www.wikidata.org/prop/direct/>
PREFIX wikibase: <http://wikiba.se/ontology#>

select ?album ?performer ?performerLabel ?albumLabel ?location where {
?album wdt:P31/wdt:P279* wd:Q482994;
wdt:P175 ?performer;
wdt:P1259 ?location.
SERVICE wikibase:label { bd:serviceParam wikibase:language ""[AUTO_LANGUAGE],en"". }
}",True,True,1.0,1,4
198,medium,Find locations that have something named after them.,"PREFIX bd: <http://www.bigdata.com/rdf#>
PREFIX wdt: <http://www.wikidata.org/prop/direct/>
PREFIX wikibase: <http://wikiba.se/ontology#>

SELECT ?place ?placeLabel ?item ?itemLabel ?coord
WHERE
{
?item wdt:P138 ?place .
?place wdt:P625 ?coord .
SERVICE wikibase:label { bd:serviceParam wikibase:language ""fr"" }
}",True,False,0.0,0,2
199,medium,Show a bubble chart of occupations held by people affiliated with the University of Clermont.,"PREFIX bd: <http://www.bigdata.com/rdf#>
PREFIX wd: <http://www.wikidata.org/entity/>
PREFIX wdt: <http://www.wikidata.org/prop/direct/>
PREFIX wikibase: <http://wikiba.se/ontology#>

SELECT ?occupation1Label (COUNT(DISTINCT ?researcher) AS ?nb) WHERE {
VALUES ?univ { wd:Q1319786 wd:Q1381437 wd:Q612648 wd:Q3551576 }
?researcher (wdt:P108|wdt:P463|wdt:P1416) ?univ .
?researcher wdt:P106 ?occupation1 .
SERVICE wikibase:label { bd:serviceParam wikibase:language ""[AUTO_LANGUAGE],en"". }
}
GROUP BY ?occupation1Label",True,True,1.0,4,4
200,medium,Show me a list of nuclear weapons tests with their coordinates.,"PREFIX bd: <http://www.bigdata.com/rdf#>
PREFIX wd: <http://www.wikidata.org/entity/>
PREFIX wdt: <http://www.wikidata.org/prop/direct/>
PREFIX wikibase: <http://wikiba.se/ontology#>

select ?books ?booksLabel ?date ?coord ?image WHERE
{
?books wdt:P31 wd:Q210112 ;
wdt:P625 ?coord .
OPTIONAL {?books wdt:P571 ?date .}
OPTIONAL {?books wdt:P18|wdt:P154 ?image}
SERVICE wikibase:label { bd:serviceParam wikibase:language ""en, fr, de"". }
}",True,True,1.0,1,5
201,medium,List the number of UK parliament seats where members switched to other seats each year from 1830 to 1910.,"PREFIX p: <http://www.wikidata.org/prop/>
PREFIX pq: <http://www.wikidata.org/prop/qualifier/>
PREFIX ps: <http://www.wikidata.org/prop/statement/>
PREFIX wd: <http://www.wikidata.org/entity/>
PREFIX wdt: <http://www.wikidata.org/prop/direct/>

SELECT distinct (concat(str(year(?start)),""-"",str(month(?start))) as ?date) (count(distinct ?ps) as ?count) where
{
?term wdt:P279 wd:Q16707842 .
?term wdt:P2715 ?elec . ?term wdt:P571 ?start .
filter(year(?start) >= 1830) . filter(year(?start) <= 1910)
optional { ?mp p: ?ps . ?ps ps: ?term . ?ps pq:P2715 ?elec . ?ps pq: wd:Q50393121 }
} group by ?start order by ?start
#defaultView:BarChart",True,True,0.8214,2,5
202,medium,List the paintings in the Louvre's Paintings Department created by female artists.,"PREFIX bd: <http://www.bigdata.com/rdf#>
PREFIX wd: <http://www.wikidata.org/entity/>
PREFIX wdt: <http://www.wikidata.org/prop/direct/>
PREFIX wikibase: <http://wikiba.se/ontology#>

SELECT ?item ?itemLabel ?nomLabel ?lieuLabel WHERE {
?item wdt:/wdt:* wd: . # peintures
?item wdt: ?nom .
?nom wdt: wd: . # oeuvre cree par une femme
?item wdt: wd: . # departement des peintures du musee du Louvre
OPTIONAL{?item wdt: ?lieu}. # emplacement des oeuvres
MINUS{?item wdt: wd:}. # retrait des oeuvres spoliees
SERVICE wikibase:label {bd:serviceParam wikibase:language ""fr"" . }
}
ORDER BY ?lieuLabel",True,True,0.0,4,6
203,medium,Find the GADM ID of a specific administrative area and get its corresponding GBIF dataset link.,"PREFIX bd: <http://www.bigdata.com/rdf#>
PREFIX wdt: <http://www.wikidata.org/prop/direct/>
PREFIX wikibase: <http://wikiba.se/ontology#>

SELECT DISTINCT ?item ?itemLabel ?pic ?coord ?GBIFlink WHERE {
?item wdt:P8714 ?GADM .
?item wdt:P625 ?coord .
OPTIONAL { ?item wdt:P18 ?pic . }
BIND(URI(CONCAT(""https://www.gbif.org/occurrence/map?gadm_gid="", STR(?GADM))) AS ?GBIFlink)
SERVICE wikibase:label { bd:serviceParam wikibase:language ""[AUTO_LANGUAGE],en"". }
}",True,True,1.0,0,3
204,medium,What is the maximum population of cities in each country?,"PREFIX wd: <http://www.wikidata.org/entity/>
PREFIX wdt: <http://www.wikidata.org/prop/direct/>

SELECT ?country (MAX(?population) AS ?maxPopulation)
WHERE
{
?city wdt:P31/wdt:P279* wd:Q515;
wdt:P17 ?country;
wdt:P1082 ?population.
}
GROUP BY ?country",True,True,1.0,1,4
205,medium,List all the birthplaces of Liverpool football players on a map.,"PREFIX bd: <http://www.bigdata.com/rdf#>
PREFIX wd: <http://www.wikidata.org/entity/>
PREFIX wdt: <http://www.wikidata.org/prop/direct/>
PREFIX wikibase: <http://wikiba.se/ontology#>

SELECT ?item ?itemLabel ?murLabel ?coordinates ?foto
WHERE
{
?item wdt:P106 wd:Q937857;
wdt:P54 wd:Q1130849 ;
wdt:P19 ?mur.
?mur wdt:P625 ?coordinates.
OPTIONAL {?item wdt:P18 ?foto.}
SERVICE wikibase:label { bd:serviceParam wikibase:language ""pl, en"". }
}",True,True,1.0,2,5
206,medium,Show me a list of parliament buildings from each country with their corresponding images.,"PREFIX bd: <http://www.bigdata.com/rdf#>
PREFIX wd: <http://www.wikidata.org/entity/>
PREFIX wdt: <http://www.wikidata.org/prop/direct/>
PREFIX wikibase: <http://wikiba.se/ontology#>

SELECT ?building ?buildingLabel ?country ?countryLabel ?picture
WHERE
{
?building wdt:P31 wd:Q7138926 .
?building wdt:P18 ?picture .
OPTIONAL { ?building wdt:P17 ?country } . #if available
SERVICE wikibase:label {
bd:serviceParam wikibase:language ""en"" .
}
}
ORDER BY ?countryLabel
LIMIT 188",True,True,0.9854,1,3
207,medium,"List the children of Johann Sebastian Bach with his first wife, Maria Barbara Bach.","PREFIX bd: <http://www.bigdata.com/rdf#>
PREFIX wd: <http://www.wikidata.org/entity/>
PREFIX wdt: <http://www.wikidata.org/prop/direct/>
PREFIX wikibase: <http://wikiba.se/ontology#>

SELECT ?child ?childLabel
WHERE
{
?child wdt:P22 wd:Q1339;
wdt:P25 wd:Q57487;
wdt:P106 wd:Q36834, # has occupation composer and
wd:Q486748. # pianist.
SERVICE wikibase:label { bd:serviceParam wikibase:language ""en"". }
}",True,True,1.0,4,3
208,medium,List scientists who died by burning.,"PREFIX bd: <http://www.bigdata.com/rdf#>
PREFIX wd: <http://www.wikidata.org/entity/>
PREFIX wdt: <http://www.wikidata.org/prop/direct/>
PREFIX wikibase: <http://wikiba.se/ontology#>

SELECT DISTINCT ?author ?authorLabel ?image ?date ?coord WHERE {
?author wdt:/wdt:* wd:Q901 .
?author wdt: ?date .
?author wdt: wd: .
OPTIONAL {?author wdt:P18 ?image .}
SERVICE wikibase:label { bd:serviceParam wikibase:language ""en, fr, de, es, it, cz"" }
}",True,True,1.0,2,5
209,medium,List the institutions where UNR faculty members earned their degrees.,"PREFIX bd: <http://www.bigdata.com/rdf#>
PREFIX wd: <http://www.wikidata.org/entity/>
PREFIX wdt: <http://www.wikidata.org/prop/direct/>
PREFIX wikibase: <http://wikiba.se/ontology#>

SELECT ?item ?itemLabel
WHERE {
?item wdt:P31 wd:Q81274644;
wdt:P527 wd:Q149292
SERVICE wikibase:label { bd:serviceParam wikibase:language ""[AUTO_LANGUAGE],en"". }
}",True,True,1.0,2,2
210,medium,"List all places in Ghana with names ending in 'li', 'ti', or 'om'.","PREFIX rdfs: <http://www.w3.org/2000/01/rdf-schema#>
PREFIX wd: <http://www.wikidata.org/entity/>
PREFIX wdt: <http://www.wikidata.org/prop/direct/>

SELECT ?item ?itemLabel ?coord WHERE {
?item (wdt:P31/(wdt:P279*)) wd:Q486972;
wdt:P17 wd:Q117;
rdfs:label ?itemLabel;
wdt:P625 ?coord.
FILTER((LANG(?itemLabel)) = ""en"")
FILTER(REGEX(?itemLabel, ""(li|ti|om)$""))
}",True,False,0.0,2,4
211,medium,Find people who have been infected with COVID-19.,"PREFIX bd: <http://www.bigdata.com/rdf#>
PREFIX wd: <http://www.wikidata.org/entity/>
PREFIX wdt: <http://www.wikidata.org/prop/direct/>
PREFIX wikibase: <http://wikiba.se/ontology#>

SELECT ?image ?person ?personLabel WHERE {
?person wdt:P31 wd:Q5.
?person wdt:P1050 wd:Q84263196.
OPTIONAL { ?person wdt:P18 ?image. }
SERVICE wikibase:label { bd:serviceParam wikibase:language ""en, fr"". }
}",True,True,1.0,2,3
212,medium,List all French National Assembly members born outside of France.,"PREFIX bd: <http://www.bigdata.com/rdf#>
PREFIX wd: <http://www.wikidata.org/entity/>
PREFIX wdt: <http://www.wikidata.org/prop/direct/>
PREFIX wikibase: <http://wikiba.se/ontology#>

SELECT DISTINCT ?item ?itemLabel ?placeLabel ?countryLabel WHERE {
?item wdt:P39 wd:Q3044918 .
?item wdt:P19 ?place .
?place wdt:P27 ?country .
FILTER NOT EXISTS { ?place wdt:P27 wd:Q142 . }
SERVICE wikibase:label { bd:serviceParam wikibase:language ""fr"" . }
} ORDER BY ?countryLabel ?itemLabel",True,True,0.0,2,3
213,medium,List all the suffragettes around the world along with their birthplaces and coordinates.,"PREFIX bd: <http://www.bigdata.com/rdf#>
PREFIX wd: <http://www.wikidata.org/entity/>
PREFIX wdt: <http://www.wikidata.org/prop/direct/>
PREFIX wikibase: <http://wikiba.se/ontology#>

SELECT ?item ?itemLabel ?dob ?coords ?pobLabel ?image
WHERE
{
?item wdt:P31 wd:Q5.
?item wdt:P106 wd:Q322170 .
?item wdt:P569 ?dob .
?item wdt:P19 ?pob.
?pob wdt:P625 ?coords .
?item wdt:P18 ?image .
SERVICE wikibase:label { bd:serviceParam wikibase:language ""[AUTO_LANGUAGE],en"". }
}",True,True,1.0,2,6
214,medium,List the top 10 botanists who have authored the most taxons.,"PREFIX bd: <http://www.bigdata.com/rdf#>
PREFIX p: <http://www.wikidata.org/prop/>
PREFIX pq: <http://www.wikidata.org/prop/qualifier/>
PREFIX wikibase: <http://wikiba.se/ontology#>

SELECT ?q ?qLabel (count(?s) AS ?taxa) WHERE {
?s p:P225 [pq:P405 ?q].
SERVICE wikibase:label { bd:serviceParam wikibase:language ""en"" }
} GROUP BY ?q ?qLabel
ORDER BY DESC(?taxa)
LIMIT 10",True,False,0.0,0,2
215,medium,List the years when pride parades started.,"PREFIX wd: <http://www.wikidata.org/entity/>
PREFIX wdt: <http://www.wikidata.org/prop/direct/>

SELECT ?pride ?time ?image {
?pride (wdt:P31|wdt:P279) wd:Q51404;
wdt:P571 ?time.
OPTIONAL {?pride wdt:P18 ?image}
}",True,True,1.0,1,4
216,medium,What are the key initiatives promoting open access to research in Japan?,"PREFIX bd: <http://www.bigdata.com/rdf#>
PREFIX wd: <http://www.wikidata.org/entity/>
PREFIX wdt: <http://www.wikidata.org/prop/direct/>
PREFIX wikibase: <http://wikiba.se/ontology#>

SELECT ?open_access_in_Japan ?open_access_in_JapanLabel ?official_website WHERE {
{ ?open_access_in_Japan wdt:P2650 wd:Q56064901. }
UNION
{ ?open_access_in_Japan wdt:P921 wd:Q56064901. }
SERVICE wikibase:label { bd:serviceParam wikibase:language ""[AUTO_LANGUAGE],en"". }
OPTIONAL { ?open_access_in_Japan wdt:P856 ?official_website. }
}",True,True,1.0,1,3
217,medium,List museums named after a specific person or thing.,"PREFIX bd: <http://www.bigdata.com/rdf#>
PREFIX wd: <http://www.wikidata.org/entity/>
PREFIX wdt: <http://www.wikidata.org/prop/direct/>
PREFIX wikibase: <http://wikiba.se/ontology#>

SELECT DISTINCT ?museum ?museumLabel ?countryLabel ?named ?namedLabel ?namedDescription
WHERE {
?museum wdt:P31/wdt:P279* wd:Q33506;
wdt:P138 ?named.
OPTIONAL { ?museum wdt:P17 ?country}
SERVICE wikibase:label {bd:serviceParam wikibase:language ""[AUTO_LANGUAGE],en,nl,fr,de,es,pt,bg,be,ru,hu,uk,ja""}
} ORDER BY ?countryLabel ?museumLabel",True,False,0.0,1,4
218,medium,List all movie titles that contain the word 'it'.,"PREFIX bd: <http://www.bigdata.com/rdf#>
PREFIX wd: <http://www.wikidata.org/entity/>
PREFIX wdt: <http://www.wikidata.org/prop/direct/>
PREFIX wikibase: <http://wikiba.se/ontology#>

SELECT ?item ?title ?itemDescription
WHERE {
?item wdt:P31 wd:Q11424;
wdt:P1476 ?title.
BIND(LCASE(?title) AS ?normalised)
FILTER (CONTAINS(?normalised, ' it ') || STRSTARTS(?normalised, 'it ') || STRENDS(?normalised, ' it'))
SERVICE wikibase:label { bd:serviceParam wikibase:language ""[AUTO_LANGUAGE],en"" }
}
ORDER BY (?title)",True,False,0.0,1,2
219,medium,List all the songs composed by Charlie Parker.,"PREFIX bd: <http://www.bigdata.com/rdf#>
PREFIX wd: <http://www.wikidata.org/entity/>
PREFIX wdt: <http://www.wikidata.org/prop/direct/>
PREFIX wikibase: <http://wikiba.se/ontology#>

SELECT ?item ?itemLabel ?date WHERE {
#?item wdt:P86 ?composer .
?item wdt:P86 wd:Q103767 .
#?item wdt:P144 ?source .
?item wdt:P577 ?date .
SERVICE wikibase:label { bd:serviceParam wikibase:language ""en"". }
}
ORDER BY ?year",True,True,1.0,1,3
220,medium,"List all books written by Arthur Conan Doyle, including their titles, illustrators, publishers, and publication dates if available.","PREFIX bd: <http://www.bigdata.com/rdf#>
PREFIX wd: <http://www.wikidata.org/entity/>
PREFIX wdt: <http://www.wikidata.org/prop/direct/>
PREFIX wikibase: <http://wikiba.se/ontology#>

SELECT ?book ?title ?illustratorLabel ?publisherLabel ?published
WHERE
{
?book wdt:P50 wd:Q35610. # required wdt:P50
OPTIONAL { # match all or none from group:
?book wdt:P1476 ?title; # required wdt:P1476
wdt:P110 ?illustrator; # required wdt:P110
wdt:P123 ?publisher; # required wdt:P123
wdt:P577 ?published. # required wdt:P577
}
SERVICE wikibase:label { bd:serviceParam wikibase:language ""[AUTO_LANGUAGE],en"". }
}",True,True,1.0,1,5
221,medium,List bodies of water with the most rivers flowing into them.,"PREFIX wdt: <http://www.wikidata.org/prop/direct/>

SELECT ?mouth (COUNT(?watercourse) AS ?count)
WHERE
{
?watercourse wdt:P403+ ?mouth.
}
GROUP BY ?mouth
ORDER BY DESC(?count)
LIMIT 10",True,True,1.0,0,1
222,medium,List all the paintings in the Suter Art Gallery.,"PREFIX bd: <http://www.bigdata.com/rdf#>
PREFIX wd: <http://www.wikidata.org/entity/>
PREFIX wdt: <http://www.wikidata.org/prop/direct/>
PREFIX wikibase: <http://wikiba.se/ontology#>

SELECT DISTINCT ?item ?itemLabel ?itemDescription ?image ?collection WHERE {
?item wdt:P31 wd:Q3305213 ; # Get items that are instances of painting
wdt:P195/wdt:P361* ?collection . # That are in some collection
# Only return results where 'collection' is in the Suter Art Gallery
FILTER ( ?collection = wd:Q61797555 )
OPTIONAL { ?item wdt:P18 ?image } # Optionally with an image
SERVICE wikibase:label { bd:serviceParam wikibase:language ""[AUTO_LANGUAGE]"" }
}",True,True,1.0,2,4
223,medium,List all Indian districts that share a border with another district.,"PREFIX bd: <http://www.bigdata.com/rdf#>
PREFIX wd: <http://www.wikidata.org/entity/>
PREFIX wdt: <http://www.wikidata.org/prop/direct/>
PREFIX wikibase: <http://wikiba.se/ontology#>

SELECT ?i ?iLabel ?j ?jLabel {
?i wdt:P31/wdt:P279* wd:Q1149652; wdt:P47 ?j. ?j wdt:P31/wdt:P279* wd:Q1149652.
SERVICE wikibase:label { bd:serviceParam wikibase:language ""[AUTO_LANGUAGE],en"". }
}",True,True,1.0,1,3
224,medium,List the inventors who died as a result of their own creations.,"PREFIX bd: <http://www.bigdata.com/rdf#>
PREFIX rdfs: <http://www.w3.org/2000/01/rdf-schema#>
PREFIX wdt: <http://www.wikidata.org/prop/direct/>
PREFIX wikibase: <http://wikiba.se/ontology#>

SELECT ?inventor ?inventorLabel ?gadet ?gadgetLabel
WHERE {
?inventor wdt:P157 ?gadget .
?gadet wdt:P61 ?inventor .
SERVICE wikibase:label {
bd:serviceParam wikibase:language ""en"" .
?inventor rdfs:label ?inventorLabel .
?gadget rdfs:label ?gadgetLabel .
}
}",True,True,1.0,0,2
225,medium,Find war memorials with their geographical coordinates.,"PREFIX bd: <http://www.bigdata.com/rdf#>
PREFIX schema: <http://schema.org/>
PREFIX wd: <http://www.wikidata.org/entity/>
PREFIX wdt: <http://www.wikidata.org/prop/direct/>
PREFIX wikibase: <http://wikiba.se/ontology#>

SELECT DISTINCT ?geo ?memorial ?memorialLabel ?article ?sitelink WHERE {
?memorial wdt:P31/wdt:* wd:Q575759;
wdt: ?geo.
OPTIONAL {?article schema:about ?memorial ;
schema:isPartOf <https://en.wikipedia.org/> ;
schema:name ?sitelink . }
SERVICE wikibase:label { bd:serviceParam wikibase:language ""[AUTO_LANGUAGE],en"". }
}",True,True,0.0,1,3
226,medium,List items that have Toki Pona as a language of work or name.,"PREFIX bd: <http://www.bigdata.com/rdf#>
PREFIX pq: <http://www.wikidata.org/prop/qualifier/>
PREFIX wd: <http://www.wikidata.org/entity/>
PREFIX wikibase: <http://wikiba.se/ontology#>

SELECT ?item ?itemLabel ?prop WHERE {
?item ?prop ?value .
?value pq:P407 wd:Q36846.
SERVICE wikibase:label { bd:serviceParam wikibase:language ""[AUTO_LANGUAGE],en"". }
}",True,True,1.0,1,1
227,medium,List the number of musical compositions on Wikidata by language in descending order.,"PREFIX bd: <http://www.bigdata.com/rdf#>
PREFIX wd: <http://www.wikidata.org/entity/>
PREFIX wdt: <http://www.wikidata.org/prop/direct/>
PREFIX wikibase: <http://wikiba.se/ontology#>

SELECT (count(?work) as ?works) ?P407Label ?P407 WHERE {
SERVICE wikibase:label { bd:serviceParam wikibase:language ""[AUTO_LANGUAGE],en"". }
?work wdt:P31 wd:Q105543609.
OPTIONAL { ?work wdt:P407 ?P407. }
}
GROUP BY ?P407 ?P407Label
ORDER BY DESC(?works) ASC(?P407)
#Do you know how to improve this query; make it smarter, better, more elegant?
#If you do, please don't hesitate to drop us a line at User_talk:Moebeus",True,False,0.0,1,2
228,medium,How many musicians are there in each country according to Wikidata?,"PREFIX bd: <http://www.bigdata.com/rdf#>
PREFIX wd: <http://www.wikidata.org/entity/>
PREFIX wdt: <http://www.wikidata.org/prop/direct/>
PREFIX wikibase: <http://wikiba.se/ontology#>

SELECT ?citizenshipLabel (COUNT(?s) AS ?cnt)
{
?s wdt:P31 wd:Q5 . # human
?s wdt:P106 wd:Q639669 . # musician
?s wdt:P27 ?citizenship .
SERVICE wikibase:label { bd:serviceParam wikibase:language ""en"" }
} GROUP BY ?citizenshipLabel ORDER BY DESC(?cnt)",True,False,0.0,2,3
229,medium,List the influential people born between 1590 and 1750 who were influenced by other humans.,"PREFIX bd: <http://www.bigdata.com/rdf#>
PREFIX xsd: <http://www.w3.org/2001/XMLSchema#>
PREFIX wd: <http://www.wikidata.org/entity/>
PREFIX wdt: <http://www.wikidata.org/prop/direct/>
PREFIX wikibase: <http://wikiba.se/ontology#>

SELECT DISTINCT ?a ?aLabel ?b ?bLabel
{?a wdt:P31 wd:Q5;
wdt:P569 ?birth;
wdt:P737 ?b .
?b wdt:P31 wd:Q5 .
FILTER (?birth > ""1590-01-01""^^xsd:dateTime && ?birth < ""1750-01-01""^^xsd:dateTime)
SERVICE wikibase:label { bd:serviceParam wikibase:language ""[AUTO_LANGUAGE],en"". }
}",True,True,1.0,1,3
230,medium,How many items are not linked to any statements?,"PREFIX schema: <http://schema.org/>
PREFIX wikibase: <http://wikiba.se/ontology#>

SELECT ?partof (COUNT(*) as ?count)
{
?item wikibase:statements 0 .
[] schema:about ?item ; schema:isPartOf ?partof .
}
GROUP BY ?partof",True,False,0.0,0,0
231,medium,What nationalities are represented among authors who have published papers related to Australian fauna?,"PREFIX rdfs: <http://www.w3.org/2000/01/rdf-schema#>
PREFIX wdt: <http://www.wikidata.org/prop/direct/>

SELECT DISTINCT
?citizenship ?citizenship_label (COUNT(?citizenship_label) AS ?count)
WHERE
{ ?work wdt:P6982 ?afd .
?work wdt:P50 ?author .
?author rdfs:label ?name .
FILTER (lang(?name) = 'en')
?author wdt:P27 ?citizenship .
?citizenship rdfs:label ?citizenship_label .
FILTER (lang(?citizenship_label) = 'en')
}
GROUP BY ?citizenship ?citizenship_label",True,True,1.0,0,3
232,medium,List all the collections that have photos taken by Carleton Watkins.,"PREFIX bd: <http://www.bigdata.com/rdf#>
PREFIX wd: <http://www.wikidata.org/entity/>
PREFIX wdt: <http://www.wikidata.org/prop/direct/>
PREFIX wikibase: <http://wikiba.se/ontology#>

SELECT ?item ?itemLabel ?collection ?collectionLabel ?pic
WHERE
{
?item wdt:P170 wd:Q2939083 .
?item wdt:P276 ?collection.
SERVICE wikibase:label { bd:serviceParam wikibase:language ""[AUTO_LANGUAGE],en"". }
}
ORDER BY ?collectionLabel",True,True,1.0,1,2
233,medium,Find the coordinates of places where people named Antoine were born.,"PREFIX bd: <http://www.bigdata.com/rdf#>
PREFIX wd: <http://www.wikidata.org/entity/>
PREFIX wdt: <http://www.wikidata.org/prop/direct/>
PREFIX wikibase: <http://wikiba.se/ontology#>

SELECT ?item ?itemLabel ?coord
WHERE
{
?item wdt:P31 wd:Q5 . # human
?item wdt:P735 wd:Q15235674.
?item wdt:P19 ?place.
?place wdt:P625 ?coord.
SERVICE wikibase:label { bd:serviceParam wikibase:language ""fr"". }
}",True,True,1.0,2,4
234,medium,List the birthplaces of famous art historians.,"PREFIX bd: <http://www.bigdata.com/rdf#>
PREFIX wd: <http://www.wikidata.org/entity/>
PREFIX wdt: <http://www.wikidata.org/prop/direct/>
PREFIX wikibase: <http://wikiba.se/ontology#>

SELECT ?arthistorianLabel ?coordinates WHERE {
?arthistorian wdt:P31 wd:Q5 ;
wdt: ?birthPlace ;
wdt: wd:Q1792450 .
?birthPlace wdt:P625 ?coordinates .
SERVICE wikibase:label { bd:serviceParam wikibase:language ""[AUTO_LANGUAGE],en"". }
}",True,True,0.0,2,4
235,medium,List all items with official names containing a slash.,"PREFIX wdt: <http://www.wikidata.org/prop/direct/>

SELECT ?item ?name WHERE {
?item wdt:P1448 ?name.
FILTER(LANG(?name) = ""mul"")
FILTER(CONTAINS(?name, ""/""))
}",True,True,0.0,0,1
236,medium,List mathematicians who have siblings that are actors or musicians.,"PREFIX bd: <http://www.bigdata.com/rdf#>
PREFIX wd: <http://www.wikidata.org/entity/>
PREFIX wdt: <http://www.wikidata.org/prop/direct/>
PREFIX wikibase: <http://wikiba.se/ontology#>

SELECT ?mathematician ?mathematicianLabel ?dob ?sibling ?siblingLabel ?siblingProfessionsLabel
WHERE
{
VALUES ?professions {wd:Q170790 wd:Q82594} .
VALUES ?siblingProfessions {wd:Q639669 wd:Q33999}.
?mathematician wdt:P106 ?professions ;
wdt:P3373 ?sibling ;
wdt:P569 ?dob .
?sibling wdt:P106 ?siblingProfessions .
SERVICE wikibase:label { bd:serviceParam wikibase:language ""[AUTO_LANGUAGE]"". }
}
ORDER BY ASC(?dob)",True,True,1.0,4,3
237,medium,List the women who have received awards from Women in Technology International.,"PREFIX bd: <http://www.bigdata.com/rdf#>
PREFIX wd: <http://www.wikidata.org/entity/>
PREFIX wdt: <http://www.wikidata.org/prop/direct/>
PREFIX wikibase: <http://wikiba.se/ontology#>

SELECT ?awardeeLabel ?image WHERE {
?awardee wdt:P166 wd:Q55200.
?awardee wdt:P18 ?image.
SERVICE wikibase:label { bd:serviceParam wikibase:language ""[AUTO_LANGUAGE],en"". }
}",True,True,1.0,1,2
238,medium,List the actors who have worked with Shah Rukh Khan in multiple films.,"PREFIX bd: <http://www.bigdata.com/rdf#>
PREFIX wd: <http://www.wikidata.org/entity/>
PREFIX wdt: <http://www.wikidata.org/prop/direct/>
PREFIX wikibase: <http://wikiba.se/ontology#>

SELECT DISTINCT ?coactorLabel (COUNT(?film) as ?films) WHERE {
?film wdt:P31 wd:Q11424 ; wdt:P161 wd:Q9535 ; wdt:P161 ?coactor.
FILTER(?coactor != wd:Q9535)
SERVICE wikibase:label { bd:serviceParam wikibase:language ""en"". }
}
GROUP BY ?coactorLabel",True,True,1.0,2,2
239,medium,List all 355 municipalities in the Netherlands along with their geo coordinates and provinces.,"PREFIX bd: <http://www.bigdata.com/rdf#>
PREFIX p: <http://www.wikidata.org/prop/>
PREFIX pq: <http://www.wikidata.org/prop/qualifier/>
PREFIX ps: <http://www.wikidata.org/prop/statement/>
PREFIX wd: <http://www.wikidata.org/entity/>
PREFIX wdt: <http://www.wikidata.org/prop/direct/>
PREFIX wikibase: <http://wikiba.se/ontology#>

SELECT ?muni ?muniLabel ?location where {
?muni p:P31 ?instanceOf; # Get statement because we need this later
wdt: ?location. # And location
?instanceOf ps:P31 wd:Q2039348. # P31 should be 'municipality of the Netherlands'
MINUS { ?muni wdt:P31 wd:Q7265977. } # Don't show former municipalities
MINUS { ?instanceOf pq: ?endTime. } # And don't show municipalities that have an end time
SERVICE wikibase:label { bd:serviceParam wikibase:language ""nl"". } # Show names in Dutch
}",True,True,0.0,2,3
240,medium,What language do the labels of Q137 and Q12518 have in common?,"PREFIX rdfs: <http://www.w3.org/2000/01/rdf-schema#>
PREFIX wd: <http://www.wikidata.org/entity/>

SELECT * WHERE {
wd: rdfs:label ?label1 .
wd: rdfs:label ?label2 .
BIND (lang(?label1) AS ?lang)
BIND (lang(?label2) AS ?lang)
BIND( IF( ?label1 = ?label2, ""same"", ""different"" ) AS ?result ) .
}",True,True,0.0,2,0
241,medium,What are the UK parliamentary constituencies that share a border with each other?,"PREFIX bd: <http://www.bigdata.com/rdf#>
PREFIX prov: <http://www.w3.org/ns/prov#>
PREFIX p: <http://www.wikidata.org/prop/>
PREFIX pr: <http://www.wikidata.org/prop/reference/>
PREFIX ps: <http://www.wikidata.org/prop/statement/>
PREFIX wd: <http://www.wikidata.org/entity/>
PREFIX wdt: <http://www.wikidata.org/prop/direct/>
PREFIX wikibase: <http://wikiba.se/ontology#>

SELECT ?place1 ?place1Label ?place2 ?place2Label ?refurl WHERE {
?place1 p:P47 ?statement;
wdt:P31 ?place1type.
?statement ps:P47 ?place2;
FILTER (?place1type IN (wd:)).
OPTIONAL {?statement prov:wasDerivedFrom/pr:P854 ?refurl}
SERVICE wikibase:label { bd:serviceParam wikibase:language ""[AUTO_LANGUAGE],en"" }
}",True,True,0.0,1,3
242,medium,List all groups of fictional characters from the Marvel universe.,"PREFIX bd: <http://www.bigdata.com/rdf#>
PREFIX wd: <http://www.wikidata.org/entity/>
PREFIX wdt: <http://www.wikidata.org/prop/direct/>
PREFIX wikibase: <http://wikiba.se/ontology#>

SELECT ?char ?charLabel ?group ?groupLabel (""7FFF00"" as ?rgb)
WHERE {
?group wdt:P31 wd:Q14514600 ; # group of fictional characters
wdt:P1080 wd:Q931597. # from Marvel universe
?char wdt:P463 ?group # member of group
SERVICE wikibase:label { bd:serviceParam wikibase:language ""[AUTO_LANGUAGE],en"".}
}",True,True,1.0,2,3
243,medium,Show me the locations of libraries in India on a map.,"PREFIX bd: <http://www.bigdata.com/rdf#>
PREFIX wd: <http://www.wikidata.org/entity/>
PREFIX wdt: <http://www.wikidata.org/prop/direct/>
PREFIX wikibase: <http://wikiba.se/ontology#>

SELECT ?library ?libraryLabel ?coordinate_location WHERE {
SERVICE wikibase:label { bd:serviceParam wikibase:language ""[AUTO_LANGUAGE],en"". }
?library wdt: wd:Q7075.
?library wdt: wd:Q668.
OPTIONAL { ?library wdt: ?coordinate_location. }
}",True,True,0.0,2,3
244,medium,Show me the tram lines in Vienna.,"PREFIX bd: <http://www.bigdata.com/rdf#>
PREFIX xsd: <http://www.w3.org/2001/XMLSchema#>
PREFIX wd: <http://www.wikidata.org/entity/>
PREFIX wdt: <http://www.wikidata.org/prop/direct/>
PREFIX wikibase: <http://wikiba.se/ontology#>

SELECT distinct ?line ?lineLabel ?length WHERE {
?line wdt: wd:.
OPTIONAL {
?line wdt: ?length.
}
SERVICE wikibase:label { bd:serviceParam wikibase:language ""[AUTO_LANGUAGE],de"". }
}
ORDER BY xsd:integer(?lineLabel) ?lineLabel",True,True,0.0,1,2
245,medium,List Mexican writers born between 1800 and 1900.,"PREFIX bd: <http://www.bigdata.com/rdf#>
PREFIX xsd: <http://www.w3.org/2001/XMLSchema#>
PREFIX wd: <http://www.wikidata.org/entity/>
PREFIX wdt: <http://www.wikidata.org/prop/direct/>
PREFIX wikibase: <http://wikiba.se/ontology#>

select distinct ?item ?itemLabel ?itemDescription ?birth where {
?item wdt:P106 wd:Q36180 ;
wdt:P27 wd:Q96 ;
wdt:P570 ?death;
wdt:P569 ?birth;
filter (?birth > ""1800-01-01""^^xsd:dateTime && ?birth < ""1900-01-01""^^xsd:dateTime)
SERVICE wikibase:label { bd:serviceParam wikibase:language ""es,en"" }
}",True,True,1.0,2,4
246,medium,"List all National Film Award winners from the 1990s, organized by award category.","PREFIX bd: <http://www.bigdata.com/rdf#>
PREFIX p: <http://www.wikidata.org/prop/>
PREFIX pq: <http://www.wikidata.org/prop/qualifier/>
PREFIX ps: <http://www.wikidata.org/prop/statement/>
PREFIX wd: <http://www.wikidata.org/entity/>
PREFIX wdt: <http://www.wikidata.org/prop/direct/>
PREFIX wikibase: <http://wikiba.se/ontology#>

SELECT ?prize ?prizeLabel ?winner ?winnerLabel {
?winner p:P166 ?pstmt. ?pstmt ps:P166 ?prize. ?prize wdt:P31 wd:Q1350697.
?pstmt pq:P585 ?time. BIND(YEAR(?time) as ?year)
FILTER(?year >= 1990)
FILTER(?year < 2000)
SERVICE wikibase:label { bd:serviceParam wikibase:language ""en"". }
}",True,True,1.0,1,3
247,medium,Find hills in the UK with horse figures drawn on them.,"PREFIX bd: <http://www.bigdata.com/rdf#>
PREFIX wd: <http://www.wikidata.org/entity/>
PREFIX wdt: <http://www.wikidata.org/prop/direct/>
PREFIX wikibase: <http://wikiba.se/ontology#>

SELECT DISTINCT ?item ?itemLabel ?placeLabel ?coords ?image WHERE {
?item wdt: wd: ;
wdt: ?coords ;
wdt: ?place .
OPTIONAL { ?item wdt: ?image }
SERVICE wikibase:label { bd:serviceParam wikibase:language ""en"" . }
} ORDER BY ?itemLabel",True,True,0.0,1,4
248,medium,List Tex-Mex singers who are also musicians.,"PREFIX bd: <http://www.bigdata.com/rdf#>
PREFIX wd: <http://www.wikidata.org/entity/>
PREFIX wdt: <http://www.wikidata.org/prop/direct/>
PREFIX wikibase: <http://wikiba.se/ontology#>

SELECT DISTINCT ?human ?humanLabel
WHERE
{
VALUES ?professions {wd: wd: wd:}
?human wdt: wd: .
?human wdt: ?professions .
?human wdt: wd: .
SERVICE wikibase:label { bd:serviceParam wikibase:language ""en"" }
}
LIMIT 100",True,True,0.0,5,3
249,medium,List all athletes born in a specific location who play for Real Sociedad.,"PREFIX bd: <http://www.bigdata.com/rdf#>
PREFIX wd: <http://www.wikidata.org/entity/>
PREFIX wdt: <http://www.wikidata.org/prop/direct/>
PREFIX wikibase: <http://wikiba.se/ontology#>

SELECT ?Athletic ?AthleticLabel ?jaiolekua ?jaiolekuaLabel ?koord WHERE {
SERVICE wikibase:label { bd:serviceParam wikibase:language ""[AUTO_LANGUAGE],en"". }
?Athletic wdt:P54 wd:Q10315;
wdt:P19 ?jaiolekua.
?jaiolekua wdt:P625 ?koord.
}",True,True,1.0,1,3
250,medium,List all individuals born on a river.,"PREFIX bd: <http://www.bigdata.com/rdf#>
PREFIX wd: <http://www.wikidata.org/entity/>
PREFIX wdt: <http://www.wikidata.org/prop/direct/>
PREFIX wikibase: <http://wikiba.se/ontology#>

SELECT ?q ?qLabel ?loc ?locLabel { ?q wdt:P19 ?loc . ?loc wdt:P31/wdt:P279* wd:Q4022 . SERVICE wikibase:label { bd:serviceParam wikibase:language ""[AUTO_LANGUAGE],en"". } }",True,True,1.0,1,3
251,medium,Find the locations of boundary stones near Radibor.,"PREFIX bd: <http://www.bigdata.com/rdf#>
PREFIX wd: <http://www.wikidata.org/entity/>
PREFIX wdt: <http://www.wikidata.org/prop/direct/>
PREFIX wikibase: <http://wikiba.se/ontology#>

SELECT ?item ?itemLabel ?coordinate WHERE {
wd:Q93286 wdt: ?Center.
?item wdt: wd:Q921099 . # ist ein Steinkreuz
SERVICE wikibase:around {
?item wdt: ?coordinate.
bd:serviceParam wikibase:center ?Center.
bd:serviceParam wikibase:radius ""25"". # 25 Kilometer around
}
SERVICE wikibase:label { bd:serviceParam wikibase:language ""hsb,de,[AUTO_LANGUAGE]"". }
#FILTER(EXISTS { ?place (wdt:/wdt:*) wd:. })
}",True,True,0.0,3,3
252,medium,List all paintings by Rembrandt in the Louvre or Rijksmuseum.,"PREFIX bd: <http://www.bigdata.com/rdf#>
PREFIX wd: <http://www.wikidata.org/entity/>
PREFIX wdt: <http://www.wikidata.org/prop/direct/>
PREFIX wikibase: <http://wikiba.se/ontology#>

SELECT DISTINCT ?item ?itemLabel ?itemDescription ?image ?collection WHERE {
    ?item wdt: wd: ; # Get items that are instances of painting
          wdt:P170 wd: ; # By creator Rembrandt
          wdt:P195/wdt:P361* ?collection . # That are in some collection

    # Only return results where 'collection' is either Rijkmuseum or Louvre
    FILTER ( ?collection = wd: || ?collection = wd: )

    OPTIONAL { ?item wdt:P18 ?image } # Optionally with an image

    SERVICE wikibase:label { bd:serviceParam wikibase:language ""[AUTO_LANGUAGE]"" }
}",True,True,0.0,4,5
253,medium,Show a map of countries by the year they joined the United Nations.,"PREFIX p: <http://www.wikidata.org/prop/>
PREFIX pq: <http://www.wikidata.org/prop/qualifier/>
PREFIX ps: <http://www.wikidata.org/prop/statement/>
PREFIX wd: <http://www.wikidata.org/entity/>
PREFIX wdt: <http://www.wikidata.org/prop/direct/>

SELECT ?pays (floor(year(?date)/10)*10 as ?layer) ?date ?image ?location WHERE {
?pays p:P31 ?property.
?property ps:P31 wd:Q160016.
?property pq:P580 ?date.
?pays wdt:P625 ?location.
?pays wdt:P41 ?image.
}",True,True,1.0,1,4
254,medium,What jobs did UK Prime Ministers have before becoming politicians?,"PREFIX bd: <http://www.bigdata.com/rdf#>
PREFIX wd: <http://www.wikidata.org/entity/>
PREFIX wdt: <http://www.wikidata.org/prop/direct/>
PREFIX wikibase: <http://wikiba.se/ontology#>

SELECT (COUNT(?mp) AS ?mps) ?job ?jobLabel
WHERE {
?mp wdt: wd:Q16707842;
wdt: ?job.
FILTER (?job not in (wd:, wd:Q16707842) )
SERVICE wikibase:label { bd:serviceParam wikibase:language ""en"" }
} GROUP BY ?job ?jobLabel
ORDER BY DESC(?mps)",True,True,0.0,2,2
255,medium,What are the laws in Indonesia that apply to indigenous people?,"PREFIX bd: <http://www.bigdata.com/rdf#>
PREFIX wd: <http://www.wikidata.org/entity/>
PREFIX wdt: <http://www.wikidata.org/prop/direct/>
PREFIX wikibase: <http://wikiba.se/ontology#>

SELECT ?hukum ?hukumLabel ?daerahLabel ?koord WHERE {
SERVICE wikibase:label { bd:serviceParam wikibase:language ""id"". }
?hukum wdt:P921 wd:Q2986880.
?hukum wdt:P31/wdt:P279* wd:Q12504878.
?hukum wdt:P1001 ?daerah.
?daerah wdt:P625 ?koord.
}",True,True,1.0,2,5
256,medium,List all the authors who have received a Nobel Prize and cited Egon Willighagen's work.,"PREFIX bd: <http://www.bigdata.com/rdf#>
PREFIX wd: <http://www.wikidata.org/entity/>
PREFIX wdt: <http://www.wikidata.org/prop/direct/>
PREFIX wikibase: <http://wikiba.se/ontology#>

SELECT DISTINCT ?cited ?citedLabel ?citedAuthor ?citedAuthorLabel ?award ?awardLabel WHERE {
?work wdt:P50 wd:Q20895241 . # replace by the item of another author
?cited wdt: ?work .
?cited wdt:P50 ?citedAuthor .
?citedAuthor wdt: ?award .
?award wdt: wd:Q7191
SERVICE wikibase:label { bd:serviceParam wikibase:language ""[AUTO_LANGUAGE],en"". }
}",True,True,1.0,2,4
257,medium,List documents from the Boyer collection organized by decade.,"PREFIX wd: <http://www.wikidata.org/entity/>
PREFIX wdt: <http://www.wikidata.org/prop/direct/>

SELECT ?decennie (COUNT(?item) AS ?compte) WHERE {
?item wdt: wd: ; wdt: ?date .
BIND ( STR(FLOOR(YEAR(?date)/10)) AS ?decennie )
}
GROUP BY ?decennie",True,True,0.0,1,2
258,medium,List all items in the History of Science Museum with their descriptions.,"PREFIX schema: <http://schema.org/>
PREFIX wd: <http://www.wikidata.org/entity/>
PREFIX wdt: <http://www.wikidata.org/prop/direct/>

SELECT ?item ?description (lang(?description) as ?lang) WHERE {
?item wdt: wd:.
?item schema:description ?description
}",True,True,0.0,1,1
259,medium,List all items with their CBDB and VIAF IDs.,"PREFIX rdfs: <http://www.w3.org/2000/01/rdf-schema#>
PREFIX wdt: <http://www.wikidata.org/prop/direct/>

SELECT ?item ?en_name ?zh_name ?cbdb ?viaf WHERE {
?item wdt: ?cbdb;
wdt: ?viaf.
OPTIONAL{ ?item rdfs:label ?en_name filter (lang(?en_name) = ""en"") }
OPTIONAL{ ?item rdfs:label ?zh_name filter (lang(?zh_name) = ""zh"") }
} ORDER BY ?cbdb",True,True,0.0,0,2
260,complex,List the top film directors by their number of films and sitelinks.,"PREFIX rdfs: <http://www.w3.org/2000/01/rdf-schema#>
PREFIX schema: <http://schema.org/>
PREFIX wd: <http://www.wikidata.org/entity/>
PREFIX wdt: <http://www.wikidata.org/prop/direct/>

SELECT ?director ?director_label (count(distinct ?film) as ?films) (count(distinct ?sitelink) as ?sitelinks) ((?films * ?sitelinks) as ?rank)
WHERE
{
?director wdt: wd: . # has ""film director"" as occupation
?film wdt: ?director . # get all films directed by the director
?sitelink schema:about ?director . # get all the sitelinks about the director
OPTIONAL {?director rdfs:label ?director_label # get the label of the director (if it exists)
FILTER (lang(?director_label) = ""en"") # filter for only English labels
}
}
GROUP BY ?director ?director_label
ORDER BY DESC(?rank)
LIMIT 100",True,True,1.0,1,2
261,complex,List the countries with their corresponding number of coronavirus cases.,"PREFIX bd: <http://www.bigdata.com/rdf#>
PREFIX p: <http://www.wikidata.org/prop/>
PREFIX pq: <http://www.wikidata.org/prop/qualifier/>
PREFIX ps: <http://www.wikidata.org/prop/statement/>
PREFIX wd: <http://www.wikidata.org/entity/>
PREFIX wdt: <http://www.wikidata.org/prop/direct/>
PREFIX wikibase: <http://wikiba.se/ontology#>

SELECT ?geo ?causes ?countryLabel ?rgb ?population (CONCAT(str(year(?datum)),""-"",CONCAT(IF(month(?datum)<10,""0"",""""),str(month(?datum))),""-"",CONCAT(IF(day(?datum)<10,""0"",""""),str(day(?datum)))) AS ?when) {
?item wdt:P1269 wd:Q83741704 .
?item wdt:P17 ?country .
?country wdt:P1082 ?pop.
?country wdt:P3896 ?geo .
MINUS { ?item wdt:P31 wd:Q186117 . }
OPTIONAL { ?item p:P1603 ?p1603stm .
?p1603stm ps:P1603 ?nr_causes .
?p1603stm wikibase:rank ?rank . FILTER(?rank=wikibase:PreferredRank)
OPTIONAL{?p1603stm pq:P585 ?datum }
}
BIND(IF(?nr_causes>=100,'FF0000',IF(?nr_causes>=10,'FF3333',IF(?nr_causes>=5,'FF6666',IF(?nr_causes>=2,'FF9999',IF(?nr_causes>0,'FFCCCC','FFFFFF'))))) AS ?rgb)
BIND(CONCAT(""Number of cases coronavirus reported: "", str(?nr_causes)) AS ?causes)
BIND((round(?pop/100000)/10) AS ?popM )
BIND(CONCAT(""Population (million): "", str(round(?popM))) AS ?population)
SERVICE wikibase:label { bd:serviceParam wikibase:language ""en"". }
}",True,True,0.0,2,7
262,complex,List all doctoral theses with their authors and institutions.,"PREFIX bd: <http://www.bigdata.com/rdf#>
PREFIX wd: <http://www.wikidata.org/entity/>
PREFIX wdt: <http://www.wikidata.org/prop/direct/>
PREFIX wikibase: <http://wikiba.se/ontology#>

SELECT DISTINCT ?thesis ?thesisLabel ?author ?authorLabel ?authorname ?institutionLabel ?year ?url WHERE {
?thesis wdt:P31 wd:Q187685 # doctoral theses
OPTIONAL {
{ ?author wdt:P1026 ?thesis }
UNION
{ ?thesis wdt:P50 ?author }
}
OPTIONAL { ?thesis wdt:P4101 ?institution }
OPTIONAL { ?thesis wdt: ?url }
OPTIONAL { ?thesis wdt:P2093 ?authorname }
OPTIONAL { ?thesis wdt: ?date } # inception
BIND(YEAR(?date) AS ?year)
SERVICE wikibase:label { bd:serviceParam wikibase:language ""[AUTO_LANGUAGE],en"" }
}",True,True,1.0,1,7
263,complex,What are the parent taxa of Asterophryinae?,"PREFIX bd: <http://www.bigdata.com/rdf#>
PREFIX wd: <http://www.wikidata.org/entity/>
PREFIX wdt: <http://www.wikidata.org/prop/direct/>
PREFIX wikibase: <http://wikiba.se/ontology#>
PREFIX gas: <http://www.bigdata.com/rdf/gas#>

SELECT ?item ?itemLabel ?pic ?linkTo
WHERE
{
SERVICE gas:service {
gas:program gas:gasClass ""com.bigdata.rdf.graph.analytics.SSSP"" ;
gas:in wd:;
gas:traversalDirection ""Reverse"" ;
gas:out ?item ;
gas:out1 ?depth ;
gas:maxIterations 3 ;
gas:linkType wdt: .
}
OPTIONAL { ?item wdt: ?linkTo }
OPTIONAL { ?item wdt: ?pic }
SERVICE wikibase:label {bd:serviceParam wikibase:language ""en"" }
}",True,True,0.0,1,2
264,complex,Find the CIViC citation corpus and extract PubMed IDs.,"PREFIX bd: <http://www.bigdata.com/rdf#>
PREFIX prov: <http://www.w3.org/ns/prov#>
PREFIX p: <http://www.wikidata.org/prop/>
PREFIX pr: <http://www.wikidata.org/prop/reference/>
PREFIX ps: <http://www.wikidata.org/prop/statement/>
PREFIX wdt: <http://www.wikidata.org/prop/direct/>
PREFIX wikibase: <http://wikiba.se/ontology#>

SELECT DISTINCT ?pmid ?citation ?citationLabel
WHERE
{
VALUES ?predictor {p: p: p: p: p: p: }
?item p: ?civicId ;
?predictor ?predictor_value .
?civicId ps: ?id .
?predictor_value prov:wasDerivedFrom ?reference .
?reference pr: ?citation .
?citation wdt: ?pmid ;
SERVICE wikibase:label { bd:serviceParam wikibase:language ""en"" }
}",True,True,1.0,0,9
265,complex,List all instruments created by Antonio Stradivari.,"PREFIX bd: <http://www.bigdata.com/rdf#>
PREFIX wd: <http://www.wikidata.org/entity/>
PREFIX wdt: <http://www.wikidata.org/prop/direct/>
PREFIX wikibase: <http://wikiba.se/ontology#>

SELECT ?item ?itemLabel (SAMPLE(?image) AS ?image) ?sitelinks WHERE {
{
?item wdt:/wdt:* wd:;
wdt: wd:.
} UNION {
?item wdt:/wdt:* wd:.
}
OPTIONAL { ?item wdt: ?image. }
?item wikibase:sitelinks ?sitelinks.
SERVICE wikibase:label { bd:serviceParam wikibase:language ""[AUTO_LANGUAGE],en"". }
}
GROUP BY ?item ?itemLabel ?sitelinks
ORDER BY DESC(?sitelinks)",True,True,0.0,3,4
266,complex,Find scholarly articles with 'Zika' in their title.,"PREFIX bd: <http://www.bigdata.com/rdf#>
PREFIX rdfs: <http://www.w3.org/2000/01/rdf-schema#>
PREFIX wdt: <http://www.wikidata.org/prop/direct/>
PREFIX wikibase: <http://wikiba.se/ontology#>

SELECT ?item ?itemLabel ?DOI ?PMID
WITH {
SELECT * WHERE {
BIND (""zika"" AS ?searchfor)
}
} AS %p
WITH {
SELECT ?item
WHERE {
INCLUDE %p
BIND (CONCAT(""haswbstatement:P31=Q13442814 "", ?searchfor) AS ?searchstr)
SERVICE wikibase:mwapi {
bd:serviceParam wikibase:endpoint ""www.wikidata.org"" .
bd:serviceParam wikibase:api ""Generator"" .
bd:serviceParam mwapi:generator ""search"" .
bd:serviceParam mwapi:gsrsearch ?searchstr .
bd:serviceParam mwapi:gsrlimit ""max"" .
bd:serviceParam mwapi:gsrnamespace ""0"" .
bd:serviceParam mwapi:gsrprop """" .
?item wikibase:apiOutputItem mwapi:title .
}
}
} AS %i
WHERE {
INCLUDE %i
INCLUDE %p
?item rdfs:label ?itemLabel .
FILTER (LANG(?itemLabel)=""en"")
FILTER(CONTAINS(LCASE(?itemLabel), ?searchfor))
OPTIONAL { ?item wdt:P698 ?PMID. }
OPTIONAL { ?item wdt:P356 ?DOI. }
}",True,True,1.0,0,3
267,complex,List all items that have a description in English but no English label.,"PREFIX rdfs: <http://www.w3.org/2000/01/rdf-schema#>
PREFIX p: <http://www.wikidata.org/prop/>
PREFIX pq: <http://www.wikidata.org/prop/qualifier/>
PREFIX ps: <http://www.wikidata.org/prop/statement/>
PREFIX wd: <http://www.wikidata.org/entity/>
PREFIX wikibase: <http://wikiba.se/ontology#>

SELECT ?item ?url ?sites WHERE {
?item p:P973 ?s. ?s ps:P973 ?url . ?s pq:P407 wd:Q1860 .
?item wikibase:sitelinks ?sites
FILTER NOT EXISTS{?item rdfs:label ?label FILTER(LANG(?label) = ""en"") }
} ORDER BY DESC(?sites)",True,False,0.0,1,2
268,complex,"What are the ingredients in a sandwich, excluding bread?","PREFIX bd: <http://www.bigdata.com/rdf#>
PREFIX wd: <http://www.wikidata.org/entity/>
PREFIX wdt: <http://www.wikidata.org/prop/direct/>
PREFIX wikibase: <http://wikiba.se/ontology#>

SELECT ?sandwich ?ingredient ?sandwichLabel ?ingredientLabel
WHERE
{
?sandwich wdt:P31?/wdt:P279* wd:Q28803;
wdt:P527 ?ingredient.
MINUS { ?ingredient wdt:P279* wd:Q7802. }
SERVICE wikibase:label { bd:serviceParam wikibase:language ""en"", ""fr"". }
}
ORDER BY UCASE(STR(?sandwichLabel))",True,True,1.0,2,3
269,complex,List all Law & Order episodes along with their season and episode numbers.,"PREFIX xsd: <http://www.w3.org/2001/XMLSchema#>
PREFIX p: <http://www.wikidata.org/prop/>
PREFIX pq: <http://www.wikidata.org/prop/qualifier/>
PREFIX ps: <http://www.wikidata.org/prop/statement/>
PREFIX wd: <http://www.wikidata.org/entity/>
PREFIX wdt: <http://www.wikidata.org/prop/direct/>

SELECT (SAMPLE(?seasonNumber) AS ?seasonNumber) (SAMPLE(?episodeNumber) AS ?episodeNumber) (SAMPLE(?title) AS ?title) (MIN(?pubDate) AS ?pubDate) ?episode
WHERE
{
# All episodes should be instance of episode with series Law & Order.
?episode wdt:P31 wd:Q21191270;
wdt:P179 wd:Q321423.
# Many of them also have the season as series, so we can get episode and season number from qualifiers there.
OPTIONAL {
?episode p:P179 [
ps:P179 [
# the season also has series Law & Order
p:P179 [
ps:P179 wd:Q321423;
pq:P1545 ?seasonNumber
]
];
pq:P1545 ?episodeNumber
].
}
OPTIONAL { ?episode wdt:P1476 ?title. }
OPTIONAL { ?episode wdt:P577 ?pubDate. }
}
GROUP BY ?episode # make sure we return each episode only once - a few have multiple publication dates, for example
ORDER BY IF(BOUND(?seasonNumber),xsd:integer(?seasonNumber),1000) xsd:integer(?episodeNumber) ?title",True,False,0.0,2,5
270,complex,List all images used by multiple churches.,"PREFIX wd: <http://www.wikidata.org/entity/>
PREFIX wdt: <http://www.wikidata.org/prop/direct/>

SELECT ?img (count(?church) AS ?cnt) (group_concat(?church; separator="";"") AS ?churches) { ?church wdt:P31 wd:Q16970 . ?church wdt: ?img } GROUP BY ?img HAVING (?cnt>1)
ORDER BY desc(?cnt)",True,False,0.0,1,2
271,complex,List all virtual conferences along with their environment and other details.,"PREFIX bd: <http://www.bigdata.com/rdf#>
PREFIX rdfs: <http://www.w3.org/2000/01/rdf-schema#>
PREFIX wd: <http://www.wikidata.org/entity/>
PREFIX wdt: <http://www.wikidata.org/prop/direct/>
PREFIX wikibase: <http://wikiba.se/ontology#>

SELECT DISTINCT
?conf ?confLabel
?startDate ?endDate
?url
?hashtag
(GROUP_CONCAT(DISTINCT ?envLabel;separator="", "") AS ?environments)
(GROUP_CONCAT(DISTINCT ?orgLabel;separator="", "") AS ?organizers)
WHERE {
# web conferences with homepage
?conf wdt:/wdt:* wd: ;
wdt: ?url .
OPTIONAL { # which software is used?
?conf wdt: ?env .
?env wdt:/wdt:* wd:
}
OPTIONAL { ?conf wdt:P580 ?startDate }
OPTIONAL { ?conf wdt:P582 ?endDate }
OPTIONAL { ?conf wdt:P2572 ?hashtag }
OPTIONAL { ?conf wdt:P664 ?org }
SERVICE wikibase:label {
bd:serviceParam wikibase:language ""[AUTO_LANGUAGE],en"" .
?conf rdfs:label ?confLabel .
?env rdfs:label ?envLabel .
?org rdfs:label ?orgLabel .
}
} GROUP BY ?conf ?confLabel ?url ?startDate ?endDate ?hashtag ?organizers",True,True,0.0,2,8
272,complex,What is the average lifespan of people in different professions?,"PREFIX bd: <http://www.bigdata.com/rdf#>
PREFIX xsd: <http://www.w3.org/2001/XMLSchema#>
PREFIX p: <http://www.wikidata.org/prop/>
PREFIX psv: <http://www.wikidata.org/prop/statement/value/>
PREFIX wd: <http://www.wikidata.org/entity/>
PREFIX wdt: <http://www.wikidata.org/prop/direct/>
PREFIX wikibase: <http://wikiba.se/ontology#>

SELECT ?occ ?occLabel ?avgAge ?avgBirthYear ?count
WHERE
{
{
# Group the people by their occupation and calculate age
SELECT
?occ
(count(?p) as ?count)
(round(avg(?birthYear)) as ?avgBirthYear)
(avg(?deathYear - ?birthYear) as ?avgAge)
WHERE {
{
# Get people with occupation + birth/death dates; combine multiple birth/death dates using avg
SELECT
?p
?occ
(avg(year(?birth)) as ?birthYear)
(avg(year(?death)) as ?deathYear)
WHERE {
?p wdt:P31 wd:Q5 ;
wdt:P106 ?occ ;
p:P569/psv:P569 [
wikibase:timePrecision ""9""^^xsd:integer ; # precision of at least year
wikibase:timeValue ?birth ;
] ;
p:P570/psv:P570 [
wikibase:timePrecision ""9""^^xsd:integer ; # precision of at least year
wikibase:timeValue ?death ;
] .
}
GROUP BY ?p ?occ
}
}
GROUP BY ?occ
LIMIT 200
}
FILTER (?count > 300) # arbitrary number to weed out values with 'few' observations
SERVICE wikibase:label { bd:serviceParam wikibase:language ""fr"" . }
}
ORDER BY ASC(?avgAge)",True,False,0.0,1,4
273,complex,List the identifiers present on Penelope Cruz's item but not on Sean Connery's.,"PREFIX bd: <http://www.bigdata.com/rdf#>
PREFIX hint: <http://www.bigdata.com/queryHints#>
PREFIX wd: <http://www.wikidata.org/entity/>
PREFIX wdt: <http://www.wikidata.org/prop/direct/>
PREFIX wikibase: <http://wikiba.se/ontology#>

SELECT
?p ?pLabel ?comparewithLabel
(SAMPLE(?url) AS ?url_comp2)
WHERE
{
BIND(wd:Q39666 as ?comparewith)
hint:Query hint:optimizer ""None"".
{ ?comparewith ?wdt ?v.
?p wikibase:directClaim ?wdt; wikibase:propertyType wikibase:ExternalId.
FILTER NOT EXISTS { wd:Q4573 ?wdt [] }
FILTER NOT EXISTS { ?p wdt:P31 wd:Q66712599 }
FILTER NOT EXISTS { ?p wdt:P31 wd:Q27525351 }
FILTER NOT EXISTS { ?p wdt:P31 wd:Q66118402 }
OPTIONAL { ?p wdt:P1630 ?f. } BIND(URI(REPLACE(?f, ""\\$1"", ?v)) AS ?url)
} UNION { BIND( wd:Q4573 as ?p) }
SERVICE wikibase:label { bd:serviceParam wikibase:language ""[AUTO_LANGUAGE],en""}
}
GROUP BY ?p ?pLabel ?comparewithLabel
ORDER BY (?url_comp2)",True,True,1.0,5,2
274,complex,List all trans artists with their occupation and image.,"PREFIX bd: <http://www.bigdata.com/rdf#>
PREFIX wd: <http://www.wikidata.org/entity/>
PREFIX wdt: <http://www.wikidata.org/prop/direct/>
PREFIX wikibase: <http://wikiba.se/ontology#>

SELECT DISTINCT ?person ?personLabel ?personimage ?field ?fieldLabel WHERE {
{?person wdt:P21 wd:Q2449503 } UNION {?person wdt:P21 wd:Q1052281 } # trans men and women
?person wdt:P106/wdt:P279* wd:Q483501 . # artist
?person wdt:P106 ?field.
?field wdt:P279* wd:Q483501
MINUS {?field wdt:P279* wd:Q33999} # not actors
OPTIONAL{ ?person wdt:P18 ?personimage }
SERVICE wikibase:label { bd:serviceParam wikibase:language ""[AUTO_LANGUAGE],en"" }
}",True,False,0.0,4,4
275,complex,What are the places near Papa Stour?,"PREFIX bd: <http://www.bigdata.com/rdf#>
PREFIX hint: <http://www.bigdata.com/queryHints#>
PREFIX rdfs: <http://www.w3.org/2000/01/rdf-schema#>
PREFIX p: <http://www.wikidata.org/prop/>
PREFIX psv: <http://www.wikidata.org/prop/statement/value/>
PREFIX wd: <http://www.wikidata.org/entity/>
PREFIX wdt: <http://www.wikidata.org/prop/direct/>
PREFIX wikibase: <http://wikiba.se/ontology#>

SELECT ?place ?placeLabel ?location (GROUP_CONCAT(?typeLabel_;separator=""; "") as ?typeLabel) WHERE {
hint:Query hint:optimizer ""None"".
VALUES ?island {wd:Q1552121}
?island wdt:P5140 ?point .
SERVICE wikibase:around {
?place wdt:P625 ?location .
bd:serviceParam wikibase:center ?point .
bd:serviceParam wikibase:radius ""10"" .
}
?place p:P625/psv:P625/wikibase:geoLatitude ?lat .
?place p:P625/psv:P625/wikibase:geoLongitude ?long .
?island p:P1332/psv:P1332/wikibase:geoLatitude ?north .
?island p:P1333/psv:P1333/wikibase:geoLatitude ?south .
?island p:P1334/psv:P1334/wikibase:geoLongitude ?east .
?island p:P1335/psv:P1335/wikibase:geoLongitude ?west .
FILTER ( ?lat <= ?north )
FILTER ( ?lat >= ?south )
FILTER ( ?long <= ?east )
FILTER ( ?long >= ?west )
OPTIONAL { ?place wdt:P31 ?type . }
SERVICE wikibase:label { bd:serviceParam wikibase:language ""en"" .
?place rdfs:label ?placeLabel .
?type rdfs:label ?typeLabel_ .}
} group by ?place ?placeLabel ?location",True,True,1.0,1,7
276,complex,List the longest English words in alphabetical order.,"PREFIX wd: <http://www.wikidata.org/entity/>
PREFIX wikibase: <http://wikiba.se/ontology#>

PREFIX dct: <http://purl.org/dc/terms/> # workaround for T233148
SELECT ?lexeme ?lemma (STRLEN(?lemma) AS ?length) WHERE {
BIND(wd:Q1860 AS ?language)
?lexeme dct:language ?language;
wikibase:lemma ?lemma.
FILTER(STRLEN(?lemma) >= 5)
# first version allows repeated letters, second one doesn't
# FILTER(REGEX(?lemma, ""^A*B*C*D*E*F*G*H*I*J*K*L*M*N*O*P*Q*R*S*T*U*V*Q*X*Y*Z*$"", ""i""))
FILTER(REGEX(?lemma, ""^A?B?C?D?E?F?G?H?I?J?K?L?M?N?O?P?Q?R?S?T?U?V?Q?X?Y?Z?$"", ""i""))
}
ORDER BY DESC(?length)",True,True,1.0,1,0
277,complex,List all Welsh journals and newspapers with their publication dates and places.,"PREFIX bd: <http://www.bigdata.com/rdf#>
PREFIX wd: <http://www.wikidata.org/entity/>
PREFIX wdt: <http://www.wikidata.org/prop/direct/>
PREFIX wikibase: <http://wikiba.se/ontology#>

SELECT DISTINCT ?decade ?place ?placeLabel ?coord ?year ?xLabel ?image
(SAMPLE(?x) AS ?x) (SAMPLE(?layer) AS ?layer) WHERE {
{ ?x wdt: wd:Q2603503. }
UNION
{ ?x wdt: wd: . }
?x wdt: ?date ;
wdt: ?place .
?place wdt: ?coord.
OPTIONAL {?x wdt: ?image . }
BIND (YEAR(?date) AS ?year)
BIND(FLOOR(?year / 10) *10 as ?decade )
BIND(
IF(?decade =1770, ""1770s"",
IF(?decade =1780, ""1780s"",
IF(?decade =1790, ""1790s"",
IF(?decade =1800, ""1800s"",
IF(?decade =1810, ""1810s"",
IF(?decade =1820, ""1820s"",
IF(?decade =1830, ""1830s"",
IF(?decade =1840, ""1840s"",
IF(?decade =1850, ""1850s"",
IF(?decade =1860, ""1860s"",
IF(?decade =1870, ""1870s"",
IF(?decade =1880, ""1880s"",
IF(?decade =1890, ""1890s"",
IF(?decade =1900, ""1900s"",
IF(?decade =1910, ""1910s"",
IF(?decade =1920, ""1920s"",
IF(?decade =1930, ""1930s"",
IF(?decade =1940, ""1940s"",
IF(?decade =1950, ""1950s"",
IF(?decade =1960, ""1960s"",
IF(?decade =1970, ""1970s"",
IF(?decade =1980, ""1980s"",
IF(?decade =1990, ""1990s"",
"" ""))))))))))))))))))))))) AS ?layer).
SERVICE wikibase:label { bd:serviceParam wikibase:language ""en"". }
}
GROUP BY ?decade ?place ?placeLabel ?coord ?year ?xLabel ?image
ORDER BY ?decade",True,True,0.0,2,5
278,complex,List economists by their fields of work and nationalities.,"PREFIX rdfs: <http://www.w3.org/2000/01/rdf-schema#>
PREFIX wd: <http://www.wikidata.org/entity/>
PREFIX wdt: <http://www.wikidata.org/prop/direct/>

SELECT ?person ?name ?field ?fieldname ?nationality WHERE {
?person wdt: ?field; #?field = Q39680 for macroeconomics # Q39072 for microeconomics
wdt: ?place .
?field wdt:9+ wd: .
?person rdfs:label ?name filter (lang(?name) = ""en"")
?place rdfs:label ?nationality filter (lang(?nationality) = ""en"")
?field rdfs:label ?fieldname filter (lang(?fieldname) = ""en"")
MINUS{ ?person wdt:/wdt:9? wd: } # exclude fictional people
} ORDER BY ASC(?fieldname)",True,True,0.0,2,3
279,complex,List the top animals depicted in artworks.,"PREFIX bd: <http://www.bigdata.com/rdf#>
PREFIX p: <http://www.wikidata.org/prop/>
PREFIX pq: <http://www.wikidata.org/prop/qualifier/>
PREFIX ps: <http://www.wikidata.org/prop/statement/>
PREFIX wd: <http://www.wikidata.org/entity/>
PREFIX wdt: <http://www.wikidata.org/prop/direct/>
PREFIX wikibase: <http://wikiba.se/ontology#>

SELECT ?animal ?animalLabel ?count
WITH {
SELECT DISTINCT ?animal ?statement WHERE {
?work wdt:P31/wdt:P279* wd:Q838948;
p:P180 ?statement.
?statement ps:P180 ?depicted.
MINUS { ?statement wikibase:rank wikibase:DeprecatedRank. }
?depicted wdt:P31? ?animal.
?animal wdt:P279+ wd:Q729.
MINUS { ?animal wdt:P279* wd:Q15978631. }
}
} AS %statements
WITH {
SELECT ?animal (SUM(COALESCE(?quantity, 1)) AS ?count) WHERE {
INCLUDE %statements.
OPTIONAL { ?statement pq:P1114 ?quantity. }
}
GROUP BY ?animal
HAVING(?count >= 10)
} AS %counts
WHERE {
INCLUDE %counts.
SERVICE wikibase:label { bd:serviceParam wikibase:language ""[AUTO_LANGUAGE],en"". }
}
ORDER BY DESC(?count)",True,False,0.0,3,4
280,complex,List the European regions with a population density of less than 30 people per square kilometer.,"PREFIX bd: <http://www.bigdata.com/rdf#>
PREFIX p: <http://www.wikidata.org/prop/>
PREFIX psv: <http://www.wikidata.org/prop/statement/value/>
PREFIX wd: <http://www.wikidata.org/entity/>
PREFIX wdt: <http://www.wikidata.org/prop/direct/>
PREFIX wikibase: <http://wikiba.se/ontology#>

SELECT DISTINCT ?region ?regionLabel ?country ?countryLabel ?area ?population ?density ?coords
WHERE
{
?region wdt:P31/wdt:P279* wd:Q10864048 ;
wdt:P17 ?country ;
wdt:P1082 ?population ;
p:P2046/psv:P2046 [
wikibase:quantityAmount ?baseArea ;
wikibase:quantityUnit [
p:P2370/psv:P2370 [
wikibase:quantityAmount ?unitArea;
wikibase:quantityUnit wd:Q25343
]
]
] ;
wdt:P625 ?coords .
FILTER NOT EXISTS { ?region wdt:P576 ?x }
BIND(?baseArea * ?unitArea / 1000000 AS ?area) .
FILTER ( ?area > 0 )
FILTER ( ?population > 0 )
BIND ((?population / ?area) AS ?density)
FILTER ( ?density < 30 )
?country wdt:P30 wd:Q46 .
FILTER NOT EXISTS { ?country wdt:P17 wd:Q3024240 }
FILTER NOT EXISTS { ?country wdt:P576 ?x }
SERVICE wikibase:label { bd:serviceParam wikibase:language ""[AUTO_LANGUAGE],en"". }
}
ORDER BY ?density ?countryLabel ?regionLabel",True,True,1.0,4,9
281,complex,List all restaurants in Luxembourg that have a Michelin star.,"PREFIX bd: <http://www.bigdata.com/rdf#>
PREFIX p: <http://www.wikidata.org/prop/>
PREFIX pq: <http://www.wikidata.org/prop/qualifier/>
PREFIX ps: <http://www.wikidata.org/prop/statement/>
PREFIX wd: <http://www.wikidata.org/entity/>
PREFIX wdt: <http://www.wikidata.org/prop/direct/>
PREFIX wikibase: <http://wikiba.se/ontology#>

SELECT ?item ?itemLabel ?geo ?layer WHERE {
?item (wdt:P31/(wdt:*)) wd:Q11707;
wdt: wd:Q20824563;
wdt: wd:Q32;
wdt: ?geo.
?item p: [ps: wd:Q20824563; pq: ?layer]
MINUS {?item wdt: []}
SERVICE wikibase:label { bd:serviceParam wikibase:language ""[AUTO_LANGUAGE],en"". }
}",True,True,0.0,3,7
282,complex,What properties are most commonly used in references?,"PREFIX bd: <http://www.bigdata.com/rdf#>
PREFIX wikibase: <http://wikiba.se/ontology#>

SELECT ?prop ?propLabel ?count WHERE {
{
SELECT ?prop (COUNT(?ref) AS ?count) WHERE {
?prop wikibase:reference ?pr_pred . # the reference-specific form of a property
?ref ?pr_pred ?pr_obj . # to be found in any triple (any such triples will apply to references)
} GROUP BY ?pr_pred ?prop
}
SERVICE wikibase:label {
bd:serviceParam wikibase:language ""en""
}
} ORDER BY DESC (?count)",True,False,0.0,0,0
283,complex,List all WikiProjects focused on women.,"PREFIX bd: <http://www.bigdata.com/rdf#>
PREFIX schema: <http://schema.org/>
PREFIX wd: <http://www.wikidata.org/entity/>
PREFIX wdt: <http://www.wikidata.org/prop/direct/>
PREFIX wikibase: <http://wikiba.se/ontology#>

SELECT DISTINCT ?wikiProject ?wikiProjectLabel ?subjectLabel ?wiki ?title ?wikiPage WHERE {
?wikiProject wdt:P31/wdt:P279* wd:Q21025364;
wdt:P921 ?subject.
?subject wdt:P1269? wd:Q467.
?wikiPage schema:isPartOf ?wiki;
schema:name ?title;
schema:about ?wikiProject.
SERVICE wikibase:label { bd:serviceParam wikibase:language ""[AUTO_LANGUAGE],en"". }
}
ORDER BY ?subjectLabel ?wikiProjectLabel ?wiki",True,True,1.0,1,4
284,complex,Find pictures of theatres in Carthalia from the outside and inside.,"PREFIX bd: <http://www.bigdata.com/rdf#>
PREFIX wd: <http://www.wikidata.org/entity/>
PREFIX wdt: <http://www.wikidata.org/prop/direct/>
PREFIX wikibase: <http://wikiba.se/ontology#>

SELECT DISTINCT ?item ?itemLabel ?itemDescription (URI(REPLACE(?pattern, '\\$1', ?carthalia)) AS ?carthalia_URL) (SAMPLE(?coord) AS ?coord)
WHERE {
wd:P5652 wdt:P1630 ?pattern .
?item wdt:P5652 ?carthalia .
?item wdt:P625 ?coord .
SERVICE wikibase:label { bd:serviceParam wikibase:language ""en,de,fr,it,ru"". }
}
GROUP BY ?item ?itemLabel ?itemDescription ?carthalia ?carthalia_URL ?pattern ?coord
LIMIT 6000",True,True,0.6971,0,3
285,complex,List the countries with their number of citizens having a specific blood type.,"PREFIX bd: <http://www.bigdata.com/rdf#>
PREFIX wd: <http://www.wikidata.org/entity/>
PREFIX wdt: <http://www.wikidata.org/prop/direct/>
PREFIX wikibase: <http://wikiba.se/ontology#>

SELECT ?countryLabel ?count WITH {
SELECT ?country (COUNT(DISTINCT ?human) AS ?count) WHERE {
?human wdt:P31 wd:Q5;
wdt:P27 ?country;
wdt:P1853 ?bloodType.
}
GROUP BY ?country
} AS %results WHERE {
INCLUDE %results.
SERVICE wikibase:label { bd:serviceParam wikibase:language ""[AUTO_LANGUAGE],en"". }
}
ORDER BY DESC(?count)",True,True,1.0,1,3
286,complex,What artworks are commonly depicted in both the Ashmolean Museum and the Cleveland Museum of Art?,"PREFIX bd: <http://www.bigdata.com/rdf#>
PREFIX wd: <http://www.wikidata.org/entity/>
PREFIX wdt: <http://www.wikidata.org/prop/direct/>
PREFIX wikibase: <http://wikiba.se/ontology#>

SELECT ?depicted ?depictedLabel ?ashcount ?ashexample ?ashexampleLabel ?clevcount ?clevexample ?clevexampleLabel WHERE {
{SELECT ?depicted (Sample(?itemash) AS ?ashexample) (COUNT(DISTINCT ?itemash) AS ?ashcount) (sample(?itemclev) as ?clevexample) (COUNT(DISTINCT ?itemclev) AS ?clevcount) WHERE {
?itemclev wdt:P195 wd:Q657415; wdt: ?depicted.
?itemash wdt:P195 wd:Q636400 ; wdt: ?depicted.
} GROUP BY ?depicted }
SERVICE wikibase:label { bd:serviceParam wikibase:language ""[AUTO_LANGUAGE],en"". }
} ORDER BY DESC(?ashcount + ?clevcount)",True,False,0.0,2,2
287,complex,"List the movies featuring Jean-Paul Belmondo, ranked by their number of sitelinks.","PREFIX bd: <http://www.bigdata.com/rdf#>
PREFIX rdfs: <http://www.w3.org/2000/01/rdf-schema#>
PREFIX schema: <http://schema.org/>
PREFIX wd: <http://www.wikidata.org/entity/>
PREFIX wdt: <http://www.wikidata.org/prop/direct/>
PREFIX wikibase: <http://wikiba.se/ontology#>

SELECT DISTINCT
?item ?itemLabel
?sitelinks
(YEAR(?d) AS ?year)
(GROUP_CONCAT(DISTINCT ?directorLabel; SEPARATOR = "", "") AS ?directors)
?url
WHERE
{
?item wdt:P161 wd:Q106255;
wikibase:sitelinks ?sitelinks.
OPTIONAL {
?item wdt:P57 ?director.
?director rdfs:label ?directorLabel.
FILTER((LANG(?directorLabel)) = ""[AUTO_LANGUAGE]"")
}
?item wdt:P577 ?d.
FILTER(NOT EXISTS {
?item wdt:P577 ?d2.
FILTER(?d2 < ?d)
})
SERVICE wikibase:label { bd:serviceParam wikibase:language ""[AUTO_LANGUAGE],fr,en"". }
OPTIONAL { ?url schema:about ?item ; schema:isPartOf / wikibase:wikiGroup ""wikipedia"" ; schema:inLanguage ""[AUTO_LANGUAGE]"" }
}
GROUP BY ?item ?itemLabel ?sitelinks ?d ?url
ORDER BY DESC (?sitelinks) ?item",True,True,1.0,1,3
288,complex,List male actors who played the same character in a trilogy of movies when they were young and again decades later.,"PREFIX bd: <http://www.bigdata.com/rdf#>
PREFIX xsd: <http://www.w3.org/2001/XMLSchema#>
PREFIX p: <http://www.wikidata.org/prop/>
PREFIX pq: <http://www.wikidata.org/prop/qualifier/>
PREFIX ps: <http://www.wikidata.org/prop/statement/>
PREFIX wd: <http://www.wikidata.org/entity/>
PREFIX wdt: <http://www.wikidata.org/prop/direct/>
PREFIX wikibase: <http://wikiba.se/ontology#>

SELECT DISTINCT ?actor ?actorLabel ?characterLabel WHERE {
?actor wdt:P31 wd:Q5;
wdt:P21 wd:Q6581097;
wdt: ?dob.
?movie1 wdt:P31/wdt:* wd:Q11424;
wdt: ?trilogy;
p: [
ps: ?actor;
pq: ?character
];
wdt: ?movie1Publication.
?trilogy wdt:P31/wdt:* wd:Q13593818.
FILTER(?dob + ""P20Y""^^xsd:duration <= ?movie1Publication && ?movie1Publication < ?dob + ""P30Y""^^xsd:duration)
?movie2 wdt:P31/wdt:* wd:Q11424;
p: [
ps: ?actor;
pq: ?character
];
wdt: ?movie2Publication.
FILTER(?movie1Publication + ""P40Y""^^xsd:duration < ?movie2Publication)
SERVICE wikibase:label { bd:serviceParam wikibase:language ""[AUTO_LANGUAGE],en"". }
}",True,True,0.0,4,8
289,complex,Find churches in the Czech Republic dedicated to St. Wenceslas or St. Cyril and Methodius.,"PREFIX bd: <http://www.bigdata.com/rdf#>
PREFIX wd: <http://www.wikidata.org/entity/>
PREFIX wdt: <http://www.wikidata.org/prop/direct/>
PREFIX wikibase: <http://wikiba.se/ontology#>

select ?item ?itemLabel ?coord ?layer where {
?item wdt: wd: .
{?item wdt: wd: .} union {?item wdt: wd: .}
?item wdt: ?coord .
?item wdt: wd: .
OPTIONAL {
?item wdt: wd: .
BIND(""St. Wenceslas"" AS ?layer).
}
OPTIONAL {
?item wdt: wd: .
BIND(""St. Cyril and Methodius"" AS ?layer).
}
SERVICE wikibase:label { bd:serviceParam wikibase:language ""en,cs"". }
}",True,True,0.0,4,4
290,complex,Show me a map of all Wikidata items located in Ukraine.,"PREFIX bd: <http://www.bigdata.com/rdf#>
PREFIX p: <http://www.wikidata.org/prop/>
PREFIX psv: <http://www.wikidata.org/prop/statement/value/>
PREFIX ps: <http://www.wikidata.org/prop/statement/>
PREFIX wd: <http://www.wikidata.org/entity/>
PREFIX wdt: <http://www.wikidata.org/prop/direct/>
PREFIX wikibase: <http://wikiba.se/ontology#>

SELECT ?item ?itemLabel ?itemDescription ?location ?rgb ?image WITH {
SELECT $COUNTRY ?north ?east ?south ?west WHERE {
VALUES $COUNTRY { wd: }
$COUNTRY p: [psv: [wikibase:geoLatitude ?north]].
$COUNTRY p: [psv: [wikibase:geoLongitude ?east]].
$COUNTRY p: [psv: [wikibase:geoLatitude ?south]].
$COUNTRY p:P1335 [psv:P1335 [wikibase:geoLongitude ?west]].
} } AS %data
WHERE {
INCLUDE %data
?item wdt:P17 $COUNTRY .
?item p:P625 [
ps:P625 ?location ;
psv:P625 [
wikibase:geoLongitude ?longitude;
wikibase:geoLatitude ?latitude;
]
].
OPTIONAL { ?item wdt:P18 ?image }
FILTER (?latitude <= ?north && ?latitude >= ?south && ?longitude >= ?west && ?longitude <= ?east)
BIND ( (?north + ?south) / 2 AS ?centre )
BIND ( COALESCE(
IF(?latitude >= ?centre, ""0057b7"", 1/0),
""ffd700""
) AS ?rgb )
SERVICE wikibase:label { bd:serviceParam wikibase:language ""[AUTO_LANGUAGE],en"". }
}
LIMIT 10000 # try to increase the limit but might timeout or cause browser to hang when rendering the map",True,True,1.0,1,7
291,complex,List photographers born before the first photograph was taken.,"PREFIX bd: <http://www.bigdata.com/rdf#>
PREFIX wd: <http://www.wikidata.org/entity/>
PREFIX wdt: <http://www.wikidata.org/prop/direct/>
PREFIX wikibase: <http://wikiba.se/ontology#>

SELECT ?person ?personLabel ?dob WITH {
SELECT ?photograph ?inception WHERE {
?photograph wdt:P31/wdt:P279* wd:Q125191;
wdt:P571 ?inception.
}
ORDER BY ?inception
LIMIT 1
} AS %earliestPhotograph WHERE {
?person wdt:P106/wdt:P279* wd:Q33231;
wdt:P569 ?dob.
INCLUDE %earliestPhotograph.
FILTER(?dob < ?inception)
SERVICE wikibase:label { bd:serviceParam wikibase:language ""[AUTO_LANGUAGE],en"". }
}",True,True,1.0,2,5
292,complex,List all grammatical features and their subclasses.,"PREFIX bd: <http://www.bigdata.com/rdf#>
PREFIX wd: <http://www.wikidata.org/entity/>
PREFIX wdt: <http://www.wikidata.org/prop/direct/>
PREFIX wikibase: <http://wikiba.se/ontology#>

SELECT ?child ?childLabel ?parent ?parentLabel
WITH {
SELECT ?feature WHERE {
VALUES ?feature {
wd:Q1817208
wd:Q2054517
wd:Q102047
wd:Q6581072
wd:Q51929403
wd:Q108709
wd:Q324982
wd:Q146233
wd:Q47088290
wd:Q51929290
wd:Q18012653
wd:Q47088293
wd:
wd:
wd:
wd:
wd:
wd:
wd:
wd:
wd:
wd:
wd:
wd:Q16527322
wd:Q53999547
wd:Q131105
wd:Q24577575
wd:Q53997851
wd:Q156986
wd:Q319822
wd:Q192613
wd:Q2105891
wd:Q192997
wd:Q324305
wd:
wd:
wd:
wd:
wd:
wd:
wd:
wd:
wd:
wd:
wd:
wd:
wd:
wd:
wd:
wd:
wd:
wd:Q10509119
wd:
wd:
wd:
wd:
wd:Q24133704
wd:Q54176537
wd:
wd:Q604984
wd:Q2114906
wd:Q332734
wd:Q56682909
wd:Q146233
wd:Q282031
wd:Q1450795
wd:Q474668
wd:Q110786
wd:Q1147112
wd:
wd:
wd:
wd:
wd:
wd:
wd:
wd:
wd:
wd:
wd:
wd:
wd:
wd:
wd:Q53998049
wd:Q394253
wd:Q11078
wd:Q576271
wd:Q857325
wd:Q185077
wd:Q27918551
wd:Q1305037
wd:Q1562262
wd:Q281954
wd:
wd:
wd:
wd:
wd:
wd:
}
}
} AS %features
WITH {
SELECT DISTINCT (?feature AS ?child) ?parent WHERE {
INCLUDE %features
?feature wdt: ?parent .
}
} AS %results1
WITH {
SELECT DISTINCT ?child ?parent WHERE {
INCLUDE %features
?feature wdt: ?child .
?child wdt: ?parent .
}
} AS %results2
WHERE {
{ INCLUDE %results1 } UNION { INCLUDE %results2 }
SERVICE wikibase:label { bd:serviceParam wikibase:language ""[AUTO_LANGUAGE],en"". }
}",True,True,0.0,94,1
293,complex,List famous Latin American female musicians who don't have a Wikipedia article in Spanish.,"PREFIX bd: <http://www.bigdata.com/rdf#>
PREFIX schema: <http://schema.org/>
PREFIX wd: <http://www.wikidata.org/entity/>
PREFIX wdt: <http://www.wikidata.org/prop/direct/>
PREFIX wikibase: <http://wikiba.se/ontology#>

SELECT DISTINCT ?item ?itemLabel ?num ?itemDescription WHERE {
VALUES ?occ {wd:}
?item wdt: wd: ;
wdt: wd: ;
(wdt:/(wdt:*)) ?occ;
wdt: ?occupation .
?item wikibase:sitelinks ?num.
?item wdt: ?nacionalidad .
?nacionalidad wdt: ?country .
?country (wdt:P361/(wdt:P361*)) wd: .
FILTER(?num >= 1)
MINUS {
?art schema:about ?item.
?art schema:isPartOf <https://es.wikipedia.org/>.
}
SERVICE wikibase:label { bd:serviceParam wikibase:language ""es,en"". }
}
ORDER BY DESC(?num)",True,True,1.0,4,7
294,complex,List the events where most video games were announced.,"PREFIX bd: <http://www.bigdata.com/rdf#>
PREFIX p: <http://www.wikidata.org/prop/>
PREFIX pq: <http://www.wikidata.org/prop/qualifier/>
PREFIX wd: <http://www.wikidata.org/entity/>
PREFIX wdt: <http://www.wikidata.org/prop/direct/>
PREFIX wikibase: <http://wikiba.se/ontology#>

SELECT ?event ?eventLabel (COUNT(?video_game) as ?count) WHERE {
SERVICE wikibase:label { bd:serviceParam wikibase:language ""[AUTO_LANGUAGE],en"". }
?video_game wdt:P31 wd:Q7889.
?video_game p:P6949 ?node.
?node pq:P9731 ?event.
}
GROUP BY ?event ?eventLabel
ORDER BY DESC(?count)",True,True,1.0,1,3
295,complex,Find the century when archaeological objects in St Raymond museum were discovered.,"PREFIX bd: <http://www.bigdata.com/rdf#>
PREFIX p: <http://www.wikidata.org/prop/>
PREFIX pq: <http://www.wikidata.org/prop/qualifier/>
PREFIX ps: <http://www.wikidata.org/prop/statement/>
PREFIX wd: <http://www.wikidata.org/entity/>
PREFIX wdt: <http://www.wikidata.org/prop/direct/>
PREFIX wikibase: <http://wikiba.se/ontology#>

SELECT ?item ?itemLabel ?coords (round(year(?date)/100) as ?layer ) ?img WHERE {
{
SELECT DISTINCT ?item (SAMPLE(?directcoords) AS ?directcoords) (SAMPLE(?placecoords) AS ?placecoords) (SAMPLE(?date) AS ?date) {
?item wdt:P195 wd:Q1376 ; wdt:P571 ?date .
?item p:P189 ?discoveryplaceS .
?discoveryplaceS ps:P189 ?discoveryplace .
OPTIONAL { ?discoveryplaceS pq:P625 ?directcoords . }
OPTIONAL { ?discoveryplace wdt:P625 ?placecoords . }
} GROUP BY ?item
}
BIND(COALESCE(?directcoords, ?placecoords) AS ?coords)
optional { ?item wdt:P18 ?img } .
SERVICE wikibase:label { bd:serviceParam wikibase:language ""fr"". }
}",True,True,0.9985,1,4
296,complex,List all statues in the UK that depict women or nobles.,"PREFIX bd: <http://www.bigdata.com/rdf#>
PREFIX wd: <http://www.wikidata.org/entity/>
PREFIX wdt: <http://www.wikidata.org/prop/direct/>
PREFIX wikibase: <http://wikiba.se/ontology#>

SELECT
?statue ?statueLabel (SAMPLE(?statueLocation) AS ?statueLocation_) (SAMPLE(?statueImage) AS ?statueImage_)
?person ?personLabel
(IF(?female, ""female""@en, ""not female""@en) AS ?femaleLabel)
(IF(?hasNobleTitle, ""has noble title""@en, ""has no noble title""@en) AS ?hasNobleTitleLabel)
(CONCAT(?femaleLabel, "", ""@en, ?hasNobleTitleLabel) AS ?layer)
WHERE {
?statue wdt:P31/wdt:P279* wd:Q860861;
wdt:P17 wd:Q145;
wdt:P180|wdt:P547 ?person.
?person wdt:P31 wd:Q5.
BIND(EXISTS { ?person wdt:P21/wdt:P279* wd:Q6581072. } AS ?female)
BIND(EXISTS { ?person wdt:P97 ?nobleTitle. } AS ?hasNobleTitle)
OPTIONAL { ?statue wdt:P625 ?statueLocation. }
OPTIONAL { ?statue wdt:P18 ?statueImage. }
SERVICE wikibase:label { bd:serviceParam wikibase:language ""[AUTO_LANGUAGE],en"". }
}
GROUP BY ?statue ?statueLabel ?person ?personLabel ?female ?hasNobleTitle",True,True,1.0,4,8
297,complex,List all cricket teams with their number of players and gender.,"PREFIX bd: <http://www.bigdata.com/rdf#>
PREFIX wd: <http://www.wikidata.org/entity/>
PREFIX wdt: <http://www.wikidata.org/prop/direct/>
PREFIX wikibase: <http://wikiba.se/ontology#>

SELECT ?team ?teamLabel ?genderLabel (YEAR(?inception) as ?founded) (count(?player) as ?playerCount)
WHERE
{
?player wdt:P31 wd:Q5. # Player is a human
?player wdt:P3989 wd:Q12299841. # Player's occupation is a cricketer
?player wdt:P54 ?team. # Player is a member of a sporting team
?player wdt:P21 ?gender. # Get gender of the player
{?team wdt:P641 wd:Q5375.} # Sporting team plays cricket
UNION
{?team wdt:P31 wd:Q17376093.} # Sporting team is a cricket team
OPTIONAL{ ?team wdt:P571 ?inception.} # Get date of inception of the team
SERVICE wikibase:label { bd:serviceParam wikibase:language ""[AUTO_LANGUAGE],en"". }
}
GROUP BY ?team ?teamLabel ?inception ?gender ?genderLabel
ORDER BY ?inception",True,True,0.0,4,6
298,complex,Find entities related to Percy Bysshe Shelley and their corresponding images.,"PREFIX bd: <http://www.bigdata.com/rdf#>
PREFIX wd: <http://www.wikidata.org/entity/>
PREFIX wdt: <http://www.wikidata.org/prop/direct/>
PREFIX wikibase: <http://wikiba.se/ontology#>

SELECT ?item1 ?image ?item1Label ?item2 ?image2 ?item2Label ?edgeLabel
WITH { SELECT ?item1 WHERE {
VALUES ?item1 {wd:Q43380186 wd:Q93343 wd:Q43380245 wd:Q31561 wd:Q1302047 wd:Q47152 wd:Q86440 wd:Q692 wd:Q82133 wd:Q47152 wd:Q56676227}
} } AS %item1
WITH {SELECT (?item1 AS ?item2) WHERE {INCLUDE %item1} } AS %item2
WHERE {
INCLUDE %item1.
INCLUDE %item2.
?item1 ?prop ?item2.
?edge wikibase:directClaim ?prop ; a wikibase:Property
OPTIONAL {?item1 wdt: ?image}
OPTIONAL {?item2 wdt: ?image2}
SERVICE wikibase:label { bd:serviceParam wikibase:language ""[AUTO_LANGUAGE],en"". }
}",True,True,0.7632,10,1
299,complex,What are the most common characteristics of objects in a specific collection?,"PREFIX bd: <http://www.bigdata.com/rdf#>
PREFIX rdf: <http://www.w3.org/1999/02/22-rdf-syntax-ns#>
PREFIX wd: <http://www.wikidata.org/entity/>
PREFIX wdt: <http://www.wikidata.org/prop/direct/>
PREFIX wikibase: <http://wikiba.se/ontology#>

SELECT (COUNT(?obj1) AS ?count) ?propertyLabel ?thingLabel ?thing WHERE {
?obj1 wdt: wd:. #Tate
VALUES ?prop1 {wdt: wdt:P170 wdt:P2348 wdt:P135 wdt:P136 wdt:P941 wdt:P186 wdt:P1071}
?obj1 ?prop1 ?thing.
?property ?ref ?prop1 ;
rdf:type wikibase:Property .
SERVICE wikibase:label { bd:serviceParam wikibase:language ""[AUTO_LANGUAGE],en"" }
} GROUP BY ?propertyLabel ?thingLabel ?thing ORDER BY DESC(?count) LIMIT 100",True,True,1.0,1,9
300,complex,List all Swiss films along with their duration in minutes and release date.,"PREFIX bd: <http://www.bigdata.com/rdf#>
PREFIX rdfs: <http://www.w3.org/2000/01/rdf-schema#>
PREFIX p: <http://www.wikidata.org/prop/>
PREFIX pq: <http://www.wikidata.org/prop/qualifier/>
PREFIX ps: <http://www.wikidata.org/prop/statement/>
PREFIX wd: <http://www.wikidata.org/entity/>
PREFIX wdt: <http://www.wikidata.org/prop/direct/>
PREFIX wikibase: <http://wikiba.se/ontology#>

SELECT DISTINCT ?film ?filmLabel ?realLabel ?familleLabel ?duree (MIN(?date) as ?oldest_date) ?acces
WHERE
{
?film p:P3301 ?artfilm.
?artfilm ps:P3301 ?artfilmCH;
pq:P2699 ?URL.
FILTER STRSTARTS(STR(?URL), ""https://www.artfilm.ch"").
OPTIONAL {?film wdt:P2047 ?duree.}
OPTIONAL {?film wdt:P57 ?real.}
OPTIONAL {?film wdt:P577 ?date.}
OPTIONAL {?real wdt:P734 ?famille.}
?real wdt:P21 wd:Q6581072.
SERVICE wikibase:label { bd:serviceParam wikibase:language ""[AUTO_LANGUAGE],en,de,it,es"".
?real rdfs:label ?realLabel.
?film rdfs:label ?filmLabel.
?famille rdfs:label ?familleLabel.
}
}
GROUP BY ?film ?filmLabel ?realLabel ?familleLabel ?duree ?acces
ORDER BY STR(?familleLabel) ?realLabel ?oldest_date",True,False,0.0,1,6
301,complex,List all members of the Illuminati Order along with their birth dates.,"PREFIX dct: <http://purl.org/dc/terms/>
PREFIX owl: <http://www.w3.org/2002/07/owl#>
PREFIX rdfs: <http://www.w3.org/2000/01/rdf-schema#>
PREFIX skos: <http://www.w3.org/2004/02/skos/core#>
PREFIX wdt: <http://www.wikidata.org/prop/direct/>
PREFIX dbc: <http://dbpedia.org/resource/Category:>

SELECT DISTINCT ?wditem ?wditemLabel ?date ?image ?work ?workLabel ?coord WHERE {
SERVICE <http://dbpedia.org/sparql> {
?item dct:subject|dct:subject/skos:broader dbc:Illuminati_members ;
owl:sameAs ?wditem FILTER regex (?wditem, ""wikidata.org"") .
}
SERVICE <https://query.wikidata.org/sparql> {
{?wditem wdt:P569 ?date FILTER (YEAR(?date)<2050).}
#UNION
#{?wditem wdt:P571|wdt:P577|wdt:P580|wdt:P619 ?date .}
#{?wditem wdt:P625 ?coord .}
# OPTIONAL {?wditem wdt:P800 ?work. ?work rdfs:label ?workLabel FILTER (LANG(?workLabel)=""en"") .}
OPTIONAL {?wditem wdt:P18 ?image } .
?wditem rdfs:label ?wditemLabel FILTER (LANG(?wditemLabel)=""en"") .
}
}",True,True,1.0,0,8
302,complex,List all Czech art collections with their sizes.,"PREFIX bd: <http://www.bigdata.com/rdf#>
PREFIX p: <http://www.wikidata.org/prop/>
PREFIX pq: <http://www.wikidata.org/prop/qualifier/>
PREFIX ps: <http://www.wikidata.org/prop/statement/>
PREFIX wd: <http://www.wikidata.org/entity/>
PREFIX wdt: <http://www.wikidata.org/prop/direct/>
PREFIX wikibase: <http://wikiba.se/ontology#>

select distinct ?itemLabel ?size ?percentage_online ?rgb where {
?item wdt: wd:Q213 .
?item p: ?statement.
?statement ps: ?size ;
pq: ?date filter(year(?date)= 2021 )
minus {?statement pq: [] .}
optional {?item p: [ps: ?size_online ; pq: wd:Q106474029 ; pq: ?date ] .}
bind ((100 * ?size_online / ?size) as ?percentage_online)
BIND(if
(?percentage_online < 10, ""FF0000"",
if (?percentage_online < 20, ""E21C00"",
if (?percentage_online < 30,""C63800"",
if (?percentage_online < 40, ""AA5500"",
if (?percentage_online < 50, ""8D7100"",
if (?percentage_online < 60, ""718D00"",
if (?percentage_online < 70, ""55AA00"",
if (?percentage_online < 80, ""38C600"",
if (?percentage_online < 90, ""1CE200"", ""00FF00""))))))))) as ?rgb) .
SERVICE wikibase:label { bd:serviceParam wikibase:language ""en,cs"". }
}",True,True,0.0,2,4
303,complex,List airports named after famous poets.,"PREFIX bd: <http://www.bigdata.com/rdf#>
PREFIX p: <http://www.wikidata.org/prop/>
PREFIX pq: <http://www.wikidata.org/prop/qualifier/>
PREFIX ps: <http://www.wikidata.org/prop/statement/>
PREFIX wd: <http://www.wikidata.org/entity/>
PREFIX wdt: <http://www.wikidata.org/prop/direct/>
PREFIX wikibase: <http://wikiba.se/ontology#>

SELECT DISTINCT ?airport ?airportLabel ?airportCountry ?airportCountryLabel ?person ?personLabel (sample(?birth) as ?birth) (SAMPLE(?death) as ?death) WHERE {
SERVICE wikibase:label { bd:serviceParam wikibase:language ""en"". }
?airport (wdt:/(wdt:*)) wd:;
wdt: ?airportCountry;
p: ?statement.
?statement ps: ?person.
?person wdt: wd:;
wdt: wd:.
OPTIONAL { ?person wdt: ?birth }
OPTIONAL { ?person wdt: ?death }
FILTER(NOT EXISTS { ?statement pq: ?endTime. })
} group by ?airport ?airportLabel ?airportCountry ?airportCountryLabel ?person ?personLabel ?personImage",True,True,0.0,3,8
304,complex,"Show me a map of Italian cities with schools, highlighting areas with high school density.","PREFIX bd: <http://www.bigdata.com/rdf#>
PREFIX wd: <http://www.wikidata.org/entity/>
PREFIX wdt: <http://www.wikidata.org/prop/direct/>
PREFIX wikibase: <http://wikiba.se/ontology#>

SELECT ?city ?cityLabel ?coord ?ratioBin ?rgb
WHERE
{
BIND(
IF(?ratio < 2, ""< 2"",
IF(?ratio < 3, ""[2;3)"",
IF(?ratio < 4, ""[3;4)"",
IF(?ratio < 5, ""[4;5)"",
""5+""))))
AS ?ratioBin)
BIND(
IF(?ratio < 2, ""0072E5"",
IF(?ratio < 3, ""2F58AB"",
IF(?ratio < 4, ""5F3F72"",
IF(?ratio < 5, ""8F2539"",
""BF0C00""))))
AS ?rgb)
SERVICE wikibase:label { bd:serviceParam wikibase:language ""[AUTO_LANGUAGE],en"". }
{
SELECT ?city ?coord (count(?item)*10000/?pop as ?ratio)
WHERE
{
?item wdt:P5114 ?id .
?item wdt:P31 wd: .
?item wdt:P131 ?city .
?city wdt:P1082 ?pop .
?city wdt:P625 ?coord .
# ?city wdt:P1376 ?place.
# ?place wdt:P31 wd:.
}
group by ?city ?pop ?coord
having (?pop >= 5000)
# order by asc(?ratio)
}
}",True,True,0.0,2,6
305,complex,Show me hillforts in the UK without images on a map.,"PREFIX rdfs: <http://www.w3.org/2000/01/rdf-schema#>
PREFIX p: <http://www.wikidata.org/prop/>
PREFIX psv: <http://www.wikidata.org/prop/statement/value/>
PREFIX wd: <http://www.wikidata.org/entity/>
PREFIX wdt: <http://www.wikidata.org/prop/direct/>
PREFIX wikibase: <http://wikiba.se/ontology#>

SELECT ?label (SAMPLE(?coord) AS ?where) ?subj (?typeLabel AS ?layer) WHERE
{ ?subj wdt:P31/wdt:P279? ?type ;
wdt:P625 ?coord ;
wdt:P31 ?type ;
rdfs:label ?label filter (lang(?label) = ""en"").
?type wdt:P279? wd:Q744099 ;
rdfs:label ?typeLabel filter (lang(?typeLabel) = ""en"").
MINUS{?subj wdt: []}
?subj p:P625/psv:P625 ?loc. # coordinate-location statement
?loc wikibase:geoLatitude ?lat .
?loc wikibase:geoLongitude ?long .
FILTER (?lat > 49) FILTER (?lat < 63)
FILTER (?long > -10.5) FILTER (?long < 2.02)
} GROUP BY ?label ?subj ?typeLabel",True,True,0.7899,1,4
306,complex,List all pathways with their corresponding gene and metabolite counts.,"PREFIX bd: <http://www.bigdata.com/rdf#>
PREFIX rdfs: <http://www.w3.org/2000/01/rdf-schema#>
PREFIX wd: <http://www.wikidata.org/entity/>
PREFIX wdt: <http://www.wikidata.org/prop/direct/>
PREFIX wikibase: <http://wikiba.se/ontology#>

SELECT ?path ?genes ?metabolites ?pathway WHERE {
{SELECT DISTINCT ?path (COUNT(?pwPart) AS ?genes) WHERE {
?path wdt: ?WikipathsID.
?path wdt: ?pwPart.
?pwPart wdt: wd:.
SERVICE wikibase:label { bd:serviceParam wikibase:language ""en"". }
}
GROUP BY ?path ?genes
}
{SELECT DISTINCT ?path (COUNT(?pwPart) AS ?metabolites) WHERE {
?path wdt: ?WikipathsID.
?path wdt: ?pwPart.
?pwPart wdt: wd:.
SERVICE wikibase:label { bd:serviceParam wikibase:language ""en"". }
}
GROUP BY ?path ?metabolites
}
OPTIONAL { ?path rdfs:label ?pathway. }
}
ORDER BY DESC(?genes)",True,True,1.0,2,3
307,complex,Find authors with works published online during the Early Modern period.,"PREFIX schema: <http://schema.org/>
PREFIX wd: <http://www.wikidata.org/entity/>
PREFIX wdt: <http://www.wikidata.org/prop/direct/>

SELECT ?personLabel ?work ?workLabel ?pubyear ?englishwp ?englishws (SAMPLE(?fulltext) AS ?fulltext)
WHERE {
?person wdt:P1802 ?emlo.
?work wdt:P50 ?person.
MINUS {?work wdt:P31 wd:Q3331189}
OPTIONAL{?work wdt:P577 ?pubdate}
BIND(YEAR(?pubdate) as ?pubyear)
OPTIONAL{ ?englishwp schema:about ?work. ?englishwp schema:isPartOf <https://en.wikipedia.org/> }
OPTIONAL{ ?englishws schema:about ?work. ?englishws schema:isPartOf <https://en.wikisource.org/> }
OPTIONAL{ ?work wdt: ?fulltext }
FILTER (BOUND(?fulltext) {{!",True,False,0.0,1,5
308,complex,Find artworks featuring individuals from the Electronic Enlightenment database.,"PREFIX bd: <http://www.bigdata.com/rdf#>
PREFIX wd: <http://www.wikidata.org/entity/>
PREFIX wdt: <http://www.wikidata.org/prop/direct/>
PREFIX wikibase: <http://wikiba.se/ontology#>

SELECT ?person ?personLabel ?ee ?art ?artLabel ?image
WHERE {
?person wdt:P3429 ?ee;
wdt:P31 wd:Q5
SERVICE wikibase:label {bd:serviceParam wikibase:language ""[AUTO_LANGUAGE],en,fr,de,es,it,sv,ru,pl,nl""}
?art wdt:P180 ?person;
wdt:P18 ?image
MINUS { ?person wdt:P18 ?image }
} ORDER BY ?personLabel",True,True,1.0,1,3
309,complex,List the types of notable things that have an Instagram account.,"PREFIX bd: <http://www.bigdata.com/rdf#>
PREFIX wdt: <http://www.wikidata.org/prop/direct/>
PREFIX wikibase: <http://wikiba.se/ontology#>

SELECT ?type ?typeLabel (COUNT(?thing) AS ?things) WHERE {
?thing wdt: [];
wdt: ?type.
SERVICE wikibase:label { bd:serviceParam wikibase:language ""[AUTO_LANGUAGE],en"" }
} GROUP BY ?type ?typeLabel
ORDER BY DESC(?things)",True,True,1.0,0,2
310,complex,What organizations were founded by University of Oxford alumni?,"PREFIX bd: <http://www.bigdata.com/rdf#>
PREFIX wd: <http://www.wikidata.org/entity/>
PREFIX wdt: <http://www.wikidata.org/prop/direct/>
PREFIX wikibase: <http://wikiba.se/ontology#>

SELECT DISTINCT ?alum ?alumLabel ?collegeLabel ?org ?orgLabel
WHERE {
{?alum wdt:P69 wd:Q34433 }
UNION { {?college wdt:P31 wd:Q2581649} UNION {?college wdt:P31 wd:Q3338504}.
?alum wdt:P69 ?college.}
?org wdt:P112 ?alum.
SERVICE wikibase:label { bd:serviceParam wikibase:language ""[AUTO_LANGUAGE],en"" }
} ORDER BY ASC(?alumLabel)",True,True,1.0,3,3
311,complex,"List politicians who have accounts on GitHub, CPAN, or Wikimedia.","PREFIX bd: <http://www.bigdata.com/rdf#>
PREFIX wd: <http://www.wikidata.org/entity/>
PREFIX wdt: <http://www.wikidata.org/prop/direct/>
PREFIX wikibase: <http://wikiba.se/ontology#>

SELECT DISTINCT ?person ?personLabel ?countryLabel ?cpan ?github ?wikimedia {
?person wdt:P31 wd:Q5 .
{
{ ?person wdt:P8124 ?cpan } UNION
{ ?person wdt:P2037 ?github } UNION
{ ?person wdt:P4174 ?wikimedia }
}
{
{ ?person wdt:P106 wd:Q83307 } # occupation minister
UNION {
?person wdt:P39 ?pos . # position held: minister
?pos wdt:P279* wd:Q83307
}
}
OPTIONAL { ?person wdt:P27 ?country }
SERVICE wikibase:label { bd:serviceParam wikibase:language ""[AUTO_LANGUAGE],en"". }
}",True,True,1.0,2,8
312,complex,List the countries with the most colorful flags.,"PREFIX bd: <http://www.bigdata.com/rdf#>
PREFIX p: <http://www.wikidata.org/prop/>
PREFIX pq: <http://www.wikidata.org/prop/qualifier/>
PREFIX ps: <http://www.wikidata.org/prop/statement/>
PREFIX wd: <http://www.wikidata.org/entity/>
PREFIX wdt: <http://www.wikidata.org/prop/direct/>
PREFIX wikibase: <http://wikiba.se/ontology#>

SELECT ?state ?stateLabel (COUNT(?color) AS ?count) ?image WITH {
SELECT DISTINCT ?state WHERE {
?state wdt:/wdt:* wd:Q3624078;
p: ?memberOfStatement.
?memberOfStatement a wikibase:BestRank;
ps: wd:Q1065.
MINUS { ?memberOfStatement pq: ?endTime. }
MINUS { ?state wdt:|wdt: ?end. }
}
} AS %states WHERE {
INCLUDE %states.
?state wdt: ?flag.
?flag wdt: ?color.
OPTIONAL { ?flag wdt: ?image. }
SERVICE wikibase:label { bd:serviceParam wikibase:language ""[AUTO_LANGUAGE],en"". }
}
GROUP BY ?state ?stateLabel ?image
ORDER BY DESC(?count)
LIMIT 25",True,True,0.0,2,8
313,complex,Find online travel stories with French texts and map the locations mentioned.,"PREFIX bd: <http://www.bigdata.com/rdf#>
PREFIX wd: <http://www.wikidata.org/entity/>
PREFIX wdt: <http://www.wikidata.org/prop/direct/>
PREFIX wikibase: <http://wikiba.se/ontology#>

SELECT DISTINCT ?item ?itemLabel ?ed ?edLabel ?auteurLabel (year(?dateCreation) as ?AnneeCreation) ?lieuLabel ?coord ?lien where {
?item wdt: wd: . # genre :recit de voyage
?item wdt: wd: . # nature : livre
OPTIONAL{
?item wdt: ?auteur . # [option] auteur
}
OPTIONAL{
?item wdt: ?dateCreation. # [option] date de creation
}
?item wdt: ?lieu . # lieu de l'action
MINUS {?item wdt: wd:} # (bug du Pole Sud)
?lieu wdt: ?coord . # coordonnees geographiques du lieu
{
?item wdt: ?lien . # URL, texte integral disponible sur
?item wdt: wd: # langue originale : francais
}UNION{
?ed wdt:P629 ?item . # edition du livre
?ed wdt: ?lien . # URL, texte integral disponible sur
?ed wdt:P407 wd: # langue de l'oeuvre : francais
}
SERVICE wikibase:label { #BabelRainbow
bd:serviceParam wikibase:language ""fr,ar,be,bg,bn,ca,cs,da,de,el,en,es,et,fa,fi,he,hi,hu,hy,id,it,ja,jv,ko,nb,nl,eo,pa,pl,pt,ro,ru,sh,sk,sr,sv,sw,te,th,tr,uk,yue,vec,vi,zh""
}
} ORDER BY ?dateCreation",True,True,1.0,4,10
314,complex,List all statues and monuments dedicated to slave owners or traders.,"PREFIX bd: <http://www.bigdata.com/rdf#>
PREFIX p: <http://www.wikidata.org/prop/>
PREFIX ps: <http://www.wikidata.org/prop/statement/>
PREFIX wd: <http://www.wikidata.org/entity/>
PREFIX wdt: <http://www.wikidata.org/prop/direct/>
PREFIX wikibase: <http://wikiba.se/ontology#>

SELECT DISTINCT ?statue ?statueLabel ?statueLocation ?statueImage ?person ?personLabel ?personDescription WHERE {
?statue wdt:P31/wdt:P279* wd:Q860861;
wdt:P180|wdt: ?person.
OPTIONAL { ?statue wdt: ?statueLocation. }
OPTIONAL { ?statue wdt:P18 ?statueImage. }
?person wdt:P31 wd:Q5.
{
VALUES ?occupation { wd:Q10076267 wd:Q17769800 }
?person wdt: ?occupation.
} UNION {
?person wdt:P1830|^wdt: ?slave.
?slave wdt:P31 wd:Q5;
p:/ps: wd:Q12773225.
}
SERVICE wikibase:label { bd:serviceParam wikibase:language ""[AUTO_LANGUAGE],en"". }
}",True,True,0.0,5,8
315,complex,List all town halls located in communes that share a border with Paris.,"PREFIX bd: <http://www.bigdata.com/rdf#>
PREFIX wd: <http://www.wikidata.org/entity/>
PREFIX wdt: <http://www.wikidata.org/prop/direct/>
PREFIX wikibase: <http://wikiba.se/ontology#>

SELECT ?commune ?communeLabel ?cityHall ?cityHallLabel ?coords ?image WHERE {
?commune wdt:P31 wd:Q484170 ;
wdt:P47 wd:Q90 .
?cityHall wdt:P131 ?commune ;
wdt:P31/wdt:P279* wd:Q543654 ;
wdt:P625 ?coords .
OPTIONAL { ?cityHall wdt:P18 ?image }
SERVICE wikibase:label { bd:serviceParam wikibase:language ""[AUTO_LANGUAGE],en"". }
}
ORDER BY ?communeLabel",True,True,1.0,3,6
316,complex,What are the geographic coordinates of Ordnance Survey Old Series preparatory drawings?,"PREFIX bd: <http://www.bigdata.com/rdf#>
PREFIX geo: <http://www.opengis.net/ont/geosparql#>
PREFIX p: <http://www.wikidata.org/prop/>
PREFIX pq: <http://www.wikidata.org/prop/qualifier/>
PREFIX psv: <http://www.wikidata.org/prop/statement/value/>
PREFIX ps: <http://www.wikidata.org/prop/statement/>
PREFIX wd: <http://www.wikidata.org/entity/>
PREFIX wdt: <http://www.wikidata.org/prop/direct/>
PREFIX wikibase: <http://wikiba.se/ontology#>

SELECT DISTINCT ?item ?itemLabel ?img ?georef ?proportion ?coords ?line ?rgb ?layer
WITH {
SELECT ?item ?img ?georef ?coords ?lat ?lon WHERE {
?item wdt:P195 wd:Q7100888 .
?item p:P5140 ?coord_stmt .
OPTIONAL {?item wdt:P9361 ?georef} .
OPTIONAL {?item wdt:P18 ?img} .
?coord_stmt ps:P5140 ?coords .
?coord_stmt psv:P5140 / wikibase:geoLatitude ?lat .
?coord_stmt psv:P5140 / wikibase:geoLongitude ?lon .
}
} AS %points
WITH {
SELECT ?line ?layer ?rgb WHERE {
INCLUDE %points .
?item wdt:P47 ?item2 .
?item2 p:P5140 ?coord2_stmt .
?coord2_stmt psv:P5140 / wikibase:geoLatitude ?lat2 .
?coord2_stmt psv:P5140 / wikibase:geoLongitude ?lon2 .
BIND(CONCAT('LINESTRING (', STR(?lon), ' ', STR(?lat), ',', STR(?lon2), ' ', STR(?lat2), ')') AS ?str) .
BIND(STRDT(?str, geo:wktLiteral) AS ?line) .
BIND('adjacent' AS ?layer) .
BIND('FF0000' AS ?rgb) .
}
} AS %lines
WITH {
SELECT ?line ?layer ?rgb ?proportion WHERE {
INCLUDE %points .
?item p:P3179 ?stmt .
?stmt ps:P3179 ?item2 .
OPTIONAL {?stmt pq:P1107 ?prop1} .
OPTIONAL {?item2 p:P3179 ?stmt2 . ?stmt2 ps:P3179 ?item . ?stmt2 pq:P1107 ?prop2}
BIND(IF(bound(?prop2) && bound(?prop1) && (?prop2 > ?prop1), ?prop2, ?prop1) AS ?prop) .
BIND(COALESCE(?prop, ?prop1, ?prop2) AS ?proportion) .
?item2 p:P5140 ?coord2_stmt .
?coord2_stmt psv:P5140 / wikibase:geoLatitude ?lat2 .
?coord2_stmt psv:P5140 / wikibase:geoLongitude ?lon2 .
BIND(CONCAT('LINESTRING (', STR(?lon), ' ', STR(?lat), ',', STR(?lon2), ' ', STR(?lat2), ')') AS ?str) .
BIND(STRDT(?str, geo:wktLiteral) AS ?line) .
BIND('overlap' AS ?layer)
BIND('0000AA' AS ?rgb) .
}
} AS %lines2
WHERE {
{ INCLUDE %lines }
UNION
{ INCLUDE %lines2 }
UNION
{ INCLUDE %points . BIND('points' AS ?layer) . BIND('FF0000' AS ?rgb)} .
SERVICE wikibase:label { bd:serviceParam wikibase:language ""[AUTO_LANGUAGE],en"". }
}",True,True,1.0,1,7
317,complex,List the political parties of world leaders and their alignments.,"PREFIX bd: <http://www.bigdata.com/rdf#>
PREFIX rdfs: <http://www.w3.org/2000/01/rdf-schema#>
PREFIX wd: <http://www.wikidata.org/entity/>
PREFIX wdt: <http://www.wikidata.org/prop/direct/>
PREFIX wikibase: <http://wikiba.se/ontology#>

SELECT DISTINCT ?item ?itemLabel ?hog ?hogLabel ?party ?partyLabel
(GROUP_CONCAT(?alignment_label; SEPARATOR="" to "") AS ?partyAlignment)
WHERE {
?item wdt: wd:Q3624078 ; wdt: wd:Q1065 ; wdt: ?hog .
OPTIONAL {
?hog wdt: ?party .
OPTIONAL {
?party wdt: ?alignment .
?alignment rdfs:label ?alignment_label FILTER (lang(?alignment_label) = 'en')
}
}
SERVICE wikibase:label { bd:serviceParam wikibase:language ""[AUTO_LANGUAGE],en"". }
}
GROUP BY ?item ?itemLabel ?hog ?hogLabel ?party ?partyLabel
ORDER BY ?itemLabel",True,True,0.0,2,5
318,complex,List the people who received the most letters.,"PREFIX bd: <http://www.bigdata.com/rdf#>
PREFIX wd: <http://www.wikidata.org/entity/>
PREFIX wdt: <http://www.wikidata.org/prop/direct/>
PREFIX wikibase: <http://wikiba.se/ontology#>

SELECT ?recipient ?recipientLabel ?recipientDescription (COUNT(?letter) as ?count)
WHERE {
?letter wdt: ?recipient;
wdt: wd:.
SERVICE wikibase:label { bd:serviceParam wikibase:language ""[AUTO_LANGUAGE],en"" }
} GROUP BY ?recipient ?recipientLabel ?recipientDescription
ORDER BY DESC(?count)",True,True,0.0,1,2
319,complex,List Wikipedia articles about people without pictures on Wikidata.,"PREFIX bd: <http://www.bigdata.com/rdf#>
PREFIX schema: <http://schema.org/>
PREFIX wd: <http://www.wikidata.org/entity/>
PREFIX wdt: <http://www.wikidata.org/prop/direct/>
PREFIX wikibase: <http://wikiba.se/ontology#>

SELECT DISTINCT ?item ?itemLabel (COUNT(?site) AS ?count) WHERE {
?item wdt:P31 wd:Q5 .
?article schema:about ?item .
?article wikibase:badge ?badge .
?article schema:isPartOf ?site .
FILTER NOT EXISTS { ?item wdt:P18 ?image . }
SERVICE wikibase:label { bd:serviceParam wikibase:language ""en"" }
} GROUP BY ?item ?itemLabel ORDER BY DESC(?count)",True,False,0.0,1,2
320,complex,How many successful election petitions were there in each UK parliamentary term since 1859?,"PREFIX bd: <http://www.bigdata.com/rdf#>
PREFIX p: <http://www.wikidata.org/prop/>
PREFIX pq: <http://www.wikidata.org/prop/qualifier/>
PREFIX ps: <http://www.wikidata.org/prop/statement/>
PREFIX wd: <http://www.wikidata.org/entity/>
PREFIX wdt: <http://www.wikidata.org/prop/direct/>
PREFIX wikibase: <http://wikiba.se/ontology#>

select distinct ?start (count(distinct ?ps) as ?count) ?tLabel where
{
?t wdt:P279 wd:Q16707842 . ?t wdt:P571 ?start . filter(year(?start) > 1858)
optional { ?person p:P39 ?ps . ?ps ps:P39 ?t . ?ps pq:P1534 wd:Q13634247 }
SERVICE wikibase:label { bd:serviceParam wikibase:language ""[AUTO_LANGUAGE],en"". }
} group by ?tLabel ?start order by desc(?start)
#defaultView:BarChart",True,True,1.0,2,4
321,complex,List all characters from the Marvel Universe.,"PREFIX bd: <http://www.bigdata.com/rdf#>
PREFIX rdfs: <http://www.w3.org/2000/01/rdf-schema#>
PREFIX wd: <http://www.wikidata.org/entity/>
PREFIX wdt: <http://www.wikidata.org/prop/direct/>
PREFIX wikibase: <http://wikiba.se/ontology#>

SELECT ?char ?charName (GROUP_CONCAT(DISTINCT ?typeLabel;separator="", "") AS ?types) (GROUP_CONCAT(DISTINCT ?universeLabel;separator="", "") AS ?universes)
WHERE {
?char wdt:P1080 wd:Q931597;
wdt:P31 ?type ;
wdt:P1080 ?universe .
SERVICE wikibase:label { bd:serviceParam wikibase:language ""[AUTO_LANGUAGE],en"".
?char rdfs:label ?charName .
?universe rdfs:label ?universeLabel .
?type rdfs:label ?typeLabel .}
} GROUP BY ?char ?charName",True,True,1.0,1,2
322,complex,"Show me a map of medical facilities in Kalimpong district, India, with different colors for each type.","PREFIX bd: <http://www.bigdata.com/rdf#>
PREFIX rdfs: <http://www.w3.org/2000/01/rdf-schema#>
PREFIX wd: <http://www.wikidata.org/entity/>
PREFIX wdt: <http://www.wikidata.org/prop/direct/>
PREFIX wikibase: <http://wikiba.se/ontology#>

SELECT DISTINCT ?i ?iLabel ?layer ?c {
?item wdt:P31/wdt:* wd:Q4260475 ; wdt:P31 ?thing ; wdt: wd:Q668 ; wdt:/wdt:* wd:Q28769140 ; wdt:P625 ?c.
?thing rdfs:label ?tl. FILTER(LANG(?tl)=""en"")
BIND(?tl as ?layer)
SERVICE wikibase:label { bd:serviceParam wikibase:language ""en"". }
}",True,True,0.0,3,5
323,complex,What are the canals within an 800km radius of Glasgow?,"PREFIX bd: <http://www.bigdata.com/rdf#>
PREFIX wd: <http://www.wikidata.org/entity/>
PREFIX wdt: <http://www.wikidata.org/prop/direct/>
PREFIX wikibase: <http://wikiba.se/ontology#>

SELECT ?place ?placeLabel ?location
WHERE
{
# Glasgow coordinates
wd:Q4093 wdt:P625 ?GlasgowLoc .
SERVICE wikibase:around {
?place wdt:P625 ?location .
bd:serviceParam wikibase:center ?GlasgowLoc .
bd:serviceParam wikibase:radius ""800"" .
} .
# Is a canal
FILTER EXISTS { ?place wdt:P31/wdt:P279* wd:Q12284 } .
SERVICE wikibase:label {
bd:serviceParam wikibase:language ""en"" .
} .
}",True,False,0.0,2,3
324,complex,List all hillforts with their Atlas of Hillforts ID and a link to their Wikipedia page.,"PREFIX schema: <http://schema.org/>
PREFIX wd: <http://www.wikidata.org/entity/>
PREFIX wdt: <http://www.wikidata.org/prop/direct/>

SELECT DISTINCT ?subj (URI(CONCAT(""https://hillforts.arch.ox.ac.uk/?query=Atlas_of_Hillforts_4166_0%2CMain_Atlas_Number%2C"", ?atlasID)) AS ?atlas) ?english WHERE
{ ?subj wdt:P31/wdt:P279? wd:Q744099 ;
wdt:P4102 ?atlasID .
?english schema:about ?subj ; schema:isPartOf <https://en.wikipedia.org/>
} ORDER BY ?atlasID",True,True,0.0,1,3
325,complex,List the top 500 paintings according to their importance on Wikidata.,"PREFIX bd: <http://www.bigdata.com/rdf#>
PREFIX rdfs: <http://www.w3.org/2000/01/rdf-schema#>
PREFIX schema: <http://schema.org/>
PREFIX wd: <http://www.wikidata.org/entity/>
PREFIX wdt: <http://www.wikidata.org/prop/direct/>
PREFIX wikibase: <http://wikiba.se/ontology#>

SELECT ?q (min(?image) AS ?img) (GROUP_CONCAT(DISTINCT(?qLabel); separator="", "") AS ?label) (COUNT(DISTINCT ?sitelink) as ?linkcount) {
?q (wdt:P31/wdt:P279*) wd:Q3305213 .
?sitelink schema:about ?q .
OPTIONAL { ?q wdt:P18 ?image }
SERVICE wikibase:label {
bd:serviceParam wikibase:language ""en"" .
?q rdfs:label ?qLabel .
}
}
GROUP BY ?q
ORDER BY DESC(?linkcount)
LIMIT 500",True,False,0.0,1,3
326,complex,List all buildings with coordinates and at least one sitelink.,"PREFIX wd: <http://www.wikidata.org/entity/>
PREFIX wdt: <http://www.wikidata.org/prop/direct/>
PREFIX wikibase: <http://wikiba.se/ontology#>

SELECT ?q ?linkcount ?loc {
?q wdt:P31 wd:Q41176 ; wdt:P625 ?loc ; wikibase:sitelinks ?linkcount MINUS { ?q wdt:P18 [] } FILTER ( ?linkcount >= 1 )
}",True,True,1.0,1,3
327,complex,List public spaces named after women.,"PREFIX bd: <http://www.bigdata.com/rdf#>
PREFIX p: <http://www.wikidata.org/prop/>
PREFIX ps: <http://www.wikidata.org/prop/statement/>
PREFIX wd: <http://www.wikidata.org/entity/>
PREFIX wdt: <http://www.wikidata.org/prop/direct/>
PREFIX wikibase: <http://wikiba.se/ontology#>

SELECT ?countryLabel ?item ?itemLabel ?itemDescription ?person ?personLabel ?personDescription (sample(?coor) as ?coor)
{
?item wdt:P31/wdt:P279* wd:Q294440.
?item p:P138/ps:P138 ?person .
?person wdt:P31 wd:Q5 ;
wdt:P21 wd:Q467 .
?item wdt:P17 ?country .
OPTIONAL { ?item wdt:P625 ?coor } .
SERVICE wikibase:label { bd:serviceParam wikibase:language ""es, en"" . }
}
GROUP BY ?countryLabel ?item ?itemLabel ?itemDescription ?person ?personLabel ?personDescription
ORDER BY ?countryLabel ?itemLabel",True,True,1.0,3,6
328,complex,List the longest rivers for each of the 7 continents.,"PREFIX bd: <http://www.bigdata.com/rdf#>
PREFIX wd: <http://www.wikidata.org/entity/>
PREFIX wdt: <http://www.wikidata.org/prop/direct/>
PREFIX wikibase: <http://wikiba.se/ontology#>

SELECT ?continent ?river ?continentLabel ?riverLabel
WHERE
{
{
SELECT ?continent (MAX(?length) AS ?length)
WHERE
{
?river wdt:P31/wdt:P279* wd:Q355304;
wdt:P2043 ?length;
wdt:P30 ?continent.
}
GROUP BY ?continent
}
?river wdt:P31/wdt:P279* wd:Q355304;
wdt:P2043 ?length;
wdt:P30 ?continent.
SERVICE wikibase:label { bd:serviceParam wikibase:language ""en"". }
}
ORDER BY ?continentLabel",True,False,0.0,1,4
329,complex,Find the route of The Antartic Circumpolar Voyage expedition.,"PREFIX geo: <http://www.opengis.net/ont/geosparql#>
PREFIX xsd: <http://www.w3.org/2001/XMLSchema#>
PREFIX p: <http://www.wikidata.org/prop/>
PREFIX pq: <http://www.wikidata.org/prop/qualifier/>
PREFIX psv: <http://www.wikidata.org/prop/statement/value/>
PREFIX ps: <http://www.wikidata.org/prop/statement/>
PREFIX wd: <http://www.wikidata.org/entity/>
PREFIX wikibase: <http://wikiba.se/ontology#>

SELECT * WHERE {
wd:Q104863295 p:P276 ?stat .
?stat ps:P276 ?location .
?location p:P625 [ ps:P625 []; psv:P625 [ wikibase:geoLongitude ?coord1lon; wikibase:geoLatitude ?coord1lat; ] ].
?stat pq:P1545 ?series .
wd:Q104863295 p:P276 ?stat2 .
?stat2 ps:P276 ?location2 .
?location2 p:P625 [ ps:P625 []; psv:P625 [ wikibase:geoLongitude ?coord2lon; wikibase:geoLatitude ?coord2lat; ] ].
?stat2 pq:P1545 ?series2 .
filter (xsd:integer(?series) = xsd:integer(?series2) -1)
BIND(CONCAT('LINESTRING (', STR(?coord1lon), ' ', STR(?coord1lat), ',', STR(?coord2lon), ' ', STR(?coord2lat), ')') AS ?str) .
BIND(STRDT(?str, geo:wktLiteral) AS ?line)
BIND(""ff0033"" as ?rgb)
BIND(""voyage"" AS ?layer)
}",True,True,1.0,1,3
330,complex,List cities with more Wikipedia sitelinks than their country.,"PREFIX bd: <http://www.bigdata.com/rdf#>
PREFIX wd: <http://www.wikidata.org/entity/>
PREFIX wdt: <http://www.wikidata.org/prop/direct/>
PREFIX wikibase: <http://wikiba.se/ontology#>

SELECT ?country ?countryLabel ?countrySitelinks ?city ?cityLabel ?citySitelinks ?rate
WHERE
{
?city wdt:P31/wdt:P279* wd:Q515 .
?city wdt:P17 ?country .
?city wikibase:sitelinks ?citySitelinks .
?country wikibase:sitelinks ?countrySitelinks .
#MINUS { ?country wdt:P582 ?_ . }
#MINUS { ?country wdt:P576 ?__ . }
FILTER (?citySitelinks > ?countrySitelinks )
BIND ( ROUND((?citySitelinks / ?countrySitelinks)*100)/100 AS ?rate)
SERVICE wikibase:label { bd:serviceParam wikibase:language ""fr, en"". }
} ORDER BY DESC(?rate)",True,True,1.0,1,5
331,complex,List the latest research papers related to COVID-19.,"PREFIX bd: <http://www.bigdata.com/rdf#>
PREFIX rdf: <http://www.w3.org/1999/02/22-rdf-syntax-ns#>
PREFIX wd: <http://www.wikidata.org/entity/>
PREFIX wdt: <http://www.wikidata.org/prop/direct/>
PREFIX wikibase: <http://wikiba.se/ontology#>

SELECT ?node ?nodeLabel ?nodeImage ?childNode ?childNodeLabel ?childNodeImage ?rgb WHERE {
{
BIND(wd:Q84263196 AS ?node)
?node ?p ?i.
OPTIONAL { ?node wdt:P18 ?nodeImage. }
?childNode ?x ?p.
?childNode rdf:type wikibase:Property.
FILTER(STRSTARTS(STR(?i), ""http://www.wikidata.org/entity/Q""))
FILTER(STRSTARTS(STR(?childNode), ""http://www.wikidata.org/entity/P""))
}
UNION
{
BIND(""EFFBD8"" AS ?rgb)
wd:Q84263196 ?p ?childNode.
OPTIONAL { ?childNode wdt:P18 ?childNodeImage. }
?node ?x ?p.
?node rdf:type wikibase:Property.
FILTER(STRSTARTS(STR(?childNode), ""http://www.wikidata.org/entity/Q""))
}
OPTIONAL {
?node wdt:P18 ?nodeImage.
?childNode wdt:P18 ?childNodeImage.
}
SERVICE wikibase:label { bd:serviceParam wikibase:language ""sv,en"". }
}",True,True,1.0,1,1
332,complex,List the languages of poems and their first lines.,"PREFIX bd: <http://www.bigdata.com/rdf#>
PREFIX wdt: <http://www.wikidata.org/prop/direct/>
PREFIX wikibase: <http://wikiba.se/ontology#>

SELECT (COUNT(?thing) AS ?count) ?langLabel ?langlineLabel WHERE {
?thing wdt:P1922 ?line.
BIND(lang(?line) AS ?langlinecode)
?langline wdt:P218 ?langlinecode
OPTIONAL { ?thing wdt:P364 ?lang }
SERVICE wikibase:label {bd:serviceParam wikibase:language ""[AUTO_LANGUAGE],en,de,fr,ru""}
} GROUP BY ?langLabel ?langlineLabel
ORDER BY ?langLabel DESC(?count)",True,False,0.0,0,3
333,complex,List all colors with multiple RGB values.,"PREFIX bd: <http://www.bigdata.com/rdf#>
PREFIX wd: <http://www.wikidata.org/entity/>
PREFIX wdt: <http://www.wikidata.org/prop/direct/>
PREFIX wikibase: <http://wikiba.se/ontology#>

SELECT ?color ?colorLabel ?rgb ?count
WHERE
{
{
SELECT ?color (COUNT(DISTINCT ?rgb) AS ?count)
WHERE
{
?color wdt:P31?/wdt:P279* wd:Q1075;
wdt:P465 ?rgb.
}
GROUP BY ?color
HAVING(?count > 1)
}
?color wdt:P465 ?rgb.
SERVICE wikibase:label { bd:serviceParam wikibase:language ""en"". }
}
ORDER BY ?color",True,True,1.0,1,3
334,complex,"List the occupations of people born in New Zealand, ranked by popularity.","PREFIX bd: <http://www.bigdata.com/rdf#>
PREFIX wd: <http://www.wikidata.org/entity/>
PREFIX wdt: <http://www.wikidata.org/prop/direct/>
PREFIX wikibase: <http://wikiba.se/ontology#>

SELECT ?occupationLabel (COUNT(DISTINCT ?person) as ?personCount)
WHERE {
?person wdt:P31 wd:Q5;
wdt:P19 ?birthPlace;
wdt:P106 ?occupation.
?birthPlace wdt:P27 wd:Q664.
SERVICE wikibase:label { bd:serviceParam wikibase:language ""[AUTO_LANGUAGE],en"". }
}
GROUP BY ?occupationLabel ORDER BY DESC(?personCount)",True,True,0.0,2,4
335,complex,List all fibulas in Musée Saint-Raymond along with their dates and materials.,"PREFIX bd: <http://www.bigdata.com/rdf#>
PREFIX rdfs: <http://www.w3.org/2000/01/rdf-schema#>
PREFIX wd: <http://www.wikidata.org/entity/>
PREFIX wdt: <http://www.wikidata.org/prop/direct/>
PREFIX wikibase: <http://wikiba.se/ontology#>

SELECT ?fibule ?fibuleLabel (SAMPLE(?date) AS ?dates) (GROUP_CONCAT(DISTINCT ?materiauLabel;separator="", "") AS ?materiaux) ?lieuLabel ?image ?identifiant_Joconde WHERE {
?fibule wdt:P31 wd:Q324926.
?fibule wdt:P195 wd:Q1376.
OPTIONAL { ?fibule wdt:P571 ?date }
OPTIONAL { ?fibule wdt:P186 ?materiau }
OPTIONAL { ?fibule wdt:P189 ?lieu }
OPTIONAL { ?fibule wdt:P18 ?image }
OPTIONAL { ?fibule wdt:P347 ?identifiant_Joconde }
SERVICE wikibase:label { bd:serviceParam wikibase:language ""[AUTO_LANGUAGE]"". ?fibule rdfs:label ?fibuleLabel . ?materiau rdfs:label ?materiauLabel . ?lieu rdfs:label ?lieuLabel }
}
GROUP BY ?fibule ?fibuleLabel ?lieuLabel ?image ?identifiant_Joconde",True,True,1.0,2,5
336,complex,Find individuals with Electronic Enlightenment IDs but no Wikipedia articles in any language.,"PREFIX bd: <http://www.bigdata.com/rdf#>
PREFIX rdfs: <http://www.w3.org/2000/01/rdf-schema#>
PREFIX schema: <http://schema.org/>
PREFIX p: <http://www.wikidata.org/prop/>
PREFIX ps: <http://www.wikidata.org/prop/statement/>
PREFIX wdt: <http://www.wikidata.org/prop/direct/>
PREFIX wikibase: <http://wikiba.se/ontology#>

SELECT ?person ?personLabel ?personDescription (URI(CONCAT(""http://dx.doi.org/10.13051/ee:bio/"", ?ee)) AS ?eelink) ?sourcename ?ws
WHERE {
?person wdt:P3429 ?ee.
SERVICE wikibase:label {bd:serviceParam wikibase:language ""[AUTO_LANGUAGE],en,fr,de""}
MINUS {?wp schema:about ?person; FILTER CONTAINS(STR(?wp),""wikipedia"") }
OPTIONAL { ?person p:P1343/ps:P1343 ?source. ?source rdfs:label ?sourcename filter (lang(?sourcename) = ""en"")
OPTIONAL { ?ws schema:about ?source; schema:isPartOf <https://en.wikisource.org/> } }
} ORDER BY ?ee",True,True,1.0,0,2
337,complex,Show me a map of places where accused witches lived.,"PREFIX bd: <http://www.bigdata.com/rdf#>
PREFIX rdfs: <http://www.w3.org/2000/01/rdf-schema#>
PREFIX schema: <http://schema.org/>
PREFIX wd: <http://www.wikidata.org/entity/>
PREFIX wdt: <http://www.wikidata.org/prop/direct/>
PREFIX wikibase: <http://wikiba.se/ontology#>

SELECT ?person ?personLabel ?accusedwitch ?precision ?coords ?Occupation ?Residence ?image (?Occupation as ?layer)
WHERE {
?person wdt:P4478 ?accusedwitch .
?person wdt:P31 wd:Q5.
?person wdt:P21 ?gender .
?person wdt:P551 ?residence .
OPTIONAL { ?person wdt: ?occupation}
OPTIONAL { ?person wdt: ?socialclassification }
?residence wdt: ?coords.
OPTIONAL { ?article schema:about ?person. }
SERVICE wikibase:label {
bd:serviceParam wikibase:language ""en"".
?person rdfs:label ?personLabel.
?residence rdfs:label ?Residence .
?occupation rdfs:label ?Occupation.
?gender rdfs:label ?Gender.
?socialclassification rdfs:label ?SocialClassification .
}
}",True,True,0.0,1,7
338,complex,What are the COVID-19 cases in different Indian states?,"PREFIX bd: <http://www.bigdata.com/rdf#>
PREFIX p: <http://www.wikidata.org/prop/>
PREFIX pq: <http://www.wikidata.org/prop/qualifier/>
PREFIX ps: <http://www.wikidata.org/prop/statement/>
PREFIX wd: <http://www.wikidata.org/entity/>
PREFIX wdt: <http://www.wikidata.org/prop/direct/>
PREFIX wikibase: <http://wikiba.se/ontology#>

SELECT ?item ?itemLabel ?state ?stateLabel ?cases ?shape ?rgb ?time WHERE {
wd: wdt: ?item.
?item wdt: ?state ; p: ?casestmt.
?state wdt: ?shape.
?casestmt ps: ?cases ; pq: ?time .
{ SELECT (MAX(?cases_) as ?mc) {
wd: wdt:/wdt: ?cases_
} }
FILTER NOT EXISTS { ?item p:/pq: ?time_. FILTER(?time < ?time_) }
BIND(IF(?cases > (5 * ?mc)/6,""a50f15"", IF(?cases > (2 * ?mc)/3,""de2d26"",
IF(?cases > ?mc/2,""fb6a4a"", IF(?cases > ?mc/3,""fc9272"",
IF(?cases > ?mc/6,""fcbba1"", ""fee5d9""))))) as ?rgb)
SERVICE wikibase:label { bd:serviceParam wikibase:language ""[AUTO_LANGUAGE],en"". }
}",True,True,0.0,1,5
339,complex,Find paintings with 'portrait' in their name that do not depict anything.,"PREFIX bd: <http://www.bigdata.com/rdf#>
PREFIX rdfs: <http://www.w3.org/2000/01/rdf-schema#>
PREFIX wd: <http://www.wikidata.org/entity/>
PREFIX wdt: <http://www.wikidata.org/prop/direct/>
PREFIX wikibase: <http://wikiba.se/ontology#>

select ?item ?itemLabel where {
?item wdt:P31 wd:Q3305213;
rdfs:label ?label .
FILTER( LANG(?label) = ""en"" ) .
FILTER( CONTAINS(LCASE(?label), ""portrait"") ) .
OPTIONAL {
?item wdt:P180 ?dummy
}
FILTER ( !bound(?dummy) ) .
SERVICE wikibase:label { bd:serviceParam wikibase:language ""en"" } .
}",True,False,0.0,1,2
340,complex,List all countries with an average player weight above 80 kilos in the FIFA World Cup 2022.,"PREFIX bd: <http://www.bigdata.com/rdf#>
PREFIX p: <http://www.wikidata.org/prop/>
PREFIX pq: <http://www.wikidata.org/prop/qualifier/>
PREFIX psv: <http://www.wikidata.org/prop/statement/value/>
PREFIX ps: <http://www.wikidata.org/prop/statement/>
PREFIX wd: <http://www.wikidata.org/entity/>
PREFIX wdt: <http://www.wikidata.org/prop/direct/>
PREFIX wikibase: <http://wikiba.se/ontology#>

SELECT DISTINCT ?country_for_sports ?country_for_sportsLabel (AVG(?weight) as ?avg_weight) (COUNT(?player) as ?count)
WHERE
{
wd:Q113646122 p:P180 [
ps:P180 ?player ;
pq:P1545 ?sticker_number
] .
FILTER (!CONTAINS ( ?sticker_number,""FWC""))
?player wdt:P31 wd:Q5 .
?player wdt:P1532 ?country_for_sports .
?player p:P2067 ?weight_triples .
?weight_triples ps:P2067 ?weight .
?weight_triples psv:P2067 ?weight_triple_value .
?weight_triple_value wikibase:quantityUnit wd:Q11570 . #only weight in kilos
OPTIONAL{?player wdt:P18 ?image}
SERVICE wikibase:label { bd:serviceParam wikibase:language ""en"". } # Helps get the label in your language, if not, then en language
}
GROUP BY ?country_for_sports ?country_for_sportsLabel
HAVING (?count > 2)
ORDER BY DESC(?avg_weight)",True,True,1.0,3,5
341,complex,Find items in the UK with coordinates near 1 degree 50 west longitude.,"PREFIX bd: <http://www.bigdata.com/rdf#>
PREFIX p: <http://www.wikidata.org/prop/>
PREFIX psv: <http://www.wikidata.org/prop/statement/value/>
PREFIX wd: <http://www.wikidata.org/entity/>
PREFIX wdt: <http://www.wikidata.org/prop/direct/>
PREFIX wikibase: <http://wikiba.se/ontology#>

SELECT ?p ?pLabel ?loc WITH {
SELECT ?p ?longitude ?test WHERE {
?p wdt:P17 wd:Q145 .
?p p:P625 [
psv:P625 [
wikibase:geoLongitude ?longitude ]
]
FILTER (ABS(?longitude + 1.83333) < 0.01)
} } AS %matches
WHERE {
INCLUDE %matches
?p wdt:P625 ?loc .
SERVICE wikibase:label { bd:serviceParam wikibase:language ""[AUTO_LANGUAGE],en"". }
}",True,False,0.0,1,2
342,complex,What languages are used in Wikidata lexemes?,"PREFIX bd: <http://www.bigdata.com/rdf#>
PREFIX dct: <http://purl.org/dc/terms/>
PREFIX wikibase: <http://wikiba.se/ontology#>

SELECT ?language ?languageLabel ?count
WITH {
SELECT ?language (COUNT(DISTINCT ?lexeme) AS ?count) {
?lexeme dct:language ?language.
}
GROUP by ?language
} AS %result
WHERE {
INCLUDE %result
SERVICE wikibase:label { bd:serviceParam wikibase:language ""[AUTO_LANGUAGE],en"". }
}
ORDER by DESC (?count)",True,True,1.0,0,0
343,complex,List the awards with the highest percentage of female recipients.,"PREFIX hint: <http://www.bigdata.com/queryHints#>
PREFIX rdfs: <http://www.w3.org/2000/01/rdf-schema#>
PREFIX wd: <http://www.wikidata.org/entity/>
PREFIX wdt: <http://www.wikidata.org/prop/direct/>

SELECT ?award ?awardLabel ?total ?women ?women_percentage
WHERE {
hint:Query hint:optimizer ""None"" .
{
SELECT ?award (COUNT(*) AS ?total) (SUM(IF(?gender = wd:Q6581072, 1, 0)) AS ?women) (ROUND(1000 / COUNT(*) * SUM(IF(?gender = wd:Q6581072, 1, 0))) / 10 AS ?women_percentage)
WHERE {
?human wdt:P166 ?award ; wdt:P21 ?gender ; wdt:P31 wd:Q5 .
}
GROUP BY ?award
ORDER BY DESC(?total)
LIMIT 200
} .
?award rdfs:label ?awardLabel .
FILTER (LANG(?awardLabel) = ""en"") .
}
ORDER BY DESC(?total)",True,True,1.0,2,3
344,complex,List the names of fictional characters created by French authors.,"PREFIX bd: <http://www.bigdata.com/rdf#>
PREFIX hint: <http://www.bigdata.com/queryHints#>
PREFIX rdfs: <http://www.w3.org/2000/01/rdf-schema#>
PREFIX wd: <http://www.wikidata.org/entity/>
PREFIX wdt: <http://www.wikidata.org/prop/direct/>
PREFIX wikibase: <http://wikiba.se/ontology#>

SELECT ?givenName ?givenNameLabel (COUNT(DISTINCT ?character) AS ?count) ?authorClassification WHERE {
BIND(wd:Q142 AS ?language)
?character wdt:P31/wdt:P279* wd:Q95074;
(wdt:P27/wdt:P37)|wdt:P103|wdt:P1412 ?language;
wdt:P735 ?givenName;
wdt:P170 ?author.
OPTIONAL { ?author (wdt:P27/wdt:P37)|wdt:P103|wdt:P1412 ?language. BIND(1 AS ?authorSpeaksLanguage) }
SERVICE wikibase:label {
bd:serviceParam wikibase:language ""en"".
?givenName rdfs:label ?givenNameLabel.
?language rdfs:label ?languageLabel.
} hint:Prior hint:runLast false.
BIND(IF(BOUND(?authorSpeaksLanguage), ?languageLabel, ""other""@en) AS ?authorClassification)
}
GROUP BY ?givenName ?givenNameLabel ?authorClassification
ORDER BY DESC(?count)",True,True,0.0,2,7
345,complex,List names similar to Filaret.,"PREFIX bd: <http://www.bigdata.com/rdf#>
PREFIX hint: <http://www.bigdata.com/queryHints#>
PREFIX wd: <http://www.wikidata.org/entity/>
PREFIX wdt: <http://www.wikidata.org/prop/direct/>
PREFIX wikibase: <http://wikiba.se/ontology#>

SELECT ?here ?count ?rank ?native_label ?itemLabel ?item ?itemDescription ?scriptLabel
WITH  { SELECT DISTINCT ?item (COUNT(DISTINCT ?p) as ?count) 
        WHERE { { ?item wdt:P460* wd:Q108636690 . ?p wdt:P735 ?item } UNION { ?item wdt:P460* wd:Q108636690 }  } 
        GROUP BY ?item ORDER BY DESC(?count) LIMIT 1000
      } AS %all
WITH  { SELECT (?item as ?item2) (?count AS ?count2) WHERE { INCLUDE %all }
      } AS %all2
WITH  { SELECT ?item (SUM(?x) AS ?rank) ?count WHERE { INCLUDE %all . INCLUDE %all2 . BIND( IF( ?count  <= ?count2 ,1,0) AS ?x ) } GROUP BY ?item ?count
      } AS %main 
WHERE
{ hint:Query hint:optimizer ""None"".    
  INCLUDE %main .
  OPTIONAL { FILTER( ?item = wd:Q108636690 )  BIND("" ==> "" as ?here) }
  OPTIONAL { ?item wdt:P1705 ?native_label }
  OPTIONAL { ?item wdt:P282 ?script  }
  SERVICE wikibase:label { bd:serviceParam wikibase:language ""[AUTO_LANGUAGE],en"". }
}
ORDER BY DESC(?count)",True,False,0.0,1,4
346,complex,List the most cited Danish authors.,"PREFIX bd: <http://www.bigdata.com/rdf#>
PREFIX rdfs: <http://www.w3.org/2000/01/rdf-schema#>
PREFIX wd: <http://www.wikidata.org/entity/>
PREFIX wdt: <http://www.wikidata.org/prop/direct/>
PREFIX wikibase: <http://wikiba.se/ontology#>

SELECT ?author1 ?author1Label (count(?citing_work) AS ?number_of_citations) (group_concat(?citing_work_label; separator="" \\ "") as ?citing_works) WHERE {
?work wdt: ?author1 .
?author1 wdt: wd:Q35 .
?citing_work wdt: ?work .
service wikibase:label { bd:serviceParam wikibase:language ""en"" . }
?citing_work rdfs:label ?citing_work_label . filter (lang(?citing_work_label) = 'en')
}
GROUP BY ?author1 ?author1Label
ORDER BY DESC(?number_of_citations)",True,True,1.0,1,3
347,complex,List all World Snooker Champions along with their total number of wins.,"PREFIX bd: <http://www.bigdata.com/rdf#>
PREFIX rdfs: <http://www.w3.org/2000/01/rdf-schema#>
PREFIX wd: <http://www.wikidata.org/entity/>
PREFIX wdt: <http://www.wikidata.org/prop/direct/>
PREFIX wikibase: <http://wikiba.se/ontology#>

SELECT ?winnerLabel1 ?ballsize ?rgb WHERE {
# the snooker ball colours
BIND ( COALESCE(
IF(?wins = 1, ""ff0000"", 1/0),
IF(?wins = 2, ""ffff00"", 1/0),
IF(?wins = 3, ""00ff00"", 1/0),
IF(?wins = 4, ""8b4513"", 1/0),
IF(?wins = 5, ""0000ff"", 1/0),
IF(?wins = 6, ""ffc0cb"", 1/0),
IF(?wins = 7, ""000000"", 1/0),
IF(?wins = 8, ""ffa500"", 1/0),
""800080""
) AS ?rgb )
BIND(1 AS ?ballsize)
BIND( CONCAT(?winnerLabel, "": "", STR(?wins)) AS ?winnerLabel1)
# inner select generates the winners totals
{ SELECT ?winnerLabel (COUNT (?winner) AS ?wins) WHERE {
{ ?p wdt:P31 wd:Q502948 }
UNION
{ ?p wdt:P361 wd:Q502948 }
?p wdt:P1346 ?winner .
?winner rdfs:label ?winnerLabel .
FILTER(LANG(?winnerLabel) = ""en"")
# SERVICE wikibase:label { bd:serviceParam wikibase:language ""[AUTO_LANGUAGE],en"". }
} GROUP BY ?winnerLabel
ORDER BY ASC (?wins )}
}",True,True,1.0,1,3
348,complex,List all economists along with their birthplaces and years.,"PREFIX bd: <http://www.bigdata.com/rdf#>
PREFIX rdfs: <http://www.w3.org/2000/01/rdf-schema#>
PREFIX wd: <http://www.wikidata.org/entity/>
PREFIX wdt: <http://www.wikidata.org/prop/direct/>
PREFIX wikibase: <http://wikiba.se/ontology#>

SELECT DISTINCT ?person ?name ?birthplace ?birthyear ?coord ?layer WHERE {
{?person wdt:P106 wd:Q188094} UNION {?person wdt:P101 wd:Q8134} MINUS {?person wdt:P106 wd:Q188094; wdt:P101 wd:Q8134}
?person wdt:P570 ?dod;
wdt:P19 ?place .
?place wdt: ?coord
OPTIONAL { ?person wdt: ?dob }
BIND(YEAR(?dob) as ?birthyear)
BIND(IF( (?birthyear < 1700), ""Pre-1700"", IF((?birthyear < 1751), ""1700-1750"", IF((?birthyear < 1801), ""1751-1800"", IF((?birthyear < 1851), ""1801-1850"", IF((?birthyear < 1901), ""1851-1900"", IF((?birthyear < 1951), ""1901-1950"", ""Post-1950"") ) ) ) )) AS ?layer )
SERVICE wikibase:label { bd:serviceParam wikibase:language ""[AUTO_LANGUAGE],en"".?person rdfs:label ?name. ?place rdfs:label ?birthplace }
} ORDER BY ?birthyear",True,True,0.0,2,6
349,complex,List all artworks falsely attributed to Johannes Vermeer.,"PREFIX bd: <http://www.bigdata.com/rdf#>
PREFIX rdfs: <http://www.w3.org/2000/01/rdf-schema#>
PREFIX p: <http://www.wikidata.org/prop/>
PREFIX pq: <http://www.wikidata.org/prop/qualifier/>
PREFIX ps: <http://www.wikidata.org/prop/statement/>
PREFIX wd: <http://www.wikidata.org/entity/>
PREFIX wdt: <http://www.wikidata.org/prop/direct/>
PREFIX wikibase: <http://wikiba.se/ontology#>

SELECT distinct ?item ?itemLabel ?date (GROUP_CONCAT(distinct ?creaLb; separator="" - "") as ?createur) ?img
WHERE {
?item wdt:P136 wd:Q29541662 ;
wdt:P170 ?crea ;
wdt:P18 ?img ;
p:P170 [ pq:P1777 wd:Q41264 ] ;
p:P571 ?declarationdate .
OPTIONAL { MINUS {?declarationdate pq:P1319 ?pasavant }
MINUS {?declarationdate pq:P1480 wd:Q5727902 }
?declarationdate ps:P571 ?dateunique .
BIND (year(?dateunique) AS ?date)}
OPTIONAL { MINUS {?declarationdate pq:P1319 ?pasavant }
?declarationdate pq:P1480 wd:Q5727902.
?declarationdate ps:P571 ?dateunique .
BIND (CONCAT(""c."",STR(year(?dateunique))) AS ?date)}
OPTIONAL { ?declarationdate pq:P1319 ?pasavant .
?declarationdate pq:P1326 ?pasapres.
BIND (CONCAT(STR(year(?pasavant)),""-"",STR(year(?pasapres))) AS ?date)}
?crea rdfs:label ?creaLb . filter (lang(?creaLb) = ""fr"") .
SERVICE wikibase:label {bd:serviceParam wikibase:language ""fr""}
} GROUP BY ?item ?itemLabel ?date ?img",True,True,1.0,3,8
350,complex,List all fictional spaceship captains from the Star Trek universe.,"PREFIX bd: <http://www.bigdata.com/rdf#>
PREFIX rdfs: <http://www.w3.org/2000/01/rdf-schema#>
PREFIX wd: <http://www.wikidata.org/entity/>
PREFIX wdt: <http://www.wikidata.org/prop/direct/>
PREFIX wikibase: <http://wikiba.se/ontology#>

SELECT
?char
?charName
(GROUP_CONCAT(DISTINCT ?occupationLabel; SEPARATOR = "","") AS ?arrOccupations)
WHERE {
?char wdt:P1080 wd:Q18043309; # ""from narrative universe"" ""Start Trek multiverse""
wdt:P1080 ?universe; #""from narrative universe""
wdt:P31 wd:Q15632617; # ""instance of"" ""fictional human""
wdt:P106 wd:Q87265645; # occupation ""spaceship captain""
wdt:P106 ?occupation.
SERVICE wikibase:label {
bd:serviceParam wikibase:language ""[AUTO_LANGUAGE],en"".
?char rdfs:label ?charName.
?universe rdfs:label ?universeLabel.
?type rdfs:label ?typeLabel.
?country_of_citizenship rdfs:label ?country_of_citizenshipLabel.
?place_of_birth rdfs:label ?place_of_birthLabel.
?occupation rdfs:label ?occupationLabel.
}
}
GROUP BY ?char ?charName ?arrOccupations",True,True,1.0,3,3
351,complex,List the people buried at Pere Lachaise Cemetery along with their birthplace and date of birth.,"PREFIX bd: <http://www.bigdata.com/rdf#>
PREFIX schema: <http://schema.org/>
PREFIX xsd: <http://www.w3.org/2001/XMLSchema#>
PREFIX p: <http://www.wikidata.org/prop/>
PREFIX pq: <http://www.wikidata.org/prop/qualifier/>
PREFIX wd: <http://www.wikidata.org/entity/>
PREFIX wdt: <http://www.wikidata.org/prop/direct/>
PREFIX wikibase: <http://wikiba.se/ontology#>

SELECT ?article ?person ?personLabel ?picGrave ?coord ?bd ?graveplot2 ?layer WHERE {
{
?person wdt:P119 wd:Q311 ;
p:P119 [
pq: ?graveplot];
wdt: ?bd .
?person wdt: ?city .
?city wdt: ?coord .
OPTIONAL{ ?person wdt: ?picGrave .}
OPTIONAL {
?article schema:about ?person .
?article schema:inLanguage ""fr"" .
?article schema:isPartOf <https://fr.wikipedia.org/> .}
BIND (CONCAT(""Division "",?graveplot) AS ?graveplot2)
BIND(
IF(?bd < ""1700-01-01T00:00:00Z""^^xsd:dateTime, ""<1700"",
IF(?bd < ""1800-01-01T00:00:00Z""^^xsd:dateTime, ""18e siecle"",
IF(?bd < ""1900-01-01T00:00:00Z""^^xsd:dateTime, ""19e siecle"",
IF(?bd < ""2000-01-01T00:00:00Z""^^xsd:dateTime, ""20e siecle"",
""21e siecle""))))
AS ?layer).
}
SERVICE wikibase:label { bd:serviceParam wikibase:language ""fr""}
}
Order by ?personLabel",True,True,0.0,1,6
352,complex,List all Swedish forms without examples.,"PREFIX dct: <http://purl.org/dc/terms/>
PREFIX ontolex: <http://www.w3.org/ns/lemon/ontolex#>
PREFIX p: <http://www.wikidata.org/prop/>
PREFIX pq: <http://www.wikidata.org/prop/qualifier/>
PREFIX ps: <http://www.wikidata.org/prop/statement/>
PREFIX wd: <http://www.wikidata.org/entity/>
PREFIX wikibase: <http://wikiba.se/ontology#>

SELECT ?form ?lemma
WHERE {
?lexemeId dct:language wd:Q9027;
wikibase:lemma ?lemma;
ontolex:lexicalForm ?form.
MINUS {
?lexemeId p:P5831 ?statement.
?statement ps:P5831 ?example;
pq:P6072 [];
pq:P5830 ?form_with_example.
}
}",True,True,1.0,1,3
353,complex,What are the subclasses of malware?,"PREFIX bd: <http://www.bigdata.com/rdf#>
PREFIX wd: <http://www.wikidata.org/entity/>
PREFIX wdt: <http://www.wikidata.org/prop/direct/>
PREFIX wikibase: <http://wikiba.se/ontology#>
PREFIX gas: <http://www.bigdata.com/rdf/gas#>

SELECT ?item ?itemLabel ?pic ?linkTo
WHERE
{
SERVICE gas:service {
gas:program gas:gasClass ""com.bigdata.rdf.graph.analytics.SSSP"" ;
gas:in wd:Q14001 ;
gas:traversalDirection ""Reverse"" ;
gas:out ?item ;
gas:out1 ?depth ;
gas:maxIterations 4 ;
gas:linkType wdt:P279 .
}
OPTIONAL { ?item wdt:P279 ?linkTo }
OPTIONAL { ?item wdt:P18 ?pic }
SERVICE wikibase:label {bd:serviceParam wikibase:language ""en"" }
}",True,True,1.0,1,2
354,complex,What percentage of Nobel Prize winners are women?,"PREFIX bd: <http://www.bigdata.com/rdf#>
PREFIX wd: <http://www.wikidata.org/entity/>
PREFIX wdt: <http://www.wikidata.org/prop/direct/>
PREFIX wikibase: <http://wikiba.se/ontology#>

SELECT ?award ?awardLabel (SUM(?female) AS ?count_females) (SUM(?male) AS ?count_males) (COUNT(*) AS ?count) ((100 * ?count_females / ?count) AS ?share_female) WHERE {
SERVICE wikibase:label { bd:serviceParam wikibase:language ""en"". }
?award wdt:P279 wd:Q7191.
?item wdt:P166 ?award;
wdt:P21 ?gender.
BIND(IF(?gender IN(wd:Q6581097, wd:Q2449503), 1 , 0 ) AS ?male)
BIND(IF(?gender IN(wd:Q6581072, wd:Q1052281), 1 , 0 ) AS ?female)
}
GROUP BY ?award ?awardLabel
ORDER BY DESC(?share_female)",True,True,1.0,5,3
355,complex,List all Wikipedia articles about controversies with the most language versions.,"PREFIX bd: <http://www.bigdata.com/rdf#>
PREFIX rdfs: <http://www.w3.org/2000/01/rdf-schema#>
PREFIX wd: <http://www.wikidata.org/entity/>
PREFIX wikibase: <http://wikiba.se/ontology#>

SELECT ?controversies ?controversiesLabel ?sitelinks WHERE {
# find all ""controversies"" items using CirrusSearch (SPARQL isn't the right tool for this job)
SERVICE wikibase:mwapi {
bd:serviceParam wikibase:endpoint ""www.wikidata.org"";
wikibase:api ""Search"";
# note: the ""inlabel"" keyword also searches aliases
# exclude scholarly articles (Q13442814), there's plenty of them and we don't care about them here
# also exclude categories (Q4167836, P4224); we'll filter them out again below, but excluding some here speeds things up
mwapi:srsearch ""inlabel:controversies@en -haswbstatement:P31=Q13442814 -haswbstatement:P31=Q4167836 -haswbstatement:P4224"";
# get as many search results at once as possible
mwapi:srlimit ""max"".
?controversies wikibase:apiOutputItem mwapi:title.
}
# get the number of sitelinks and the English label
?controversies wikibase:sitelinks ?sitelinks;
rdfs:label ?controversiesLabel.
FILTER(LANG(?controversiesLabel) = ""en"")
# filter out categories (-haswbstatement:P31=Q4167836 doesn't exclude categories that are instance of a subclass of Q4167836)
FILTER(!STRSTARTS(?controversiesLabel, ""Category:""@en))
# also filter out templates (only one match at the moment, not worth adding this to the search string)
FILTER(!STRSTARTS(?controversiesLabel, ""Template:""@en))
# filter out the item about the ""controversy"" concept
FILTER(?controversies != wd:Q1255828)
# require at least one sitelink (article)
FILTER(?sitelinks > 0)
}
ORDER BY DESC(?sitelinks)",True,True,1.0,1,2
356,complex,List all science fiction movies and series featuring an actor born in Liverpool.,"PREFIX bd: <http://www.bigdata.com/rdf#>
PREFIX p: <http://www.wikidata.org/prop/>
PREFIX pq: <http://www.wikidata.org/prop/qualifier/>
PREFIX ps: <http://www.wikidata.org/prop/statement/>
PREFIX wd: <http://www.wikidata.org/entity/>
PREFIX wdt: <http://www.wikidata.org/prop/direct/>
PREFIX wikibase: <http://wikiba.se/ontology#>

select distinct ?person ?personLabel ?placeLabel ?workLabel ?roleLabel where
{ ?person wdt: ?place . ?place wdt:* wd: .
?work p: ?cs . ?cs ps: ?person . ?cs pq: ?role .
?work wdt: ?sf . ?sf wdt:* wd:Q5967378 .
SERVICE wikibase:label { bd:serviceParam wikibase:language ""[AUTO_LANGUAGE],en"". }
} order by ?workLabel",True,True,1.0,1,6
357,complex,List all government agencies operating in Scotland.,"PREFIX bd: <http://www.bigdata.com/rdf#>
PREFIX rdfs: <http://www.w3.org/2000/01/rdf-schema#>
PREFIX p: <http://www.wikidata.org/prop/>
PREFIX pq: <http://www.wikidata.org/prop/qualifier/>
PREFIX wd: <http://www.wikidata.org/entity/>
PREFIX wdt: <http://www.wikidata.org/prop/direct/>
PREFIX wikibase: <http://wikiba.se/ontology#>

SELECT ?item ?itemLabel (SAMPLE(?typeLabel) AS ?_type) WHERE {
{ VALUES ?type { wd: wd: wd: wd: wd: } # Exec agencies (9) + NDPBs (45) + commissioners (7)
?item wdt: ?type ;
wdt: wd:Q22 .
MINUS { ?item wdt: wd:Q5532360 }
}
UNION
{ ?item wdt: wd:Q270791; # Public corps (6)
wdt: wd:Q32521 .
}
UNION
{ VALUES ?type { wd:Q18392368 wd:Q1412224 wd:Q3044788 wd:Q327333 wd:Q104417453 } # Tribunals (11) + other (28)
?item wdt: ?type ;
wdt:|wdt: wd:Q22 .
MINUS { ?item wdt: wd:Q1156248 }
MINUS { ?item p: ?js . ?js pq: [] }
}
UNION
{ VALUES ?type { wd: wd: wd: } # Local authorities (32) + Health boards (14)
?item wdt: ?type .
}
UNION
{ ?item wdt: wd: . # Courts (56)
}
MINUS { ?item wdt: [] }
OPTIONAL { ?item wdt: ?type }
SERVICE wikibase:label { bd:serviceParam wikibase:language ""en"". ?type rdfs:label ?typeLabel . ?item rdfs:label ?itemLabel }
} GROUP BY ?item ?itemLabel",True,True,0.0,19,7
358,complex,List all manuscript collections with their official websites.,"PREFIX bd: <http://www.bigdata.com/rdf#>
PREFIX rdfs: <http://www.w3.org/2000/01/rdf-schema#>
PREFIX p: <http://www.wikidata.org/prop/>
PREFIX pq: <http://www.wikidata.org/prop/qualifier/>
PREFIX ps: <http://www.wikidata.org/prop/statement/>
PREFIX wd: <http://www.wikidata.org/entity/>
PREFIX wdt: <http://www.wikidata.org/prop/direct/>
PREFIX wikibase: <http://wikiba.se/ontology#>

SELECT ?collection ?l (GROUP_CONCAT(DISTINCT ?officialweb) AS ?webs) (COUNT(DISTINCT ?q) AS ?mcount)
WHERE {
?q (wdt:P31/wdt:P279*) wd:Q87167.
?q p:P195 ?s. ?s ps:P195 ?collection. MINUS {?s pq:P582 []}.
MINUS { ?s ps:P195 wd:Q1322278 }
OPTIONAL{ ?collection wdt:P856 ?officialweb }
SERVICE wikibase:label {
bd:serviceParam wikibase:language ""en"".
?collection rdfs:label ?l
}
}
GROUP BY ?collection ?l
ORDER BY UCASE(?l)",True,False,0.0,2,5
359,complex,List all infectious diseases with their minimum and maximum incubation periods in humans.,"PREFIX bd: <http://www.bigdata.com/rdf#>
PREFIX p: <http://www.wikidata.org/prop/>
PREFIX psn: <http://www.wikidata.org/prop/statement/value-normalized/>
PREFIX wd: <http://www.wikidata.org/entity/>
PREFIX wdt: <http://www.wikidata.org/prop/direct/>
PREFIX wikibase: <http://wikiba.se/ontology#>

SELECT ?DiseaseLabel ((?min / 86400) AS ?Minimal_Incubation_Time) ((?max / 86400) AS ?Maximum_Incubation_Time)
WHERE {
?Disease wdt:P31/wdt:P279* wd:Q18123741 .
?Disease p:P3488/psn:P3488/wikibase:quantityAmount ?min .
?Disease p:P3487/psn:P3487/wikibase:quantityAmount ?max
SERVICE wikibase:label { bd:serviceParam wikibase:language ""[AUTO_LANGUAGE]"". }
}
ORDER BY ?DiseaseLabel",True,True,1.0,1,4
360,complex,Find the railway stations between Dibrugarh and Scottish Highlands with the fewest stops.,"PREFIX bd: <http://www.bigdata.com/rdf#>
PREFIX geo: <http://www.opengis.net/ont/geosparql#>
PREFIX p: <http://www.wikidata.org/prop/>
PREFIX psv: <http://www.wikidata.org/prop/statement/value/>
PREFIX wd: <http://www.wikidata.org/entity/>
PREFIX wdt: <http://www.wikidata.org/prop/direct/>
PREFIX wikibase: <http://wikiba.se/ontology#>
PREFIX gas: <http://www.bigdata.com/rdf/gas#>

SELECT ?station ?stationLabel ?cds ?line ?layer WHERE {
{ SERVICE gas:service {
gas:program gas:gasClass ""com.bigdata.rdf.graph.analytics.BFS"" ; gas:in wd:Q15213944 ; gas:target wd:Q2784062 ; gas:out ?station ; gas:out1 [] ; gas:out2 ?pred .
gas:program gas:linkType wdt:P197 . } }
FILTER(?station != wd:Q15213944)
?pred p:P625/psv:P625/wikibase:geoLatitude ?lat1 ; p:P625/psv:P625/wikibase:geoLongitude ?lon1 .
?station p:P625/psv:P625/wikibase:geoLatitude ?lat2 ; p:P625/psv:P625/wikibase:geoLongitude ?lon2 .
BIND(CONCAT('LINESTRING(', STR(?lon1), ' ', STR(?lat1), ',', STR(?lon2), ' ', STR(?lat2), ')') AS ?str) . BIND(STRDT(?str, geo:wktLiteral) AS ?line)
SERVICE wikibase:label { bd:serviceParam wikibase:language ""en"". }
}",True,True,1.0,2,2
361,complex,Show me a map of people buried in Pere Lachaise Cemetery organized by their place of birth.,"PREFIX bd: <http://www.bigdata.com/rdf#>
PREFIX schema: <http://schema.org/>
PREFIX xsd: <http://www.w3.org/2001/XMLSchema#>
PREFIX p: <http://www.wikidata.org/prop/>
PREFIX pq: <http://www.wikidata.org/prop/qualifier/>
PREFIX wd: <http://www.wikidata.org/entity/>
PREFIX wdt: <http://www.wikidata.org/prop/direct/>
PREFIX wikibase: <http://wikiba.se/ontology#>

SELECT ?article ?person ?personLabel ?picGrave ?coord ?bd ?graveplot2 ?layer WHERE {
{
?person wdt: wd:Q311 ;
p: [
pq: ?graveplot];
wdt: ?bd .
?person wdt:P19 ?city .
?city wdt:P625 ?coord .
OPTIONAL{ ?person wdt:P1442 ?picGrave .}
OPTIONAL {
?article schema:about ?person .
?article schema:inLanguage ""fr"" .
?article schema:isPartOf <https://fr.wikipedia.org/> .}
BIND (CONCAT(""Division "",?graveplot) AS ?graveplot2)
BIND(
IF(?bd < ""1700-01-01T00:00:00Z""^^xsd:dateTime, ""<1700"",
IF(?bd < ""1800-01-01T00:00:00Z""^^xsd:dateTime, ""18e siecle"",
IF(?bd < ""1900-01-01T00:00:00Z""^^xsd:dateTime, ""19e siecle"",
IF(?bd < ""2000-01-01T00:00:00Z""^^xsd:dateTime, ""20e siecle"",
""21e siecle""))))
AS ?layer).
}
SERVICE wikibase:label { bd:serviceParam wikibase:language ""fr""}
}
Order by ?personLabel",True,True,0.0,1,6
362,complex,List plant genera named after female botanists.,"PREFIX bd: <http://www.bigdata.com/rdf#>
PREFIX wd: <http://www.wikidata.org/entity/>
PREFIX wdt: <http://www.wikidata.org/prop/direct/>
PREFIX wikibase: <http://wikiba.se/ontology#>

select distinct ?item ?parentLabel ?itemLabel ?womenLabel ?women
where {
?item wdt:P31 wd:Q16521 . # Any instance of a taxon.
?item wdt: wd:Q34740 . # Taxon rank is genus.
?item wdt: ?parent .
?item wdt: ?women . # Named after
?women wdt: wd:Q6581072 . # Female
{ ?women wdt:/wdt:* wd:Q2374149 } UNION #botanist
{ ?women wdt:/wdt:* wd:Q2083925 } UNION #botanical collector
{ ?women wdt:/wdt:* wd:Q3148760 } . #botanical illustrator
SERVICE wikibase:label { bd:serviceParam wikibase:language ""en"" }
}
ORDER BY DESC(?itemLabel)",True,True,0.0,6,7
363,complex,List the languages with the most examples in Wikidata's lexicographical data.,"PREFIX bd: <http://www.bigdata.com/rdf#>
PREFIX dct: <http://purl.org/dc/terms/>
PREFIX ontolex: <http://www.w3.org/ns/lemon/ontolex#>
PREFIX wdt: <http://www.wikidata.org/prop/direct/>
PREFIX wikibase: <http://wikiba.se/ontology#>

SELECT ?languageLabel (COUNT(?example) AS ?count ) WHERE {
?l a ontolex:LexicalEntry; dct:language ?language.
?l wdt: ?example.
SERVICE wikibase:label { bd:serviceParam wikibase:language ""[AUTO_LANGUAGE],en"". }
}
GROUP BY ?languageLabel
ORDER BY DESC(?count)",True,True,0.0,0,1
364,complex,List the top scorers in the 2018 FIFA World Cup.,"PREFIX bd: <http://www.bigdata.com/rdf#>
PREFIX p: <http://www.wikidata.org/prop/>
PREFIX pq: <http://www.wikidata.org/prop/qualifier/>
PREFIX ps: <http://www.wikidata.org/prop/statement/>
PREFIX wd: <http://www.wikidata.org/entity/>
PREFIX wdt: <http://www.wikidata.org/prop/direct/>
PREFIX wikibase: <http://wikiba.se/ontology#>

SELECT ?player ?playerLabel ?countryLabel (COUNT(?item) AS ?goals) WHERE {
?item wdt:P31 wd:Q16466010 ;
wdt:P361+ wd:Q170645 ;
p:P1363 ?pStatement .
?pStatement ps:P1363 ?player ;
pq:P54 ?team .
FILTER NOT EXISTS { ?pStatement pq:P3831 wd:Q18533 }
?team wdt:P1532 ?country .
SERVICE wikibase:label { bd:serviceParam wikibase:language ""en"" . }
}
GROUP BY ?player ?playerLabel ?countryLabel
ORDER BY DESC(?goals) ?countryLabel ?playerLabel",True,True,1.0,2,6
365,complex,Show the workplaces of Philip de László on a map.,"PREFIX bd: <http://www.bigdata.com/rdf#>
PREFIX geo: <http://www.opengis.net/ont/geosparql#>
PREFIX p: <http://www.wikidata.org/prop/>
PREFIX pq: <http://www.wikidata.org/prop/qualifier/>
PREFIX psv: <http://www.wikidata.org/prop/statement/value/>
PREFIX ps: <http://www.wikidata.org/prop/statement/>
PREFIX wd: <http://www.wikidata.org/entity/>
PREFIX wikibase: <http://wikiba.se/ontology#>

SELECT
?time ?end_time ?locationLabel ?point ?line
WITH {
SELECT ?subject ?location ?time ?end_time ?point ?point_str WHERE {
VALUES ?subject { wd:Q704208 } .
?subject p:P937 ?work_location_statement .
?work_location_statement ps:P937 ?location .
?location p: / ps: ?point .
?location p: / psv: / wikibase:geoLatitude ?latitude .
?location p: / psv: / wikibase:geoLongitude ?longitude .
?work_location_statement pq: ?time .
OPTIONAL { ?work_location_statement pq: ?end_time } .
BIND(CONCAT(STR(?longitude), ' ', STR(?latitude)) AS ?point_str)
}
ORDER BY (?time)
} AS %points
WITH {
SELECT ?subject (STRDT( CONCAT('LINESTRING (', GROUP_CONCAT(?point_str; separator=','), ')'), geo:wktLiteral) AS ?line) WHERE {
INCLUDE %points
} GROUP BY ?subject
} AS %line
WHERE {
INCLUDE %points
INCLUDE %line
SERVICE wikibase:label { bd:serviceParam wikibase:language ""[AUTO_LANGUAGE],en"". }
}",True,True,0.0,1,4
366,complex,List the universities attended by creators of popular programming languages.,"PREFIX bd: <http://www.bigdata.com/rdf#>
PREFIX wd: <http://www.wikidata.org/entity/>
PREFIX wdt: <http://www.wikidata.org/prop/direct/>
PREFIX wikibase: <http://wikiba.se/ontology#>

SELECT ?lang ?langLabel ?human ?humanLabel ?educatedat ?educatedatLabel ?coords WHERE {
?lang wdt:/wdt:* wd: .
?human wdt: wd: .
{ ?lang wdt: ?human } UNION { ?lang wdt: ?human } UNION { ?lang wdt:P943 ?human } UNION { ?lang wdt:P178 ?human } .
?human wdt:P69 ?educatedat .
?educatedat wdt:P625 ?coords .
SERVICE wikibase:label {
bd:serviceParam wikibase:language ""en,fr"" .
}
}
LIMIT 100",True,True,0.0,2,8
367,complex,List the female Oxford University alumni who are not from the United Kingdom.,"PREFIX bd: <http://www.bigdata.com/rdf#>
PREFIX wd: <http://www.wikidata.org/entity/>
PREFIX wdt: <http://www.wikidata.org/prop/direct/>
PREFIX wikibase: <http://wikiba.se/ontology#>

SELECT DISTINCT ?alum ?alumLabel ?alumDescription ?image
WHERE {
{?alum wdt:P69 wd:Q34433 .}
UNION {?college wdt:P31 wd:Q2581649.
?alum wdt:P69 ?college.}
?alum wdt: wd:Q6581072 .
MINUS { ?alum wdt: wd:Q145 }.
OPTIONAL {?alum wdt: ?image }.
SERVICE wikibase:label { bd:serviceParam wikibase:language ""[AUTO_LANGUAGE],en"" }
}",True,True,0.0,4,5
368,complex,"List people born in Czechia who died in Germany, grouped by decade of birth.","PREFIX wd: <http://www.wikidata.org/entity/>
PREFIX wdt: <http://www.wikidata.org/prop/direct/>

select (STR(?year1) as ?year) ((count(?item) * ?sgn) as ?count) ?layer where {
?item wdt:/wdt: ?country . values ?country {wd: wd:} . ?item wdt: ?birthdate bind((FLOOR(YEAR(?birthdate)/10)*10) as ?year1) FILTER(?year1>=1800).
optional {?item wdt:/wdt: wd: . ?item wdt:/wdt: wd: . bind(""Born in Czechia, died in Germany"" as ?layer). bind(1 as ?sgn)}
optional {?item wdt:/wdt: wd: . ?item wdt:/wdt: wd: . bind(""Born in Germany, died in the Czech Republic"" as ?layer). bind(-1 as ?sgn)}
filter(bound(?layer)) .
}
group by ?year1 ?layer ?sgn
order by asc(?year1)",True,True,1.0,2,4
369,complex,List the names of English monarchs and their causes of death.,"PREFIX bd: <http://www.bigdata.com/rdf#>
PREFIX rdfs: <http://www.w3.org/2000/01/rdf-schema#>
PREFIX wd: <http://www.wikidata.org/entity/>
PREFIX wdt: <http://www.wikidata.org/prop/direct/>
PREFIX wikibase: <http://wikiba.se/ontology#>

SELECT (?namesLabel AS ?name) (COUNT(?monarch) AS ?dead_monarchs) (SAMPLE(?cause_of_deathLabel) AS ?causes_of_death) WHERE {
VALUES ?monarchies {wd:Q9134365 wd:Q111722535 wd:Q110324075 wd:Q18810062}
?monarch wdt:P39 ?monarchies;
wdt:P735 ?names.
?monarch wdt:P1196 ?cause_of_death.
SERVICE wikibase:label { bd:serviceParam wikibase:language ""[AUTO_LANGUAGE],en"".
?names rdfs:label ?namesLabel .
?monarch rdfs:label ?monarchLabel .
?cause_of_death rdfs:label ?cause_of_deathLabel .}
} GROUP BY ?namesLabel ?cause_of_death
ORDER BY DESC (?dead_monarchs)",True,True,1.0,4,3
370,complex,What are the most common subjects depicted in both the Cleveland Museum of Art and Ashmolean Museum collections?,"PREFIX bd: <http://www.bigdata.com/rdf#>
PREFIX wd: <http://www.wikidata.org/entity/>
PREFIX wdt: <http://www.wikidata.org/prop/direct/>
PREFIX wikibase: <http://wikiba.se/ontology#>

SELECT ?depicted ?depictedLabel ?ashcount ?ashexample ?ashexampleLabel ?clevcount ?clevexample ?clevexampleLabel WHERE {
{SELECT ?depicted (Sample(?itemash) AS ?ashexample) (COUNT(DISTINCT ?itemash) AS ?ashcount) (sample(?itemclev) as ?clevexample) (COUNT(DISTINCT ?itemclev) AS ?clevcount) WHERE {
?itemclev wdt:P195 wd:Q657415; wdt:P180 ?depicted.
?itemash wdt:P195 wd:Q636400 ; wdt:P180 ?depicted.
} GROUP BY ?depicted }
SERVICE wikibase:label { bd:serviceParam wikibase:language ""[AUTO_LANGUAGE],en"". }
} ORDER BY DESC(?ashcount + ?clevcount)",True,False,0.0,2,2
371,complex,List the number of music albums by language in descending order.,"PREFIX bd: <http://www.bigdata.com/rdf#>
PREFIX wd: <http://www.wikidata.org/entity/>
PREFIX wdt: <http://www.wikidata.org/prop/direct/>
PREFIX wikibase: <http://wikiba.se/ontology#>

SELECT (COUNT(?album) AS ?albums) ?P407Label ?P407 WHERE {
SERVICE wikibase:label { bd:serviceParam wikibase:language ""[AUTO_LANGUAGE],en"". }
?album wdt:P31 wd:Q482994.
OPTIONAL { ?album wdt:P407 ?P407. }
}
GROUP BY ?P407 ?P407Label
ORDER BY DESC (?albums) (?P407)",True,True,1.0,1,2
372,complex,List the capitals of two countries that are not bordering and are less than 200 km apart.,"PREFIX bd: <http://www.bigdata.com/rdf#>
PREFIX xsd: <http://www.w3.org/2001/XMLSchema#>
PREFIX p: <http://www.wikidata.org/prop/>
PREFIX pq: <http://www.wikidata.org/prop/qualifier/>
PREFIX ps: <http://www.wikidata.org/prop/statement/>
PREFIX wd: <http://www.wikidata.org/entity/>
PREFIX wdt: <http://www.wikidata.org/prop/direct/>
PREFIX wikibase: <http://wikiba.se/ontology#>

SELECT DISTINCT ?country1Label ?country2Label ?capital1Label ?capital2Label ?distance WHERE {
{
SELECT DISTINCT ?country1 ?country2 ?capital1 ?capital2 ?distance WHERE {
?country1 p:P463 ?statement1 ;
wdt:P36 ?capital1 .
?statement1 ps:P463 wd:Q1065 .
FILTER NOT EXISTS { ?statement1 pq:P582 ?x }
FILTER NOT EXISTS { ?country1 wdt:P31 wd:Q3024240 }
?country2 p:P463 ?statement2 ;
wdt:P36 ?capital2 .
?statement2 ps:P463 wd:Q1065 .
FILTER NOT EXISTS { ?statement2 pq:P582 ?x }
FILTER NOT EXISTS { ?country2 wdt:P31 wd:Q3024240 }
?capital1 wdt:P625 ?coords1 .
?capital2 wdt:P625 ?coords2 .
FILTER(xsd:string(?country1) < xsd:string(?country2))
FILTER NOT EXISTS {
?country1 p:P47 ?statementBorder .
?statementBorder ps:P47 ?country2 .
{ FILTER NOT EXISTS { ?statementBorder pq:P5102 ?x } } UNION
{ ?statementBorder pq:P5102 wd:Q15104814 }
}
BIND(ROUND(geof:distance(?coords1, ?coords2)) AS ?distance) .
FILTER (?distance<200)
}
}
SERVICE wikibase:label { bd:serviceParam wikibase:language ""[AUTO_LANGUAGE],en"". }
}
ORDER BY ?distance",True,True,1.0,3,7
373,complex,What are the artworks in the Khalili Collections that have images?,"PREFIX bd: <http://www.bigdata.com/rdf#>
PREFIX rdfs: <http://www.w3.org/2000/01/rdf-schema#>
PREFIX schema: <http://schema.org/>
PREFIX wd: <http://www.wikidata.org/entity/>
PREFIX wdt: <http://www.wikidata.org/prop/direct/>
PREFIX wikibase: <http://wikiba.se/ontology#>

SELECT (?link as ?q) (?nameplusdesc AS ?qLabel) (SAMPLE(?image) AS ?img) WHERE {
?work wdt:P195/wdt:P361 wd:Q63160499; wdt:P18 ?image ; wdt:P973 ?link; wdt:P180 ?depicted.
SERVICE wikibase:label { bd:serviceParam wikibase:language ""[AUTO_LANGUAGE],en"".
?depicted rdfs:label ?name . ?depicted schema:description ?desc }
BIND(IF(BOUND(?desc), CONCAT(?name, "", "", ?desc), ?name) AS ?nameplusdesc)
} GROUP BY ?link ?nameplusdesc
ORDER BY UCASE(?qLabel)",True,True,1.0,1,4
374,complex,List all individuals with multiple social media accounts that differ only in capitalization.,"PREFIX bd: <http://www.bigdata.com/rdf#>
PREFIX wdt: <http://www.wikidata.org/prop/direct/>
PREFIX wikibase: <http://wikiba.se/ontology#>

select distinct ?item ?itemLabel ?twitter1 ?twitter2 ?facebook1 ?facebook2 where
{
{ ?item wdt:P2002 ?twitter1 . ?item wdt:P2002 ?twitter2 .
filter(?twitter1 > ?twitter2) .
# item has two values for twitter account
filter((lcase(?twitter1)) = (lcase(?twitter2)) ) . }
# but they are the same case-insensitive text
union
{ ?item wdt: ?facebook1 . ?item wdt: ?facebook2 .
filter(?facebook1 > ?facebook2) .
filter((lcase(?facebook1)) = (lcase(?facebook2)) ) . }
# same but for facebook
# as of 2019-03-19, 176 Twitter and 27 Facebook
# nb please do *not* fix automatically by removing entries without checking them first
# as one value may have key qualifiers (follower count, verification, sources, etc)!
SERVICE wikibase:label { bd:serviceParam wikibase:language ""[AUTO_LANGUAGE],en"". }
}",True,True,0.9944,0,2
375,complex,What are the first letters of free software names?,"PREFIX rdfs: <http://www.w3.org/2000/01/rdf-schema#>
PREFIX p: <http://www.wikidata.org/prop/>
PREFIX ps: <http://www.wikidata.org/prop/statement/>
PREFIX wd: <http://www.wikidata.org/entity/>
PREFIX wdt: <http://www.wikidata.org/prop/direct/>

SELECT ?character (COUNT(DISTINCT ?item) AS ?count) WHERE {
{ ?item p:P31/ps:P31/wdt:P279* wd:Q341. } UNION
{ ?item wdt:P31/wdt:P279* wd:Q7397; wdt:P275/(wdt:P31|wdt:P279)* wd:Q3943414. }
?item rdfs:label ?label.
FILTER(LANG(?label) = ""en"")
BIND(UCASE(SUBSTR(?label, 1, 1)) AS ?character)
}
GROUP BY ?character",True,False,0.0,3,3
376,complex,List the countries with their number of demonstrations.,"PREFIX bd: <http://www.bigdata.com/rdf#>
PREFIX wd: <http://www.wikidata.org/entity/>
PREFIX wdt: <http://www.wikidata.org/prop/direct/>
PREFIX wikibase: <http://wikiba.se/ontology#>

SELECT ?country ?countryLabel (COUNT(DISTINCT ?demo) AS ?count) WHERE {
?demo wdt:P31/wdt:P279* wd:Q175331;
wdt:P17 ?country.
SERVICE wikibase:label { bd:serviceParam wikibase:language ""en"". }
}
GROUP BY ?country ?countryLabel
ORDER BY DESC(?count)",True,True,1.0,1,3
377,complex,What museums are near Cesis?,"PREFIX bd: <http://www.bigdata.com/rdf#>
PREFIX wd: <http://www.wikidata.org/entity/>
PREFIX wdt: <http://www.wikidata.org/prop/direct/>
PREFIX wikibase: <http://wikiba.se/ontology#>

SELECT ?item ?itemLabel ?coordinate ?bild WHERE {
wd:Q107582 wdt:P625 ?Center.
SERVICE wikibase:around {
?item wdt:P625 ?coordinate.
bd:serviceParam wikibase:center ?Center;
wikibase:radius ""30"".
}
FILTER(EXISTS { ?item (wdt:P31/(wdt:P279*)) wd:Q33506. })
OPTIONAL { ?item wdt:P18 ?bild. }
SERVICE wikibase:label { bd:serviceParam wikibase:language ""de,en,[AUTO_LANGUAGE]"". }
}",True,True,1.0,2,4
378,complex,List all Nobel Prize categories by gender of the winners.,"PREFIX bd: <http://www.bigdata.com/rdf#>
PREFIX rdfs: <http://www.w3.org/2000/01/rdf-schema#>
PREFIX p: <http://www.wikidata.org/prop/>
PREFIX pq: <http://www.wikidata.org/prop/qualifier/>
PREFIX ps: <http://www.wikidata.org/prop/statement/>
PREFIX wd: <http://www.wikidata.org/entity/>
PREFIX wdt: <http://www.wikidata.org/prop/direct/>
PREFIX wikibase: <http://wikiba.se/ontology#>

SELECT (REPLACE(REPLACE(?nobelPrizeLabel_, ""^Nobel Prize in "", """"), ""^Nobel (.*) Prize$"", ""$1"") AS ?nobelPrizeLabel) (COUNT(DISTINCT ?winner) AS ?winners) (COALESCE(?genderLabel_, ""N/A""@en) AS ?genderLabel) WHERE {
?nobelPrize wdt:P361 wd:Q7191.
?winner p:P166 [
ps:P166 ?nobelPrize;
pq:P585 ?date
].
OPTIONAL { ?winner wdt:P21 ?gender. } # optional because organizations can win the Peace Prize
SERVICE wikibase:label {
bd:serviceParam wikibase:language ""[AUTO_LANGUAGE],en"".
?nobelPrize rdfs:label ?nobelPrizeLabel_.
?gender rdfs:label ?genderLabel_.
}
}
GROUP BY ?nobelPrizeLabel_ ?genderLabel_",True,True,1.0,1,4
379,complex,List artists who died in concentration camps during World War II.,"PREFIX bd: <http://www.bigdata.com/rdf#>
PREFIX wd: <http://www.wikidata.org/entity/>
PREFIX wdt: <http://www.wikidata.org/prop/direct/>
PREFIX wikibase: <http://wikiba.se/ontology#>

SELECT DISTINCT ?item ?itemLabel ?itemDescription ?placediedLabel ?placedied WHERE {
{ ?item wdt: wd:Q1792450.} UNION { ?item wdt: wd:Q1007870. } UNION { ?item wdt: wd:Q173950.} UNION { ?item wdt: wd:Q328376.} UNION { ?item wdt: wd:Q10732476.} UNION { ?item wdt: wd:Q446966.} UNION { ?item wdt: wd:.} UNION { ?item wdt: wd:.}
SERVICE wikibase:label { bd:serviceParam wikibase:language ""en"" }
?item wdt: ?placedied.
{ ?placedied wdt: wd:.} UNION { ?placedied wdt: wd:. } UNION { ?placedied wdt: wd:.} UNION { ?placedied wdt: wd:.} UNION { ?placedied wdt: wd:.}
# FILTER (YEAR(?birth) = 1860 && YEAR(?birth) <= 1990)
}
LIMIT 300",True,True,0.0,12,4
380,complex,"List databases with a SPARQL endpoint, ranked by the number of IDs known to Wikidata.","PREFIX bd: <http://www.bigdata.com/rdf#>
PREFIX wdt: <http://www.wikidata.org/prop/direct/>
PREFIX wikibase: <http://wikiba.se/ontology#>

SELECT ?service ?serviceLabel ?property ?propertyLabel ?endpoint (COUNT(?id) AS ?ids_count) {
?service wdt: ?endpoint ;
wdt:P1629 ?property .
?property wikibase:directClaim ?prop .
?entity ?prop ?id .
SERVICE wikibase:label { bd:serviceParam wikibase:language ""[AUTO_LANGUAGE],en"". }
}
GROUP BY ?service ?serviceLabel ?property ?propertyLabel ?endpoint
ORDER BY DESC(?ids_count)",True,True,1.0,0,2
381,complex,How many French words are linked to a single dictionary?,"PREFIX dct: <http://purl.org/dc/terms/>
PREFIX wd: <http://www.wikidata.org/entity/>
PREFIX wdt: <http://www.wikidata.org/prop/direct/>

SELECT (COUNT(DISTINCT ?lexeme) AS ?lexeme_count) ?dictionaries_count (SAMPLE(?lexeme) AS ?sample) {
SELECT ?lexeme (COUNT(DISTINCT ?wdt) AS ?dictionaries_count) {
?lexeme dct:language wd:Q150 .
OPTIONAL {
?lexeme ?wdt [] .
VALUES ?wdt { wdt:P7722 wdt:P7724 wdt:P7732 wdt:P7766 wdt:P10338 wdt:P11118 }
}
}
GROUP BY ?lexeme
}
GROUP BY ?dictionaries_count
ORDER BY ?dictionaries_count",True,True,0.6154,1,6
382,complex,List all open-source research software categorized by field.,"PREFIX bd: <http://www.bigdata.com/rdf#>
PREFIX wd: <http://www.wikidata.org/entity/>
PREFIX wdt: <http://www.wikidata.org/prop/direct/>
PREFIX wikibase: <http://wikiba.se/ontology#>

SELECT ?software ?softwareLabel ?field ?fieldLabel {
{ ?software wdt:P31/wdt:P279* wd:Q5500964. }
UNION
{ ?software wdt:P275/wdt:P279* wd:Q1156659. }
?software wdt:P101|wdt:P136|wdt:P366 ?field.
SERVICE wikibase:label { bd:serviceParam wikibase:language ""[AUTO_LANGUAGE],en"". }
}",True,False,0.0,2,6
383,complex,"List people who died in 2018, ranked by the number of Wikipedia pages they are mentioned on.","PREFIX bd: <http://www.bigdata.com/rdf#>
PREFIX xsd: <http://www.w3.org/2001/XMLSchema#>
PREFIX wd: <http://www.wikidata.org/entity/>
PREFIX wdt: <http://www.wikidata.org/prop/direct/>
PREFIX wikibase: <http://wikiba.se/ontology#>

SELECT ?person ?personLabel ?died ?sitelinks
WITH {
SELECT *
WHERE {
?person wdt:P31 wd:Q5;
wdt: ?died.
FILTER (?died >= ""2018-01-01T00:00:00Z""^^xsd:dateTime && ?died < ""2019-01-01T00:00:00Z""^^xsd:dateTime)
?person wikibase:sitelinks ?sitelinks.
}
ORDER BY desc(?sitelinks)
LIMIT 100
} AS %i
WHERE {
INCLUDE %i
SERVICE wikibase:label { bd:serviceParam wikibase:language ""[AUTO_LANGUAGE],en"" . }
}
ORDER BY desc(?sitelinks)",True,True,0.0,1,2
384,complex,List all individuals born in Wales who have held the position of head of government.,"PREFIX bd: <http://www.bigdata.com/rdf#>
PREFIX hint: <http://www.bigdata.com/queryHints#>
PREFIX wd: <http://www.wikidata.org/entity/>
PREFIX wdt: <http://www.wikidata.org/prop/direct/>
PREFIX wikibase: <http://wikiba.se/ontology#>

SELECT DISTINCT ?item ?itemLabel ?dob ?post ?postLabel ?birthplace ?birthplaceLabel
WHERE {
hint:Query hint:optimizer ""None"".
?post wdt:* wd: .
?item wdt: ?post .
?item wdt: ?birthplace .
?birthplace wdt:/(wdt:?)/(wdt:?)/(wdt:?) wd: .
OPTIONAL {?item wdt: ?dob}
SERVICE wikibase:label { bd:serviceParam wikibase:language ""[AUTO_LANGUAGE],en"". }
} ORDER BY ?postLabel ?dob ?itemLabel",True,True,1.0,2,5
385,complex,What are the properties that connect a church to its patron saint?,"PREFIX bd: <http://www.bigdata.com/rdf#>
PREFIX wd: <http://www.wikidata.org/entity/>
PREFIX wdt: <http://www.wikidata.org/prop/direct/>
PREFIX wikibase: <http://wikiba.se/ontology#>

SELECT ?propertyItem ?propertyItemLabel (COUNT(?item) AS ?compte ) WHERE {
?item wdt:P31 wd:Q16970 ;
?prop ?saint .
?saint wdt:P411 wd:Q43115 .
?propertyItem wikibase:directClaim ?prop . #necessaire pour recuperer le label
SERVICE wikibase:label { bd:serviceParam wikibase:language ""[AUTO_LANGUAGE],en"". }
}
GROUP BY ?propertyItem ?propertyItemLabel",True,True,0.0,2,2
386,complex,What are the longest rivers in France that do not have a department named after them?,"PREFIX bd: <http://www.bigdata.com/rdf#>
PREFIX wd: <http://www.wikidata.org/entity/>
PREFIX wdt: <http://www.wikidata.org/prop/direct/>
PREFIX wikibase: <http://wikiba.se/ontology#>

SELECT ?river ?riverLabel ?length ?continent ?continentLabel WITH {
SELECT DISTINCT ?river ?length {
?river wdt:P31 wd:Q4022 ; wdt:P17 wd:Q142 ; wdt:P2043 ?length .
FILTER NOT EXISTS { ?department wdt:P31/wdt:P279* wd:Q6465 ; wdt:P138 ?river }
}
ORDER BY DESC(?length)
LIMIT 10
} AS %i WHERE {
INCLUDE %i
OPTIONAL { ?river wdt:P4614/wdt:P30 ?continent }
SERVICE wikibase:label { bd:serviceParam wikibase:language ""fr"" }
}
ORDER BY DESC(?length)",True,True,1.0,3,7
387,complex,List all biological pathways with their corresponding protein structures in the PDB database.,"PREFIX bd: <http://www.bigdata.com/rdf#>
PREFIX wd: <http://www.wikidata.org/entity/>
PREFIX wdt: <http://www.wikidata.org/prop/direct/>
PREFIX wikibase: <http://wikiba.se/ontology#>

SELECT ?pathway ?pathwayLabel ?WikiPathways ?Reactome (COUNT(DISTINCT ?protein) as ?count) WHERE {
VALUES ?pathwayType { wd:Q4915012 wd:Q2996394 }
?pathway wdt:P31 ?pathwayType .
{ ?pathway wdt:P527/wdt:P688 ?protein . } UNION { ?pathway wdt:P527 ?protein . }
?protein wdt:P638 ?PDBID .
OPTIONAL { ?pathway wdt:P2410 ?WikiPathways }
OPTIONAL { ?pathway wdt:P3937 ?Reactome }
SERVICE wikibase:label { bd:serviceParam wikibase:language ""[AUTO_LANGUAGE],en"". }
} GROUP BY ?pathway ?pathwayLabel ?WikiPathways ?Reactome
ORDER BY DESC(?count)",True,False,0.0,2,6
388,complex,List the properties used in instances of public libraries along with their frequency.,"PREFIX bd: <http://www.bigdata.com/rdf#>
PREFIX wd: <http://www.wikidata.org/entity/>
PREFIX wdt: <http://www.wikidata.org/prop/direct/>
PREFIX wikibase: <http://wikiba.se/ontology#>

SELECT
?property
?propertyLabel
?count
WITH {
SELECT DISTINCT ?item {
?item wdt:P31/wdt:P279* wd:Q28564.
}
} AS %0
WITH {
SELECT ?predicate (COUNT(*) AS ?count) {
INCLUDE %0.
?item ?predicate [].
}
GROUP BY ?predicate
} AS %1
WITH {
SELECT ?predicate ?property {
INCLUDE %1.
?property wikibase:claim ?predicate.
}
} AS %2
{
INCLUDE %1.
INCLUDE %2.
SERVICE wikibase:label {bd:serviceParam wikibase:language ""[AUTO_LANGUAGE]""}.
}
ORDER BY DESC(?count)",True,True,1.0,1,2
389,complex,What scenes are depicted in Mediterranean Scenes drawings?,"PREFIX bd: <http://www.bigdata.com/rdf#>
PREFIX xsd: <http://www.w3.org/2001/XMLSchema#>
PREFIX p: <http://www.wikidata.org/prop/>
PREFIX pq: <http://www.wikidata.org/prop/qualifier/>
PREFIX ps: <http://www.wikidata.org/prop/statement/>
PREFIX wd: <http://www.wikidata.org/entity/>
PREFIX wdt: <http://www.wikidata.org/prop/direct/>
PREFIX wikibase: <http://wikiba.se/ontology#>

SELECT ?work ?workLabel ?page ?place ?placeLabel (URI(CONCAT(""http://www.geonames.org/"",?geoname)) AS ?geoname_url) ?coords WHERE { ?work p:P361 [ps:P361 wd:Q54854779; pq:P304 ?page].
OPTIONAL {?work wdt:P180 ?place
OPTIONAL {?place wdt:P1566 ?geoname}
OPTIONAL {?place wdt:P625 ?coords}
}
SERVICE wikibase:label { bd:serviceParam wikibase:language ""en"" }
} ORDER by xsd:integer(?page)",True,True,1.0,1,5
390,complex,List all stages of the Tour de France.,"PREFIX rdfs: <http://www.w3.org/2000/01/rdf-schema#>
PREFIX wd: <http://www.wikidata.org/entity/>
PREFIX wdt: <http://www.wikidata.org/prop/direct/>

SELECT * WHERE {
?tour wdt:P31 wd:Q33881;
rdfs:label ?tourLabel.
FILTER(LANG(?tourLabel) = ""[AUTO_LANGUAGE]"" )
?item wdt:P361 ?tour;
rdfs:label ?itemLabel.
FILTER((LANG(?itemLabel)) = ""[AUTO_LANGUAGE]"")
?item wdt:P1427 ?depart.
?depart rdfs:label ?departLabel.
FILTER((LANG(?departLabel)) = ""[AUTO_LANGUAGE]"")
?item wdt:P1444 ?arrivee.
?arrivee rdfs:label ?arriveeLabel.
FILTER((LANG(?arriveeLabel)) = ""[AUTO_LANGUAGE]"" )
?item wdt:P585 ?date.
}
ORDER BY ?date",True,True,1.0,1,5
391,complex,List the most populous first-level country subdivisions without a legislative body.,"PREFIX bd: <http://www.bigdata.com/rdf#>
PREFIX p: <http://www.wikidata.org/prop/>
PREFIX psv: <http://www.wikidata.org/prop/statement/value/>
PREFIX wd: <http://www.wikidata.org/entity/>
PREFIX wdt: <http://www.wikidata.org/prop/direct/>
PREFIX wikibase: <http://wikiba.se/ontology#>

SELECT DISTINCT ?item ?itemLabel ?countryLabel ?area ?population
WHERE
{
?item wdt:P31/wdt:P279* wd:Q10864048 ; # first-level subdivision
wdt: ?country ; # country
p:/psv: [ # area
wikibase:quantityAmount ?baseArea;
wikibase:quantityUnit [
p:/psv: [
wikibase:quantityAmount ?unitArea;
wikibase:quantityUnit wd:Q25343
]
]
] ;
wdt: ?population . # population
BIND(ROUND(?baseArea * ?unitArea / 1000000) AS ?area) .
FILTER NOT EXISTS { ?item wdt: [] } # without legislature
FILTER NOT EXISTS { ?item wdt: [] } # filter dissolved subdivisions
FILTER NOT EXISTS { ?country wdt: [] } # filter dissolved countries
SERVICE wikibase:label { bd:serviceParam wikibase:language ""[AUTO_LANGUAGE],en"". }
}
ORDER BY DESC(?population)
LIMIT 500",True,True,0.0,2,8
392,complex,List the types of properties with their frequency and an example property for each type.,"PREFIX rdfs: <http://www.w3.org/2000/01/rdf-schema#>
PREFIX wikibase: <http://wikiba.se/ontology#>

SELECT ?type (COUNT(?property) AS ?count) (SAMPLE(?property) AS ?example) (SAMPLE(?label) AS ?exampleLabel) WHERE {
?property wikibase:propertyType ?type .
?property rdfs:label ?label .
FILTER(LANG(?label)=""en"") .
} GROUP BY ?type ORDER BY DESC(?count)",True,True,0.4894,0,0
393,complex,List song titles that are also female given names.,"PREFIX hint: <http://www.bigdata.com/queryHints#>
PREFIX wd: <http://www.wikidata.org/entity/>
PREFIX wdt: <http://www.wikidata.org/prop/direct/>

SELECT ?song ?female_name ?title (LANG(?title) AS ?title_language) ?note
WITH
{
SELECT DISTINCT ?song ?title
{
?song wdt:P31 / wdt:P279 * wd:Q105543609 .
?song wdt:P1476 ?title .
}
} AS %songs
{
{
INCLUDE %songs
?female_name wdt:P1705 ?title .
?female_name wdt:P31 wd:Q11879590 .
}
UNION
{
INCLUDE %songs
FILTER (LANG(?title) != ""mul"")
BIND (STRLANG(STR(?title), ""mul"") AS ?title_mul)
?female_name wdt:P1705 ?title_mul .
?female_name wdt:P31 wd:Q11879590 . hint:Prior hint:runLast true.
BIND (""match one to multiple"" AS ?note)
}
}",True,True,1.0,2,4
394,complex,List all external identifiers from Wikidata.,"PREFIX bd: <http://www.bigdata.com/rdf#>
PREFIX xsd: <http://www.w3.org/2001/XMLSchema#>
PREFIX wikibase: <http://wikiba.se/ontology#>

SELECT ?id ?idLabel ?idDescription ?new{
?id wikibase:directClaim ?pid .
?id wikibase:propertyType wikibase:ExternalId .
BIND(Replace(STR(?id),""http://www.wikidata.org/entity/P"","" "") as ?new)
SERVICE wikibase:label { bd:serviceParam wikibase:language ""en,sv"". }
}
ORDER BY DESC(xsd:integer(?new))",True,False,0.0,0,0
395,complex,List mathematicians born in years that are prime numbers.,"PREFIX bd: <http://www.bigdata.com/rdf#>
PREFIX wd: <http://www.wikidata.org/entity/>
PREFIX wdt: <http://www.wikidata.org/prop/direct/>
PREFIX wikibase: <http://wikiba.se/ontology#>

SELECT ?item ?itemLabel ?bdate
WITH {
SELECT (GROUP_CONCAT(?num; separator=""|"") AS ?primes) { ?prime wdt:P31 wd:Q49008 ; wdt:P1181 ?num FILTER(?num < 2021) }
} AS %primes
{
INCLUDE %primes
?item wdt:P106 wd:Q170790 .
?item wdt:P569 ?bdate FILTER(REGEX(STR(?bdate), CONCAT(""^("", ?primes, "")-""))) .
?item wikibase:sitelinks ?sitelinks .
SERVICE wikibase:label { bd:serviceParam wikibase:language ""[AUTO_LANGUAGE],en"". }
} ORDER BY DESC(?sitelinks)",True,True,1.0,2,4
396,complex,"Show me the relationships between Elsa Lanchester, Charles Laughton, and other notable individuals.","PREFIX bd: <http://www.bigdata.com/rdf#>
PREFIX wd: <http://www.wikidata.org/entity/>
PREFIX wdt: <http://www.wikidata.org/prop/direct/>
PREFIX wikibase: <http://wikiba.se/ontology#>

SELECT ?item1 ?image ?item1Label ?item2 ?image2 ?item2Label ?edgeLabel
WITH { SELECT ?item1 WHERE {
VALUES ?item1 {wd:Q233009 wd:Q55264 wd:Q18527930 wd:Q61412 wd:Q9061 wd:Q1170115 wd:Q1453055 wd:Q5541515 wd:Q5729524 wd:Q1138080 wd: wd: wd:}
} } AS %item1
WITH {SELECT (?item1 AS ?item2) WHERE {INCLUDE %item1} } AS %item2
WHERE {
INCLUDE %item1.
INCLUDE %item2.
?item1 ?prop ?item2.
?edge wikibase:directClaim ?prop ; a wikibase:Property
OPTIONAL {?item1 wdt: ?image}
OPTIONAL {?item2 wdt: ?image2}
SERVICE wikibase:label { bd:serviceParam wikibase:language ""[AUTO_LANGUAGE],en"" }
}",True,True,0.5714,13,1
397,complex,Find PubMed references related to renal cell carcinoma variants.,"PREFIX bd: <http://www.bigdata.com/rdf#>
PREFIX prov: <http://www.w3.org/ns/prov#>
PREFIX pr: <http://www.wikidata.org/prop/reference/>
PREFIX wd: <http://www.wikidata.org/entity/>
PREFIX wdt: <http://www.wikidata.org/prop/direct/>
PREFIX wikibase: <http://wikiba.se/ontology#>

SELECT DISTINCT ?reference ?referenceLabel ?pmid
WHERE
{
?item wdt: ?civicId ;
?property ?object .
?object prov:wasDerivedFrom ?provenance .
?provenance pr: ?reference .
?reference wdt: wd: ;
wdt: ?pmid .
SERVICE wikibase:label { bd:serviceParam wikibase:language ""[AUTO_LANGUAGE],en"" }
}",True,True,1.0,1,4
398,complex,What are the official songs of each U.S. state?,"PREFIX bd: <http://www.bigdata.com/rdf#>
PREFIX p: <http://www.wikidata.org/prop/>
PREFIX pq: <http://www.wikidata.org/prop/qualifier/>
PREFIX ps: <http://www.wikidata.org/prop/statement/>
PREFIX wdt: <http://www.wikidata.org/prop/direct/>
PREFIX wikibase: <http://wikiba.se/ontology#>

SELECT ?item ?itemLabel ?value (COALESCE(?song,?st) as ?song_) ?songLabel ?roleLabel ?adopted ?ended ?composer ?composerLabel
{
?item wdt:P5086 ?value .
OPTIONAL {
?item p:P85 ?st .
OPTIONAL { ?st ps:P85 ?song
OPTIONAL { ?song wdt:P86 ?composer }
}
OPTIONAL { ?st pq:P3831 ?role }
OPTIONAL { ?st pq:P580 ?adopted }
OPTIONAL { ?st pq:P582 ?ended }
}
SERVICE wikibase:label { bd:serviceParam wikibase:language ""en,en"" }
}
ORDER BY ?itemLabel ?adopted",True,True,1.0,0,6
399,complex,What are the most common last names among humans?,"PREFIX bd: <http://www.bigdata.com/rdf#>
PREFIX wd: <http://www.wikidata.org/entity/>
PREFIX wdt: <http://www.wikidata.org/prop/direct/>
PREFIX wikibase: <http://wikiba.se/ontology#>

SELECT ?surname ?surnameLabel ?count WHERE {
{
SELECT ?surname (COUNT(?person) AS ?count) WHERE {
?person wdt:P31 wd:Q5.
?person wdt:P734 ?surname.
}
GROUP BY ?surname
}
SERVICE wikibase:label { bd:serviceParam wikibase:language ""en"". }
}
ORDER BY DESC(?count)
LIMIT 100",True,False,0.0,1,2
400,complex,"List all Basque people with known birthplaces on Wikipedia, grouped by the century they died in.","PREFIX bd: <http://www.bigdata.com/rdf#>
PREFIX p: <http://www.wikidata.org/prop/>
PREFIX psv: <http://www.wikidata.org/prop/statement/value/>
PREFIX wd: <http://www.wikidata.org/entity/>
PREFIX wdt: <http://www.wikidata.org/prop/direct/>
PREFIX wikibase: <http://wikiba.se/ontology#>

SELECT DISTINCT ?gizaki ?gizakiLabel ?jaiolekuaLabel ?heriotzalekuaLabel ?year ?layer ?data (CONCAT(STR(?year), ""-01-01 00:00:00"") as ?concat) ?lat ?lon ?lat2 ?lon2 WHERE {
SERVICE wikibase:label { bd:serviceParam wikibase:language ""[AUTO_LANGUAGE],en"". }
?gizaki wdt:P31 wd:Q5;
(wdt:P19/(wdt:P131*)/^wdt:P527) wd:Q47588.
?gizaki wdt:P19 ?jaiolekua.
?jaiolekua p:P625 ?koordenatuak.
?koordenatuak psv:P625 ?koord.
?koord wikibase:geoLatitude ?lat.
?koord wikibase:geoLongitude ?lon.
?gizaki wdt:P570 ?data.
BIND(YEAR(?data) as ?year).
BIND(FLOOR((?year-1)/100)+1 AS ?mende).
BIND(?mende as ?layer)
?gizaki wdt:P20 ?heriotzalekua.
?heriotzalekua p:P625 ?koordenatuak2.
?koordenatuak2 psv:P625 ?koord2.
?koord2 wikibase:geoLatitude ?lat2.
?koord2 wikibase:geoLongitude ?lon2.
}",True,True,1.0,2,7
401,complex,What are the top companies by revenue in USD?,"PREFIX bd: <http://www.bigdata.com/rdf#>
PREFIX rdfs: <http://www.w3.org/2000/01/rdf-schema#>
PREFIX p: <http://www.wikidata.org/prop/>
PREFIX pq: <http://www.wikidata.org/prop/qualifier/>
PREFIX psv: <http://www.wikidata.org/prop/statement/value/>
PREFIX wd: <http://www.wikidata.org/entity/>
PREFIX wdt: <http://www.wikidata.org/prop/direct/>
PREFIX wikibase: <http://wikiba.se/ontology#>

SELECT ?item ?itemLabel (GROUP_CONCAT(DISTINCT ?counLabel; SEPARATOR="", "") AS ?country) (GROUP_CONCAT(DISTINCT ?hqLabel; SEPARATOR="", "") AS ?headquarters) ?revenue ?revenue_USD ?unitLabel ?date
WHERE {
?item wdt:P31 wd:Q4830453.
?item p:P2139 ?statement.
OPTIONAL { ?item wdt:P159 ?hq. }
OPTIONAL { ?item wdt:P17 ?coun. }
?statement wikibase:rank ?rank.
OPTIONAL {
?item p:P2139 ?statement1.
?statement1 wikibase:rank wikibase:PreferredRank.
FILTER(?rank != wikibase:PreferredRank)
FILTER(?statement1 != ?statement)
}
OPTIONAL { ?statement pq:P585 ?date. }
{
?statement psv:P2139 _:b9.
_:b9 wikibase:quantityAmount ?revenue.
_:b9 wikibase:quantityUnit wd:Q4917.
BIND(wd:Q4917 AS ?unit)
BIND(?revenue AS ?revenue_USD)
}
UNION
{
?statement psv:P2139 _:b10.
_:b10 wikibase:quantityAmount ?revenue.
_:b10 wikibase:quantityUnit ?unit.
?unit p:P2284 ?unit_statement.
?unit_statement wikibase:rank ?unit_rank.
?unit_statement psv:P2284 _:b11.
_:b11 wikibase:quantityUnit wd:Q4917.
_:b11 wikibase:quantityAmount ?usd.
OPTIONAL {
?unit p:P2284 ?unit_statement1.
?unit_statement1 (psv:P2284/wikibase:quantityUnit) wd:Q4917.
?unit_statement1 wikibase:rank wikibase:PreferredRank.
FILTER(?unit_rank != wikibase:PreferredRank)
FILTER(?unit_statement1 != ?unit_statement)
}
BIND(?revenue * ?usd AS ?revenue_USD)
FILTER(?unit != wd:Q4917)
FILTER(?unit_rank != wikibase:DeprecatedRank)
FILTER(!BOUND(?unit_statement1))
}
SERVICE wikibase:label {
bd:serviceParam wikibase:language ""en"" .
?item rdfs:label ?itemLabel .
?coun rdfs:label ?counLabel .
?hq rdfs:label ?hqLabel .
?unit rdfs:label ?unitLabel .
}
FILTER(?rank != wikibase:DeprecatedRank)
FILTER(!BOUND(?statement1))
}
GROUP BY ?item ?itemLabel ?revenue ?revenue_USD ?unitLabel ?date
ORDER BY DESC(?revenue_USD)
LIMIT 15",True,True,0.0,2,6
402,complex,What are the most gender-imbalanced occupations in the US?,"PREFIX bd: <http://www.bigdata.com/rdf#>
PREFIX p: <http://www.wikidata.org/prop/>
PREFIX ps: <http://www.wikidata.org/prop/statement/>
PREFIX wd: <http://www.wikidata.org/entity/>
PREFIX wdt: <http://www.wikidata.org/prop/direct/>
PREFIX wikibase: <http://wikiba.se/ontology#>

SELECT ?occupationLabel ?women ?men WITH {
SELECT ?occupation (SUM(?woman) AS ?women) (SUM(?man) AS ?men) WHERE {
BIND(wd:Q30 AS ?country). # substitute country of your choice here (remove the Q30, hit Ctrl+Space and start typing the country name, select the right one from the suggestions with the arrow keys and insert it with Enter)
?person wdt:P31 wd:Q5;
wdt:P27 ?country; # remove this to search world-wide - results in query timeout unless you reduce the dataset in some other fashion
p:P106/ps:P106 ?occupation.
{ ?person wdt:P21 wd:Q6581097. BIND(1 AS ?man). } UNION
{ ?person wdt:P21 wd:Q2449503. BIND(1 AS ?man). } UNION
{ ?person wdt:P21 wd:Q6581072. BIND(1 AS ?woman). } UNION
{ ?person wdt:P21 wd:Q1052281. BIND(1 AS ?woman). }
# TODO consider how to count P21: Q48270 (genderqueer) and Q1097630 (intersex)
}
GROUP BY ?occupation
} AS %results WHERE {
INCLUDE %results. # subquery as optimization: don't make the label service fetch labels for every ?person in the subquery
SERVICE wikibase:label { bd:serviceParam wikibase:language ""en"". }
}
ORDER BY
# divide ?variable+1 instead of ?variable to avoid division by zero
# (unfortunately, we can't use ABS(LOG(x/y)) instead of the IF() because SPARQL has no LOG function)
DESC(IF(?women > ?men, (?women+1)/(?men+1), (?men+1)/(?women+1)))
# if the ratio is the same, show results with more people in total first
DESC(?women+?men)",True,False,0.0,6,4
403,complex,"List all artworks from the Musée Saint-Raymond in Toulouse, France.","PREFIX bd: <http://www.bigdata.com/rdf#>
PREFIX wd: <http://www.wikidata.org/entity/>
PREFIX wdt: <http://www.wikidata.org/prop/direct/>
PREFIX wikibase: <http://wikiba.se/ontology#>

SELECT ?item ?itemLabel ?instanceLabel ?NumInventaire (CONCAT(""http://www.culture.gouv.fr/public/mistral/joconde_fr?ACTION=CHERCHER&FIELD_1=REF&VALUE_1="",?IDJoconde) as ?Joconde) ?image
WHERE {
?item wdt:P195 wd:Q1376 . # Item ayant en collection (P195) le musee Saint-Raymond (Q1376)
?item wdt:P31 ?instance . # Nature de l'item (P31)
{SELECT ?item (GROUP_CONCAT(DISTINCT ?inv; separator="";"") as ?NumInventaire) # Numeros d'inventaire (P214)
WHERE {?item wdt:P217 ?inv .
}GROUP BY ?item}
OPTIONAL{?item wdt:P347 ?IDJoconde.} # Identifiant Joconde
OPTIONAL{SELECT ?item (SAMPLE(?img) AS ?image) # Fichier image sur Wikimedia Commons (P18)
WHERE {?item wdt:P18 ?img .
}GROUP BY ?item}
SERVICE wikibase:label {bd:serviceParam wikibase:language ""fr""}
}ORDER BY ?item",True,False,0.0,1,5
404,complex,What is the count of Twitter IDs versus Facebook IDs for non-human entities?,"PREFIX bd: <http://www.bigdata.com/rdf#>
PREFIX wd: <http://www.wikidata.org/entity/>
PREFIX wdt: <http://www.wikidata.org/prop/direct/>
PREFIX wikibase: <http://wikiba.se/ontology#>

SELECT ?type ?typeLabel ((COUNT(?tw)) AS ?twitter) (COUNT(?fb) AS ?facebook) WHERE {
{?t wdt:P2002 ?tw} UNION {?t wdt:P2013 ?fb}
?t wdt:P31 ?type.
FILTER (?type != wd:Q5)
SERVICE wikibase:label { bd:serviceParam wikibase:language ""[AUTO_LANGUAGE],en"" }
} GROUP BY ?type ?typeLabel
ORDER BY DESC(?twitter)
LIMIT 80",True,False,0.0,1,3
405,complex,Show me a map of people buried at Norra Begravningsplatsen cemetery.,"PREFIX bd: <http://www.bigdata.com/rdf#>
PREFIX schema: <http://schema.org/>
PREFIX p: <http://www.wikidata.org/prop/>
PREFIX pq: <http://www.wikidata.org/prop/qualifier/>
PREFIX wd: <http://www.wikidata.org/entity/>
PREFIX wdt: <http://www.wikidata.org/prop/direct/>
PREFIX wikibase: <http://wikiba.se/ontology#>

select distinct ?groupLabel (?groupLabel as ?layer) ?article ?person ?personLabel ?personDescription ?graveplot ?coord ?pic ?picGrave ?WikiTree ?FindAGrave{
{
?person wdt:P119 wd:Q252312; #Place of burial
p:P119 [
pq:P965 ?graveplot;
pq:P625 ?coord].
OPTIONAL { ?person wdt:P2949 ?WikiTreeID .} # If we have a WikiTree profile
OPTIONAL { ?person wdt:P535 ?FindAGraveID .} # If we have a FindAGrave ID
OPTIONAL{ ?person wdt:P1442 ?pic .} # If we have an illustration
OPTIONAL{ ?person wdt:P1442 ?picGrave .} # If we have a picture of the grave
BIND (URI(CONCAT(""http://www.findagrave.com/cgi-bin/fg.cgi?page=gr&df=all&GRid="",?FindAGraveID)) AS ?FindAGrave)
BIND (URI(CONCAT(""http://www.wikitree.com/wiki"",?WikiTreeID)) AS ?WikiTree)
OPTIONAL {
?article schema:about ?person .
?article schema:inLanguage ""en"" .
?article schema:isPartOf <https://sv.wikipedia.org/> .
}
OPTIONAL {
?article schema:about ?person .
?article schema:inLanguage ""sv"" .
?article schema:isPartOf <https://sv.wikipedia.org/> .
}
OPTIONAL { ?person wdt:P106 ?group .} # Occupation in Layer
}
SERVICE wikibase:label { bd:serviceParam wikibase:language ""en"",""sv""}
}
Order by ?personLabel",True,True,0.0,1,8
406,complex,"Show me a map of sports teams, categorized by sport.","PREFIX bd: <http://www.bigdata.com/rdf#>
PREFIX rdfs: <http://www.w3.org/2000/01/rdf-schema#>
PREFIX wd: <http://www.wikidata.org/entity/>
PREFIX wdt: <http://www.wikidata.org/prop/direct/>
PREFIX wikibase: <http://wikiba.se/ontology#>

SELECT DISTINCT ?team ?teamLabel ?location ?layer
WHERE
{
{
# select only ""popular"" sports (to keep the number of layers reasonable)
SELECT ?sport
WHERE
{
# see below
VALUES ?clubTeam { wd:Q847017 wd:Q12973014 }
?team wdt:P31/wdt:P279* ?clubTeam;
wdt:P115 [ wdt:P625 ?location ];
wdt:P641 ?sport.
}
GROUP BY ?sport
HAVING(COUNT(DISTINCT ?team) >= 5) # only sports played by at least five teams
}
VALUES ?clubTeam { wd:Q847017 wd:Q12973014 } # sports club or sports team
?team wdt:P31/wdt:P279* ?clubTeam;
wdt:P115 [ wdt:P625 ?location ]; # location via home venue
wdt:P641 ?sport.
SERVICE wikibase:label {
bd:serviceParam wikibase:language ""en"".
?sport rdfs:label ?layer. # (?sportLabel AS ?layer) in SELECT clause doesn't work
}
}",True,False,0.0,2,5
407,complex,List all the Chairs of the US Federal Reserve along with their tenure.,"PREFIX bd: <http://www.bigdata.com/rdf#>
PREFIX p: <http://www.wikidata.org/prop/>
PREFIX pq: <http://www.wikidata.org/prop/qualifier/>
PREFIX ps: <http://www.wikidata.org/prop/statement/>
PREFIX wd: <http://www.wikidata.org/entity/>
PREFIX wdt: <http://www.wikidata.org/prop/direct/>
PREFIX wikibase: <http://wikiba.se/ontology#>

SELECT ?item ?itemLabel ?start ?end ?image ?link ?nominatedLabel WHERE {
?item p:P39 ?s.?s ps:P39 wd:Q2666591.
?s pq:P580 ?start. OPTIONAL {?s pq:P582 ?end}
OPTIONAL {?item wdt:P18 ?image}
OPTIONAL {?item wdt:P1417 ?id}
OPTIONAL {?s pq:P4353 ?nominated}
BIND(IF(BOUND(?id), URI(CONCAT(""https://www.britannica.com/"",?id)) , ?item) AS ?link)
SERVICE wikibase:label { bd:serviceParam wikibase:language ""[AUTO_LANGUAGE],en"". }
} ORDER BY ?start",True,True,1.0,1,6
408,complex,List the numbers from 0 to 20 in alphabetical order.,"PREFIX dct: <http://purl.org/dc/terms/>
PREFIX ontolex: <http://www.w3.org/ns/lemon/ontolex#>
PREFIX wd: <http://www.wikidata.org/entity/>
PREFIX wdt: <http://www.wikidata.org/prop/direct/>
PREFIX wikibase: <http://wikiba.se/ontology#>

SELECT ?value ?lemma {
?number wdt:P31 wd:Q21199 ; wdt:P1181 ?value .
FILTER (?value >= 0 && ?value <= 20) .
?lexeme dct:language wd:Q150 ; wikibase:lemma ?lemma ; ontolex:sense ?sense .
?sense wdt:P5137 ?number .
}
ORDER BY ?lemma",True,True,1.0,2,3
409,complex,List cities situated near multiple rivers.,"PREFIX bd: <http://www.bigdata.com/rdf#>
PREFIX wd: <http://www.wikidata.org/entity/>
PREFIX wdt: <http://www.wikidata.org/prop/direct/>
PREFIX wikibase: <http://wikiba.se/ontology#>

SELECT ?item ?itemLabel (COUNT(DISTINCT ?river) AS ?count) WHERE {
?item wdt:/wdt:* wd:Q486972;
wdt: ?river.
?river wdt:/wdt:* wd:Q355304.
SERVICE wikibase:label { bd:serviceParam wikibase:language ""en"". }
}
GROUP BY ?item ?itemLabel
HAVING(?count > 2)
ORDER BY DESC(?count)",True,True,1.0,2,3
410,complex,List all GLAM institutions in Wales along with their coordinates and types.,"PREFIX bd: <http://www.bigdata.com/rdf#>
PREFIX hint: <http://www.bigdata.com/queryHints#>
PREFIX wd: <http://www.wikidata.org/entity/>
PREFIX wdt: <http://www.wikidata.org/prop/direct/>
PREFIX wikibase: <http://wikiba.se/ontology#>

SELECT DISTINCT ?s ?sLabel ?coor ?layer ?typeLabel ?website ?end ?end1
WHERE {
hint:Query hint:optimizer ""None"" .
?s wdt:P131* wd:Q25 .
{ ?s wdt:P31/wdt:P279* wd:Q33506 }
UNION { ?s wdt:P31/wdt:P279* wd:Q7075 }
UNION { ?s wdt:P31/wdt:P279* wd:Q166118 } .
?s wdt:P625 ?coor .
?s wdt:P31 ?type .
?type wdt:P279* wd:Q1030034 .
OPTIONAL { ?s wdt:P856 ?website . }
OPTIONAL { ?s wdt:P576 ?end . }
OPTIONAL { ?s wdt:P582 ?end1 . }
FILTER NOT EXISTS { ?s wdt:P576 ?end }.
FILTER NOT EXISTS { ?s wdt:P582 ?end1}.
SERVICE wikibase:label { bd:serviceParam wikibase:language ""en"" }
}",True,True,1.0,5,7
411,complex,List people who have received military honors from two different countries.,"PREFIX rdfs: <http://www.w3.org/2000/01/rdf-schema#>
PREFIX wd: <http://www.wikidata.org/entity/>
PREFIX wdt: <http://www.wikidata.org/prop/direct/>

SELECT
?person ?personLabel
(SAMPLE(CONCAT(?award1Label, "" ("", ?country1Label, "")"")) AS ?firstAward)
(SAMPLE(CONCAT(?award2Label, "" ("", ?country2Label, "")"")) AS ?secondAward)
WHERE {
?person wdt:P31 wd:Q5;
wdt:P166 ?award1, ?award2.
wd:Q1788716 ^(wdt:P31|wdt:P279)* ?award1, ?award2.
FILTER(?award1 != ?award2).
?award1 wdt:P17 ?country1.
?award2 wdt:P17 ?country2.
FILTER(?country1 != ?country2).
FILTER((?country1 != wd:Q159 || ?country2 != wd:Q15180) && (?country1 != wd:Q15180 || ?country2 != wd:Q159)).
OPTIONAL { ?person rdfs:label ?personLabel. FILTER(LANG(?personLabel) = ""en""). }
OPTIONAL { ?award1 rdfs:label ?award1Label. FILTER(LANG(?award1Label) = ""en""). }
OPTIONAL { ?award2 rdfs:label ?award2Label. FILTER(LANG(?award2Label) = ""en""). }
OPTIONAL { ?country1 rdfs:label ?country1Label. FILTER(LANG(?country1Label) = ""en""). }
OPTIONAL { ?country2 rdfs:label ?country2Label. FILTER(LANG(?country2Label) = ""en""). }
}
GROUP BY ?person ?personLabel
LIMIT 50",True,False,0.0,4,4
412,complex,What occupations were most common among accused witches in Scotland?,"PREFIX bd: <http://www.bigdata.com/rdf#>
PREFIX wdt: <http://www.wikidata.org/prop/direct/>
PREFIX wikibase: <http://wikiba.se/ontology#>

SELECT ?occupation ?occupationLabel ?count
WHERE
{
{
SELECT ?occupation (COUNT(?person) AS ?count) WHERE {
?person wdt:P4478 ?accused .
?person wdt:P106 ?occupation.
}
GROUP BY ?occupation
}
SERVICE wikibase:label { bd:serviceParam wikibase:language ""[AUTO_LANGUAGE],en"". }
}
ORDER BY DESC(?count)
LIMIT 1000",True,True,1.0,0,2
413,complex,List all economists with a Project Gutenberg ID and their corresponding birth and death years.,"PREFIX bd: <http://www.bigdata.com/rdf#>
PREFIX rdfs: <http://www.w3.org/2000/01/rdf-schema#>
PREFIX schema: <http://schema.org/>
PREFIX wd: <http://www.wikidata.org/entity/>
PREFIX wdt: <http://www.wikidata.org/prop/direct/>
PREFIX wikibase: <http://wikiba.se/ontology#>

SELECT DISTINCT ?person ?name ?birthyear ?deathyear ?enws ?quotes ?commonscat
(URI(CONCAT(""https://www.gutenberg.org/ebooks/author/"", ?gutenberg_id)) AS ?gutenberg)
(URI(CONCAT(""https://doi.org/10.1093/ref:odnb/"", ?odnb)) AS ?odnburl)
(URI(CONCAT(""http://onlinebooks.library.upenn.edu/webbin/book/lookupname?key="", ?books)) AS ?booksurl)
(URI(CONCAT(""https://www.britannica.com/"", ?britannica)) AS ?britannicaurl) ?npg WHERE {
{ ?person wdt:P106 wd:Q188094 }
UNION
{ ?person wdt:P101 wd:Q8134 }
OPTIONAL {?person wdt:P1938 ?gutenberg_id}
OPTIONAL { ?person wdt:P4629 ?books }
OPTIONAL {
?enws schema:about ?person;
schema:isPartOf <https://en.wikisource.org/>
}
FILTER (BOUND(?enws) || BOUND(?gutenberg_id) || BOUND(?books))
OPTIONAL { ?person wdt:P570 ?death }
BIND(YEAR(?death) AS ?deathyear)
OPTIONAL { ?person wdt:P569 ?birth }
BIND(YEAR(?birth) AS ?birthyear)
OPTIONAL { ?person wdt:P1417 ?britannica }
OPTIONAL { ?person wdt:P1816 ?npg }
OPTIONAL { ?person wdt: ?commonscat }
OPTIONAL {
?quote schema:about ?person;
schema:isPartOf <https://en.wikiquote.org/>
}
OPTIONAL { ?person wdt: ?odnb }
SERVICE wikibase:label { bd:serviceParam wikibase:language ""[AUTO_LANGUAGE],en"". ?person rdfs:label ?name }
}
ORDER BY ?deathyear",True,True,0.0,2,10
414,complex,List all the stations in Amsterdam Metro along with their coordinates.,"PREFIX bd: <http://www.bigdata.com/rdf#>
PREFIX geo: <http://www.opengis.net/ont/geosparql#>
PREFIX hint: <http://www.bigdata.com/queryHints#>
PREFIX p: <http://www.wikidata.org/prop/>
PREFIX pq: <http://www.wikidata.org/prop/qualifier/>
PREFIX psv: <http://www.wikidata.org/prop/statement/value/>
PREFIX ps: <http://www.wikidata.org/prop/statement/>
PREFIX wd: <http://www.wikidata.org/entity/>
PREFIX wdt: <http://www.wikidata.org/prop/direct/>
PREFIX wikibase: <http://wikiba.se/ontology#>

SELECT DISTINCT ?coordinates ?line ?station ?stationLabel ?connectLabel ?image ?opening ?rgb
WITH {
SELECT ?station ?coordinates ?image ?lat ?lon ?opening WHERE {
{
SELECT ?station (SAMPLE(?coord_stmt) AS ?coord_stmt) (SAMPLE(?image) AS ?image) (sample(?opening) as ?opening) WHERE {
?station wdt:P31/wdt:P279* wd:Q55488 .
?station wdt:P361 wd:Q260870 .
?station p:P625 ?coord_stmt .
OPTIONAL { ?station wdt:P18 ?image }.
OPTIONAL { ?station wdt:P1619 ?opening }.
} GROUP BY ?station
}
hint:SubQuery hint:optimizer ""None"".
?coord_stmt ps:P625 ?coordinates .
?coord_stmt psv:P625 / wikibase:geoLatitude ?lat .
?coord_stmt psv:P625 / wikibase:geoLongitude ?lon .
}
} AS %stations
WITH {
SELECT (?station AS ?nextstation) (?lat AS ?lat2) (?lon AS ?lon2) WHERE {
INCLUDE %stations
}
} AS %nextstations
WITH {
SELECT ?line ?connect ?rgb WHERE {
INCLUDE %stations .
INCLUDE %nextstations .
?station p:P197 ?nextstationstatement .
?nextstationstatement ps:P197 ?nextstation .
?nextstationstatement pq:P81 ?connect . ?connect wdt:P361 wd:Q260870 .
?connect wdt: ?rgb .
FILTER(STR(?station) < STR(?nextstation)) .
BIND(CONCAT('LINESTRING (', STR(?lon), ' ', STR(?lat), ',', STR(?lon2), ' ', STR(?lat2), ')') AS ?str) .
BIND(STRDT(?str, geo:wktLiteral) AS ?line)
}
} AS %lines
WHERE {
{ INCLUDE %stations } UNION { INCLUDE %lines } .
SERVICE wikibase:label { bd:serviceParam wikibase:language ""[AUTO_LANGUAGE],en"". }
}",True,True,1.0,2,9
415,complex,List all the materials used in paintings along with their labels.,"PREFIX bd: <http://www.bigdata.com/rdf#>
PREFIX p: <http://www.wikidata.org/prop/>
PREFIX pq: <http://www.wikidata.org/prop/qualifier/>
PREFIX ps: <http://www.wikidata.org/prop/statement/>
PREFIX wd: <http://www.wikidata.org/entity/>
PREFIX wdt: <http://www.wikidata.org/prop/direct/>
PREFIX wikibase: <http://wikiba.se/ontology#>

SELECT ?material ?materialLabel (COUNT(?painting) AS ?count)
WHERE
{
?painting wdt:/wdt:* wd:;
p:P186 [ ps:P186 ?material; pq:P518 wd: ].
SERVICE wikibase:label { bd:serviceParam wikibase:language ""[AUTO_LANGUAGE]"". }
}
GROUP BY ?material ?materialLabel
ORDER BY DESC(?count)",True,True,1.0,2,4
416,complex,What lakes are near Berlin?,"PREFIX bd: <http://www.bigdata.com/rdf#>
PREFIX wd: <http://www.wikidata.org/entity/>
PREFIX wdt: <http://www.wikidata.org/prop/direct/>
PREFIX wikibase: <http://wikiba.se/ontology#>

SELECT ?placeLabel ?placeDescription ?image ?coord WHERE {
wd:Q64 wdt:P625 ?berlinLoc .
SERVICE wikibase:around {
?place wdt:P625 ?location .
bd:serviceParam wikibase:center ?berlinLoc .
bd:serviceParam wikibase:radius ""10"" .
} .
FILTER EXISTS { ?place wdt:P31/wdt:P279* wd:Q23397 }
OPTIONAL { ?place wdt:P18 ?image.}
SERVICE wikibase:label {
bd:serviceParam wikibase:language ""[AUTO_LANGUAGE],en"" .
}
}",True,True,1.0,2,4
417,complex,List all Wikidata properties in numerical order.,"PREFIX bd: <http://www.bigdata.com/rdf#>
PREFIX xsd: <http://www.w3.org/2001/XMLSchema#>
PREFIX wikibase: <http://wikiba.se/ontology#>

SELECT ?property ?propertyType ?propertyLabel ?propertyDescription WHERE {
?property wikibase:propertyType ?propertyType .
SERVICE wikibase:label { bd:serviceParam wikibase:language ""[AUTO_LANGUAGE],en"". }
} ORDER BY ASC(xsd:integer(STRAFTER(STR(?property), 'P')))",True,True,1.0,0,0
418,complex,Find all National Trust properties in the UK without an official website on Wikidata.,"PREFIX bd: <http://www.bigdata.com/rdf#>
PREFIX wd: <http://www.wikidata.org/entity/>
PREFIX wdt: <http://www.wikidata.org/prop/direct/>
PREFIX wikibase: <http://wikiba.se/ontology#>

SELECT ?park ?parkLabel ?parkDescription (SAMPLE(?image) AS ?image) WHERE {
?park wdt:P127 wd:Q333515.
MINUS {?park wdt:P31/wdt:P279* wd:Q4502142} # Remove artworks
OPTIONAL { ?park wdt:P18 ?image }
MINUS { ?park wdt:P856 [] }
SERVICE wikibase:label { bd:serviceParam wikibase:language ""[AUTO_LANGUAGE],en"" }
} GROUP BY ?park ?parkLabel ?parkDescription
ORDER BY ?parkLabel",True,False,0.0,2,5
419,complex,"Find cathedrals in Paris, France and show their images.","PREFIX bd: <http://www.bigdata.com/rdf#>
PREFIX wd: <http://www.wikidata.org/entity/>
PREFIX wdt: <http://www.wikidata.org/prop/direct/>
PREFIX wikibase: <http://wikiba.se/ontology#>

SELECT DISTINCT ?item ?itemLabel ?image ?coords
WHERE
{
?item wdt:P31/wdt:P279* wd:Q2977 ;
wdt:P17 wd:Q142 ;
wdt:P625 ?coords ;
wdt:P18 ?image .
FILTER NOT EXISTS { ?item wdt:P5816 wd:Q56556915 }
{ ?item wdt: wd:Q90 } UNION
{ ?item wdt:/wdt: wd:Q90 } UNION
{ ?item wdt:/wdt:/wdt: wd:Q90 }
SERVICE wikibase:label { bd:serviceParam wikibase:language ""[AUTO_LANGUAGE],en"". }
}
ORDER BY ?itemLabel",True,True,0.0,4,7
420,complex,List the names of programming languages along with their creation years and images of their inventors.,"PREFIX bd: <http://www.bigdata.com/rdf#>
PREFIX wd: <http://www.wikidata.org/entity/>
PREFIX wdt: <http://www.wikidata.org/prop/direct/>
PREFIX wikibase: <http://wikiba.se/ontology#>

SELECT DISTINCT ?langLabel ?langDate ?humanLabel ?picture WHERE {
?lang (wdt:P31/(wdt:P279*)) wd:Q9143.
?human wdt:P31 wd:Q5;
wdt:P18 ?picture.
{ ?lang wdt:P287 ?human. }
UNION
{ ?lang wdt:P170 ?human. }
UNION
{ ?lang wdt:P943 ?human. }
UNION
{ ?lang wdt:P178 ?human. }
SERVICE wikibase:label { bd:serviceParam wikibase:language ""en"". }
OPTIONAL { ?lang wdt:P571 ?langDate. }
}
LIMIT 25",True,True,0.3913,2,8
421,complex,"What are the professions of people whose works are kept in the Musee de Bretagne, categorized by gender?","PREFIX rdfs: <http://www.w3.org/2000/01/rdf-schema#>
PREFIX wd: <http://www.wikidata.org/entity/>
PREFIX wdt: <http://www.wikidata.org/prop/direct/>

SELECT ?occupation_fr ?rgb (COUNT(DISTINCT ?person) AS ?personCount) WHERE {
?person wdt:P31 wd:Q5;
wdt:P6379 wd:Q3329701 ;
wdt:P106 ?occupation;
wdt:P21 ?gender.
bind( if(?gender=wd:Q6581097,""94D459"",""4B1270"") as ?rgb ) .
OPTIONAL {?occupation rdfs:label ?occupation_fr filter (lang(?occupation_fr) = ""fr"")}.
}
GROUP BY ?occupation_fr ?rgb
ORDER BY DESC(?personCount)",True,True,1.0,3,4
422,complex,What is the average height of male figure skaters in each discipline?,"PREFIX bd: <http://www.bigdata.com/rdf#>
PREFIX p: <http://www.wikidata.org/prop/>
PREFIX psn: <http://www.wikidata.org/prop/statement/value-normalized/>
PREFIX wd: <http://www.wikidata.org/entity/>
PREFIX wdt: <http://www.wikidata.org/prop/direct/>
PREFIX wikibase: <http://wikiba.se/ontology#>

SELECT ?disciplineLabel ?genderLabel (AVG(?height_in_m) AS ?averageheight) (COUNT(?person) AS ?number)
WHERE {
?person wdt:P2416 ?discipline ;
wdt:P641 wd:Q38108 .
?person wdt: ?gender .
?person p:/psn:/wikibase:quantityAmount ?height_in_m .
SERVICE wikibase:label { bd:serviceParam wikibase:language ""[AUTO_LANGUAGE],en"". }
}
GROUP BY ?disciplineLabel ?genderLabel
ORDER BY ?averageheight",True,True,0.0,1,4
423,complex,What materials are used to make the items in the Ashmolean Museum collection?,"PREFIX bd: <http://www.bigdata.com/rdf#>
PREFIX wd: <http://www.wikidata.org/entity/>
PREFIX wdt: <http://www.wikidata.org/prop/direct/>
PREFIX wikibase: <http://wikiba.se/ontology#>

SELECT (SUBSTR(STR(?material), 32) as ?material) ?materialLabel ?materialDescription (COUNT(?item) AS ?count) WHERE {
?item wdt: wd:; wdt: ?material;
wdt:P973 ?url FILTER (STRSTARTS(STR(?url),""http://jameelcentre"") ).
SERVICE wikibase:label { bd:serviceParam wikibase:language ""en"" }
} GROUP BY ?material ?materialLabel ?materialDescription ORDER BY UCASE(?materialLabel)",True,True,0.0,1,3
424,complex,List the occupations of authors who have written scholarly articles.,"PREFIX bd: <http://www.bigdata.com/rdf#>
PREFIX wd: <http://www.wikidata.org/entity/>
PREFIX wdt: <http://www.wikidata.org/prop/direct/>
PREFIX wikibase: <http://wikiba.se/ontology#>

SELECT ?occupationLabel (count(DISTINCT ?author) as ?count)
WHERE
{
?object wdt:P31 wd:Q13442814
; wdt:P50 ?author .
?author wdt:P106 ?occupation .
SERVICE wikibase:label { bd:serviceParam wikibase:language ""en,fr"" }
}
GROUP BY ?occupationLabel
ORDER BY DESC(?count)",True,False,0.0,1,3
425,complex,Show me a map of Indian cities with their sister cities.,"PREFIX bd: <http://www.bigdata.com/rdf#>
PREFIX geo: <http://www.opengis.net/ont/geosparql#>
PREFIX rdfs: <http://www.w3.org/2000/01/rdf-schema#>
PREFIX p: <http://www.wikidata.org/prop/>
PREFIX psv: <http://www.wikidata.org/prop/statement/value/>
PREFIX wd: <http://www.wikidata.org/entity/>
PREFIX wdt: <http://www.wikidata.org/prop/direct/>
PREFIX wikibase: <http://wikiba.se/ontology#>

SELECT DISTINCT ?cds ?line ?item ?itemLabel ?layer
WITH {
SELECT ?item ?cds ?lat1 ?lon1 ?layer WHERE {
?item wdt:P17 wd:Q668; wdt:P625 ?cds ; wdt:P190 [].
?item p:P625/psv:P625/wikibase:geoLatitude ?lat1 .
?item p:P625/psv:P625/wikibase:geoLongitude ?lon1 .
?item rdfs:label ?nl. FILTER(LANG(?nl)=""en"")
BIND(?nl as ?layer)
}
} AS %stations
WITH {
SELECT ?line ?layer WHERE {
INCLUDE %stations .
?item wdt:P190 ?ns.
?item rdfs:label ?nl. FILTER(LANG(?nl)=""en"")
?ns p:P625/psv:P625/wikibase:geoLatitude ?lat2 .
?ns p:P625/psv:P625/wikibase:geoLongitude ?lon2 .
BIND(CONCAT('LINESTRING(', STR(?lon1), ' ', STR(?lat1), ',', STR(?lon2), ' ', STR(?lat2), ')') AS ?str) .
BIND(STRDT(?str, geo:wktLiteral) AS ?line)
BIND(?nl as ?layer)
}
} AS %lines
WHERE {
{ INCLUDE %stations } UNION { INCLUDE %lines } .
SERVICE wikibase:label { bd:serviceParam wikibase:language ""[AUTO_LANGUAGE],en"". }
} #",True,True,1.0,1,3
426,complex,List the number of punk bands from each region in Indonesia.,"PREFIX bd: <http://www.bigdata.com/rdf#>
PREFIX wd: <http://www.wikidata.org/entity/>
PREFIX wdt: <http://www.wikidata.org/prop/direct/>
PREFIX wikibase: <http://wikiba.se/ontology#>

SELECT ?locationLabel (COUNT(?band) AS ?count)
WHERE {
?band wdt:/wdt:* wd:Q25391823 ;
wdt: wd:;
OPTIONAL {
?band wdt: ?website
}
OPTIONAL {
?band wdt: ?location
}
SERVICE wikibase:label {
bd:serviceParam wikibase:language ""en,id"" .
}
}
GROUP BY ?locationLabel",True,True,0.0,2,5
427,complex,List all museums in Barcelona along with their coordinates.,"PREFIX bd: <http://www.bigdata.com/rdf#>
PREFIX hint: <http://www.bigdata.com/queryHints#>
PREFIX rdfs: <http://www.w3.org/2000/01/rdf-schema#>
PREFIX p: <http://www.wikidata.org/prop/>
PREFIX psv: <http://www.wikidata.org/prop/statement/value/>
PREFIX wd: <http://www.wikidata.org/entity/>
PREFIX wdt: <http://www.wikidata.org/prop/direct/>
PREFIX wikibase: <http://wikiba.se/ontology#>

SELECT DISTINCT ?item ?name ?coord ?lat ?lon
WHERE
{
hint:Query hint:optimizer ""None"" .
?item wdt:P131* wd: .
?item wdt:P31/wdt:P279* wd: .
?item wdt:P625 ?coord .
?item p:P625 ?coordinate .
?coordinate psv:P625 ?coordinate_node .
?coordinate_node wikibase:geoLatitude ?lat .
?coordinate_node wikibase:geoLongitude ?lon .
SERVICE wikibase:label {
bd:serviceParam wikibase:language ""ca"" .
?item rdfs:label ?name
}
}
ORDER BY ASC (?name)",True,True,0.0,2,4
428,complex,"List all ancient Greek pottery items stored in Museum St-Raymond, France.","PREFIX bd: <http://www.bigdata.com/rdf#>
PREFIX rdfs: <http://www.w3.org/2000/01/rdf-schema#>
PREFIX wd: <http://www.wikidata.org/entity/>
PREFIX wdt: <http://www.wikidata.org/prop/direct/>
PREFIX wikibase: <http://wikiba.se/ontology#>

SELECT DISTINCT ?item (GROUP_CONCAT(DISTINCT ?naturelb; SEPARATOR = "" ; "") AS ?natureP31) (GROUP_CONCAT(DISTINCT ?no_inv; SEPARATOR = "" ; "") AS ?inv) (SAMPLE(?img) AS ?image) ?itemLabel WHERE {
?item (wdt:P31/wdt:P279*) wd:Q738680.
?item wdt:P31 ?nature.
?nature rdfs:label ?naturelb.
?item wdt:P195 wd:Q1376.
?item wdt: ?no_inv.
OPTIONAL { ?item wdt: ?img. }
SERVICE wikibase:label { bd:serviceParam wikibase:language ""fr"". }
FILTER((LANG(?naturelb)) = ""fr"")
?item wdt: wd:Q11772.
}
GROUP BY ?item ?itemLabel ?img",True,True,0.0,3,6
429,complex,List people who share their birthday with the day their mother passed away.,"PREFIX bd: <http://www.bigdata.com/rdf#>
PREFIX p: <http://www.wikidata.org/prop/>
PREFIX psv: <http://www.wikidata.org/prop/statement/value/>
PREFIX wd: <http://www.wikidata.org/entity/>
PREFIX wdt: <http://www.wikidata.org/prop/direct/>
PREFIX wikibase: <http://wikiba.se/ontology#>

SELECT ?child ?childLabel ?motherLabel ?date ?causeLabel WHERE {
{
SELECT ?child ?mother ?date ?cause WHERE {
?child wdt: wd:;
p:/psv: [ wikibase:timeValue ?date; wikibase:timePrecision 11 ].
?mother wdt: wd:;
p:/psv: [ wikibase:timeValue ?date; wikibase:timePrecision 11 ].
?child wdt: ?mother.
OPTIONAL { ?mother wdt: ?cause. }
}
}
SERVICE wikibase:label { bd:serviceParam wikibase:language ""[AUTO_LANGUAGE],en"". }
}
ORDER BY ?date",True,True,1.0,1,5
430,complex,List all people employed by Coventry University without a UID.,"PREFIX bd: <http://www.bigdata.com/rdf#>
PREFIX wd: <http://www.wikidata.org/entity/>
PREFIX wdt: <http://www.wikidata.org/prop/direct/>
PREFIX wikibase: <http://wikiba.se/ontology#>

SELECT ?item ?itemLabel WHERE {
  ?item wdt:P108 ?employer.
  FILTER(NOT EXISTS {
    ?item ?wdt _:b2.
    ?wdt (^wikibase:directClaim/wdt:P31/(wdt:P279*)) wd:Q19595382.
    SERVICE wikibase:label { bd:serviceParam wikibase:language ""en"". }
  })
  VALUES ?employer {
    wd:Q1138080
  }
}",True,True,0.7,2,3
431,complex,List people who have received economics awards but are not classified as economists.,"PREFIX bd: <http://www.bigdata.com/rdf#>
PREFIX p: <http://www.wikidata.org/prop/>
PREFIX pq: <http://www.wikidata.org/prop/qualifier/>
PREFIX ps: <http://www.wikidata.org/prop/statement/>
PREFIX wd: <http://www.wikidata.org/entity/>
PREFIX wdt: <http://www.wikidata.org/prop/direct/>
PREFIX wikibase: <http://wikiba.se/ontology#>

SELECT DISTINCT ?person ?personLabel ?award ?awardLabel ?year WHERE {
?person p:P166 ?statement.
?statement ps:P166 ?award.
?award wdt:P31 wd:Q17701409
MINUS { ?person wdt:P106 wd:Q188094 }
MINUS{ ?person wdt:P31/wdt:P279? wd:Q15632617 } # exclude fictional people
OPTIONAL { ?statement pq:P585 ?date. BIND(YEAR(?date) AS ?year) }
SERVICE wikibase:label { bd:serviceParam wikibase:language ""[AUTO_LANGUAGE],en"" }
} ORDER BY ASC(?awardLabel) ASC(?year)",True,True,1.0,3,5
432,complex,"List cities with a population of over 1 million where no person in Wikidata was born, lived or died.","PREFIX bd: <http://www.bigdata.com/rdf#>
PREFIX p: <http://www.wikidata.org/prop/>
PREFIX ps: <http://www.wikidata.org/prop/statement/>
PREFIX wd: <http://www.wikidata.org/entity/>
PREFIX wdt: <http://www.wikidata.org/prop/direct/>
PREFIX wikibase: <http://wikiba.se/ontology#>

SELECT ?city ?cityLabel (MAX(?inhabitants) AS ?inhabitants) WHERE {
?city (p:P31/ps:P31)/wdt:* wd:Q1637706.
MINUS { ?inhabitant ps:|ps:|ps: ?city. }
OPTIONAL { ?city wdt: ?inhabitants. }
SERVICE wikibase:label { bd:serviceParam wikibase:language ""en"". }
}
GROUP BY ?city ?cityLabel",True,False,0.0,1,6
433,complex,How many lakes in the UK have a 'UK Lakes Portal ID'?,"PREFIX bd: <http://www.bigdata.com/rdf#>
PREFIX wd: <http://www.wikidata.org/entity/>
PREFIX wdt: <http://www.wikidata.org/prop/direct/>
PREFIX wikibase: <http://wikiba.se/ontology#>

SELECT ?WBID (count(?item) as ?count)
{
?item wdt:/wdt:P279* wd: .
?item wdt:P17 wd:.
OPTIONAL { ?item wdt:P7548 ?value .}
BIND(IF(!BOUND(?value),""No WBID"",""WBID"") as ?WBID)
SERVICE wikibase:label { bd:serviceParam wikibase:language ""en"" }
} group by ?WBID",True,True,0.0,2,4
434,complex,List all individuals who are both parents and children of the same person.,"PREFIX bd: <http://www.bigdata.com/rdf#>
PREFIX wd: <http://www.wikidata.org/entity/>
PREFIX wdt: <http://www.wikidata.org/prop/direct/>
PREFIX wikibase: <http://wikiba.se/ontology#>

SELECT ?person1 ?person1Label ?person2 ?person2Label
WHERE
{
{ ?person1 wdt:P22 ?person2 ; wdt:P31 wd:Q5 } UNION { ?person1 wdt:P25 ?person2 ; wdt:P31 wd:Q5 }
?person1 wdt:P40 ?person2 ; wdt:P31 wd:Q5 .
SERVICE wikibase:label { bd:serviceParam wikibase:language ""en"". }
}",True,False,0.0,1,4
435,complex,List all countries whose capital city names can be formed using only the letters of the country's name.,"PREFIX bd: <http://www.bigdata.com/rdf#>
PREFIX hint: <http://www.bigdata.com/queryHints#>
PREFIX rdfs: <http://www.w3.org/2000/01/rdf-schema#>
PREFIX wd: <http://www.wikidata.org/entity/>
PREFIX wdt: <http://www.wikidata.org/prop/direct/>
PREFIX wikibase: <http://wikiba.se/ontology#>

SELECT ?state ?stateLabel ?capital ?capitalLabel WHERE {
?state wdt:P31/wdt:P279* wd:Q3624078;
wdt:P36 ?capital.
MINUS { ?state wdt:P576|wdt:P582 ?end. }
SERVICE wikibase:label {
bd:serviceParam wikibase:language ""en"".
?state rdfs:label ?stateLabel.
?capital rdfs:label ?capitalLabel.
} hint:Prior hint:runLast false.
BIND(CONCAT(""^["", ?stateLabel, ""]*$"") AS ?regex)
FILTER(REGEX(?capitalLabel, ?regex, ""i""))
MINUS { ?capital wdt:P138 ?state. }
}",True,True,1.0,1,6
436,complex,List all African countries with their official languages and English names.,"PREFIX rdfs: <http://www.w3.org/2000/01/rdf-schema#>
PREFIX wd: <http://www.wikidata.org/entity/>
PREFIX wdt: <http://www.wikidata.org/prop/direct/>

SELECT DISTINCT ?item ?itemLabel_ol ?official_language ?itemLabel_en WHERE {
?item wdt:P30 wd:Q15 ;
wdt:P37 ?officiallanguage ;
wdt:P31 wd:Q6256 .
?officiallanguage wdt:P424 ?langcode .
?item rdfs:label ?itemLabel_ol . FILTER(lang(?itemLabel_ol)=?langcode)
?item rdfs:label ?itemLabel_en . FILTER(lang(?itemLabel_en)='en')
?officiallanguage rdfs:label ?official_language . FILTER(lang(?official_language)='en')
}
ORDER BY ?item ?itemLabel_ol ?official_language",True,True,1.0,2,4
437,complex,List all female actresses under 70 years old who are descendants of the first king of Navarre.,"PREFIX bd: <http://www.bigdata.com/rdf#>
PREFIX wd: <http://www.wikidata.org/entity/>
PREFIX wdt: <http://www.wikidata.org/prop/direct/>
PREFIX wikibase: <http://wikiba.se/ontology#>
PREFIX gas: <http://www.bigdata.com/rdf/gas#>

SELECT ?item ?itemLabel ?sitelinks {
SERVICE gas:service {
gas:program gas:gasClass ""com.bigdata.rdf.graph.analytics.SSSP"" ;
gas:in wd:Q291877 ;
gas:traversalDirection ""Forward"" ;
gas:out ?item ;
gas:linkType wdt:P40 .
}
?item wdt:P21 wd:Q6581072.
?item wdt:P569 ?jaiotza.
?item wdt: wd:Q33999.
?item wikibase:sitelinks ?sitelinks.
BIND(YEAR(?jaiotza) as ?year).
FILTER(?year > 1950).
MINUS{?item wdt: ?heriotza}.
SERVICE wikibase:label {bd:serviceParam wikibase:language ""eu,es,en"" }
}
order by desc(?sitelinks)",True,False,0.0,3,5
438,complex,List all saints' feast days by month and day.,"PREFIX bd: <http://www.bigdata.com/rdf#>
PREFIX xsd: <http://www.w3.org/2001/XMLSchema#>
PREFIX p: <http://www.wikidata.org/prop/>
PREFIX pq: <http://www.wikidata.org/prop/qualifier/>
PREFIX ps: <http://www.wikidata.org/prop/statement/>
PREFIX wd: <http://www.wikidata.org/entity/>
PREFIX wdt: <http://www.wikidata.org/prop/direct/>
PREFIX wikibase: <http://wikiba.se/ontology#>

SELECT DISTINCT ?monthLabel (?day_int as ?d) ?saintLabel (URI(CONCAT(""https://tools.wmflabs.org/reasonator/?q="", SUBSTR(STR(?saint),32) )) as ?link) WHERE {
{ SELECT ?month_int ?month ?day_int ?saint WHERE {
?month wdt:P31 wd:Q47018901; wdt:P1545 ?month_ordinal.
?day p:P361 [ps:P361 ?month; pq:P1545 ?day_ordinal ].
BIND(xsd:integer(?month_ordinal) AS ?month_int)
BIND(xsd:integer(?day_ordinal) AS ?day_int)
?saint wdt:P841 ?day # saint's feast day
} }
SERVICE wikibase:label { bd:serviceParam wikibase:language ""[AUTO_LANGUAGE],en"" }
} ORDER BY ?month_int ?d ?saintLabel",True,True,1.0,1,4
439,complex,Find a list of diplomatic missions operated by the United Kingdom.,"PREFIX bd: <http://www.bigdata.com/rdf#>
PREFIX wd: <http://www.wikidata.org/entity/>
PREFIX wdt: <http://www.wikidata.org/prop/direct/>
PREFIX wikibase: <http://wikiba.se/ontology#>

SELECT distinct ?item ?itemLabel ?P31Label ?P17Label ?P131Label ?P137Label ?P361Label WHERE
{
?item wdt:P31/wdt:P279* wd:Q213283 .
?item wdt:P137 wd:Q145.
optional {?item wdt:P31 ?P31 . }
optional {?item wdt:P17 ?P17 . }
optional {?item wdt:P131 ?P131 . }
optional {?item wdt:P137 ?P137 . }
optional {?item wdt:P361 ?P361 . }
SERVICE wikibase:label { bd:serviceParam wikibase:language ""[AUTO_LANGUAGE],en"". }
}",True,True,1.0,2,6
440,complex,List the most famous people in the world.,"PREFIX bd: <http://www.bigdata.com/rdf#>
PREFIX wd: <http://www.wikidata.org/entity/>
PREFIX wdt: <http://www.wikidata.org/prop/direct/>
PREFIX wikibase: <http://wikiba.se/ontology#>

SELECT ?person ?personLabel ?linkcount ?birthplace ?birthplaceLabel ?coordinates {
VALUES ?linkcount { 100 101 102 103 104 105 106 107 108 109 110 111 112 113 114 115 116 117 118 119 120 121 122 123 124 125 126 127 128 129 130 131 132 133 134 135 136 137 138 139 140 141 142 143 144 145 146 147 148 149 150 151 152 153 154 155 156 157 158 159 160 161 162 163 164 165 166 167 168 169 170 171 172 173 174 175 176 177 178 179 180 181 182 183 184 185 186 187 188 189 190 191 192 193 194 195 196 197 198 199 200 201 202 203 204 205 206 207 208 209 210 211 212 213 214 215 216 217 218 219 220 221 222 223 224 225 226 227 228 229 230 231 232 233 234 235 236 237 238 239 240 241 242 243 244 245 246 247 248 249 250 251 252 253 254 255 256 257 258 259 260 261 262 263 264 265 266 267 268 269 270 271 272 273 274 275 276 277 278 279 280 281 282 283 284 285 286 287 288 289 290 291 292 293 294 295 296 297 298 299 300 301 302 303 304 305 306 307 308 309 310 311 312 313 314 315 316 317 318 319 320 }
?person wdt:P31 wd:Q5 ; wikibase:sitelinks ?linkcount ; wdt:P19 ?birthplace .
?birthplace wdt:P625 ?coordinates .
SERVICE wikibase:label { bd:serviceParam wikibase:language ""[AUTO_LANGUAGE],en"". }
}
ORDER BY DESC(?linkcount)",True,True,1.0,1,3
441,complex,List all SARS-CoV-2 proteins with their corresponding research output counts.,"PREFIX bd: <http://www.bigdata.com/rdf#>
PREFIX wd: <http://www.wikidata.org/entity/>
PREFIX wdt: <http://www.wikidata.org/prop/direct/>
PREFIX wikibase: <http://wikiba.se/ontology#>

SELECT ?protein ?proteinLabel (COUNT(?work) AS ?count) WHERE {
?protein wdt: wd:Q82069695 ; wdt: wd:Q8054 .
?work wdt: ?protein .
OPTIONAL { ?work wdt:P577 ?dates . }
OPTIONAL { ?work wdt:P356 ?doi . }
SERVICE wikibase:label { bd:serviceParam wikibase:language ""en,en"". }
} GROUP BY ?protein ?proteinLabel
ORDER BY ASC(?proteinLabel)",True,True,0.0,2,5
442,complex,What are the scheduled sections of the Antonine Wall in Scotland?,"PREFIX bd: <http://www.bigdata.com/rdf#>
PREFIX geo: <http://www.opengis.net/ont/geosparql#>
PREFIX p: <http://www.wikidata.org/prop/>
PREFIX pq: <http://www.wikidata.org/prop/qualifier/>
PREFIX psv: <http://www.wikidata.org/prop/statement/value/>
PREFIX ps: <http://www.wikidata.org/prop/statement/>
PREFIX wd: <http://www.wikidata.org/entity/>
PREFIX wdt: <http://www.wikidata.org/prop/direct/>
PREFIX wikibase: <http://wikiba.se/ontology#>

SELECT DISTINCT ?item ?itemLabel ?line ?coords ?length WHERE {
{
?item wdt:P31 wd:Q80830021.
OPTIONAL {
?item p:P625 ?coords_stmt_west.
?coords_stmt_west pq:P518 wd:Q80981719;
ps:P625 ?coords_west;
(psv:P625/wikibase:geoLatitude) ?lat1;
(psv:P625/wikibase:geoLongitude) ?lon1.
}
OPTIONAL {
?item p:P625 ?coords_stmt_east.
?coords_stmt_east pq:P518 wd:Q80982256;
ps:P625 ?coords_east;
(psv:P625/wikibase:geoLatitude) ?lat2;
(psv:P625/wikibase:geoLongitude) ?lon2.
}
OPTIONAL { ?item wdt:P2043 ?length. }
BIND(CONCAT(""LINESTRING ("", STR(?lon1), "" "", STR(?lat1), "","", STR(?lon2), "" "", STR(?lat2), "")"") AS ?str)
BIND(STRDT(?str, geo:wktLiteral) AS ?line)
}
UNION
{
?item wdt:P31 wd:Q80962689;
wdt:P625 ?coords.
}
SERVICE wikibase:label { bd:serviceParam wikibase:language ""[AUTO_LANGUAGE],en"". }
}
ORDER BY (?coords_west)",True,True,1.0,4,4
443,complex,"Show me a map of Scotland with markers for people accused of witchcraft, including their occupations.","PREFIX bd: <http://www.bigdata.com/rdf#>
PREFIX rdfs: <http://www.w3.org/2000/01/rdf-schema#>
PREFIX schema: <http://schema.org/>
PREFIX wd: <http://www.wikidata.org/entity/>
PREFIX wdt: <http://www.wikidata.org/prop/direct/>
PREFIX wikibase: <http://wikiba.se/ontology#>

SELECT ?person ?personLabel ?accusedwitch ?precision ?coords ?Occupation ?Residence ?image (?Occupation as ?layer)
WHERE {
?person wdt: ?accusedwitch .
?person wdt: wd:.
?person wdt: ?gender .
?person wdt: ?residence .
OPTIONAL { ?person wdt: ?occupation}
OPTIONAL { ?person wdt: ?socialclassification }
?residence wdt: ?coords.
OPTIONAL { ?article schema:about ?person. }
SERVICE wikibase:label {
bd:serviceParam wikibase:language ""en"".
?person rdfs:label ?personLabel.
?residence rdfs:label ?Residence .
?occupation rdfs:label ?Occupation.
?gender rdfs:label ?Gender.
?socialclassification rdfs:label ?SocialClassification .
}
}",True,True,0.0,1,7
444,complex,List languages with less than 10 lexemes without statements or senses.,"PREFIX dct: <http://purl.org/dc/terms/>
PREFIX ontolex: <http://www.w3.org/ns/lemon/ontolex#>
PREFIX rdfs: <http://www.w3.org/2000/01/rdf-schema#>
PREFIX xsd: <http://www.w3.org/2001/XMLSchema#>
PREFIX wikibase: <http://wikiba.se/ontology#>

select *
with {
select ?lang (count(*) as ?meaningless) {
?l dct:language ?lang;
wikibase:statements ""0""^^xsd:integer.
minus { ?l ontolex:sense [] }
} group by ?lang
} as %meaningless
with {
select ?lang (count(*) as ?total) {
?l dct:language ?lang.
} group by ?lang
} as %totals
where {
include %meaningless.
include %totals.
filter (?total >= 10).
bind(?meaningless/?total*100 as ?pc).
?lang rdfs:label ?en filter(lang(?en) = ""en"").
} order by desc(?pc) desc(?total) ?en",True,True,1.0,0,0
445,complex,List all institutions that have contributed to every #vBIB conference.,"PREFIX bd: <http://www.bigdata.com/rdf#>
PREFIX p: <http://www.wikidata.org/prop/>
PREFIX pq: <http://www.wikidata.org/prop/qualifier/>
PREFIX ps: <http://www.wikidata.org/prop/statement/>
PREFIX wd: <http://www.wikidata.org/entity/>
PREFIX wdt: <http://www.wikidata.org/prop/direct/>
PREFIX wikibase: <http://wikiba.se/ontology#>

SELECT ?employerLabel ?logoImage ?NoVBIBFix (COUNT(?vbib) AS ?NoVBIB) WITH {
SELECT DISTINCT ?employer ?vbib ?logoImage WHERE {
?vbib wdt:P179 wd:Q108784175.
?presentation wdt:P5072 ?vbib;
wdt:P585 ?pit.
BIND(YEAR(?pit) AS ?year)
?presentation wdt:P50 ?author.
?author p:P108 ?employerStmt.
?employerStmt ps:P108 ?employer.
OPTIONAL { ?employerStmt pq:P580 ?empStart.
}
FILTER (?pit > ?empStart)
OPTIONAL { ?employerStmt pq:P582 ?empEnd.
}
FILTER ((bound(?empEnd) && ?pit < ?empEnd) || (!bound(?empEnd) && ?pit > ?empStart) )
OPTIONAL {?employer wdt:P154 ?logoImage.}
}
}AS %results
WHERE {
INCLUDE %results.
SERVICE wikibase:label { bd:serviceParam wikibase:language ""[AUTO_LANGUAGE],en"". }
{
SELECT (COUNT(?vbib) AS ?NoVBIBFix) WHERE {
?vbib wdt:P179 wd:Q108784175.
}
}
}
GROUP BY ?employerLabel ?NoVBIBFix ?logoImage
HAVING (COUNT(?vbib)=?NoVBIBFix)",True,True,1.0,1,8
446,complex,Find all small monuments in Borovnice municipality with links to their Commons categories.,"PREFIX schema: <http://schema.org/>
PREFIX wd: <http://www.wikidata.org/entity/>
PREFIX wdt: <http://www.wikidata.org/prop/direct/>
PREFIX wikibase: <http://wikiba.se/ontology#>

SELECT ?item ?comm ?p373 ?cat WHERE {
?item wdt:* wd:Q894105. # ... municipality ...
OPTIONAL {?comm schema:about ?item ; schema:isPartOf <https://commons.wikimedia.org/> .}
BIND(replace(wikibase:decodeUri(SUBSTR(STR(?comm), 45)),""_"","" "") AS ?comm_decode)
OPTIONAL {?item wdt: ?p373 .}
bind(COALESCE(?comm_decode, ?p373) as ?cat) .
VALUES ?trida { wd:Q1746392 wd: wd: wd: wd:Q15077340 wd: wd:} # chapel, small monument, memorial, belltower, memorial monument, technical monument, group of small monuments
?item wdt:P31/wdt:P279* ?trida. # small monument
}",True,True,0.0,6,4
447,complex,List all Italian ministers who served in multiple cabinets since 1990.,"PREFIX bd: <http://www.bigdata.com/rdf#>
PREFIX p: <http://www.wikidata.org/prop/>
PREFIX pq: <http://www.wikidata.org/prop/qualifier/>
PREFIX ps: <http://www.wikidata.org/prop/statement/>
PREFIX wd: <http://www.wikidata.org/entity/>
PREFIX wdt: <http://www.wikidata.org/prop/direct/>
PREFIX wikibase: <http://wikiba.se/ontology#>

SELECT distinct ?person ?personLabel ?gov ?govLabel ?rgb ?size
WHERE {
?person p:P39 ?statement.
?person p:P39 ?statement2.
?statement pq:P5054 ?gov;
pq:P580 ?date;
ps:P39 ?edge.
?statement2 pq:P5054 ?gov2;
pq:P580 ?date2;
ps:P39 ?edge2.
?edge wdt:P31 | wdt:P279 wd:Q3858501.
?edge2 wdt:P31 | wdt:P279 wd:Q3858501.
FILTER(YEAR(?date) >= 1990)
FILTER(YEAR(?date2) >= 1990)
FILTER(?gov != ?gov2)
# cosmetic stuff
BIND('8F2539' as ?rgb)
BIND(2000 as ?size)
SERVICE wikibase:label { bd:serviceParam wikibase:language ""[AUTO_LANGUAGE],en"". }
}",True,True,1.0,1,5
448,complex,What museums are near the Museum of Modern Art?,"PREFIX bd: <http://www.bigdata.com/rdf#>
PREFIX xsd: <http://www.w3.org/2001/XMLSchema#>
PREFIX wd: <http://www.wikidata.org/entity/>
PREFIX wdt: <http://www.wikidata.org/prop/direct/>
PREFIX wikibase: <http://wikiba.se/ontology#>

SELECT ?item ?itemLabel ?image ?distanceMiles ?coords WHERE {
SERVICE wikibase:label { bd:serviceParam wikibase:language ""[AUTO_LANGUAGE],en"". }
wd:Q188740 wdt:P625 ?MoMA.
SERVICE wikibase:around {
?item wdt:P625 ?coords.
bd:serviceParam wikibase:center ?MoMA;
wikibase:radius ""3.21869"";
wikibase:distance ?distance.
}
FILTER(EXISTS { ?item (wdt:P31/(wdt:P279*)) wd:Q33506. })
OPTIONAL { ?item wdt:P18 ?image. }
BIND(CONCAT(STR((ROUND(?distance * ""62.1371192""^^xsd:decimal)) / 100 ), "" miles FROM MoMA"") AS ?distanceMiles)
}
ORDER BY (?distance)",True,True,1.0,2,4
449,complex,List the siblings who have received the Israel Prize.,"PREFIX bd: <http://www.bigdata.com/rdf#>
PREFIX p: <http://www.wikidata.org/prop/>
PREFIX pq: <http://www.wikidata.org/prop/qualifier/>
PREFIX ps: <http://www.wikidata.org/prop/statement/>
PREFIX wd: <http://www.wikidata.org/entity/>
PREFIX wdt: <http://www.wikidata.org/prop/direct/>
PREFIX wikibase: <http://wikiba.se/ontology#>

SELECT ?item1 ?item1Label (year(?date1) AS ?year1) ?item2 ?item2Label (year(?date2) AS ?year2) WHERE {
?item1 p:P166 ?prize_stmt1 .
?prize_stmt1 ps:P166 wd:Q616568 .
OPTIONAL {?prize_stmt1 pq:P585 ?date1} .
?item1 wdt:P3373 ?item2 .
?item2 p:P166 ?prize_stmt2 .
?prize_stmt2 ps:P166 wd:Q616568 .
OPTIONAL {?prize_stmt2 pq:P585 ?date2 } .
FILTER ((?date1 < ?date2) || ( (!(?date2 < ?date1)) && (str(?item1) < str(?item2)) ) ).
SERVICE wikibase:label { bd:serviceParam wikibase:language ""[AUTO_LANGUAGE],en"". }
} ORDER BY ?year1",True,True,1.0,1,3
450,complex,List the names of female activists from Latin America born between 1900 and 1999.,"PREFIX bd: <http://www.bigdata.com/rdf#>
PREFIX hint: <http://www.bigdata.com/queryHints#>
PREFIX rdfs: <http://www.w3.org/2000/01/rdf-schema#>
PREFIX xsd: <http://www.w3.org/2001/XMLSchema#>
PREFIX p: <http://www.wikidata.org/prop/>
PREFIX ps: <http://www.wikidata.org/prop/statement/>
PREFIX wd: <http://www.wikidata.org/entity/>
PREFIX wdt: <http://www.wikidata.org/prop/direct/>
PREFIX wikibase: <http://wikiba.se/ontology#>

SELECT ?item ?itemLabel (GROUP_CONCAT(DISTINCT ?occupationLabel; SEPARATOR = "", "") AS ?occupations) (GROUP_CONCAT(DISTINCT ?countryLabel; SEPARATOR = "", "") AS ?countries) ?birth ?articles WHERE {
VALUES ?occ {wd:}
?item wdt: wd:;
wdt: wd:;
wdt: ?country;
(wdt:/(wdt:9*)) ?occ;
wdt: ?occupation;
wikibase:sitelinks ?articles;
wdt: ?birth.
?country p:/ps: wd: .
hint:Prior hint:rangeSafe ""true""^^xsd:boolean.
FILTER((?birth >= ""1900-01-01T00:00:00""^^xsd:dateTime) && (?birth < ""1999-01-01T00:00:00""^^xsd:dateTime))
SERVICE wikibase:label {
bd:serviceParam wikibase:language ""es,en"".
?item rdfs:label ?itemLabel.
?gender rdfs:label ?genderLabel.
?occupation rdfs:label ?occupationLabel.
?country rdfs:label ?countryLabel.
}
}
GROUP BY ?item ?itemLabel ?genderLabel ?birth ?articles
ORDER BY DESC (?articles)",True,True,1.0,4,6
451,complex,List the Twitter usernames of scientists working at Dutch universities.,"PREFIX bd: <http://www.bigdata.com/rdf#>
PREFIX p: <http://www.wikidata.org/prop/>
PREFIX pqv: <http://www.wikidata.org/prop/qualifier/value/>
PREFIX ps: <http://www.wikidata.org/prop/statement/>
PREFIX wd: <http://www.wikidata.org/entity/>
PREFIX wdt: <http://www.wikidata.org/prop/direct/>
PREFIX wikibase: <http://wikiba.se/ontology#>

SELECT ?wetenschapper ?wetenschapperLabel ?university ?universityLabel ?twitter ?followers (CONCAT(""https://twitter.com/"",?twitter) AS ?twitterlink) ?pic WHERE {
?wetenschapper wdt:P108|wdt:P1416 ?university ;
p:P2002 ?twitterSt .
OPTIONAL { ?wetenschapper wdt:P18 ?pic . }
?twitterSt ps:P2002 ?twitter .
OPTIONAL { ?twitterSt pqv:P8687/wikibase:quantityAmount ?followers . }
?university wdt:P31 wd:Q3918 ;
wdt:P17 wd:Q55 .
SERVICE wikibase:label { bd:serviceParam wikibase:language ""[AUTO_LANGUAGE],en"". }
} ORDER BY DESC(?followers)",True,True,0.9341,2,7
452,complex,Find French occupation-related words with their grammatical gender.,"PREFIX dct: <http://purl.org/dc/terms/>
PREFIX ontolex: <http://www.w3.org/ns/lemon/ontolex#>
PREFIX rdf: <http://www.w3.org/1999/02/22-rdf-syntax-ns#>
PREFIX rdfs: <http://www.w3.org/2000/01/rdf-schema#>
PREFIX wd: <http://www.wikidata.org/entity/>
PREFIX wdt: <http://www.wikidata.org/prop/direct/>
PREFIX wikibase: <http://wikiba.se/ontology#>

SELECT DISTINCT ?item ?itemLabel ?sense ?lexeme ?lemma ?genre ?genreLabel WHERE {
?lexeme rdf:type ontolex:LexicalEntry;
dct:language wd:Q150;
wikibase:lemma ?lemma;
ontolex:sense ?sense;
wdt:P5185 ?genre.
?sense wdt:P5137 ?item.
?item (wdt:P31/(wdt:P279*)) wd:Q12737077;
rdfs:label ?itemLabel.
FILTER((LANG(?itemLabel)) = ""fr"")
?genre rdfs:label ?genreLabel.
FILTER((LANG(?genreLabel)) = ""fr"")
}
ORDER BY (?item) (?lemma) (?genre)",True,True,1.0,2,4
453,complex,"Find Swedish words with examples that show both a form and a sense, along with their sources.","PREFIX bd: <http://www.bigdata.com/rdf#>
PREFIX prov: <http://www.w3.org/ns/prov#>
PREFIX p: <http://www.wikidata.org/prop/>
PREFIX pq: <http://www.wikidata.org/prop/qualifier/>
PREFIX pr: <http://www.wikidata.org/prop/reference/>
PREFIX ps: <http://www.wikidata.org/prop/statement/>
PREFIX wd: <http://www.wikidata.org/entity/>
PREFIX wikibase: <http://wikiba.se/ontology#>

select ?lexemeId ?lemma ?example ?sourceLabel ?source
WHERE {
?lexemeId <http://purl.org/dc/terms/language> wd:Q9027;
wikibase:lemma ?lemma.
?lexemeId p:P5831 ?statement.
?statement ps:P5831 ?example;
pq:P6072 [];
pq:P5830 [].
?lexemeId p:P5831 [ prov:wasDerivedFrom [ pr:P248 ?source ] ].
SERVICE wikibase:label { bd:serviceParam wikibase:language ""sv,en"". }
}",True,True,1.0,1,4
454,complex,List all composers along with their most frequently used tonalities.,"PREFIX bd: <http://www.bigdata.com/rdf#>
PREFIX wdt: <http://www.wikidata.org/prop/direct/>
PREFIX wikibase: <http://wikiba.se/ontology#>

SELECT ?composerLabel ?tonalityLabel ?count
WHERE
{
{
# 4. Group again, this time just by the composer.
# We also select the highest count of a tonality.
# Notice that we don't know what tonality this count is associated with - we'll get to that.
# So now we have each composer, along with how often they used whatever tonality they used most.
SELECT ?composer (MAX(?count) AS ?count)
WHERE
{
{
# 2. Group by composer and tonality, so that for each composer and tonality, we get a count of how often the composer used this tonality.
SELECT ?composer ?tonality (COUNT(?composition) AS ?count)
WHERE
{
# 1. Extremely straightforward: the ?composition has the composer ?composer and the tonality ?tonality.
# (I'm not bothering with any ""instance of"" because the presence of these two properties is a sufficient indicator of ?composition being a composition.)
?composition wdt:P86 ?composer;
wdt:P826 ?tonality.
}
GROUP BY ?composer ?tonality
HAVING(?count > 1) # 3. Limit that to counts > 1, because using a tonality once is hardly ""most used"".
}
}
GROUP BY ?composer
}
{
# 6. Identical to 2.
SELECT ?composer ?tonality (COUNT(?composition) AS ?count)
WHERE
{
# 5. Identical to 1.
?composition wdt:P86 ?composer;
wdt:P826 ?tonality.
}
GROUP BY ?composer ?tonality
HAVING(?count > 1) # 7. Identical to 3.
}
# 8. That's it. Wait, what?
# From 4, we now have ?composer, any composer, and ?count, the count of how often they used whatever tonality they used most.
# From 6, we also have a ?composer, as well as a ?tonality, and the count of how often they used that particular tonality.
# The trick is that ?composer and ?count are the same variable in each subquery, and so now, when the two subqueries are joined,
# we select only that ?tonality from 6 where the ?composer and the ?count are identical to those from 4 -
# that is, where this tonality was used as often as the composer's most-used tonality.
# In other words, this must *be* the composer's most-used tonality (except when there are multiple tonalities with the same count).
SERVICE wikibase:label { bd:serviceParam wikibase:language ""en"". }
}
ORDER BY DESC(?count) # 9. Order by count (highest first), because the result isn't very meaningful for low counts (many compositions aren't on Wikidata or don't have a tonality statement).",True,False,0.0,0,2
455,complex,"List all humans who died on August 25, 2001, according to the English Wikipedia.","PREFIX bd: <http://www.bigdata.com/rdf#>
PREFIX rdfs: <http://www.w3.org/2000/01/rdf-schema#>
PREFIX schema: <http://schema.org/>
PREFIX xsd: <http://www.w3.org/2001/XMLSchema#>
PREFIX wdt: <http://www.wikidata.org/prop/direct/>
PREFIX wikibase: <http://wikiba.se/ontology#>

SELECT ?item ?articlename ?itemLabel ?itemDescription ?sl
WHERE {
VALUES ?dod {""+2001-08-25""^^xsd:dateTime}
?dod ^wdt:P570 ?item .
?item wikibase:sitelinks ?sl .
?item ^schema:about ?article .
?article schema:isPartOf <https://en.wikipedia.org/>;
schema:name ?articlename .
SERVICE wikibase:label
{
bd:serviceParam wikibase:language ""en"" .
?item rdfs:label ?itemLabel .
?item schema:description ?itemDescription .
}
BIND(REPLACE(?itemLabel, ""^.*(?<! [Vv][ao]n| [Dd][aeiu]| [Dd][e][lns]| [Ll][ae]) (?!([SJ]r\\.?|[XVI]+)$)"", """") AS ?sortname)
} ORDER BY ASC(UCASE(?sortname)) ASC(UCASE(?itemLabel))",True,True,1.0,0,1
456,complex,What are the historical monuments in Loire-Atlantique?,"PREFIX bd: <http://www.bigdata.com/rdf#>
PREFIX p: <http://www.wikidata.org/prop/>
PREFIX pq: <http://www.wikidata.org/prop/qualifier/>
PREFIX wd: <http://www.wikidata.org/entity/>
PREFIX wdt: <http://www.wikidata.org/prop/direct/>
PREFIX wikibase: <http://wikiba.se/ontology#>

SELECT DISTINCT
?item
?itemLabel
?communeLabel
(group_concat(distinct ?merimee ; separator = "", "") as ?merimee)
?coords
?image
WHERE {
{
SELECT DISTINCT ?item ?merimee WHERE {
?item wdt:/wdt:* wd:Q916475 .
?item p: ?heritage_statement .
FILTER NOT EXISTS { ?heritage_statement pq:P582 ?end . }
?item wdt:P380 ?merimee.
}
ORDER BY ?merimee
}
?item wdt:P131/wdt:P131* wd:Q3068 .
?item wdt:P131 ?commune .
OPTIONAL { ?item wdt:P625 ?coords . }
OPTIONAL { ?item wdt:P18 ?image . }
SERVICE wikibase:label { bd:serviceParam wikibase:language ""fr"" . }
}
GROUP BY ?item ?itemLabel ?communeLabel ?coords ?image
ORDER BY ?communeLabel ?itemLabel",True,False,0.0,2,7
457,complex,List famous painters who died before 1800.,"PREFIX bd: <http://www.bigdata.com/rdf#>
PREFIX wd: <http://www.wikidata.org/entity/>
PREFIX wdt: <http://www.wikidata.org/prop/direct/>
PREFIX wikibase: <http://wikiba.se/ontology#>

SELECT DISTINCT ?artist ?artistLabel ?genderLabel ?countryLabel (year(?death) as ?deathyear) #?birthyear ?flyear
WHERE {
?artist wdt:P31 wd:Q5 ; wdt:P106/wdt:P279? wd:Q1028181 .
?artist wdt: ?death FILTER(year(?death)<1800).
OPTIONAL{?artist wdt: ?gender}
OPTIONAL{?artist wdt: ?country}
SERVICE wikibase:label { bd:serviceParam wikibase:language ""[AUTO_LANGUAGE],en"". }
} ORDER BY DESC(?deathyear)",True,True,0.0,2,6
458,complex,List all railway stations in the Netherlands with their connections.,"PREFIX bd: <http://www.bigdata.com/rdf#>
PREFIX geo: <http://www.opengis.net/ont/geosparql#>
PREFIX p: <http://www.wikidata.org/prop/>
PREFIX pq: <http://www.wikidata.org/prop/qualifier/>
PREFIX psv: <http://www.wikidata.org/prop/statement/value/>
PREFIX ps: <http://www.wikidata.org/prop/statement/>
PREFIX wd: <http://www.wikidata.org/entity/>
PREFIX wdt: <http://www.wikidata.org/prop/direct/>
PREFIX wikibase: <http://wikiba.se/ontology#>
PREFIX gas: <http://www.bigdata.com/rdf/gas#>

SELECT ?station ?stationLabel ?cds ?line ?trackLabel ?track ?image {
{SELECT * {
SERVICE gas:service {
gas:program gas:gasClass ""com.bigdata.rdf.graph.analytics.BFS"" ; gas:in wd:Q1990205 ; gas:out ?station ; gas:out1 ?depth ; gas:out2 ?pred .
gas:program gas:linkType wdt:P197 . }
FILTER(?station != wd:Q1990205)
?station wdt:P625 ?cds ;
wdt:P17 wd:Q55 .
?station p:P197 ?adjST .
?adjST ps:P197 ?adj ;
pq:P81 ?track .
?pred p:P625/psv:P625/wikibase:geoLatitude ?lat1 ; p:P625/psv:P625/wikibase:geoLongitude ?lon1 .
?station p:P625/psv:P625/wikibase:geoLatitude ?lat2 ; p:P625/psv:P625/wikibase:geoLongitude ?lon2 .
BIND(CONCAT('LINESTRING(', STR(?lon1), ' ', STR(?lat1), ',', STR(?lon2), ' ', STR(?lat2), ')') AS ?str) . BIND(STRDT(?str, geo:wktLiteral) AS ?line)}
}
OPTIONAL { ?station wdt:P18 ?image .}
SERVICE wikibase:label { bd:serviceParam wikibase:language ""en"". }
}",True,True,0.9992,2,5
459,complex,Find the original creator of items with 'house cat' as an instance.,"PREFIX bd: <http://www.bigdata.com/rdf#>
PREFIX wd: <http://www.wikidata.org/entity/>
PREFIX wdt: <http://www.wikidata.org/prop/direct/>
PREFIX wikibase: <http://wikiba.se/ontology#>

select ?item ?itemLabel ?string ?content ?timestamp ?user {
?item wdt:P31 wd:Q146. # find cats
SERVICE wikibase:label { bd:serviceParam wikibase:language ""[AUTO_LANGUAGE],en"". }
BIND(STRAFTER(wikibase:decodeUri(str(?item)), ""http://www.wikidata.org/entity/"") AS ?string)
# need to make the ID something the API can understand
SERVICE wikibase:mwapi {
bd:serviceParam wikibase:endpoint ""www.wikidata.org"";
wikibase:api ""Generator"";
wikibase:limit ""once"";
mwapi:generator ""allpages"";
mwapi:gapfrom ?string;
mwapi:gapnamespace 0 ; # main namespace
mwapi:gaplimit 1; # only one
mwapi:prop ""revisions"";
mwapi:rvdir ""newer""; # FIRST revision
mwapi:rvprop ""timestamp|content|user"".
?content wikibase:apiOutput 'revisions/rev/text()' . # text of first
?timestamp wikibase:apiOutput 'revisions/rev/@timestamp' . # timestamp
?user wikibase:apiOutput 'revisions/rev/@user' . # user who created it
}
}",True,True,1.0,1,1
460,complex,Show me a map of railway stations in Wales.,"PREFIX bd: <http://www.bigdata.com/rdf#>
PREFIX geo: <http://www.opengis.net/ont/geosparql#>
PREFIX p: <http://www.wikidata.org/prop/>
PREFIX pq: <http://www.wikidata.org/prop/qualifier/>
PREFIX psv: <http://www.wikidata.org/prop/statement/value/>
PREFIX ps: <http://www.wikidata.org/prop/statement/>
PREFIX wd: <http://www.wikidata.org/entity/>
PREFIX wdt: <http://www.wikidata.org/prop/direct/>
PREFIX wikibase: <http://wikiba.se/ontology#>
PREFIX gas: <http://www.bigdata.com/rdf/gas#>

SELECT ?station ?stationLabel ?cds ?line ?trackLabel ?track ?image {
{SELECT * {
SERVICE gas:service {
gas:program gas:gasClass ""com.bigdata.rdf.graph.analytics.BFS"" ; gas:in wd:Q1990205 ; gas:out ?station ; gas:out1 ?depth ; gas:out2 ?pred .
gas:program gas:linkType wdt:P197 . }
FILTER(?station != wd:Q1990205)
?station wdt:P625 ?cds ;
wdt:P17 wd:Q145 .
?station p:P197 ?adjST .
?adjST ps:P197 ?adj ;
pq:P81 ?track .
?pred p:P625/psv:P625/wikibase:geoLatitude ?lat1 ; p:P625/psv:P625/wikibase:geoLongitude ?lon1 .
?station p:P625/psv:P625/wikibase:geoLatitude ?lat2 ; p:P625/psv:P625/wikibase:geoLongitude ?lon2 .
BIND(CONCAT('LINESTRING(', STR(?lon1), ' ', STR(?lat1), ',', STR(?lon2), ' ', STR(?lat2), ')') AS ?str) . BIND(STRDT(?str, geo:wktLiteral) AS ?line)}
}
OPTIONAL { ?station wdt:P18 ?image .}
SERVICE wikibase:label { bd:serviceParam wikibase:language ""en"". }
}",True,True,0.9996,2,5
461,complex,Find the publication dates for specific games.,"PREFIX rdf: <http://www.w3.org/1999/02/22-rdf-syntax-ns#>
PREFIX xsd: <http://www.w3.org/2001/XMLSchema#>
PREFIX p: <http://www.wikidata.org/prop/>
PREFIX ps: <http://www.wikidata.org/prop/statement/>
PREFIX wd: <http://www.wikidata.org/entity/>
PREFIX wdno: <http://www.wikidata.org/prop/novalue/>

SELECT ?game ?date ?statementNodeType ?check0 ?check1 ?check2 ?check3
WHERE
{
VALUES ?game {
wd:Q4931588 # no value
wd:Q1107793 # one value
wd:Q18857304 # unknown value
wd:Q2385 # multiple values
wd:Q23647080 # no property
}
OPTIONAL
{
?game p:P577 ?statementNode
OPTIONAL { ?statementNode ps:P577 ?date }
OPTIONAL { ?statementNode rdf:type ?statementNodeType FILTER (?statementNodeType IN (wdno:P577)) }
}
BIND(IF(BOUND(?statementNode),true,false) as ?check0) # property is here?
BIND(COALESCE(DATATYPE(?date) = xsd:dateTime , false) as ?check1) # real date?
BIND(COALESCE((wdno:P577 = ?statementNodeType), false) as ?check2) # no value?
BIND(COALESCE(isBlank(?date) , false) as ?check3) # unknown?
}",True,True,1.0,4,1
462,complex,What are some popular items with more than 20 site links?,"PREFIX bd: <http://www.bigdata.com/rdf#>
PREFIX hint: <http://www.bigdata.com/queryHints#>
PREFIX wd: <http://www.wikidata.org/entity/>
PREFIX wdt: <http://www.wikidata.org/prop/direct/>
PREFIX wikibase: <http://wikiba.se/ontology#>

SELECT ?item ?itemLabel ?itemDescription ?sitelinks
WITH
{
SELECT ?item ?sitelinks
WHERE
{
#Minimum sitelinks
?item wikibase:sitelinks ?sitelinks.
hint:Prior hint:rangeSafe true.
FILTER (?sitelinks > 20 )
#Random stuff
# BIND(RAND() AS ?random) . # Using this makes it not random
BIND(SHA512(CONCAT(STR(RAND()), STR(?item))) AS ?random)
}
ORDER BY ?random
LIMIT 1000
} AS %subquery1
WITH
{
SELECT ?item ?sitelinks
WHERE
{
INCLUDE %subquery1
#Filters to remove undesired entries (templates, categories, ...)
FILTER NOT EXISTS {?item wdt: wd:Q11266439}
FILTER NOT EXISTS {?item wdt: wd:Q97950663}
FILTER NOT EXISTS {?item wdt: wd:Q4167836}
FILTER NOT EXISTS {?item wdt: wd:Q59541917}
FILTER NOT EXISTS {?item wdt: wd:Q14204246}
FILTER NOT EXISTS {?item wdt: wd:}
FILTER NOT EXISTS {?item wdt: ?commonsCategory}
FILTER NOT EXISTS {?item wdt: ?categoryMainTopic}
FILTER NOT EXISTS {?item wdt: wd:}
FILTER NOT EXISTS {?item wdt: ?templateHasTopic}
FILTER NOT EXISTS {?item wdt:P910 ?topicMainCategory}
FILTER NOT EXISTS {?item wdt: wd:}
FILTER NOT EXISTS {?item wdt:P360 ?isAListOf}
FILTER NOT EXISTS {?item wdt: wd:}
FILTER NOT EXISTS {?item wdt: wd:}
FILTER NOT EXISTS {?item wdt:P4224 ?categoryContains}
FILTER NOT EXISTS {?item wdt:P971 ?categoryCombinesTopics}
FILTER NOT EXISTS {?item wdt: wd:}
FILTER NOT EXISTS {?item wdt: wd:}
FILTER NOT EXISTS {?item wdt: wd:}
FILTER NOT EXISTS {?item wdt: wd:}
FILTER NOT EXISTS {?item wdt: wd:}
FILTER NOT EXISTS {?item wdt: wd:}
FILTER NOT EXISTS {?item wdt: wd:}
FILTER NOT EXISTS {?item wdt: wd:}
FILTER NOT EXISTS {?item wdt: wd:}
FILTER NOT EXISTS {?item wdt: wd:}
FILTER NOT EXISTS {?item wdt:P2370 ?conversionToSIUnit}
FILTER NOT EXISTS {?item wdt: wd:}
#FILTER NOT EXISTS {?item wdt: wd:aaa}
}
LIMIT 100
} AS %subquery2
WHERE
{
INCLUDE %subquery2
SERVICE wikibase:label { bd:serviceParam wikibase:language ""[AUTO_LANGUAGE],en"" . }
}",True,True,0.0,21,9
463,complex,List all natural numbers from 1 to 2000.,"PREFIX bd: <http://www.bigdata.com/rdf#>
PREFIX p: <http://www.wikidata.org/prop/>
PREFIX pq: <http://www.wikidata.org/prop/qualifier/>
PREFIX ps: <http://www.wikidata.org/prop/statement/>
PREFIX wd: <http://www.wikidata.org/entity/>
PREFIX wdt: <http://www.wikidata.org/prop/direct/>
PREFIX wikibase: <http://wikiba.se/ontology#>

SELECT ?xLabel ?size ?rgb WITH {
SELECT DISTINCT ?n WHERE { # generate a sequence of natural numbers
VALUES ?start { 1 }
BIND (2000 AS ?end)
BIND ( (?end - ?start ) + 1 AS ?x )
[] p:P31 [
ps:P31 wd:Q21199 ; # is a natural number
pq:P155 ?prev
] .
?prev wdt:P1181 ?n .
FILTER (?n > 0 && ?n < ?x + 1)
}
} AS %numbers
WHERE {
INCLUDE %numbers
?x wdt:P31 wd:Q21199 .
?x wdt:P1181 ?n .
FILTER (?x NOT IN (wd:Q713113)) # exclude the annoying 0.999
OPTIONAL { ?x wdt:P31 wd:Q49008 . BIND (true AS ?prime) } # highlight prime numbers
BIND(1 AS ?size) # used for the size of the bubble: want them all the same size
BIND ( COALESCE(IF(?prime, ""FD7F7F"", 1/0),""71C1FD"") AS ?rgb )
SERVICE wikibase:label { bd:serviceParam wikibase:language ""[AUTO_LANGUAGE],en"". }
}
ORDER BY ?n",True,True,1.0,3,3
464,complex,List all the departments in France.,"PREFIX bd: <http://www.bigdata.com/rdf#>
PREFIX p: <http://www.wikidata.org/prop/>
PREFIX pq: <http://www.wikidata.org/prop/qualifier/>
PREFIX ps: <http://www.wikidata.org/prop/statement/>
PREFIX wd: <http://www.wikidata.org/entity/>
PREFIX wdt: <http://www.wikidata.org/prop/direct/>
PREFIX wikibase: <http://wikiba.se/ontology#>

SELECT ?codeInsee ?item ?itemLabel ?itemDescription ?instance ?instanceLabel WHERE {
SERVICE wikibase:label { bd:serviceParam wikibase:language ""[AUTO_LANGUAGE],en"" . }
{
wd:Q6465 ^(wdt:P279*) ?instance.
?item p:P31 ?typeStatement.
?typeStatement ps:P31 ?instance.
FILTER(NOT EXISTS { ?typeStatement pq:P582 _:b2. })
}
UNION
{
?item p:P31 ?typeStatement.
?typeStatement ps:P31 wd:Q22923920;
pq: wd:Q6465.
}
?item wdt: ?codeInsee
}
ORDER BY (?codeInsee)",True,True,0.0,2,5
465,complex,List twins who were born in different places.,"PREFIX bd: <http://www.bigdata.com/rdf#>
PREFIX xsd: <http://www.w3.org/2001/XMLSchema#>
PREFIX p: <http://www.wikidata.org/prop/>
PREFIX pq: <http://www.wikidata.org/prop/qualifier/>
PREFIX psv: <http://www.wikidata.org/prop/statement/value/>
PREFIX ps: <http://www.wikidata.org/prop/statement/>
PREFIX wd: <http://www.wikidata.org/entity/>
PREFIX wdt: <http://www.wikidata.org/prop/direct/>
PREFIX wikibase: <http://wikiba.se/ontology#>

SELECT ?twin1 ?birth1 ?twin2 ?birth2 ?twin1Label ?birth1Label ?twin2Label ?birth2Label WHERE {
?twin1 wdt:P31 wd:;
wdt:P19 ?birth1;
p:P3373 ?siblingStatement.
?siblingStatement ps:P3373 ?twin2.
{ ?siblingStatement pq:P1039/wdt:P279* wd:. } UNION
{ ?twin1 p:P569/psv:P569 ?dateOfBirth. ?twin2 p:P569/psv:P569 ?dateOfBirth. ?dateOfBirth wikibase:timePrecision ""11""^^xsd:integer. }
?twin2 wdt:P31 wd:;
wdt:P19 ?birth2.
FILTER(?birth1 != ?birth2)
FILTER(STR(?twin1) < STR(?twin2))
SERVICE wikibase:label { bd:serviceParam wikibase:language ""[AUTO_LANGUAGE],en"". }
}",True,True,0.0,2,6
466,complex,List the common descendants of George Washington and George W. Bush.,"PREFIX bd: <http://www.bigdata.com/rdf#>
PREFIX wd: <http://www.wikidata.org/entity/>
PREFIX wdt: <http://www.wikidata.org/prop/direct/>
PREFIX wikibase: <http://wikiba.se/ontology#>
PREFIX gas: <http://www.bigdata.com/rdf/gas#>

SELECT ?item ?itemLabel ?depth1 ?depth2 ?depth WITH{
SELECT ?item ?depth1 ?depth2 WHERE
{
{
SERVICE gas:service
{
gas:program gas:gasClass ""com.bigdata.rdf.graph.analytics.SSSP"" ; gas:in wd:Q23 ; gas:traversalDirection ""Reverse"" ; gas:out ?item ;gas:out1 ?depth1 ; gas:maxIterations 1000 ; gas:linkType wdt:P40 .
}
}
{
SERVICE gas:service
{
gas:program gas:gasClass ""com.bigdata.rdf.graph.analytics.SSSP"" ; gas:in wd:Q207 ; gas:traversalDirection ""Reverse"" ; gas:out ?item ;gas:out1 ?depth2 ; gas:maxIterations 1000 ; gas:linkType wdt:P40 .
}
}
} } AS %1 WITH {SELECT (?item2 AS ?item1) {INCLUDE %1. ?item2 wdt:P40 ?item.}} AS %2
WHERE {
INCLUDE %1.
FILTER NOT EXISTS {SELECT (?item1 AS ?item) {INCLUDE %2.}}
SERVICE wikibase:label { bd:serviceParam wikibase:language ""[AUTO_LANGUAGE],en"". }
BIND(?depth1+?depth2 AS ?depth)
} ORDER BY ?depth",True,True,0.0,2,1
467,complex,List all places with an elevation of less than 10 meters above sea level.,"PREFIX bd: <http://www.bigdata.com/rdf#>
PREFIX p: <http://www.wikidata.org/prop/>
PREFIX psv: <http://www.wikidata.org/prop/statement/value/>
PREFIX wd: <http://www.wikidata.org/entity/>
PREFIX wdt: <http://www.wikidata.org/prop/direct/>
PREFIX wikibase: <http://wikiba.se/ontology#>

SELECT ?place ?location ?elev ?image
WHERE
{
  ?place p:P2044/psv:P2044 ?placeElev.
  ?placeElev wikibase:quantityAmount ?elev.
  ?placeElev wikibase:quantityUnit ?unit.
  bind(0.01 as ?km).
  filter( (?elev < ?km*1000 && ?unit = wd:Q11573)
       || (?elev < ?km*3281 && ?unit = wd:Q3710)
       || (?elev < ?km      && ?unit = wd:Q828224) ).
  ?place wdt:P625 ?location.
  OPTIONAL { ?place wdt:P18 ?image }
  SERVICE wikibase:label { bd:serviceParam wikibase:language ""[AUTO_LANGUAGE],en"" }
}",True,False,0.0,3,3
468,complex,What are the nearby places that have been written about?,"PREFIX bd: <http://www.bigdata.com/rdf#>
PREFIX wdt: <http://www.wikidata.org/prop/direct/>
PREFIX wikibase: <http://wikiba.se/ontology#>

SELECT ?place ?placeLabel ?publication ?publicationLabel ?image ?coordinate_location ?dist ?instance_of ?instance_ofLabel WHERE {
SERVICE wikibase:around {
?place wdt:P625 ?coordinate_location.
bd:serviceParam wikibase:center ""[AUTO_COORDINATES]"".
bd:serviceParam wikibase:radius ""100"".
bd:serviceParam wikibase:distance ?dist.
}
SERVICE wikibase:label { bd:serviceParam wikibase:language ""[AUTO_LANGUAGE],en"". }
?publication wdt:P921 ?place .
OPTIONAL { ?place wdt:P18 ?image. }
OPTIONAL { ?place wdt:P31 ?instance_of. }
}",True,False,0.0,0,4
469,complex,List the ages of US presidents when they started their term.,"PREFIX bd: <http://www.bigdata.com/rdf#>
PREFIX p: <http://www.wikidata.org/prop/>
PREFIX pq: <http://www.wikidata.org/prop/qualifier/>
PREFIX ps: <http://www.wikidata.org/prop/statement/>
PREFIX wd: <http://www.wikidata.org/entity/>
PREFIX wdt: <http://www.wikidata.org/prop/direct/>
PREFIX wikibase: <http://wikiba.se/ontology#>

SELECT ?item ?itemLabel ?dob ?start ?age1 ?end ?age2 ?rest WHERE {
?item wdt:P31 wd:Q5.
?item p:P39 [ps:P39 wd:Q11696; pq:P580 ?start].
BIND ((?start-?dob)/365.25 AS ?age1)
OPTIONAL {?item p:P39 [ps:P39 wd:Q11696; pq:P582 ?end].}
?item wdt:P569 ?dob.
BIND ((?end-?dob)/365.25 AS ?age2).
SERVICE wikibase:label { bd:serviceParam wikibase:language ""[AUTO_LANGUAGE],en"". }
OPTIONAL {?item wdt:P570 ?dod.}
BIND ((?dod-?end)/365.25 AS ?rest)
}
ORDER BY DESC(?age1)",True,True,1.0,2,6
470,complex,List all the awards and nominations received by Rafael Nadal.,"PREFIX rdfs: <http://www.w3.org/2000/01/rdf-schema#>
PREFIX p: <http://www.wikidata.org/prop/>
PREFIX pq: <http://www.wikidata.org/prop/qualifier/>
PREFIX wd: <http://www.wikidata.org/entity/>
PREFIX wdt: <http://www.wikidata.org/prop/direct/>

select distinct ?o ?fecha ?denominacion where
{
{ wd:Q10132 p:P1344 ?o .
wd:Q10132 wdt:P18 ?pic .
?o ?l ?t .
optional { ?t wdt:P585 ?fecha .}
?t rdfs:label ?denominacion .
}
union
{ wd:Q10132 p:P166 ?o .
wd:Q10132 wdt:P109 ?pic .
optional { ?o pq:P585 ?fecha .}
?o ?l ?t .
?t rdfs:label ?denominacion .
}
FILTER (lang(?denominacion) = 'es')
}
order by ?fecha",True,True,1.0,1,5
471,complex,List the ages of musicians at the time of their death.,"PREFIX p: <http://www.wikidata.org/prop/>
PREFIX psv: <http://www.wikidata.org/prop/statement/value/>
PREFIX wd: <http://www.wikidata.org/entity/>
PREFIX wdt: <http://www.wikidata.org/prop/direct/>
PREFIX wikibase: <http://wikiba.se/ontology#>

SELECT ?age (COUNT (DISTINCT ?a) AS ?count) WHERE {
?a wdt: wd:Q5 . #instance of human
?a wdt:/wdt: wd: . #occupation a subclass of musician
?a p:/psv: ?birth_date_node .
?a p:/psv: ?death_date_node .
?birth_date_node wikibase:timeValue ?birth_date .
?death_date_node wikibase:timeValue ?death_date .
FILTER(?age > 10 && ?age < 100) . #ignore outlyers, several of which are probably errors
BIND( year(?death_date) - year(?birth_date) - if(month(?death_date)<month(?birth_date) || (month(?death_date)=month(?birth_date) && day(?death_date)<day(?birth_date)),1,0) as ?age )
# calculate the age, precisely to the day (times and timezones ignored)
}
GROUP BY ?age
ORDER BY ?age",True,True,0.0,2,5
472,complex,"List detention centers in Uruguay, Argentina, and Chile that were used for torture.","PREFIX bd: <http://www.bigdata.com/rdf#>
PREFIX wd: <http://www.wikidata.org/entity/>
PREFIX wdt: <http://www.wikidata.org/prop/direct/>
PREFIX wikibase: <http://wikiba.se/ontology#>

SELECT ?item ?itemLabel ?comienzo ?lugar ?imagen ?paisLabel {
?item wdt:P31 wd:Q8343784.
{?item wdt:P17 wd:Q77} UNION {?item wdt:P17 wd:Q414} UNION {?item wdt:P17 wd:Q298}.
?item wdt:P17 ?pais.
OPTIONAL {?item wdt:P18 ?imagen}.
OPTIONAL {?item wdt:P625 ?lugar}.
SERVICE wikibase:label { bd:serviceParam wikibase:language ""[AUTO_LANGUAGE],es"". }
}",True,True,1.0,4,4
473,complex,List countries named after a specific person.,"PREFIX bd: <http://www.bigdata.com/rdf#>
PREFIX wd: <http://www.wikidata.org/entity/>
PREFIX wdt: <http://www.wikidata.org/prop/direct/>
PREFIX wikibase: <http://wikiba.se/ontology#>

SELECT DISTINCT ?item ?itemLabel ?namedAfter ?namedAfterLabel WHERE {
?item wdt: wd:Q6256. # list of all countries (Q6256)
{
?item wdt: ?namedAfter. # countries that are named after a person (Q5)
?namedAfter wdt: wd:Q5.
}
UNION
{
?item wdt: ?middleNamedAfter. # some countries are named after things that are named after people
?middleNamedAfter wdt: ?namedAfter.
?namedAfter wdt: wd:Q5.
}
UNION
{
?item wdt: ?middleNamedAfter. # some countries are named after things that are named after things that are named after people
?middleNamedAfter wdt: ?middle2NamedAfter.
?middle2NamedAfter wdt: ?namedAfter.
?namedAfter wdt: wd:Q5.
}
FILTER(NOT EXISTS { ?namedAfter wdt: wd:. }) # exclude any Saints (people whose canonisation status is ""Saint"")
FILTER(NOT EXISTS { ?namedAfter wdt: wd:. }) # exclude any Saints (people whose canonisation status is ""Catholic Saint"")
FILTER(NOT EXISTS { ?namedAfter wdt: wd:. }) # exclude any biblical figures (people who are an instance of Human Biblical figures)
SERVICE wikibase:label { bd:serviceParam wikibase:language ""[AUTO_LANGUAGE],en"". }
}
ORDER BY (?namedAfterLabel)",True,True,0.0,5,3
474,complex,List all the winners of the Erich Fried Prize along with their images.,"PREFIX bd: <http://www.bigdata.com/rdf#>
PREFIX p: <http://www.wikidata.org/prop/>
PREFIX pq: <http://www.wikidata.org/prop/qualifier/>
PREFIX ps: <http://www.wikidata.org/prop/statement/>
PREFIX wd: <http://www.wikidata.org/entity/>
PREFIX wdt: <http://www.wikidata.org/prop/direct/>
PREFIX wikibase: <http://wikiba.se/ontology#>

SELECT DISTINCT ?Juror ?JurorLabel ?imageJur ?Preistraeger ?PreistraegerLabel (YEAR(?Zeitpunkt) AS ?Jahr) ?image ?edgeLabel WHERE {
SERVICE wikibase:label { bd:serviceParam wikibase:language ""[AUTO_LANGUAGE],en"". }
?Preistraeger p:P166 ?Preis.
OPTIONAL { ?Preistraeger wdt:P18 ?image. }
?Preis ps:P166 wd:;
pq:P585 ?Zeitpunkt.
OPTIONAL {
?Preis pq:P4353 ?Juror.
OPTIONAL { ?Juror wdt:P18 ?imageJur. }
}
BIND(""nominiert "" AS ?edgeLabel)
}
ORDER BY DESC (?Zeitpunkt)",True,True,0.0,1,4
475,complex,List all historical Chinese states with their corresponding artifacts and collections.,"PREFIX bd: <http://www.bigdata.com/rdf#>
PREFIX rdfs: <http://www.w3.org/2000/01/rdf-schema#>
PREFIX wd: <http://www.wikidata.org/entity/>
PREFIX wdt: <http://www.wikidata.org/prop/direct/>
PREFIX wikibase: <http://wikiba.se/ontology#>

SELECT ?dynastyLabel ?thing ?thingLabel (GROUP_CONCAT(DISTINCT ?typel; separator="", "") AS ?what) (GROUP_CONCAT(DISTINCT ?matl; separator="", "") AS ?materials) ?thingDescription ?collectionLabel ?inventoryNo WHERE {
?dynasty wdt:P31 wd:Q50068795.
VALUES ?prop {wdt:P2348 wdt:P17 wdt:P495}.
?thing ?prop ?dynasty;
wdt:P31 ?type;
wdt:P195 ?collection.
?type rdfs:label ?typel FILTER(lang(?typel) = ""en"").
OPTIONAL {?thing wdt: ?material. ?material rdfs:label ?matl FILTER(lang(?matl) = ""en"") }.
OPTIONAL {?thing wdt: ?inventoryNo }
SERVICE wikibase:label { bd:serviceParam wikibase:language ""[AUTO_LANGUAGE],en"" }
} GROUP BY ?dynastyLabel ?thing ?thingLabel?thingDescription ?collectionLabel ?inventoryNo
ORDER BY ?dynastyLabel",True,False,0.0,1,7
476,complex,List all European countries whose ISO 2-letter code contains a letter not present in their native language name.,"PREFIX bd: <http://www.bigdata.com/rdf#>
PREFIX wd: <http://www.wikidata.org/entity/>
PREFIX wdt: <http://www.wikidata.org/prop/direct/>
PREFIX wikibase: <http://wikiba.se/ontology#>

SELECT ?item ?itemLabel ?code ?native_label (lang(?native_label) AS ?lang) ?missing1 ?missing2
WITH {
SELECT ?item ?native_label ?code WHERE {
?item wdt:P463 wd:Q8908 .
?item wdt:P1705 ?native_label .
?item wdt:P297 ?code .
}
} AS %countries
WHERE {
INCLUDE %countries .
OPTIONAL {
INCLUDE %countries .
BIND(SUBSTR(?code,1,1) AS ?first) .
BIND(?first AS ?missing1) .
FILTER(! CONTAINS(UCASE(?native_label), ?first) )
}
OPTIONAL {
INCLUDE %countries .
BIND(SUBSTR(?code,2,1) AS ?second) .
BIND(?second AS ?missing2) .
FILTER(! CONTAINS(UCASE(?native_label), ?second) ) .
}
FILTER(bound(?missing1) || bound(?missing2)) .
SERVICE wikibase:label { bd:serviceParam wikibase:language ""[AUTO_LANGUAGE],en"". }
} ORDER BY ?itemLabel",True,True,1.0,1,3
477,complex,List all current US Supreme Court justices along with their date of birth.,"PREFIX bd: <http://www.bigdata.com/rdf#>
PREFIX p: <http://www.wikidata.org/prop/>
PREFIX pq: <http://www.wikidata.org/prop/qualifier/>
PREFIX ps: <http://www.wikidata.org/prop/statement/>
PREFIX wd: <http://www.wikidata.org/entity/>
PREFIX wdt: <http://www.wikidata.org/prop/direct/>
PREFIX wikibase: <http://wikiba.se/ontology#>

SELECT ?image ?partyLabel ?justiceLabel ?birthdate
WHERE
{
?justice p:P39 ?statement .
{ ?statement ps:P39 wd:Q11144 } UNION { ?statement ps:P39 wd:Q11147 }
?statement pq:P580 ?appointed .
FILTER NOT EXISTS { ?statement pq:P582 ?x }
?justice wdt:P569 ?birthdate .
?justice wdt: ?party .
?justice wdt: ?image .
SERVICE wikibase:label { bd:serviceParam wikibase:language ""en"" }
}",True,True,0.0,2,6
478,complex,What are the most common first names among people born in Auvergne?,"PREFIX bd: <http://www.bigdata.com/rdf#>
PREFIX p: <http://www.wikidata.org/prop/>
PREFIX ps: <http://www.wikidata.org/prop/statement/>
PREFIX wd: <http://www.wikidata.org/entity/>
PREFIX wdt: <http://www.wikidata.org/prop/direct/>
PREFIX wikibase: <http://wikiba.se/ontology#>

SELECT ?prenomLabel (COUNT(?q) AS ?compte) WHERE {
?q wdt:/wdt:* ?dpt ; wdt: ?prenom .
?dpt p:/ps: wd: ; wdt: wd: .
SERVICE wikibase:label { bd:serviceParam wikibase:language ""[AUTO_LANGUAGE],en"". }
}
GROUP BY ?prenomLabel
HAVING ( ?compte > 5 )",True,True,0.0,2,4
479,complex,What materials were used in the most paintings?,"PREFIX p: <http://www.wikidata.org/prop/>
PREFIX pq: <http://www.wikidata.org/prop/qualifier/>
PREFIX ps: <http://www.wikidata.org/prop/statement/>
PREFIX wd: <http://www.wikidata.org/entity/>
PREFIX wdt: <http://www.wikidata.org/prop/direct/>

SELECT ?material (COUNT(?painting) AS ?count)
WHERE
{
?painting wdt:P31/wdt:P279* wd:Q3305213;
p:P186 [ ps:P186 ?material; pq:P518 wd:Q861259 ].
}
GROUP BY ?material",True,False,0.0,2,4
480,complex,"What are the names of stars, galaxies, star clusters and nebulae inspired by?","PREFIX bd: <http://www.bigdata.com/rdf#>
PREFIX wd: <http://www.wikidata.org/entity/>
PREFIX wdt: <http://www.wikidata.org/prop/direct/>
PREFIX wikibase: <http://wikiba.se/ontology#>

SELECT DISTINCT ?obj ?objLabel ?objDescription ?nom ?nomLabel ?nomDescription
WHERE {
{?obj wdt:P31/wdt:P279* wd:Q318} UNION {?obj wdt:P31/wdt:P279* wd:Q523}
UNION {?obj wdt:P31/wdt:P279* wd:Q1054444}
UNION {?obj wdt:P31/wdt:P279* wd:Q168845}
?obj wdt:P138 ?nom
SERVICE wikibase:label { bd:serviceParam wikibase:language ""[AUTO_LANGUAGE],en"" }
} ORDER BY ASC(?objLabel)",True,False,0.0,4,3
481,complex,What properties are most commonly qualified?,"PREFIX bd: <http://www.bigdata.com/rdf#>
PREFIX hint: <http://www.bigdata.com/queryHints#>
PREFIX pq: <http://www.wikidata.org/prop/qualifier/>
PREFIX wikibase: <http://wikiba.se/ontology#>

SELECT ?property ?propertyLabel (COUNT(DISTINCT ?statement) AS ?count) WHERE {
hint:Query hint:optimizer ""None"" .
?statement pq:P1013 ?qualifier_value .
?statement ?ps ?value .
?property wikibase:statementProperty ?ps .
SERVICE wikibase:label {
bd:serviceParam wikibase:language ""en"" .
}
} GROUP BY ?property ?propertyLabel
ORDER BY DESC(?count)",True,False,0.0,0,1
482,complex,What are the most common election days in different countries?,"PREFIX bd: <http://www.bigdata.com/rdf#>
PREFIX xsd: <http://www.w3.org/2001/XMLSchema#>
PREFIX p: <http://www.wikidata.org/prop/>
PREFIX psv: <http://www.wikidata.org/prop/statement/value/>
PREFIX wd: <http://www.wikidata.org/entity/>
PREFIX wdt: <http://www.wikidata.org/prop/direct/>
PREFIX wikibase: <http://wikiba.se/ontology#>

SELECT ?countryLabel ?weekday ?count ?totalCount ?percentage
WITH {
SELECT ?country ?offset (COUNT(DISTINCT ?election) AS ?count) WHERE {
?election wdt:P31/wdt:P279* wd:Q40231;
wdt:P17 ?country;
p:P585/psv:P585 [
wikibase:timeValue ?date;
wikibase:timePrecision ?precision
].
FILTER(?precision >= ""11""^^xsd:integer)
MINUS { ?country wdt:P156|wdt:P576|wdt:P582 ?end. }
BIND(?date - ""1776-07-04""^^xsd:dateTime AS ?offsetInt)
BIND(?offsetInt - (7 * xsd:integer(xsd:float(?offsetInt) / 7.0)) AS ?offsetSigned)
BIND(IF(?offsetSigned < 0, ?offsetSigned + 7, ?offsetSigned) AS ?offset)
}
GROUP BY ?country ?offset
} AS %offsets
WITH {
SELECT ?country ?weekday ?count WHERE {
INCLUDE %offsets.
BIND(IF(?offset = 0, ""Thursday""@en,
IF(?offset = 1, ""Friday""@en,
IF(?offset = 2, ""Saturday""@en,
IF(?offset = 3, ""Sunday""@en,
IF(?offset = 4, ""Monday""@en,
IF(?offset = 5, ""Tuesday""@en,
IF(?offset = 6, ""Wednesday""@en,
""unknown day""@en)))))))
AS ?weekday)
}
} AS %weekdays
WITH {
SELECT ?country (MAX(?count) AS ?maxCount) (SUM(?count) AS ?totalCount) WHERE {
INCLUDE %weekdays.
}
GROUP BY ?country
HAVING(?totalCount >= 3) # filter out countries with not enough data (3 is a very generous limit)
} AS %maxWeekdayCount
WITH {
SELECT ?country (SAMPLE(?weekday) AS ?weekday) ?count ?totalCount WHERE {
INCLUDE %weekdays.
INCLUDE %maxWeekdayCount.
FILTER(?count = ?maxCount)
}
GROUP BY ?country ?count ?totalCount
} AS %maxWeekday
WHERE {
INCLUDE %maxWeekday.
BIND(?count / ?totalCount AS ?ratio)
BIND(CONCAT(SUBSTR(STR(100 * ?ratio), 1, 5), ""%"") AS ?percentage)
SERVICE wikibase:label { bd:serviceParam wikibase:language ""[AUTO_LANGUAGE],en"". }
}
ORDER BY DESC(?totalCount)",True,True,1.0,1,7
483,complex,List all pairs of churches in the UK that are almost adjacent to each other.,"PREFIX bd: <http://www.bigdata.com/rdf#>
PREFIX wd: <http://www.wikidata.org/entity/>
PREFIX wdt: <http://www.wikidata.org/prop/direct/>
PREFIX wikibase: <http://wikiba.se/ontology#>

SELECT ?church ?churchLabel ?churchloc ?dist ?other ?otherLabel
WHERE
{
?church wdt:P31 wd:Q16970 . # this thing is a church
?church wdt:P17 wd:Q145 . # and it's in the UK
?church wdt:P625 ?churchloc . # and it has a location
?other wdt:P31 wd:Q16970 . # another thing is also a church
SERVICE wikibase:around {
?other wdt:P625 ?otherloc .
bd:serviceParam wikibase:center ?churchloc .
bd:serviceParam wikibase:radius ""0.025"" . # and is pretty much exactly on the same spot (+-25m)
}
FILTER (STR(?church) > STR(?other)) # filter so each pair only shows up once
SERVICE wikibase:label { bd:serviceParam wikibase:language ""en"" }
BIND(geof:distance(?churchloc, ?otherloc) as ?dist)
}
ORDER BY ?dist",True,True,1.0,2,3
484,complex,What are the most common Roman praenomina?,"PREFIX bd: <http://www.bigdata.com/rdf#>
PREFIX wd: <http://www.wikidata.org/entity/>
PREFIX wdt: <http://www.wikidata.org/prop/direct/>
PREFIX wikibase: <http://wikiba.se/ontology#>

SELECT ?item ?itemLabel (SAMPLE(?holder) as ?sample) (COUNT(DISTINCT ?holder) as ?ct)
{
?item wdt:P31 wd:Q1240901 .
OPTIONAL { ?holder wdt:P2358 ?item }
MINUS { ?item wdt:P31 wd:Q4167410 }
MINUS { ?item wdt:P31 wd:Q101352 }
SERVICE wikibase:label { bd:serviceParam wikibase:language ""en"" .}
}
GROUP BY ?item ?itemLabel",True,True,0.9922,3,2
485,complex,Find the artist born between 1880 and 1944 with a given name starting with 'D' and family name starting with 'K'.,"PREFIX bd: <http://www.bigdata.com/rdf#>
PREFIX hint: <http://www.bigdata.com/queryHints#>
PREFIX xsd: <http://www.w3.org/2001/XMLSchema#>
PREFIX wd: <http://www.wikidata.org/entity/>
PREFIX wdt: <http://www.wikidata.org/prop/direct/>
PREFIX wikibase: <http://wikiba.se/ontology#>

SELECT DISTINCT ?item ?d1 ?d2 ?nl0 ?nl1 ?itemDescription ?sig
WHERE
{
?item wdt:P569 ?d1 ; wdt:P570 ?d2 .
hint:Prior hint:rangeSafe true .
FILTER( ?d1 > ""1880-00-00""^^xsd:dateTime &&
?d2 > ""1964-00-00""^^xsd:dateTime &&
?d1 < ""1944-00-00""^^xsd:dateTime
)
?item wdt:P735 / wdt:P1705 ?nl0 . FILTER( REGEX(?nl0, ""^D"" ) )
?item wdt: / wdt:P1705 ?nl1 . FILTER( REGEX(?nl1, ""^K"" ) )
?item wdt:/wdt:* wd:Q3391743 .
hint:Prior hint:gearing ""forward"".
OPTIONAL { ?item wdt: ?sig }
SERVICE wikibase:label { bd:serviceParam wikibase:language ""[AUTO_LANGUAGE],en"" }
}",True,True,0.0,1,8
486,complex,List all landlocked countries that share a border with a coastal country.,"PREFIX bd: <http://www.bigdata.com/rdf#>
PREFIX wd: <http://www.wikidata.org/entity/>
PREFIX wdt: <http://www.wikidata.org/prop/direct/>
PREFIX wikibase: <http://wikiba.se/ontology#>

SELECT ?country1 ?country1Label ?rgb ?country2 ?country2Label WHERE {
{
SELECT ?landlocked1 ?coastal ?landlocked2 WHERE {
?landlocked1 wdt:P31 wd:Q3624078, wd:Q123480;
wdt:P47 ?coastal.
?coastal wdt:P31 wd:Q3624078.
MINUS { ?coastal wdt:P31 wd:Q123480. }
?coastal wdt:P47 ?landlocked2.
FILTER(?landlocked2 != ?landlocked1)
?landlocked2 wdt:P31 wd:Q3624078, wd:Q123480.
}
}
VALUES ?switch { true false }
BIND(IF(?switch, ?landlocked1, ?coastal) AS ?country1)
BIND(IF(?switch, ?coastal, ?landlocked2) AS ?country2)
BIND(IF(?switch, ""FFBB33"", ""0033CC"") AS ?rgb)
SERVICE wikibase:label { bd:serviceParam wikibase:language ""[AUTO_LANGUAGE],en"". }
}",True,True,1.0,2,2
487,complex,Show me words that describe people from a certain place on the map.,"PREFIX bd: <http://www.bigdata.com/rdf#>
PREFIX dct: <http://purl.org/dc/terms/>
PREFIX ontolex: <http://www.w3.org/ns/lemon/ontolex#>
PREFIX wdt: <http://www.wikidata.org/prop/direct/>
PREFIX wikibase: <http://wikiba.se/ontology#>

SELECT ?l ?lemma ?demoPlaceLabel ?coords WHERE {
?l a ontolex:LexicalEntry ;
dct:language ?language ;
wikibase:lemma ?lemma .
?language wdt:P218 'sv'. # language
?l ontolex:sense ?sense.
?sense wdt:P6271 ?demoPlace.
?demoPlace wdt:P625 ?coords
SERVICE wikibase:label { bd:serviceParam wikibase:language ""[AUTO_LANGUAGE],en"". }
}",True,True,1.0,0,3
488,complex,List the top drama schools by student population.,"PREFIX bd: <http://www.bigdata.com/rdf#>
PREFIX wd: <http://www.wikidata.org/entity/>
PREFIX wdt: <http://www.wikidata.org/prop/direct/>
PREFIX wikibase: <http://wikiba.se/ontology#>

SELECT ?school ?schoolLabel (SAMPLE(?schoolWebsite) as ?website) (COUNT(?student) AS ?students) WHERE {
?school wdt:P31/wdt:* wd:Q2143781 .
OPTIONAL { ?school wdt: ?schoolWebsite } .
?student wdt:P31 wd:Q5 .
?student wdt: ?school .
SERVICE wikibase:label { bd:serviceParam wikibase:language ""en"" }
} GROUP BY ?school ?schoolLabel ORDER BY DESC(?students)",True,True,0.0,2,4
489,complex,List the members of scholarly societies who died before 1800.,"PREFIX bd: <http://www.bigdata.com/rdf#>
PREFIX wd: <http://www.wikidata.org/entity/>
PREFIX wdt: <http://www.wikidata.org/prop/direct/>
PREFIX wikibase: <http://wikiba.se/ontology#>

SELECT ?person ?personLabel ?group ?groupLabel (""7FFF00"" as ?rgb)
WHERE {
?person wdt:P570 ?death FILTER (YEAR(?death) < 1800).
?person wdt:P463 wd:Q123885. # That ?person is a person is implicit through membership
?person wdt:P463 ?group FILTER (?group != wd:Q123885).
?group wdt:P31/wdt:P279? wd:Q955824.
SERVICE wikibase:label { bd:serviceParam wikibase:language ""[AUTO_LANGUAGE],en"". }
}",True,True,1.0,2,4
490,complex,Find cemeteries in France that are close to churches.,"PREFIX bd: <http://www.bigdata.com/rdf#>
PREFIX wd: <http://www.wikidata.org/entity/>
PREFIX wdt: <http://www.wikidata.org/prop/direct/>
PREFIX wikibase: <http://wikiba.se/ontology#>

SELECT ?cemetery ?cemeteryLabel ?churchLabel ?church ?distance {
?cemetery wdt:P31/wdt:* wd:Q39614;
wdt: wd:Q142;
wdt: ?cem_coords.
SERVICE wikibase:around {
?church wdt: ?chr_coords.
bd:serviceParam wikibase:center ?cem_coords.
bd:serviceParam wikibase:radius ""0.02"".
bd:serviceParam wikibase:distance ?distance.
}
FILTER EXISTS {
?church wdt:P31/wdt:* wd:Q16970.
}
SERVICE wikibase:label { bd:serviceParam wikibase:language ""[AUTO_LANGUAGE], en"". }
}",True,True,1.0,3,4
491,complex,What are the screenwriting credits of Donald P. Bellisario?,"PREFIX bd: <http://www.bigdata.com/rdf#>
PREFIX wd: <http://www.wikidata.org/entity/>
PREFIX wdt: <http://www.wikidata.org/prop/direct/>
PREFIX wikibase: <http://wikiba.se/ontology#>

SELECT ?creditLabel ?item ?itemLabel ?itemDescription ?typeLabel ?series ?seriesLabel (MIN(?date) as ?date_)
WHERE
{
{ ?item wdt:P58 wd:Q710739 . BIND ( wd:Q28389 as ?credit ) }
UNION { ?item wdt:P57 wd:Q710739 . BIND ( wd:Q2526255 as ?credit ) }
OPTIONAL { ?item wdt:P31 ?type }
OPTIONAL { ?item wdt:P179 ?series }
OPTIONAL { ?item wdt:P577 ?date }
SERVICE wikibase:label { bd:serviceParam wikibase:language ""[AUTO_LANGUAGE],en"". }
}
GROUP BY ?item ?itemLabel ?itemDescription ?typeLabel ?series ?seriesLabel ?creditLabel
ORDER BY (!BOUND(?date_)) DESC(?date_)",True,True,1.0,3,4
492,complex,List all Twitter handles of current UK Members of Parliament.,"PREFIX bd: <http://www.bigdata.com/rdf#>
PREFIX p: <http://www.wikidata.org/prop/>
PREFIX pq: <http://www.wikidata.org/prop/qualifier/>
PREFIX ps: <http://www.wikidata.org/prop/statement/>
PREFIX wd: <http://www.wikidata.org/entity/>
PREFIX wdt: <http://www.wikidata.org/prop/direct/>
PREFIX wikibase: <http://wikiba.se/ontology#>

SELECT ?p ?pLabel ?groupLabel (URI(CONCAT(""https://twitter.com/"", ?tw)) AS ?twitterlink) WHERE {
?p p:P39 ?s. ?s ps:P39 wd:Q77685926; pq:P4100 ?group
OPTIONAL {?p wdt: ?tw}
SERVICE wikibase:label { bd:serviceParam wikibase:language ""[AUTO_LANGUAGE],en"". }
} ORDER BY ?groupLabel ?pLabel",True,True,0.6791,1,3
493,complex,List all Tour de France stage winners by nationality from 1903 to 2022.,"PREFIX rdfs: <http://www.w3.org/2000/01/rdf-schema#>
PREFIX p: <http://www.wikidata.org/prop/>
PREFIX pq: <http://www.wikidata.org/prop/qualifier/>
PREFIX ps: <http://www.wikidata.org/prop/statement/>
PREFIX wd: <http://www.wikidata.org/entity/>
PREFIX wdt: <http://www.wikidata.org/prop/direct/>

SELECT ?tour ?tourLabel ?startdate ?tournumber ?item ?itemLabel ?stagenumber ?winner ?winnerLabel ?country ?countryLabel WHERE {
?tour wdt:P31 wd:;
rdfs:label ?tourLabel.
FILTER((LANG(?tourLabel)) = ""en"")
?item wdt:P361 ?tour;
rdfs:label ?itemLabel.
FILTER((LANG(?itemLabel)) = ""en"")
?tour wdt:P580 ?startdate.
?tour wdt:P393 ?tournumber.
?item wdt:P1545 ?stagenumber.
?item p:P1346 ?statement.
?statement ps:P1346 ?winner.
?statement pq:P1013 wd:Q20882747 .
?winner rdfs:label ?winnerLabel.
FILTER((LANG(?winnerLabel)) = ""en"" )
?winner wdt:P27 ?country.
?country rdfs:label ?countryLabel.
FILTER((LANG(?countryLabel)) = ""en"" )
}",True,True,1.0,2,8
494,complex,List US companies founded by people or their parents born outside the US.,"PREFIX bd: <http://www.bigdata.com/rdf#>
PREFIX rdfs: <http://www.w3.org/2000/01/rdf-schema#>
PREFIX wd: <http://www.wikidata.org/entity/>
PREFIX wdt: <http://www.wikidata.org/prop/direct/>
PREFIX wikibase: <http://wikiba.se/ontology#>

SELECT ?companyLabel (GROUP_CONCAT(DISTINCT ?founderLabel; separator="", "") AS ?founders) WHERE {
?company wdt: ?founder;
wdt: wd:Q30.
FILTER EXISTS { ?company wdt:|wdt: []. }
?founder (wdt:|wdt:)?/wdt: ?placeOfBirth.
MINUS { ?placeOfBirth wdt: wd:Q30. }
OPTIONAL { ?founder rdfs:label ?founderLabel. FILTER(LANG(?founderLabel) = ""en""). }
OPTIONAL { ?company wdt:|wdt:|wdt:|wdt:|wdt: ?money. }
SERVICE wikibase:label { bd:serviceParam wikibase:language ""en"". }
}
GROUP BY ?companyLabel
ORDER BY DESC(MAX(?money)) ?companyLabel",True,True,0.0,1,12
495,complex,List all railway incidents with their locations and number of injured people.,"PREFIX bd: <http://www.bigdata.com/rdf#>
PREFIX wd: <http://www.wikidata.org/entity/>
PREFIX wdt: <http://www.wikidata.org/prop/direct/>
PREFIX wikibase: <http://wikiba.se/ontology#>

SELECT distinct ?h ?hLabel ?location (CONCAT(""injured: "",str(?injured)) as ?injuredl) (concat(""dead: "",str(?dead)) as ?deadl) ?date ?image WHERE {
?h wdt:/wdt:* wd:.
optional { ?h wdt: ?injured . }
optional { ?h wdt: ?dead. }
optional { ?h wdt:?/wdt: ?location }
optional { ?h wdt: ?date }
optional { ?h wdt:P18 ?image }
SERVICE wikibase:label { bd:serviceParam wikibase:language ""en"" }
} order by desc(?date)",True,True,0.0,1,8
496,complex,List all winners of the Theatre World Award with their pictures and a timeline.,"PREFIX bd: <http://www.bigdata.com/rdf#>
PREFIX p: <http://www.wikidata.org/prop/>
PREFIX pq: <http://www.wikidata.org/prop/qualifier/>
PREFIX ps: <http://www.wikidata.org/prop/statement/>
PREFIX wd: <http://www.wikidata.org/entity/>
PREFIX wdt: <http://www.wikidata.org/prop/direct/>
PREFIX wikibase: <http://wikiba.se/ontology#>

SELECT DISTINCT ?item ?itemLabel ?itemDescription ?award_label (SAMPLE(?date) AS ?year) (SAMPLE(?photo) AS ?pic)
WHERE {
?item p:P166 ?awardStatement .
?awardStatement ps:P166 ?award ;
pq:P585 ?date .
VALUES (?award ?award_label) {
(wd:Q1131356 ""Theatre World Award"")
(wd:Q28007396 ""Dorothy Loudon Award"")
(wd:Q28007416 ""Special Award"")
(wd:Q28007447 ""John Willis Award"")
(wd:Q28007406 ""Lunt-Fontanne Award"")
} .
OPTIONAL { ?item wdt:P18 ?photo . }
SERVICE wikibase:label { bd:serviceParam wikibase:language ""en"" . }
}GROUP BY ?item ?itemLabel ?itemDescription ?award_label
ORDER BY ?year",True,True,1.0,5,3
497,complex,What are the most common last names among humans?,"PREFIX bd: <http://www.bigdata.com/rdf#>
PREFIX wd: <http://www.wikidata.org/entity/>
PREFIX wdt: <http://www.wikidata.org/prop/direct/>
PREFIX wikibase: <http://wikiba.se/ontology#>

SELECT ?surname ?surnameLabel ?count WHERE {
{
SELECT ?surname (COUNT(?person) AS ?count) WHERE {
?person wdt: wd:Q5.
?person wdt: ?surname.
}
GROUP BY ?surname
}
SERVICE wikibase:label { bd:serviceParam wikibase:language ""en"". }
}
ORDER BY DESC(?count)
LIMIT 100",True,True,1.0,1,2
498,complex,What are the key events in Robert Louis Stevenson's life?,"PREFIX bd: <http://www.bigdata.com/rdf#>
PREFIX xsd: <http://www.w3.org/2001/XMLSchema#>
PREFIX wd: <http://www.wikidata.org/entity/>
PREFIX wdt: <http://www.wikidata.org/prop/direct/>
PREFIX wikibase: <http://wikiba.se/ontology#>

SELECT DISTINCT ?t ?value ?valueLabel ?rrLabel ?rr (SAMPLE(?image) as ?img)
WHERE
{
VALUES ?person {wd:Q1512}
{?person wdt:P570 ?death .
?person ?prop ?t FILTER (datatype(?t)=xsd:dateTime) FILTER (?t <= ?death) .
?value wikibase:directClaim ?prop. }
UNION
{
?person ?q ?statement FILTER regex (STR(?q),""prop/P"") . #exclude P:describedBy
?person wdt:P570 ?death .
?statement ?p ?t FILTER regex (STR(?p), ""prop/qualifier/P"") FILTER (datatype(?t)=xsd:dateTime) FILTER (?t <= ?death).
?statement ?r ?value FILTER regex (STR(?r),""prop/statement/"") .
BIND(IRI(CONCAT(CONCAT(SUBSTR(STR(?r),1,29),""direct/""),SUBSTR(STR(?r),40))) as ?rprop)
?rr wikibase:directClaim ?rprop .
OPTIONAL {?value wdt:P18 ?image}
}
UNION { # author of / creator of
?value wdt:P50|wdt:P98|wdt:P655|wdt:|wdt:P170 ?person .
?person wdt:P570 ?death .
?value wdt:P571|wdt:P577 ?t .
FILTER (?t <= ?death)
#FILTER NOT EXISTS {?value wdt: ?x }
FILTER NOT EXISTS {?person wdt: ?value } .
OPTIONAL {?value wdt: ?rr .}
OPTIONAL {?value wdt:P18 ?image .}
}
UNION #Notable Works
{
?person wdt: ?rr ;
wdt:P570 ?death ;
wdt: ?birth .
?rr wdt:P577|wdt:P571|wdt: ?t FILTER ((?t <= ?death)&&(?t >= ?birth)).
OPTIONAL {?rr wdt:P18 ?image .}
}
UNION #discoverer or inventor
{
?rr wdt: ?person .
?person wdt:P570 ?death ;
wdt: ?birth .
?rr wdt:|wdt:P571|wdt: ?t FILTER ((?t <= ?death)&&(?t >= ?birth)).
OPTIONAL {?rr wdt:P18 ?image .}
}
UNION #architect
{
?rr wdt: ?person .
?person wdt:P570 ?death ;
wdt: ?birth .
?rr wdt:P571|wdt: ?t FILTER ((?t <= ?death)&&(?t >= ?birth)).
OPTIONAL {?rr wdt:P18 ?image .}
}
UNION #composer
{
?rr wdt: ?person .
?person wdt:P570 ?death ;
wdt: ?birth .
?rr wdt:P571|wdt:|wdt:P577 ?t FILTER ((?t <= ?death)&&(?t >= ?birth)).
OPTIONAL {?rr wdt:P18 ?image .}
}
SERVICE wikibase:label { bd:serviceParam wikibase:language ""en, fr, de"". }
} GROUP BY ?t ?value ?rr ?rrLabel ?valueLabel
ORDER BY ?t",True,True,0.8879,1,20
499,complex,List all artworks with titles that have a rhyming pattern.,"PREFIX wd: <http://www.wikidata.org/entity/>
PREFIX wdt: <http://www.wikidata.org/prop/direct/>

SELECT ?work ?title
WHERE
{
?work wdt:P31/wdt:P279* wd:Q838948;
wdt:P1476 ?title.
FILTER(REGEX(?title, ""^\\w*(\\w{3})(\\W+\\w*\\1)+$"", ""i"") && !REGEX(?title, ""^(\\w+)(\\W+\\1)+$"", ""i"")).
}
ORDER BY STR(?title)",True,False,0.0,1,3
500,complex,List the names of film composers who have worked on more than 100 films.,"PREFIX bd: <http://www.bigdata.com/rdf#>
PREFIX wd: <http://www.wikidata.org/entity/>
PREFIX wdt: <http://www.wikidata.org/prop/direct/>
PREFIX wikibase: <http://wikiba.se/ontology#>

SELECT ?composer ?countryLabel (count(distinct ?f) as ?count) (min(year(?date)) as ?min) (max(year(?date)) as ?max) WHERE {
?f wdt:P31 wd:Q11424 ;
wdt:P86 ?composer .
optional {?f wdt:P577 ?date }
?composer wdt:P27 ?country .
SERVICE wikibase:label { bd:serviceParam wikibase:language ""en"". }
} group by ?composer ?countryLabel having (?count > 100)",True,True,1.0,1,4
501,complex,List the UK Parliament members with mythical ancestors.,"PREFIX bd: <http://www.bigdata.com/rdf#>
PREFIX p: <http://www.wikidata.org/prop/>
PREFIX ps: <http://www.wikidata.org/prop/statement/>
PREFIX wd: <http://www.wikidata.org/entity/>
PREFIX wdt: <http://www.wikidata.org/prop/direct/>
PREFIX wikibase: <http://wikiba.se/ontology#>

SELECT ?mp ?mpLabel ?person ?personLabel ?born ?died ?typeLabel WHERE {
?mp p:P39 ?positionStatement .
?positionStatement ps:P39 wd:Q30524710 . # this person is a member of the current parliament
{ ?mp (wdt:P25|wdt:P22)* ?person . } # mp's mother or father, or their mother or father, and so on
filter not exists { ?person wdt:P31 wd:Q5 } . # the ancestor is not ""a human""
?person wdt:P31 ?type .
OPTIONAL { ?person wdt:P569 ?born } .
OPTIONAL { ?person wdt:P570 ?died } .
SERVICE wikibase:label { bd:serviceParam wikibase:language ""en"". }
}",True,False,0.0,2,6
502,complex,List the properties used to link preprints and articles.,"PREFIX bd: <http://www.bigdata.com/rdf#>
PREFIX wd: <http://www.wikidata.org/entity/>
PREFIX wdt: <http://www.wikidata.org/prop/direct/>
PREFIX wikibase: <http://wikiba.se/ontology#>

SELECT ?property ?propertyLabel ?uses ?example_preprint ?example_preprint_title ?example_article ?example_article_title
WITH {
SELECT ?directProperty (COUNT(?preprint) as ?uses) (SAMPLE(?preprint) as ?example_preprint) (SAMPLE(?article) as ?example_article) WHERE {
?preprint wdt:P31 wd:Q580922 .
?article wdt:P31 wd:Q13442814 .
?preprint ?directProperty ?article .
FILTER(STRSTARTS(STR(?directProperty), STR(wdt:)))
} GROUP BY ?directProperty
} AS %properties
WHERE {
INCLUDE %properties .
?property wikibase:directClaim ?directProperty .
?example_preprint wdt:P1476 ?example_preprint_title .
?example_article wdt:P1476 ?example_article_title .
SERVICE wikibase:label { bd:serviceParam wikibase:language ""en"". }
} ORDER BY desc(?uses)",True,True,1.0,2,2
503,complex,List the top educational institutions attended by US senators.,"PREFIX bd: <http://www.bigdata.com/rdf#>
PREFIX wd: <http://www.wikidata.org/entity/>
PREFIX wdt: <http://www.wikidata.org/prop/direct/>
PREFIX wikibase: <http://wikiba.se/ontology#>

SELECT (COUNT(?mp) AS ?mps) ?education ?educationLabel ?educationDescription
WHERE {
?mp wdt:P39 wd:Q4416090;
wdt:P69 ?education.
SERVICE wikibase:label { bd:serviceParam wikibase:language ""[AUTO_LANGUAGE],en"" }
} GROUP BY ?education ?educationLabel ?educationDescription
ORDER BY DESC(?mps)",True,True,1.0,1,2
504,complex,List all authors of academic papers connected to Paul Erdos.,"PREFIX bd: <http://www.bigdata.com/rdf#>
PREFIX wd: <http://www.wikidata.org/entity/>
PREFIX wdt: <http://www.wikidata.org/prop/direct/>
PREFIX wikibase: <http://wikiba.se/ontology#>
PREFIX gas: <http://www.bigdata.com/rdf/gas#>

select ?author ?authorLabel ?work ?workLabel where {
{
select ?work ?author where {
service gas:service {
gas:program gas:gasClass ""com.bigdata.rdf.graph.analytics.BFS"" ;
gas:in wd:Q173746 ;
gas:target wd:Q25975509 ;
gas:traversalDirection ""Undirected"" ;
gas:out ?work ;
gas:out1 ?depth ;
gas:out2 ?predecessor ;
gas:linkType wdt:P50 ;
gas:maxIterations 12;
gas:maxVisited 2000 .
}
?work wdt:P50 ?author
}
}
union {
bind(wd:Q25975509 as ?work)
?work wdt:P50 ?author .
}
SERVICE wikibase:label {
bd:serviceParam wikibase:language ""en"" .
}
}",True,True,1.0,2,1
505,complex,List female dancers and choreographers with an English Wikipedia article but not a French one.,"PREFIX bd: <http://www.bigdata.com/rdf#>
PREFIX schema: <http://schema.org/>
PREFIX wd: <http://www.wikidata.org/entity/>
PREFIX wdt: <http://www.wikidata.org/prop/direct/>
PREFIX wikibase: <http://wikiba.se/ontology#>

SELECT ?item ?itemLabel (COUNT(distinct ?sitelink) as ?count) (SAMPLE(?picture) as ?picture)
WHERE
{
?item wdt:P31 wd:Q5 .
?item wdt:P21 wd:Q6581072 .
?item wdt:P106 ?dancer .
VALUES ?dancer {
wd:Q5716684
wd:Q805221
wd:Q2490358
}
?item wdt:P18 ?picture .
?sitelink schema:about ?item .
FILTER EXISTS { ?wen schema:about ?item . ?wen schema:inLanguage ""en"" }
FILTER NOT EXISTS { ?wfr schema:about ?item . ?wfr schema:inLanguage ""fr"" }
SERVICE wikibase:label {
bd:serviceParam wikibase:language ""fr,en"" .
}
}
GROUP BY ?item ?itemLabel
ORDER BY DESC(?count)",True,True,1.0,4,4
506,complex,List the universities attended by UK ambassadors.,"PREFIX bd: <http://www.bigdata.com/rdf#>
PREFIX p: <http://www.wikidata.org/prop/>
PREFIX ps: <http://www.wikidata.org/prop/statement/>
PREFIX wd: <http://www.wikidata.org/entity/>
PREFIX wdt: <http://www.wikidata.org/prop/direct/>
PREFIX wikibase: <http://wikiba.se/ontology#>

select distinct ?educatedLabel ?count
where
{
{ ?position wdt:P31 wd:Q18115939 . } union { ?position wdt:P31 wd:Q56760832 } . # position is UK ambassador or high commissioner
?person p:P39 ?positionStatement . ?positionStatement ps:P39 ?position . # find positions they held
{ select ?educated (count(?person) as ?count)
where {
{ ?position wdt:P31 wd:Q18115939 . } union { ?position wdt:P31 wd:Q56760832 } .
?person p:P39 ?positionStatement . ?positionStatement ps:P39 ?position .
?person wdt:P69 ?educated . # where were they educated
} group by ?educated }
SERVICE wikibase:label { bd:serviceParam wikibase:language ""[AUTO_LANGUAGE],en"". }
}
#defaultView:BubbleChart",True,True,1.0,2,3
507,complex,List all lighthouses in South America along with their coordinates.,"PREFIX bd: <http://www.bigdata.com/rdf#>
PREFIX rdfs: <http://www.w3.org/2000/01/rdf-schema#>
PREFIX schema: <http://schema.org/>
PREFIX xsd: <http://www.w3.org/2001/XMLSchema#>
PREFIX p: <http://www.wikidata.org/prop/>
PREFIX ps: <http://www.wikidata.org/prop/statement/>
PREFIX wd: <http://www.wikidata.org/entity/>
PREFIX wdt: <http://www.wikidata.org/prop/direct/>
PREFIX wikibase: <http://wikiba.se/ontology#>

SELECT DISTINCT ?lighthouse ?lighthouseName ?countryLabel (concat(str(?latitude), "", "", str(?longitude)) AS ?coordinates) ?height ?builtDateLabel ?functionalLabel ?wikipediaUrl
WHERE
{
?lighthouse wdt:P31 wd:Q39715. # find all instances of lighthouse
?country wdt:P30 wd:Q18. # find all instances of country in South America
?lighthouse wdt:P17 ?country. # find lighthouses in South American countries
OPTIONAL {
?lighthouse wdt:P17 ?country.
SERVICE wikibase:label { bd:serviceParam wikibase:language ""en"". }
}
OPTIONAL {
?lighthouse wdt: ?coordinates.
BIND(xsd:float(STRAFTER(STR(?coordinates), ""Point("")) AS ?longitude)
BIND(xsd:float(STRAFTER(STR(?coordinates), "" "" )) AS ?latitude)
}
OPTIONAL { ?lighthouse wdt: ?height. }
OPTIONAL { ?lighthouse wdt: ?builtDate. }
OPTIONAL {
?lighthouse p:/ps: ?wikipediaUrl. # get the English Wikipedia page URL
FILTER (LANG(?wikipediaUrl) = '' || LANG(?wikipediaUrl) = 'en')
}
OPTIONAL {
?lighthouse p: ?functionalClaim.
?functionalClaim ps: ?functional.
BIND(IF(?functional, ""Operational"", ""Not operational"") AS ?functionalLabel)
}
OPTIONAL {
?lighthouse rdfs:label ?lighthouseName.
FILTER (LANG(?lighthouseName) = 'en')
}
OPTIONAL {
?lighthouse schema:description ?lighthouseName.
FILTER (LANG(?lighthouseName) = 'en')
}
SERVICE wikibase:label { bd:serviceParam wikibase:language ""en"". }
}
ORDER BY ?lighthouseName",True,True,0.5431,2,8
508,complex,List languages with overlapping lexemes.,"PREFIX dct: <http://purl.org/dc/terms/>
PREFIX ontolex: <http://www.w3.org/ns/lemon/ontolex#>
PREFIX wdt: <http://www.wikidata.org/prop/direct/>

SELECT
# ?language1
?language1Label
# ?language2
?language2Label
(COUNT(?concept) AS ?count)
{
?concept ^wdt:P5137 / ^ontolex:sense ?lexeme1, ?lexeme2 .
?lexeme1 dct:language ?language1 .
?lexeme2 dct:language ?language2 .
?language1 wdt:P218 ?language1Label .
?language2 wdt:P218 ?language2Label .
# FILTER (?language1 != ?language2)
}
GROUP BY ?language1 ?language1Label ?language2 ?language2Label
HAVING (COUNT(?concept) > 10)",True,False,0.0,0,2
509,complex,List the main subjects of each episode in The West Wing TV series.,"PREFIX bd: <http://www.bigdata.com/rdf#>
PREFIX xsd: <http://www.w3.org/2001/XMLSchema#>
PREFIX p: <http://www.wikidata.org/prop/>
PREFIX pq: <http://www.wikidata.org/prop/qualifier/>
PREFIX ps: <http://www.wikidata.org/prop/statement/>
PREFIX wd: <http://www.wikidata.org/entity/>
PREFIX wdt: <http://www.wikidata.org/prop/direct/>
PREFIX wikibase: <http://wikiba.se/ontology#>

SELECT DISTINCT ?episode ?ordinal ?episodeLabel ?subject ?subjectLabel
WHERE {
?episode wdt:P31/wdt:P279* wd:Q21191270;
p:P179 ?statement.
OPTIONAL{ ?episode wdt:P921 ?subject }
?statement ps:P179 wd:Q3577037;
pq:P1545 ?ordinal
SERVICE wikibase:label { bd:serviceParam wikibase:language ""[AUTO_LANGUAGE],en"". }
} ORDER BY xsd:integer(?ordinal)",True,True,0.9983,2,5
510,complex,"List all people with their birth and death years, along with their places of birth and death.","PREFIX bd: <http://www.bigdata.com/rdf#>
PREFIX rdfs: <http://www.w3.org/2000/01/rdf-schema#>
PREFIX wdt: <http://www.wikidata.org/prop/direct/>
PREFIX wikibase: <http://wikiba.se/ontology#>

SELECT DISTINCT ?person ?personLabel (URI(CONCAT(""http://emlo.bodleian.ox.ac.uk/profile/person/"",?emlo)) AS ?emlolink) ?birthyear (IF(isBLANK(?pob),""unknown"",?pobLabel) AS ?birthplace) ?deathyear (IF(isBLANK(?pod),""unknown"",?podLabel) AS ?deathplace)
WHERE {
?person wdt:P1802 ?emlo;
OPTIONAL { ?person wdt:P569 ?dob }
OPTIONAL { ?person wdt:P570 ?dod }
OPTIONAL { ?person wdt: ?pob }
OPTIONAL { ?person wdt: ?pod }
BIND(YEAR(?dob) as ?birthyear)
BIND(YEAR(?dod) as ?deathyear)
SERVICE wikibase:label {
bd:serviceParam wikibase:language ""[AUTO_LANGUAGE],en,fr,de,nl,es,pl"".
?pob rdfs:label ?pobLabel.
?pod rdfs:label ?podLabel.
?person rdfs:label ?personLabel
}
} ORDER BY DESC(?birthyear)",True,True,0.8861,0,5
511,complex,Show me a map of French municipalities with homonymous names connected by lines based on their distance.,"PREFIX geo: <http://www.opengis.net/ont/geosparql#>
PREFIX rdfs: <http://www.w3.org/2000/01/rdf-schema#>
PREFIX p: <http://www.wikidata.org/prop/>
PREFIX psv: <http://www.wikidata.org/prop/statement/value/>
PREFIX wd: <http://www.wikidata.org/entity/>
PREFIX wdt: <http://www.wikidata.org/prop/direct/>
PREFIX wikibase: <http://wikiba.se/ontology#>

SELECT ?q1 ?q2 ?label ?coord1 ?coord2 ?dist ?layer ?line WHERE {
?q1 wdt:P31 wd:Q484170 ; rdfs:label ?label ; wdt:P625 ?coord1 . FILTER (lang(?label) = ""fr"").
?q1 p:P625/psv:P625 ?valuenode1. ?valuenode1 wikibase:geoLatitude ?lat1 . ?valuenode1 wikibase:geoLongitude ?lon1.
?q2 wdt:P31 wd:Q484170 ; rdfs:label ?label ; wdt:P625 ?coord2 . FILTER (lang(?label) = ""fr"").
?q2 p:P625/psv:P625 ?valuenode2. ?valuenode2 wikibase:geoLatitude ?lat2 . ?valuenode2 wikibase:geoLongitude ?lon2.
FILTER ( str(?q1) > str(?q2) )
BIND(geof:distance(?coord1, ?coord2) AS ?dist).
BIND(floor(?dist/100) AS ?layer).
BIND(CONCAT('LINESTRING (', STR(?lon1), ' ', STR(?lat1), ',', STR(?lon2), ' ', STR(?lat2), ')') AS ?str) .
BIND(STRDT(?str, geo:wktLiteral) AS ?line)
FILTER ( ?dist > 100 )
}
LIMIT 100",True,False,0.0,1,2
512,complex,Show me a map of places with their standard English and Welsh spellings.,"PREFIX bd: <http://www.bigdata.com/rdf#>
PREFIX prov: <http://www.w3.org/ns/prov#>
PREFIX p: <http://www.wikidata.org/prop/>
PREFIX pr: <http://www.wikidata.org/prop/reference/>
PREFIX wd: <http://www.wikidata.org/entity/>
PREFIX wdt: <http://www.wikidata.org/prop/direct/>
PREFIX wikibase: <http://wikiba.se/ontology#>

SELECT DISTINCT ?a ?coord ?authorityLabel ?official ?language WHERE {
{ ?a p:P1448/prov:wasDerivedFrom/pr:P248 wd:Q60849575 }
?a wdt:P625 ?coord .
?a wdt:P1448 ?official .
BIND( LANG(?official) AS ?language).
OPTIONAL { ?a wdt:P131 ?authority .}
SERVICE wikibase:label { bd:serviceParam wikibase:language ""cy"". }
}
ORDER BY ?aLabel",True,True,0.0,1,4
513,complex,What are the most common properties used in maps?,"PREFIX bd: <http://www.bigdata.com/rdf#>
PREFIX hint: <http://www.bigdata.com/queryHints#>
PREFIX wd: <http://www.wikidata.org/entity/>
PREFIX wdt: <http://www.wikidata.org/prop/direct/>
PREFIX wikibase: <http://wikiba.se/ontology#>

SELECT ?prop ?propLabel ?prop_items ?prop_stmts ?val ?valLabel ?val_count ?samp ?sampLabel
WITH {
SELECT ?item ?prop ?stmt ?val WHERE {
hint:Query hint:optimizer ""None"" .
wd:Q4006 ^wdt:P279*/^wdt:P31 ?item .
MINUS {?item wdt:P31 wd:Q17146139}
?item ?p ?stmt .
?prop wikibase:claim ?p .
?prop wikibase:statementProperty ?ps .
MINUS {
{?prop wdt:P31/wdt:P279* wd:Q19847637} # Wikidata property representing a unique identifier
UNION
{?prop wdt:P31/wdt:P279* wd:Q18614948} # Wikidata property for authority control
}
?stmt ?ps ?val .
} #LIMIT 2000
} AS %maps_props_vals
WITH {
SELECT ?prop (COUNT(DISTINCT(?item)) AS ?prop_items) (COUNT(DISTINCT(?stmt)) AS ?prop_stmts) WHERE {
INCLUDE %maps_props_vals
} GROUP BY ?prop
} AS %prop_stats
WITH {
SELECT ?prop ?val (COUNT(DISTINCT(?item)) AS ?val_count) (SAMPLE(?item) AS ?samp) WHERE {
INCLUDE %maps_props_vals
} GROUP BY ?prop ?val
HAVING (?val_count > 3)
} AS %prop_val_counts
WITH {
SELECT ?prop ?val ?samp ?val_count (COUNT(DISTINCT(?val1)) AS ?val_rank) WHERE {
INCLUDE %prop_val_counts .
{
SELECT ?prop (?val AS ?val1) (?val_count AS ?val1_count) WHERE {
INCLUDE %prop_val_counts
}
}
FILTER (?val1_count >= ?val_count)
} GROUP BY ?prop ?val ?val_count ?samp
} AS %prop_val_ranks
WHERE {
INCLUDE %prop_stats .
INCLUDE %prop_val_ranks .
SERVICE wikibase:label { bd:serviceParam wikibase:language ""[AUTO_LANGUAGE],en"". }
FILTER (?val_rank < 6) .
} ORDER BY DESC(?prop_items) DESC(?prop_stmts) ?prop ?val_rank",True,True,0.6302,4,2
514,complex,Find museums within a 20-kilometer radius from your current location.,"PREFIX bd: <http://www.bigdata.com/rdf#>
PREFIX schema: <http://schema.org/>
PREFIX wd: <http://www.wikidata.org/entity/>
PREFIX wdt: <http://www.wikidata.org/prop/direct/>
PREFIX wikibase: <http://wikiba.se/ontology#>

SELECT distinct ?museum ?museumLabel ?location ?dist ?img ?article ?URL WHERE {
SERVICE wikibase:label { bd:serviceParam wikibase:language ""sv,en"". }
SERVICE wikibase:around {
?museum wdt:P625 ?location.
bd:serviceParam wikibase:center ""[AUTO_COORDINATES]"".
bd:serviceParam wikibase:radius ""20"".
bd:serviceParam wikibase:distance ?dist.
}
{?museum wdt:P31 wd:Q33506}
UNION
{?museum wdt:P31/wdt:P279* wd:Q33506}
OPTIONAL {?article schema:about ?museum;
schema:inLanguage ""sv""}
OPTIONAL{?museum wdt:P18 ?img}
OPTIONAL {?museum wdt:P856 ?URL}
} limit 100",True,False,0.0,1,5
515,complex,Find people from Uppsala University with missing images in Wikidata.,"PREFIX bd: <http://www.bigdata.com/rdf#>
PREFIX p: <http://www.wikidata.org/prop/>
PREFIX pq: <http://www.wikidata.org/prop/qualifier/>
PREFIX wdt: <http://www.wikidata.org/prop/direct/>
PREFIX wikibase: <http://wikiba.se/ontology#>

SELECT ?personLabel ?item ?itemLabel ?img ?Alvin WHERE {
?person wdt:P6821 ?id.
BIND(URI(CONCAT(""http://www.alvin-portal.org/alvin/view.jsf?pid="", ?id)) AS ?Alvin)
?item p:P225 ?ScienceNameStat.
?ScienceNameStat pq:P405 ?person.
minus {?item wdt:P18 ?img}
SERVICE wikibase:label { bd:serviceParam wikibase:language ""en"". }
}",True,False,0.0,0,4
516,complex,What places are near the coordinates 48.87 latitude and 2.29 longitude?,"PREFIX bd: <http://www.bigdata.com/rdf#>
PREFIX p: <http://www.wikidata.org/prop/>
PREFIX psv: <http://www.wikidata.org/prop/statement/value/>
PREFIX wd: <http://www.wikidata.org/entity/>
PREFIX wdt: <http://www.wikidata.org/prop/direct/>
PREFIX wikibase: <http://wikiba.se/ontology#>

SELECT ?a ?aLabel ?lat ?long WHERE {
?a wdt:P131+ wd:Q90 . # administrative territorial entity = Paris
?a p:P625 ?statement . # coordinate-location statement
?statement psv:P625 ?coordinate_node .
?coordinate_node wikibase:geoLatitude ?lat .
?coordinate_node wikibase:geoLongitude ?long .
FILTER (ABS(?lat - 48.8738) < 0.01)
FILTER (ABS(?long - 2.2950) < 0.01)
SERVICE wikibase:label {
bd:serviceParam wikibase:language ""en"" .
}
} ORDER BY DESC(?lat)",True,True,1.0,1,2
517,complex,What languages are spoken in France?,"PREFIX bd: <http://www.bigdata.com/rdf#>
PREFIX schema: <http://schema.org/>
PREFIX wd: <http://www.wikidata.org/entity/>
PREFIX wdt: <http://www.wikidata.org/prop/direct/>
PREFIX wikibase: <http://wikiba.se/ontology#>

SELECT DISTINCT ?language ?groupeLabel ?languageLabel ?sitelink
WHERE {
{
VALUES (?language ?groupe) {
(wd:Q33302 wd:Q496250)
(wd:Q150 wd:Q23492)
}
} UNION {
?language wdt:P361 ?groupe .
?groupe wdt:P361 wd:Q496250 .
}
OPTIONAL {
?sitelink schema:about ?language .
?sitelink schema:inLanguage ""fr"" .
?sitelink schema:isPartOf <https://fr.wikipedia.org/>.
}
SERVICE wikibase:label { bd:serviceParam wikibase:language ""fr"". }
} ORDER BY ?languageLabel",True,True,1.0,4,1
518,complex,Find hillforts with design plans in the UK and show their locations on a map.,"PREFIX rdfs: <http://www.w3.org/2000/01/rdf-schema#>
PREFIX p: <http://www.wikidata.org/prop/>
PREFIX psv: <http://www.wikidata.org/prop/statement/value/>
PREFIX wd: <http://www.wikidata.org/entity/>
PREFIX wdt: <http://www.wikidata.org/prop/direct/>
PREFIX wikibase: <http://wikiba.se/ontology#>

SELECT ?label (SAMPLE(?coord) AS ?where) ?subj (?typeLabel AS ?layer) ?planimage WHERE
{ ?subj wdt:P31/wdt:P279? ?type ;
wdt:P625 ?coord ;
wdt:P31 ?type ;
wdt:P3311 ?planimage ;
rdfs:label ?label filter (lang(?label) = ""en"").
?type wdt:P279? wd:Q744099 ;
rdfs:label ?typeLabel filter (lang(?typeLabel) = ""en"").
?subj p:P625/psv:P625 ?loc. # coordinate-location statement
?loc wikibase:geoLatitude ?lat .
?loc wikibase:geoLongitude ?long .
FILTER (?lat > 49) FILTER (?lat < 63)
FILTER (?long > -10.5) FILTER (?long < 2.02)
} GROUP BY ?label ?subj ?typeLabel ?planimage",True,True,1.0,1,4
519,complex,List countries with the most citizens whose first name starts with X or Q.,"PREFIX bd: <http://www.bigdata.com/rdf#>
PREFIX wd: <http://www.wikidata.org/entity/>
PREFIX wdt: <http://www.wikidata.org/prop/direct/>
PREFIX wikibase: <http://wikiba.se/ontology#>

SELECT ?country ?countryLabel ?count WITH {
SELECT ?givenName ?givenNameLabel WHERE {
?givenName wdt:P31/wdt:P279* wd:Q202444;
wdt:P1705 ?givenNameLabel.
FILTER(STRSTARTS(?givenNameLabel, ""X"") || STRSTARTS(?givenNameLabel, ""Q""))
}
} AS %givenNames WITH {
SELECT ?country (COUNT(DISTINCT ?human) AS ?count) WHERE {
INCLUDE %givenNames.
?human wdt:P31 wd:Q5;
wdt:P735 ?givenName;
wdt:P27 ?country.
}
GROUP BY ?country
} AS %countries WHERE {
INCLUDE %countries.
SERVICE wikibase:label { bd:serviceParam wikibase:language ""en"". }
}
ORDER BY DESC(?count)",True,True,1.0,2,4
520,complex,List all women born in the United Kingdom.,"PREFIX bd: <http://www.bigdata.com/rdf#>
PREFIX wd: <http://www.wikidata.org/entity/>
PREFIX wdt: <http://www.wikidata.org/prop/direct/>
PREFIX wikibase: <http://wikiba.se/ontology#>

SELECT DISTINCT ?p ?pLabel ?pDescription WHERE {
?p wdt:P31 wd:Q5;
wdt:P21 wd:Q6581072;
{?p wdt:P19 wd:Q145} # place of birth: UK
UNION {?p wdt:P19 ?place.
{ ?place wdt:P131?/wdt:P27 wd:Q145 } # places whose country is the UK
UNION
{ ?place wdt:P131*/wdt:P27?/wdt:P31 wd:Q3336843 } # places whose country is a constituent of the UK
}
SERVICE wikibase:label { bd:serviceParam wikibase:language ""[AUTO_LANGUAGE],en"" }
} ORDER BY ?pLabel",True,False,0.0,4,5
521,complex,"Show me a map of medical facilities in Murshidabad district, India, with different colors for each type.","PREFIX bd: <http://www.bigdata.com/rdf#>
PREFIX rdfs: <http://www.w3.org/2000/01/rdf-schema#>
PREFIX wd: <http://www.wikidata.org/entity/>
PREFIX wdt: <http://www.wikidata.org/prop/direct/>
PREFIX wikibase: <http://wikiba.se/ontology#>

SELECT DISTINCT ?i ?iLabel ?layer ?c {
?item wdt:P31/wdt:P279* wd:Q4260475 ; wdt:P31 ?thing ; wdt:P17 wd:Q668 ; wdt:P131/wdt:P131* wd:Q1546240 ; wdt:P625 ?c.
?thing rdfs:label ?tl. FILTER(LANG(?tl)=""en"")
BIND(?tl as ?layer)
SERVICE wikibase:label { bd:serviceParam wikibase:language ""en"". }
}",True,True,1.0,3,5
522,complex,List the graves of famous people in Pere Lachaise Cemetery who died between 1800 and 1849.,"PREFIX bd: <http://www.bigdata.com/rdf#>
PREFIX schema: <http://schema.org/>
PREFIX xsd: <http://www.w3.org/2001/XMLSchema#>
PREFIX p: <http://www.wikidata.org/prop/>
PREFIX pq: <http://www.wikidata.org/prop/qualifier/>
PREFIX wd: <http://www.wikidata.org/entity/>
PREFIX wdt: <http://www.wikidata.org/prop/direct/>
PREFIX wikibase: <http://wikiba.se/ontology#>

SELECT ?layer ?article ?person ?personLabel ?personDescription ?coord ?pic ?picGrave ?DoD
WHERE {
?person wdt:P119 wd:Q311; #Place of burial
p:P119 [
pq:P965 ?graveplot;
pq:P625 ?coord];
wdt:P570 ?DoD.
OPTIONAL{ ?person wdt:P1442 ?pic .} # If we have an illustration
OPTIONAL{ ?person wdt:P1442 ?picGrave .} # If we have a picture of the grave
OPTIONAL {
?article schema:about ?person .
?article schema:inLanguage ""fr"" .
?article schema:isPartOf <https://fr.wikipedia.org/> .
}
OPTIONAL { ?person wdt:P21 ?group .} # Occupation in Layer
#BIND(year(?DoD) AS ?Deces)
BIND(
IF(?DoD < ""1850-01-01T00:00:00Z""^^xsd:dateTime, ""1800-1849"",
IF(?DoD < ""1900-01-01T00:00:00Z""^^xsd:dateTime, ""1850-1899"",
IF(?DoD < ""1950-01-01T00:00:00Z""^^xsd:dateTime, ""1900-1949"",
IF(?DoD < ""2020-01-01T00:00:00Z""^^xsd:dateTime, ""1950-2000"",
""2000-2022""))))
AS ?layer).
#FILTER (YEAR(?DoD) >= 2000)
SERVICE wikibase:label { bd:serviceParam wikibase:language ""fr, en"" .}
}",True,True,0.9168,1,7
523,complex,List all Italian politicians between 50 and 80 years old who have held ministerial positions.,"PREFIX bd: <http://www.bigdata.com/rdf#>
PREFIX xsd: <http://www.w3.org/2001/XMLSchema#>
PREFIX p: <http://www.wikidata.org/prop/>
PREFIX pq: <http://www.wikidata.org/prop/qualifier/>
PREFIX ps: <http://www.wikidata.org/prop/statement/>
PREFIX wd: <http://www.wikidata.org/entity/>
PREFIX wdt: <http://www.wikidata.org/prop/direct/>
PREFIX wikibase: <http://wikiba.se/ontology#>

SELECT DISTINCT ?item ?itemLabel (COUNT(DISTINCT ?position_statement) AS ?ministerCount)
WHERE
{
# Essere umano di cittadinanza italiana
?item wdt:P31 wd:Q5.
?item wdt:P27 wd:Q38.
# Non piu vecchio/a di Mattarella
?item wdt:P569 ?birth.
filter (?birth > ""1941-07-23""^^xsd:dateTime).
filter (?birth < ""1972-01-24""^^xsd:dateTime).
# Non morto/a
MINUS { ?item wdt:P570 ?death. }.
# Ex parlamentari
?item wdt:P39/wdt:P361/wdt:P361 wd:Q1117578.
MINUS { ?item wdt:P39/wdt:P361/wdt:P361 wd:Q1117578 ;
pq:P580 ?start FILTER (?start >= ""2018-01-01T00:00:00Z""^^xsd:dateTime) . }
# Ex ministri
?item p:P39 ?position_statement .
?position_statement ps:P39/wdt:P361 wd:Q3687318.
# Ma non ministri recenti
MINUS { ?item p:P39 ?position_recent .
?position_recent ps:P39/wdt:P361 wd:Q3687318.
?position_recent pq:P582 ?position_end
FILTER (?position_end >= ""2014-01-01T00:00:00Z""^^xsd:dateTime). }
SERVICE wikibase:label { bd:serviceParam wikibase:language ""[AUTO_LANGUAGE],it"". }
}
GROUP BY ?item ?itemLabel",True,True,1.0,4,8
524,complex,List all U.S. Presidents in chronological order.,"PREFIX bd: <http://www.bigdata.com/rdf#>
PREFIX p: <http://www.wikidata.org/prop/>
PREFIX pq: <http://www.wikidata.org/prop/qualifier/>
PREFIX ps: <http://www.wikidata.org/prop/statement/>
PREFIX wd: <http://www.wikidata.org/entity/>
PREFIX wdt: <http://www.wikidata.org/prop/direct/>
PREFIX wikibase: <http://wikiba.se/ontology#>

SELECT DISTINCT ?item ?itemLabel ?itemDescription ?from ?to ?img
{
?item p: [ps: wd: ; pq: ?from ; pq:P582 ?to ] .
{ ?item p:P106/ps:P106 wd: } UNION { VALUES ?item { wd: wd: wd: wd: wd: wd: wd: wd: wd: wd: wd: } }
OPTIONAL { ?item wdt:P18 ?img }
SERVICE wikibase:label { bd:serviceParam wikibase:language ""en"" }
}",True,True,0.0,13,5
525,complex,Show me the images related to Jean Fusoris and his astrolabe.,"PREFIX bd: <http://www.bigdata.com/rdf#>
PREFIX rdf: <http://www.w3.org/1999/02/22-rdf-syntax-ns#>
PREFIX wd: <http://www.wikidata.org/entity/>
PREFIX wdt: <http://www.wikidata.org/prop/direct/>
PREFIX wikibase: <http://wikiba.se/ontology#>

SELECT ?item1 ?image ?item1Label ?item2 ?image2 ?item2Label ?edgeLabel
WITH { SELECT ?item1 WHERE {
VALUES ?item1 {wd:Q3172160 wd:Q56024100 wd:Q524289 wd:Q164992 wd:Q524289 wd:Q6941088 wd:Q164992 wd:Q15109492 wd:Q56867532 wd:}
} } AS %item1
WITH {SELECT (?item1 AS ?item2) WHERE {INCLUDE %item1} } AS %item2
WHERE {
INCLUDE %item1.
INCLUDE %item2.?item1 ?prop ?item2.
?edge ?dummy ?prop ; rdf:type wikibase:Property
OPTIONAL {?item1 wdt: ?image}
OPTIONAL {?item2 wdt: ?image2}
SERVICE wikibase:label { bd:serviceParam wikibase:language ""en"" }
}",True,True,0.3125,8,1
526,complex,List the number of men and women who have received art prizes.,"PREFIX bd: <http://www.bigdata.com/rdf#>
PREFIX wd: <http://www.wikidata.org/entity/>
PREFIX wdt: <http://www.wikidata.org/prop/direct/>
PREFIX wikibase: <http://wikiba.se/ontology#>

SELECT ?men ?women ?award ?awardLabel WHERE {
{ SELECT (COUNT(?recipient_male) AS ?men) (COUNT(?recipient_female) AS ?women) ?award WHERE {
?award wdt: wd: # art prize
{
?recipient_male wdt: ?award .
?recipient_male wdt: wd: .
}
UNION
{
?recipient_female wdt: ?award .
?recipient_female wdt: wd: .
}
}
GROUP BY ?award
}
SERVICE wikibase:label { bd:serviceParam wikibase:language ""[AUTO_LANGUAGE],en"". }
}",True,True,0.0,3,3
527,complex,Show me a map of Wales with the percentage of Welsh speakers in each region.,"PREFIX bd: <http://www.bigdata.com/rdf#>
PREFIX xsd: <http://www.w3.org/2001/XMLSchema#>
PREFIX p: <http://www.wikidata.org/prop/>
PREFIX pq: <http://www.wikidata.org/prop/qualifier/>
PREFIX ps: <http://www.wikidata.org/prop/statement/>
PREFIX wd: <http://www.wikidata.org/entity/>
PREFIX wdt: <http://www.wikidata.org/prop/direct/>
PREFIX wikibase: <http://wikiba.se/ontology#>

SELECT DISTINCT
?area ?areaLabel
?2011
?WelshSpeakerPercentage
?geoshape
?rgb
WHERE {
?area wdt: ?geoshape .
{ SELECT ?area ?2011 ?2011_percent WHERE {
BIND(CONCAT(""2001: "", ?2011_Population, "" ; "", ?2011_Speakers, "" "", ?2011_Percent) as ?2011)
{ SELECT ?area ?2011_Population ?2011_Speakers ?2011_Percent ?2011_percent WHERE {
BIND(CONCAT(""Population: "", STR(?2011_population)) as ?2011_Population)
BIND(CONCAT(""Welsh speakers: "", STR(?2011_speakers)) as ?2011_Speakers)
BIND(CONCAT(""("", SUBSTR(STR(?2011_percent),0,5), ""%)."") as ?2011_Percent)
{ SELECT ?area ?2011_speakers ?2011_population ?2011_percent WHERE {
BIND(100 * ?2011_speakers / ?2011_population AS ?2011_percent)
{ SELECT ?area ?2011_speakers ?2011_population WHERE {
?area wdt: wd: ;
p: ?2011_SpeakersStatement ;
p: ?2011_PopulationStatement .
?2011_SpeakersStatement ?pq_qual ?pq_obj .
?qual wikibase:qualifier ?pq_qual .
?2011_SpeakersStatement pq:P585 ""2011-00-00T00:00:00Z""^^xsd:dateTime ;
pq:P1098 ?2011_speakers .
?2011_PopulationStatement ?pq_qual ?pq_obj .
?qual wikibase:qualifier ?pq_qual .
?2011_PopulationStatement pq:P585 ""2011-00-00T00:00:00Z""^^xsd:dateTime ;
ps: ?2011_population .
} }
} }
} }
} }
BIND(
IF(?2011_percent < 10, ""0-10%"",
IF(?2011_percent < 20, ""10-20%"",
IF(?2011_percent < 30, ""20-30%"",
IF(?2011_percent < 40, ""30-40%"",
IF(?2011_percent < 50, ""40-50%"",
IF(?2011_percent < 60, ""50-60%"",
IF(?2011_percent < 70, ""60-70%"",
""70%+"")))))))
AS ?WelshSpeakerPercentage).
BIND(
IF(?2011_percent < 10, ""ffe6e6"",
IF(?2011_percent < 20, ""ffb3b3"",
IF(?2011_percent < 30, ""ff8080"",
IF(?2011_percent < 40, ""ff4d4d"",
IF(?2011_percent < 50, ""ff1a1a"",
IF(?2011_percent < 60, ""e60000"",
IF(?2011_percent < 70, ""b30000"",
""800000"")))))))
AS ?rgb).
SERVICE wikibase:label { bd:serviceParam wikibase:language ""[AUTO_LANGUAGE],en"". }
}
ORDER BY ?WelshSpeakerPercentage",True,True,0.0,1,6
528,complex,List languages by their geographical usage.,"PREFIX bd: <http://www.bigdata.com/rdf#>
PREFIX dct: <http://purl.org/dc/terms/>
PREFIX ontolex: <http://www.w3.org/ns/lemon/ontolex#>
PREFIX rdfs: <http://www.w3.org/2000/01/rdf-schema#>
PREFIX wdt: <http://www.wikidata.org/prop/direct/>
PREFIX wikibase: <http://wikiba.se/ontology#>

SELECT ?i_ (SAMPLE(?lemma) as ?lemma_) ?layer ?place ?placeLabel ?cds
WITH {
SELECT (SAMPLE(?i) as ?i_) ?lang ?place ?cds {
?i dct:language ?lang ; ontolex:sense/wdt:P6084 ?place. OPTIONAL { ?place wdt:P625 ?cds }
} GROUP BY ?lang ?place ?cds
} AS %places
WHERE { INCLUDE %places.
?i_ wikibase:lemma ?lemma.
SERVICE wikibase:label { bd:serviceParam wikibase:language ""[AUTO_LANGUAGE],en"". ?lang rdfs:label ?layer. ?place rdfs:label ?placeLabel }
}
GROUP BY ?layer ?placeLabel ?place ?cds ?i_",True,True,0.978,0,2
529,complex,List all street names in Berlin that have multiple occurrences.,"PREFIX hint: <http://www.bigdata.com/queryHints#>
PREFIX rdfs: <http://www.w3.org/2000/01/rdf-schema#>
PREFIX wd: <http://www.wikidata.org/entity/>
PREFIX wdt: <http://www.wikidata.org/prop/direct/>

SELECT ?label (COUNT(?street) AS ?count) (GROUP_CONCAT(?street) AS ?streets) WHERE {
?street wdt:P31/wdt:P279* wd:Q79007;
wdt:P17 wd:Q183;
wdt:+ wd:Q64. hint:Prior hint:gearing ""forward"".
?street rdfs:label ?label.
FILTER(LANG(?label) = ""de"")
}
GROUP BY ?label
HAVING(?count > 1)",True,True,1.0,3,4
530,complex,List all famous people born in January of a leap year.,"PREFIX bd: <http://www.bigdata.com/rdf#>
PREFIX hint: <http://www.bigdata.com/queryHints#>
PREFIX schema: <http://schema.org/>
PREFIX p: <http://www.wikidata.org/prop/>
PREFIX psv: <http://www.wikidata.org/prop/statement/value/>
PREFIX wd: <http://www.wikidata.org/entity/>
PREFIX wdt: <http://www.wikidata.org/prop/direct/>
PREFIX wikibase: <http://wikiba.se/ontology#>

SELECT
(COUNT(?page) AS ?count) ?person ?personLabel
WITH {
SELECT DISTINCT ?person WHERE {
hint:Query hint:optimizer ""None"".
?person wdt:P569 ?birthdate .
BIND(MONTH(?birthdate) AS ?month)
FILTER (?month = 1)
?person p:P569/psv:P569 ?timenode .
?timenode wikibase:timePrecision 11 .
VALUES ?year { 1956 1960 1964 1968 1972 1976 1980 1984 1988 1992 1996 2004 2008 }
BIND(YEAR(?birthdate) AS ?year)
}
LIMIT 1000000
} AS %persons
WHERE {
INCLUDE %persons
?page schema:about ?person .
?person wdt:P31 wd:Q5 .
SERVICE wikibase:label { bd:serviceParam wikibase:language ""[AUTO_LANGUAGE],en"". }
}
GROUP BY ?person ?personLabel
ORDER BY DESC(?count)
LIMIT 200",True,False,0.0,1,2
531,complex,List authors affiliated with Coventry University who need items.,"PREFIX rdfs: <http://www.w3.org/2000/01/rdf-schema#>
PREFIX wd: <http://www.wikidata.org/entity/>
PREFIX wdt: <http://www.wikidata.org/prop/direct/>

SELECT (COUNT(?paper) AS ?countPapers) ?item ?nameString {
?item wdt:P108 wd:Q1138080; #employer
rdfs:label ?name .
BIND(STR(?name) AS ?nameString)
FILTER(LANG(?name)=""en"")
FILTER NOT EXISTS {
?anotherPerson wdt:P31 wd:Q5;
rdfs:label ?name .
FILTER(?anotherPerson != ?item)
}
?paper wdt:P2093 ?nameString .
}
GROUP BY ?item ?nameString
ORDER BY DESC(?countPapers)",True,True,1.0,2,3
532,complex,List the Danish monarchs along with their places and dates of death.,"PREFIX rdfs: <http://www.w3.org/2000/01/rdf-schema#>
PREFIX wd: <http://www.wikidata.org/entity/>
PREFIX wdt: <http://www.wikidata.org/prop/direct/>

SELECT ?item ?itemLabel ?layer ?coordsLabel ?DOD ?coords WHERE {
?item wdt:P39 wd:Q18341329;
wdt:P20 ?PoD.
?item rdfs:label ?itemLabel.
?item wdt:P570 ?DOD.
?PoD wdt:P625 ?coords.
FILTER((LANG(?itemLabel)) = ""da"")
OPTIONAL {
?item wdt: ?manner.
?manner rdfs:label ?mannerLabel.
FILTER((LANG(?mannerLabel)) = ""da"")
BIND(?mannerLabel AS ?layer)
}
}",True,True,0.9809,1,5
533,complex,What is the most specific taxonomic group that includes both Alocasia cuprea and Codiaeum variegatum?,"PREFIX bd: <http://www.bigdata.com/rdf#>
PREFIX wd: <http://www.wikidata.org/entity/>
PREFIX wdt: <http://www.wikidata.org/prop/direct/>
PREFIX wikibase: <http://wikiba.se/ontology#>

# Find parent taxon shared by two taxa:
SELECT ?via ?viaLabel ?rank ?rankLabel ?pic WHERE {
?via ^(wdt:*) wd:; # Alocasia cuprea ()
^(wdt:*) wd:. # Codiaeum variegatum ()
FILTER(NOT EXISTS {
?via2 ^(wdt:*) wd:; # Alocasia cuprea ()
^(wdt:*) wd:; # Codiaeum variegatum ()
wdt: ?via.
})
OPTIONAL {
?via wdt: ?pic;
wdt: ?rank.
}
SERVICE wikibase:label { bd:serviceParam wikibase:language ""[AUTO_LANGUAGE],en"". }
}",True,True,0.0,2,3
534,complex,Find the Wikipathways pathway with ID WP28 and list its parts.,"PREFIX bd: <http://www.bigdata.com/rdf#>
PREFIX p: <http://www.wikidata.org/prop/>
PREFIX pq: <http://www.wikidata.org/prop/qualifier/>
PREFIX wd: <http://www.wikidata.org/entity/>
PREFIX wdt: <http://www.wikidata.org/prop/direct/>
PREFIX wikibase: <http://wikiba.se/ontology#>

SELECT DISTINCT ?pathway ?pathwayLabel ?pwpart ?pwpartLabel ?variant ?variantLabel ?disease?diseaseLabel WHERE {
VALUES ?predictor {p: p: p:P3356 p:P3357 p:P3358 p:P3359}
VALUES ?predictorQualifier {pq:P2175}
VALUES ?wpID {""WP2828""}
?pathway wdt:P2410 ?wpID ; # Pathways has a Wikipathways identifier
wdt:P527 ?pwpart . # which contains pathways parts
?disease wdt:P279+ wd: . # The disease is a subclass of urinary bladder cancer
# based on annotations in the Disease ontology
?variant wdt:P3329 ?civicID ; # a variant known in CIViC
?predictor ?node ; # has a predicting relation with diseases
# labeled as being a subclass of urinary bladder cancer
wdt:P3433 ?pwpart . # variant is biological variant of
{?node ?predictorStatement ?drug_label ;
?predictorQualifier ?disease .}
UNION
{
?node ?predictorStatement ?disease .
}
SERVICE wikibase:label { bd:serviceParam wikibase:language ""[AUTO_LANGUAGE],en"". }
}",True,True,0.0,1,12
535,complex,List Rabindranath Tagore's poems written each month.,"PREFIX bd: <http://www.bigdata.com/rdf#>
PREFIX wd: <http://www.wikidata.org/entity/>
PREFIX wdt: <http://www.wikidata.org/prop/direct/>
PREFIX wikibase: <http://wikiba.se/ontology#>

SELECT ?date ?poem ?poemLabel
{
?poem wdt: wd: ; wdt: wd: ; wdt: wd: ; wdt: ?date_.
BIND(MONTH(?date_) as ?month)
BIND(YEAR(?date_) as ?year)
FILTER(?year > 1936)
BIND(CONCAT(STR(?month),""-"",STR(?year)) as ?date)
SERVICE wikibase:label { bd:serviceParam wikibase:language ""bn,en"". }
}",True,True,1.0,3,4
536,complex,Show me a map of restaurants in Switzerland that have received Michelin stars.,"PREFIX bd: <http://www.bigdata.com/rdf#>
PREFIX p: <http://www.wikidata.org/prop/>
PREFIX pq: <http://www.wikidata.org/prop/qualifier/>
PREFIX ps: <http://www.wikidata.org/prop/statement/>
PREFIX wd: <http://www.wikidata.org/entity/>
PREFIX wdt: <http://www.wikidata.org/prop/direct/>
PREFIX wikibase: <http://wikiba.se/ontology#>

SELECT ?item ?itemLabel ?geo ?layer ?image WHERE {
?item (wdt:/(wdt:*)) wd:;
wdt: wd:;
wdt: wd:;
wdt: ?geo.
OPTIONAL {?item wdt: ?image}
?item p: [ps: wd:; pq: ?layer]
MINUS {?item wdt: []}
SERVICE wikibase:label { bd:serviceParam wikibase:language ""de"". }
}",True,True,0.0,3,8
537,complex,List the birthplaces of famous economists.,"PREFIX bd: <http://www.bigdata.com/rdf#>
PREFIX rdfs: <http://www.w3.org/2000/01/rdf-schema#>
PREFIX wd: <http://www.wikidata.org/entity/>
PREFIX wdt: <http://www.wikidata.org/prop/direct/>
PREFIX wikibase: <http://wikiba.se/ontology#>

SELECT ?coord ?birthyear ?birthplace ?name ?person WHERE {
{?person wdt: wd: } UNION {?person wdt: wd:} MINUS {?person wdt: wd:; wdt: wd:}
?person wdt: ?place .
?place wdt: ?coord .
OPTIONAL { ?person wdt: ?dob }.
MINUS { ?person wdt: ?dod }.
BIND(YEAR(?dob) as ?birthyear).
SERVICE wikibase:label { bd:serviceParam wikibase:language ""[AUTO_LANGUAGE],en"". ?person rdfs:label ?name. ?place rdfs:label ?birthplace}
}",True,True,0.0,2,6
538,complex,List famous individuals who passed away between 1969 and 1970.,"PREFIX bd: <http://www.bigdata.com/rdf#>
PREFIX hint: <http://www.bigdata.com/queryHints#>
PREFIX rdfs: <http://www.w3.org/2000/01/rdf-schema#>
PREFIX xsd: <http://www.w3.org/2001/XMLSchema#>
PREFIX wd: <http://www.wikidata.org/entity/>
PREFIX wdt: <http://www.wikidata.org/prop/direct/>
PREFIX wikibase: <http://wikiba.se/ontology#>

SELECT ?item ?itemLabel ?genderLabel (GROUP_CONCAT(DISTINCT ?occupationLabel; SEPARATOR="", "") AS ?occupations) (GROUP_CONCAT(DISTINCT ?countryLabel; SEPARATOR="", "") AS ?countries) ?death ?articles {
VALUES ?target_country { wd:Q16 wd:Q142 wd:Q39 wd:Q31 wd:Q30 } . #countries: Canada, France, Switzerland, Belgium, USA. Removing this line to get worldwide may cause a query timeout.
VALUES ?occ { wd:Q2500638 wd:Q20826540 wd:Q5 } . #occupation: creator, erudite, person. These 3 occupations will also look for subclasses. Example: Alan Turing is a cryptographer, a subclass of cryptologist, a subclass of mathematician, a subclass of scientist, a subclass of erudite.
?item wdt:P31 wd:Q5;
wdt:P21 ?gender;
wdt:P27 ?target_country;
wdt:P27 ?country;
wdt:P106/wdt:P279* ?occ ;
wdt:P106 ?occupation;
wikibase:sitelinks ?articles . #Service to count the number of articles in Wikipedia language versions. The higher the number, the greater the chances that the person is very notorious.
?item wdt:P570 ?death . hint:Prior hint:rangeSafe true .
FILTER( ?death >= ""1969-01-01T00:00:00""^^xsd:dateTime && ?death < ""1970-01-01T00:00:00""^^xsd:dateTime ) #death: public domain ""life+50 years"". Change both years to get a list in different legislation. Example for USA: life+70 years
SERVICE wikibase:label {
bd:serviceParam wikibase:language ""fr,en"" . #Service to retrieve the labels of items, in order of language. Example: if the label does not exist in French, the service will take the English label
?item rdfs:label ?itemLabel .
?gender rdfs:label ?genderLabel .
?occupation rdfs:label ?occupationLabel .
?country rdfs:label ?countryLabel .
} .
} GROUP BY ?item ?itemLabel ?genderLabel ?death ?articles ORDER BY DESC (?articles) #Order by the number of articles in Wikipedia language versions. The most notorious people will be at the top of the list.",True,False,0.0,9,5
539,complex,List the longest-serving heads of government in France.,"PREFIX bd: <http://www.bigdata.com/rdf#>
PREFIX rdfs: <http://www.w3.org/2000/01/rdf-schema#>
PREFIX xsd: <http://www.w3.org/2001/XMLSchema#>
PREFIX p: <http://www.wikidata.org/prop/>
PREFIX pq: <http://www.wikidata.org/prop/qualifier/>
PREFIX ps: <http://www.wikidata.org/prop/statement/>
PREFIX wd: <http://www.wikidata.org/entity/>
PREFIX wdt: <http://www.wikidata.org/prop/direct/>
PREFIX wikibase: <http://wikiba.se/ontology#>

SELECT DISTINCT ?item ?itemLabel ?positionLabel ?as ?start ?end ?days WHERE {
?item wdt:P31 wd:Q5 .
?item p:P39 ?position_statement .
?position_statement ps:P39 ?position .
?position wdt:P279* wd:Q15135541 .
?position_statement pq:P580 ?start FILTER (?start >= ""1815-01-01T00:00:00Z""^^xsd:dateTime) .
OPTIONAL { ?position_statement pq:P582 ?x }
OPTIONAL {
?position_statement pq: ?ast .
?ast rdfs:label ?as filter (lang(?as) = ""en"") .
}
bind(if(bound(?x), ?x, NOW()) as ?end )
BIND(FLOOR(?end - ?start) as ?days)
SERVICE wikibase:label { bd:serviceParam wikibase:language ""en"" . }
} ORDER BY DESC(?days) ?itemLabel",True,True,0.9969,2,6
540,complex,Show me the tramway routes in France on a map.,"PREFIX bd: <http://www.bigdata.com/rdf#>
PREFIX geo: <http://www.opengis.net/ont/geosparql#>
PREFIX rdf: <http://www.w3.org/1999/02/22-rdf-syntax-ns#>
PREFIX rdfs: <http://www.w3.org/2000/01/rdf-schema#>
PREFIX p: <http://www.wikidata.org/prop/>
PREFIX pq: <http://www.wikidata.org/prop/qualifier/>
PREFIX psv: <http://www.wikidata.org/prop/statement/value/>
PREFIX ps: <http://www.wikidata.org/prop/statement/>
PREFIX wd: <http://www.wikidata.org/entity/>
PREFIX wdt: <http://www.wikidata.org/prop/direct/>
PREFIX wikibase: <http://wikiba.se/ontology#>

SELECT ?st ?stLabel ?sl ?coords ?line ?layer ?rgb WHERE {
?search wdt: wd:Q15640053;wdt: ?lignes.
?lignes wdt: ?termini.
?st wdt: wd:Q2175765;wdt: wd:Q142;(wdt:|wdt:) ?search;wdt: ?coords;(wdt:|wdt:) ?sl;wdt: ?pred;p:[ps: ?pred;pq: ?towards;(pq:|pq:) ?line_pq].
?pred wdt: ?coords_pred;(wdt:|wdt:) ?sl_pred.
OPTIONAL{?sl wdt:71 ?ln.}
FILTER(?sl_pred = ?lignes)FILTER(?sl = ?lignes)FILTER(?towards = ?termini)
MINUS{?st (wdt:|wdt:|wdt:) ?dispar.}
MINUS{?st (wdt:|wdt:P5816) ?interdit.VALUES ?interdit{wd:Q811683 wd:Q63065035 wd:Q12377751 wd: wd: wd: wd: wd: wd:}}
?pred p:[psv:[wikibase:geoLatitude ?lat1;wikibase:geoLongitude ?lon1]; rdf:type wikibase:BestRank].
?st p:[psv:[wikibase:geoLatitude ?lat2;wikibase:geoLongitude ?lon2]; rdf:type wikibase:BestRank].
BIND(STRDT(CONCAT(""LINESTRING("",STR(?lon1),"" "",STR(?lat1),"","",STR(?lon2),"" "",STR(?lat2),"")""),geo:wktLiteral)AS ?line)
?sl wdt:P465 ?rgb.
SERVICE wikibase:label{bd:serviceParam wikibase:language ""fr"". ?sl rdfs:label ?layer. ?st rdfs:label ?stLabel}
}
GROUP BY ?st ?stLabel ?sl ?rgb ?layer ?coords ?line
ORDER BY ?ln ?sl",True,True,1.0,12,17
541,complex,What are the most popular chess openings based on their site links?,"PREFIX bd: <http://www.bigdata.com/rdf#>
PREFIX wd: <http://www.wikidata.org/entity/>
PREFIX wdt: <http://www.wikidata.org/prop/direct/>
PREFIX wikibase: <http://wikiba.se/ontology#>

SELECT
?item ?itemLabel
((?sitelinks * ?sitelinks) as ?links_squared)
WHERE
{
?item wdt:P31 wd:Q103632 .
?item wikibase:sitelinks ?sitelinks .
SERVICE wikibase:label { bd:serviceParam wikibase:language ""en"". }
}
ORDER BY
DESC (?sitelinks)",True,True,1.0,1,1
542,complex,List the most famous paintings from each country.,"PREFIX bd: <http://www.bigdata.com/rdf#>
PREFIX wd: <http://www.wikidata.org/entity/>
PREFIX wdt: <http://www.wikidata.org/prop/direct/>
PREFIX wikibase: <http://wikiba.se/ontology#>

SELECT DISTINCT ?q ?qLabel ?nb ?pays ?paysLabel ?loc ?image WHERE {
{
SELECT (MAX(?nb) AS ?nb) ?pays WHERE {
?q (wdt:P31/wdt:P279*) wd:Q3305213 .
?q wdt:P4950 ?crea.
?crea wdt:P19 ?villenaissance .
?villenaissance wdt:P495 ?pays.
?q wikibase:sitelinks ?nb
}
GROUP BY ?pays
HAVING (?nb>1)
ORDER BY DESC(?nb)
}
?q wdt:P31/wdt:P279* wd:Q3305213 .
?q wdt:P4950 ?crea.
?crea wdt:P19 ?villenaissance .
?villenaissance wdt:P495 ?pays.
OPTIONAL{?q wdt:P18 ?image .}
?q wikibase:sitelinks ?nb .
?pays wdt:P625 ?loc .
SERVICE wikibase:label { #BabelRainbow
bd:serviceParam wikibase:language ""fr,en,ar,be,bg,bn,ca,cs,da,de,el,es,et,fa,fi,he,hi,hu,hy,id,it,ja,jv,ko,nb,nl,eo,pa,pl,pt,ro,ru,sh,sk,sr,sv,sw,te,th,tr,uk,yue,vec,vi,zh"".
}
}",True,False,0.0,1,6
543,complex,List South African women who have Wikipedia pages but not Wikiquote pages.,"PREFIX bd: <http://www.bigdata.com/rdf#>
PREFIX rdfs: <http://www.w3.org/2000/01/rdf-schema#>
PREFIX schema: <http://schema.org/>
PREFIX wd: <http://www.wikidata.org/entity/>
PREFIX wdt: <http://www.wikidata.org/prop/direct/>
PREFIX wikibase: <http://wikiba.se/ontology#>

SELECT ?item ?itemLabel ?english ?afrik (SAMPLE(?workLabel) AS ?occupation) WHERE {
?item wdt:P27 wd:Q258; wdt:P21 wd:Q6581072
MINUS{ ?englishq schema:about ?item ; schema:isPartOf <https://en.wikiquote.org/> }
MINUS{ ?afrikq schema:about ?item ; schema:isPartOf <https://af.wikiquote.org/> }
OPTIONAL{ ?english schema:about ?item ; schema:isPartOf <https://en.wikipedia.org/> }
OPTIONAL{ ?afrik schema:about ?item ; schema:isPartOf <https://af.wikipedia.org/> }
OPTIONAL{?item wdt:P106 ?work}
FILTER (BOUND(?english) || BOUND(?afrik))
SERVICE wikibase:label { bd:serviceParam wikibase:language ""[AUTO_LANGUAGE],en"". ?item rdfs:label ?itemLabel. ?work rdfs:label ?workLabel}
} GROUP BY ?item ?itemLabel ?english ?afrik",True,True,1.0,2,3
544,complex,Find public spaces with table tennis tables near my current location.,"PREFIX bd: <http://www.bigdata.com/rdf#>
PREFIX schema: <http://schema.org/>
PREFIX wd: <http://www.wikidata.org/entity/>
PREFIX wdt: <http://www.wikidata.org/prop/direct/>
PREFIX wikibase: <http://wikiba.se/ontology#>

SELECT DISTINCT ?item ?itemLabel ?itemDescription ?image ?location ?distance ?sitelink WHERE {
SERVICE wikibase:around {
?item wdt: ?location.
bd:serviceParam wikibase:center ""[AUTO_COORDINATES]"".
bd:serviceParam wikibase:radius ""1"".
bd:serviceParam wikibase:distance ?distance.
}
SERVICE wikibase:label { bd:serviceParam wikibase:language ""[AUTO_LANGUAGE],en,es,de"". }
OPTIONAL { ?item wdt: ?image. }
OPTIONAL {
?sitelink schema:about ?item.
FILTER(REGEX(STR(?sitelink), ""[AUTO_LANGUAGE].wikipedia.org/wiki/""))
}
?item wdt:/wdt:* wd:.
}
ORDER BY asc(?distance)",True,False,0.0,1,4
545,complex,Find movies with video links on YouTube.,"PREFIX bd: <http://www.bigdata.com/rdf#>
PREFIX wd: <http://www.wikidata.org/entity/>
PREFIX wdt: <http://www.wikidata.org/prop/direct/>
PREFIX wikibase: <http://wikiba.se/ontology#>

select distinct ?movie ?movieLabel (year(?date) as ?year) ?Commons ?InternetArchive ?Youtube ?url
where {
{ ?movie wdt:/wdt:* wd: . ?movie wdt: ?Commons .}
UNION { ?movie wdt:/wdt:* wd: . ?movie wdt: ?InternetArchive .}
UNION { ?movie wdt:/wdt:* wd: . ?movie wdt: ?Youtube .}
UNION { ?movie wdt:/wdt:* wd: . ?movie wdt: ?url .}
OPTIONAL {?movie wdt:P577 ?date.}
SERVICE wikibase:label {
bd:serviceParam wikibase:language ""fr,en""
}
} ORDER BY ?date",True,True,1.0,1,7
546,complex,What are the top 100 most translated concepts in the Lexeme namespace?,"PREFIX bd: <http://www.bigdata.com/rdf#>
PREFIX ontolex: <http://www.w3.org/ns/lemon/ontolex#>
PREFIX wdt: <http://www.wikidata.org/prop/direct/>
PREFIX wikibase: <http://wikiba.se/ontology#>

SELECT ?meaning ?meaningLabel ?count
WITH {
SELECT ?meaning (count(?l) as ?count)
WHERE {
?l a ontolex:LexicalEntry ;
ontolex:sense ?sense.
?sense wdt:P5137 ?meaning.
}
GROUP BY ?meaning
ORDER BY desc(?count)
LIMIT 100
} AS %i
WHERE {
INCLUDE %i
SERVICE wikibase:label { bd:serviceParam wikibase:language ""[AUTO_LANGUAGE],en"" . }
}
ORDER BY desc(?count)",True,True,1.0,0,1
547,complex,List the moons of planets in our solar system and their namesakes.,"PREFIX bd: <http://www.bigdata.com/rdf#>
PREFIX p: <http://www.wikidata.org/prop/>
PREFIX psv: <http://www.wikidata.org/prop/statement/value/>
PREFIX wd: <http://www.wikidata.org/entity/>
PREFIX wdt: <http://www.wikidata.org/prop/direct/>
PREFIX wikibase: <http://wikiba.se/ontology#>

SELECT distinct ?planet ?planetLabel ?satellite ?satelliteLabel ?namedLabel ?namedDescription WHERE {
?planet wdt:P31/wdt:P279* wd:Q13205267.
?satellite wdt:P31/wdt:P279* wd:Q2537.
?satellite wdt:P397 ?planet.
?satellite wdt:P138 ?named.
SERVICE wikibase:label { bd:serviceParam wikibase:language ""[AUTO_LANGUAGE],en"". }
?planet p:P2244/psv:P2244 ?statement.
?statement wikibase:quantityUnit ?unit.
?statement wikibase:quantityAmount ?distance.
?statement wikibase:quantityNormalized/wikibase:quantityAmount ?distanceNormalized. # convert to normalized unit (meter)
BIND (?distanceNormalized / 9460800000000000 AS ?lightyears)
}
ORDER BY ?lightyears",True,True,1.0,2,5
548,complex,List monuments named after a person without any other connection.,"PREFIX bd: <http://www.bigdata.com/rdf#>
PREFIX wd: <http://www.wikidata.org/entity/>
PREFIX wdt: <http://www.wikidata.org/prop/direct/>
PREFIX wikibase: <http://wikiba.se/ontology#>

SELECT ?monument ?monumentLabel ?person ?personLabel (SAMPLE(?coordinates_) AS ?coordinates) (SAMPLE(?image_) AS ?image) WITH {
SELECT DISTINCT ?monument ?person WHERE {
?monument wdt:P31/wdt:* wd:Q4989906;
wdt: ?person.
MINUS {
?monument ?wdt ?person.
FILTER(?wdt != wdt:)
}
?person wdt:P31 wd:Q5.
}
LIMIT 100
} AS %results WHERE {
INCLUDE %results.
OPTIONAL { ?monument wdt: ?coordinates_. }
OPTIONAL { ?monument wdt: ?image_. }
SERVICE wikibase:label { bd:serviceParam wikibase:language ""[AUTO_LANGUAGE],en"". }
}
GROUP BY ?monument ?monumentLabel ?person ?personLabel
LIMIT 100",True,True,0.0,2,5
549,complex,What languages are spoken in the Netherlands?,"PREFIX bd: <http://www.bigdata.com/rdf#>
PREFIX wd: <http://www.wikidata.org/entity/>
PREFIX wdt: <http://www.wikidata.org/prop/direct/>
PREFIX wikibase: <http://wikiba.se/ontology#>

SELECT DISTINCT ?language ?languageLabel ?wikipediaLabel where {
?language wdt:P31 ?instance;
wdt:P17 wd:Q55.
FILTER (?instance in (wd:Q34770, wd:Q33384)).
OPTIONAL {
?wikipedia wdt:P31 wd:Q10876391;
wdt:P407 ?language.
}
SERVICE wikibase:label { bd:serviceParam wikibase:language ""nl,en"". }
} GROUP BY ?language ?languageLabel ?wikipediaLabel",True,True,0.0,4,3
550,complex,List all parties that had members elected in the February 1974 UK general election.,"PREFIX bd: <http://www.bigdata.com/rdf#>
PREFIX p: <http://www.wikidata.org/prop/>
PREFIX pq: <http://www.wikidata.org/prop/qualifier/>
PREFIX ps: <http://www.wikidata.org/prop/statement/>
PREFIX wd: <http://www.wikidata.org/entity/>
PREFIX wdt: <http://www.wikidata.org/prop/direct/>
PREFIX wikibase: <http://wikiba.se/ontology#>

SELECT DISTINCT ?party1 ?party1Label ?rgb (count(DISTINCT(?item)) as ?count)
{
?item p:P39 ?positionStatement . ?positionStatement ps:P39 ?term . ?term wdt:P279* wd:Q16707842 .
?positionStatement ps:P39 ?term .
?positionStatement pq:P768 ?constituency .
?positionStatement pq:P2715 wd:Q119524 . # relevant general election
?positionStatement pq:P4100 ?party .
BIND(IF(?party = wd:Q6467393, wd:Q9630 , ?party) AS ?party1) .
optional { ?party1 wdt:P465 ?rgb } . # colour if known
SERVICE wikibase:label { bd:serviceParam wikibase:language 'en' }
} group by ?party1 ?party1Label ?rgb order by desc(?count)
#defaultView:BubbleChart",True,True,1.0,4,6
551,complex,What is the latest Twitter follower count for different programming languages?,"PREFIX bd: <http://www.bigdata.com/rdf#>
PREFIX p: <http://www.wikidata.org/prop/>
PREFIX pq: <http://www.wikidata.org/prop/qualifier/>
PREFIX ps: <http://www.wikidata.org/prop/statement/>
PREFIX wd: <http://www.wikidata.org/entity/>
PREFIX wdt: <http://www.wikidata.org/prop/direct/>
PREFIX wikibase: <http://wikiba.se/ontology#>

SELECT ?proglang ?proglangLabel ?maxdate ?followers
WITH {
SELECT ?proglang (MAX(?date) as ?maxdate) WHERE {
?proglang wdt:P31 wd:Q9143;
p:P8687 ?socialmedia.
?socialmedia ps:P8687 ?followers;
pq:P6552 ?twitter;
pq:P585 ?date.
}
GROUP by ?proglang
} AS %result
WHERE {
INCLUDE %result
?proglang wdt:P31 wd:Q9143;
p:P8687 ?socialmedia.
?socialmedia ps:P8687 ?followers;
pq:P585 ?maxdate.
SERVICE wikibase:label { bd:serviceParam wikibase:language ""en"". }
} ORDER BY DESC(?followers)",True,True,1.0,1,4
552,complex,List all languages with their corresponding unique language codes used in lemmas.,"PREFIX bd: <http://www.bigdata.com/rdf#>
PREFIX dct: <http://purl.org/dc/terms/>
PREFIX wikibase: <http://wikiba.se/ontology#>

SELECT
?language
?languageLabel
?count
?langLemmas
WITH {
SELECT DISTINCT ?language {
[] dct:language ?language.
}
} AS %0
WITH {
SELECT DISTINCT ?language ?langLemma {
INCLUDE %0.
[]
dct:language ?language;
wikibase:lemma ?lemma.
BIND(LANG(?lemma) AS ?langLemma).
}
} AS %1
WITH {
SELECT ?language (COUNT(*) AS ?count) {
INCLUDE %1.
}
GROUP BY ?language
} AS %2
WITH {
SELECT
?language
(GROUP_CONCAT(CONCAT(?langLemma); SEPARATOR = "", "") AS ?langLemmas)
{
INCLUDE %1.
}
GROUP BY ?language
} AS %3
{
INCLUDE %2.
INCLUDE %3.
SERVICE wikibase:label {bd:serviceParam wikibase:language ""[AUTO_LANGUAGE]""}.
}
ORDER BY DESC(?count) ASC(LCASE(?languageLabel))",True,True,0.0,0,0
553,complex,What types of items are exhibited at the Ashmolean Museum?,"PREFIX bd: <http://www.bigdata.com/rdf#>
PREFIX wd: <http://www.wikidata.org/entity/>
PREFIX wdt: <http://www.wikidata.org/prop/direct/>
PREFIX wikibase: <http://wikiba.se/ontology#>

SELECT (SUBSTR(STR(?type), 32) as ?type) ?typeLabel ?typeDescription (COUNT(?item) AS ?count) WHERE {
?item wdt:P195 wd:Q636400; wdt:P31 ?type; wdt:P973 ?url FILTER (STRSTARTS(STR(?url),""http://jameelcentre"") ).
SERVICE wikibase:label { bd:serviceParam wikibase:language ""[AUTO_LANGUAGE],en"" }
} GROUP BY ?type ?typeLabel ?typeDescription ORDER BY UCASE(?typeLabel)",True,True,1.0,1,3
554,complex,Show me a chart of astrolabes' diameters over time.,"PREFIX bd: <http://www.bigdata.com/rdf#>
PREFIX rdfs: <http://www.w3.org/2000/01/rdf-schema#>
PREFIX p: <http://www.wikidata.org/prop/>
PREFIX psv: <http://www.wikidata.org/prop/statement/value/>
PREFIX wd: <http://www.wikidata.org/entity/>
PREFIX wdt: <http://www.wikidata.org/prop/direct/>
PREFIX wikibase: <http://wikiba.se/ontology#>

SELECT (YEAR(SAMPLE(?date)) as ?year) (SAMPLE(?diam) as ?diam1) (CONCAT(?itemLabel,"" "",SUBSTR(str(?item),32) ) as ?name) WHERE {
?item wdt:P31 wd:Q164992; wdt:P571 ?date; p:P2386/psv:P2386 ?valuenode. # astrolabes with a diameter property
?valuenode wikibase:quantityAmount ?length; wikibase:quantityUnit ?unit.
BIND(IF(?unit = wd:Q174728, ?length * 10,?length) as ?diam) # diameter in millimetres (unit is cm or mm)
SERVICE wikibase:label { bd:serviceParam wikibase:language ""[AUTO_LANGUAGE],en"". ?item rdfs:label ?itemLabel }
} group by ?item ?itemLabel",True,True,0.9967,2,3
555,complex,How many alphabets use a specific letter?,"PREFIX bd: <http://www.bigdata.com/rdf#>
PREFIX wd: <http://www.wikidata.org/entity/>
PREFIX wdt: <http://www.wikidata.org/prop/direct/>
PREFIX wikibase: <http://wikiba.se/ontology#>

SELECT ?itemLabel (COUNT(distinct ?alfabet) AS ?cnt) WHERE {
?item wdt:P31/wdt:P279* wd:Q9788.
FILTER NOT EXISTS {?alfabet wdt:P31/wdt:P279* wd:Q3241972.}
FILTER NOT EXISTS {?alfabet wdt:P279+ wd:Q9788.}
FILTER NOT EXISTS {?alfabet wdt:P31/wdt:P279* wd:Q15139721.}
FILTER NOT EXISTS {?alfabet wdt:P31/wdt:P279* wd:Q10856962.}
FILTER NOT EXISTS {?alfabet wdt:P31/wdt:P279* wd:Q188725.}
?alfabet wdt:P527 ?item.
SERVICE wikibase:label {
bd:serviceParam wikibase:language ""ru, en"" .
}
}
GROUP BY ?item ?itemLabel
ORDER BY DESC(?cnt)",True,False,0.0,5,3
556,complex,List the modern-day descendants of the Achaemenid dynasty.,"PREFIX bd: <http://www.bigdata.com/rdf#>
PREFIX wd: <http://www.wikidata.org/entity/>
PREFIX wdt: <http://www.wikidata.org/prop/direct/>
PREFIX wikibase: <http://wikiba.se/ontology#>
PREFIX gas: <http://www.bigdata.com/rdf/gas#>

SELECT ?item ?itemLabel ?itemDescription ?depth {
SERVICE gas:service {
gas:program gas:gasClass ""com.bigdata.rdf.graph.analytics.SSSP"" ;
gas:in wd:Q312032 ;
gas:traversalDirection ""Forward"" ;
gas:out ?item ;
gas:out1 ?depth ;
gas:linkType wdt:P40 .
}
FILTER NOT EXISTS {?item wdt:P4638 []}
SERVICE wikibase:label {bd:serviceParam wikibase:language ""en"" }
}
ORDER BY DESC(?depth)
LIMIT 100",True,True,1.0,1,2
557,complex,What are the most common first names of current French members of Parliament?,"PREFIX bd: <http://www.bigdata.com/rdf#>
PREFIX p: <http://www.wikidata.org/prop/>
PREFIX pq: <http://www.wikidata.org/prop/qualifier/>
PREFIX ps: <http://www.wikidata.org/prop/statement/>
PREFIX wd: <http://www.wikidata.org/entity/>
PREFIX wdt: <http://www.wikidata.org/prop/direct/>
PREFIX wikibase: <http://wikiba.se/ontology#>

SELECT ?firstnameLabel (COUNT(*) AS ?count)
WHERE {
?depute wdt:P31 wd:Q5 .
?depute p:P39 ?mandate .
?mandate ps:P39 wd:Q3044918 . # French depute
?mandate pq:P2937 wd:Q24939798 . # 15th legislature
?depute wdt:P735 ?firstname .
SERVICE wikibase:label { bd:serviceParam wikibase:language ""fr"" . }
}
GROUP BY ?firstnameLabel
HAVING (?count >= 3)
ORDER BY DESC(?count)",True,True,1.0,3,4
558,complex,"List all works written by Voltaire, including their publication dates.","PREFIX bd: <http://www.bigdata.com/rdf#>
PREFIX rdfs: <http://www.w3.org/2000/01/rdf-schema#>
PREFIX schema: <http://schema.org/>
PREFIX p: <http://www.wikidata.org/prop/>
PREFIX psv: <http://www.wikidata.org/prop/statement/value/>
PREFIX wd: <http://www.wikidata.org/entity/>
PREFIX wdt: <http://www.wikidata.org/prop/direct/>
PREFIX wikibase: <http://wikiba.se/ontology#>

SELECT ?workLabel ?pubdate ?pubdatePrecision ?image ?typelabel ?english
(URI(CONCAT(""https://tools.wmflabs.org/reasonator/?q="", SUBSTR(STR(?work),32) )) as ?reasonator) #build a reasonator link
(IF(BOUND(?english), ?english, ?reasonator) as ?link) # link to English Wikipedia article, if available
WHERE {
?work wdt:P50 wd:Q9068; # author: Voltaire
wdt:P31 ?type; # What is the work? poem, play, historical work etc.?
p:P577/psv:P577 ?pubdateStatementNode
MINUS {?work wdt:P31 wd:Q3331189} # exclude editions
MINUS {?work wdt:P31 wd:Q105420} # exclude anthologies
?pubdateStatementNode wikibase:timeValue ?pubdate ;
wikibase:timePrecision ?pubdatePrecision # get precision of the publication date
OPTIONAL {?work wdt:P18 ?image}
OPTIONAL{ ?english schema:about ?work ; schema:isPartOf <https://en.wikipedia.org/> }
SERVICE wikibase:label {bd:serviceParam wikibase:language ""fr,en,de""} # Prefer labels in French but fall back to English and German
?type rdfs:label ?typelabel FILTER(lang(?typelabel) =""en"") # English labels for the types
}",True,True,1.0,3,4
559,complex,What are the key dates in Honoré de Balzac's life?,"PREFIX bd: <http://www.bigdata.com/rdf#>
PREFIX xsd: <http://www.w3.org/2001/XMLSchema#>
PREFIX wd: <http://www.wikidata.org/entity/>
PREFIX wdt: <http://www.wikidata.org/prop/direct/>
PREFIX wikibase: <http://wikiba.se/ontology#>

SELECT DISTINCT ?t ?ppLabel ?valueLabel ?rrLabel ?image
WHERE
{
{wd:Q9711 ?prop ?t FILTER (datatype(?t)=xsd:dateTime) .
?value wikibase:directClaim ?prop. }
UNION
{
wd:Q9711 ?q ?statement FILTER regex (STR(?q),""prop/P"") .
?statement ?p ?t FILTER regex (STR(?p), ""prop/qualifier/P"") FILTER (datatype(?t)=xsd:dateTime) .
?statement ?r ?value FILTER regex (STR(?r),""prop/statement/"") .
BIND(IRI(CONCAT(CONCAT(SUBSTR(STR(?r),1,29),""direct/""),SUBSTR(STR(?r),40))) as ?rprop)
?rr wikibase:directClaim ?rprop .
BIND(IRI(CONCAT(CONCAT(SUBSTR(STR(?p),1,29),""direct/""),SUBSTR(STR(?p),40))) as ?pprop)
?pp wikibase:directClaim ?pprop .
OPTIONAL {?value wdt:P18 ?image}
}
UNION
{
wd:Q9711 wdt:P800 ?value .
?value ?prop ?t FILTER (datatype(?t)=xsd:dateTime) .
?rr wikibase:directClaim wdt:P800 .
?pp wikibase:directClaim ?prop.
OPTIONAL {?value wdt:P18 ?image}
}
SERVICE wikibase:label { bd:serviceParam wikibase:language ""en"". }
}
ORDER BY ?t",True,True,1.0,1,2
560,complex,What are the properties associated with file formats?,"PREFIX bd: <http://www.bigdata.com/rdf#>
PREFIX wd: <http://www.wikidata.org/entity/>
PREFIX wdt: <http://www.wikidata.org/prop/direct/>
PREFIX wikibase: <http://wikiba.se/ontology#>

SELECT DISTINCT ?prop ?propLabel WHERE {
?s (wdt:/(wdt:P279*)) wd:;
?props ?o.
SERVICE wikibase:label { bd:serviceParam wikibase:language ""en"". }
?prop wikibase:directClaim ?props.
}
ORDER BY (?propLabel)",True,True,1.0,1,2
561,complex,List the top 10 Wikipedia language editions with the most articles about films.,"PREFIX rdfs: <http://www.w3.org/2000/01/rdf-schema#>
PREFIX schema: <http://schema.org/>
PREFIX wd: <http://www.wikidata.org/entity/>
PREFIX wdt: <http://www.wikidata.org/prop/direct/>

SELECT ?wikipediaLabel ?filmcount WHERE {
?wikipedia wdt:P31 wd:Q10876391 .
?wikipedia wdt:P424 ?sprachcode .
?wikipedia rdfs:label ?wikipediaLabel
FILTER(lang(?wikipediaLabel) = ""de"")
{ SELECT ?sprachcode (COUNT(DISTINCT ?film) as ?filmcount) WHERE {
?film wdt:P31/wdt:P279* wd:Q11424 .
?article schema:about ?film .
?article schema:inLanguage ?sprachcode
} GROUP BY ?sprachcode
}
} ORDER BY DESC (?filmcount) LIMIT 10",True,False,0.0,2,3
562,complex,What topics on English Wikipedia link to the University of Virginia?,"PREFIX bd: <http://www.bigdata.com/rdf#>
PREFIX hint: <http://www.bigdata.com/queryHints#>
PREFIX wd: <http://www.wikidata.org/entity/>
PREFIX wikibase: <http://wikiba.se/ontology#>

SELECT ?item ?itemLabel ?type ?typeLabel WHERE {
{
SELECT ?item WHERE {
SERVICE wikibase:mwapi {
bd:serviceParam wikibase:endpoint ""en.wikipedia.org"" .
bd:serviceParam wikibase:api ""Generator"" .
bd:serviceParam mwapi:generator ""search"" .
bd:serviceParam mwapi:gsrsearch ""University of Virginia"" .
bd:serviceParam mwapi:gsrlimit ""max"" .
?item wikibase:apiOutputItem mwapi:item .
}
} LIMIT 100
}
hint:Prior hint:runFirst ""true"".
FILTER NOT EXISTS { ?item ?property wd:Q213439 . }
SERVICE wikibase:label { bd:serviceParam wikibase:language ""en"". }
} LIMIT 100",True,True,0.0061,1,0
563,complex,"List all German cities with a population of more than 50,000.","PREFIX bd: <http://www.bigdata.com/rdf#>
PREFIX p: <http://www.wikidata.org/prop/>
PREFIX psv: <http://www.wikidata.org/prop/statement/value/>
PREFIX wd: <http://www.wikidata.org/entity/>
PREFIX wdt: <http://www.wikidata.org/prop/direct/>
PREFIX wikibase: <http://wikiba.se/ontology#>

SELECT DISTINCT ?city ?cityLabel ?population ?location ?lon ?lat WHERE {
# get cities (or classes based on city) in germany
?city wdt:P31/wdt:P279* wd:Q515 ;
wdt:P17 wd:Q183 .
# get population and location of the city
?city wdt:P1082 ?population ;
wdt:P625 ?location .
# we're only interested in cities with a population count > 50.000
FILTER (abs(?population) > 50000)
# extract lat and lon
?city p:P625 ?coordinate.
?coordinate psv:P625 ?coordinate_node.
?coordinate_node wikibase:geoLongitude ?lon.
?coordinate_node wikibase:geoLatitude ?lat.
SERVICE wikibase:label { bd:serviceParam wikibase:language ""[AUTO_LANGUAGE],de,en"" }
}",True,True,1.0,2,5
564,complex,"List countries with their ISO codes, flag features, and fertility rates.","PREFIX bd: <http://www.bigdata.com/rdf#>
PREFIX p: <http://www.wikidata.org/prop/>
PREFIX pq: <http://www.wikidata.org/prop/qualifier/>
PREFIX ps: <http://www.wikidata.org/prop/statement/>
PREFIX wd: <http://www.wikidata.org/entity/>
PREFIX wdt: <http://www.wikidata.org/prop/direct/>
PREFIX wikibase: <http://wikiba.se/ontology#>

SELECT ?iso ?countryLabel (SUM(?stars) as ?stars) ?fertility WHERE {
{SELECT DISTINCT ?country ?iso WHERE {
VALUES ?countrytypes {wd:Q6256 wd:Q3624078} # country and sovereign state
?country wdt:P31 ?countrytypes ; wdt:P298 ?iso
MINUS {?country wdt:P576 []} # Not dissolved
} }
?country wdt:P41 ?flag.
OPTIONAL{
?flag p:P180 [ps:P180 ?feature ; pq: ?stars] . # quantity of feature
?feature wdt:? wd:Q17504209 # type of star polygon
}
OPTIONAL { ?country wdt: ?fertility }
SERVICE wikibase:label { bd:serviceParam wikibase:language ""[AUTO_LANGUAGE],en"". }
} GROUP BY ?iso ?countryLabel ?fertility
ORDER BY DESC(?stars) ?countryLabel",True,False,0.0,3,8
565,complex,List the types of literary works with their counts.,"PREFIX rdfs: <http://www.w3.org/2000/01/rdf-schema#>
PREFIX wd: <http://www.wikidata.org/entity/>
PREFIX wdt: <http://www.wikidata.org/prop/direct/>

SELECT ?type ?typename (COUNT(?text) AS ?count)
WHERE {
?text wdt: ?type.
?type wdt:* wd:.
?type rdfs:label ?typename filter (lang(?typename) = ""en"")
} GROUP BY ?type ?typename ORDER BY DESC(?count)
LIMIT 100",True,True,1.0,1,2
566,complex,List the places of birth for Nobel Prize winners grouped by decade.,"PREFIX bd: <http://www.bigdata.com/rdf#>
PREFIX rdfs: <http://www.w3.org/2000/01/rdf-schema#>
PREFIX wdt: <http://www.wikidata.org/prop/direct/>
PREFIX wikibase: <http://wikiba.se/ontology#>
PREFIX foaf: <http://xmlns.com/foaf/0.1/>
PREFIX nobel: <http://data.nobelprize.org/terms/>

SELECT distinct ?id (sample(?name) AS ?name) (sample(?text) AS ?text) ?motivationen ?contribution ?Documentary ?Diploma ?Nobel_Lecture ?Prize_Presentation ?Biographical ?Banquet_Speech
(sample (?coord) AS ?coord)
(sample (?img) AS ?img)
(floor(?Year/10)*10 as ?layer)
WHERE {
SERVICE <http://data.nobelprize.org/sparql> {
?laureate_nobel_uri nobel:laureateAward ?NobelAwardid.
BIND(REPLACE(str(?laureate_nobel_uri),""http://data.nobelprize.org/resource/laureate/"","""") AS ?id)
OPTIONAL{?laureate_nobel_uri nobel:laureateAward / nobel:year ?Year}
OPTIONAL{?NobelAwardid rdfs:label ?text}
OPTIONAL{?NobelAwardid nobel:laureate/foaf:name ?name}
OPTIONAL{?NobelAwardid nobel:category ?category}
OPTIONAL{?NobelAwardid nobel:motivation ?motivationen
FILTER (lang(?motivationen) = 'en')
}
OPTIONAL {
?NobelAwardid nobel:contribution ?contribution
FILTER (lang(?contribution) = 'en')
}
OPTIONAL {
?NobelAwardid nobel:awardFile ?NobelAwardFileF.
?NobelAwardFileF nobel:fileType <http://data.nobelprize.org/resource/filetype/Documentary>.
?NobelAwardFileF rdfs:seeAlso ?Documentary
}
OPTIONAL {
?NobelAwardid nobel:awardFile ?NobelAwardFileD.
?NobelAwardFileD nobel:fileType <http://data.nobelprize.org/resource/filetype/Nobel_Diploma>.
?NobelAwardFileD rdfs:seeAlso ?Diploma
}
OPTIONAL { # 845 st
?NobelAwardid nobel:awardFile ?NobelAwardFileL.
?NobelAwardFileL nobel:fileType <http://data.nobelprize.org/resource/filetype/Nobel_Lecture>.
?NobelAwardFileL rdfs:seeAlso ?Nobel_Lecture
}
OPTIONAL { # 3 st
?NobelAwardid nobel:awardFile ?NobelAwardFileP.
?NobelAwardFileP nobel:fileType <http://data.nobelprize.org/resource/filetype/Prize_Presentation>.
?NobelAwardFileP rdfs:seeAlso ?Prize_Presentation
}
OPTIONAL { # 66 st
?NobelAwardid nobel:awardFile ?NobelAwardFileB.
?NobelAwardFileB nobel:fileType <http://data.nobelprize.org/resource/filetype/Biographical>.
?NobelAwardFileB rdfs:seeAlso ?Biographical
}
OPTIONAL {
?NobelAwardid nobel:awardFile ?NobelAwardFileBa.
?NobelAwardFileBa nobel:fileType <http://data.nobelprize.org/resource/filetype/Banquet_Speech>.
?NobelAwardFileBa rdfs:seeAlso ?Banquet_Speech
}
}
# Match with Wikidata P2888 Exact match
?Wikidataid wdt:P2888 ?laureate_nobel_uri.
?Wikidataid wdt:P19/wdt:P625 ?coord.
OPTIONAL {?Wikidataid wdt:P18 ?img}
BIND (?Year AS ?layer)
SERVICE wikibase:label { bd:serviceParam wikibase:language ""en"". }
} group by ?id ?motivationen ?contribution ?Documentary ?Diploma ?Nobel_Lecture ?Prize_Presentation ?Biographical ?Banquet_Speech ?Year
?layer
order by desc(?Year)",True,False,0.0,0,4
