id,complexity,instruction,labeled_query,linked_query,generated_ok,fully_linked,executed,exec_error,jaccard
1663,complex,Show me a map of Scotland with the locations where accused witches lived.,"SELECT ?person ?personLabel ?coord WHERE {
  ?person wdt:[property:instance of] wd:[entity:human] .
  ?person wdt:[property:accusation] wd:[entity:witchcraft] .
  ?person wdt:[property:residence] ?place .
  ?place wdt:[property:coordinate location] ?coord .
  ?place wdt:[property:country] wd:[entity:Scotland] .
  SERVICE wikibase:label { bd:serviceParam wikibase:language ""en"". }
}","SELECT ?person ?personLabel ?coord WHERE {
  ?person wdt:P31 wd:Q5 .
  ?person wdt:P1595 wd:Q259745 .
  ?person wdt:P551 ?place .
  ?place wdt:P625 ?coord .
  ?place wdt:P17 wd:Q22 .
  SERVICE wikibase:label { bd:serviceParam wikibase:language ""en"". }
}",True,True,True,,0.0
2117,simple,Show me a list of beaches in Mexico with their coordinates.,"SELECT ?beach ?beachLabel ?coordinates WHERE {
  ?beach wdt:[property:instance of] wd:[entity:beach] .
  ?beach wdt:[property:country] wd:[entity:Mexico] .
  ?beach wdt:[property:coordinate location] ?coordinates .
  SERVICE wikibase:label { bd:serviceParam wikibase:language ""en"". }
}","SELECT ?beach ?beachLabel ?coordinates WHERE {
  ?beach wdt:P31 wd:Q40080 .
  ?beach wdt:P17 wd:Q96 .
  ?beach wdt:P625 ?coordinates .
  SERVICE wikibase:label { bd:serviceParam wikibase:language ""en"". }
}",True,True,True,,1.0
1803,complex,List all restaurants in Luxembourg that have a Michelin star.,"SELECT DISTINCT ?restaurant ?restaurantLabel WHERE {
  ?restaurant wdt:[property:instance of] wd:[entity:restaurant] .
  ?restaurant wdt:[property:country] wd:[entity:Luxembourg] .
  ?restaurant wdt:[property:Michelin Guide star rating] ?stars .
  SERVICE wikibase:label { bd:serviceParam wikibase:language ""en"". }
}","SELECT DISTINCT ?restaurant ?restaurantLabel WHERE {
  ?restaurant wdt:P31 wd:Q11707 .
  ?restaurant wdt:P17 wd:Q32 .
  ?restaurant wdt:[property:Michelin Guide star rating] ?stars .
  SERVICE wikibase:label { bd:serviceParam wikibase:language ""en"". }
}",True,False,False,no_query,0.0
387,simple,"List the children of Johann Sebastian Bach with his first wife, Maria Barbara Bach.",,,False,False,False,no_query,0.0
2739,medium,List Finnish ice hockey players who have a child also playing professional hockey.,"SELECT DISTINCT ?player ?playerLabel ?child ?childLabel WHERE {
  ?player wdt:[property:instance of] wd:[entity:human] .
  ?player wdt:[property:country of citizenship] wd:[entity:Finland] .
  ?player wdt:[property:sport] wd:[entity:ice hockey] .
  ?player wdt:[property:child] ?child .
  ?child wdt:[property:sport] wd:[entity:ice hockey] .
  SERVICE wikibase:label { bd:serviceParam wikibase:language ""en"". }
}","SELECT DISTINCT ?player ?playerLabel ?child ?childLabel WHERE {
  ?player wdt:P31 wd:Q5 .
  ?player wdt:P27 wd:Q33 .
  ?player wdt:P641 wd:Q41466 .
  ?player wdt:P40 ?child .
  ?child wdt:P641 wd:Q41466 .
  SERVICE wikibase:label { bd:serviceParam wikibase:language ""en"". }
}",True,True,True,,0.478
2382,complex,What are the most common first names among people born in Auvergne?,"SELECT ?givenName ?givenNameLabel (COUNT(?person) AS ?count) WHERE {
  ?person wdt:[property:place of birth] ?place .
  ?place wdt:[property:located in the administrative territorial entity]* wd:[entity:Auvergne] .
  ?person wdt:[property:given name] ?givenName .
  SERVICE wikibase:label { bd:serviceParam wikibase:language ""en"". }
}
GROUP BY ?givenName ?givenNameLabel
ORDER BY DESC(?count)
LIMIT 10","SELECT ?givenName ?givenNameLabel (COUNT(?person) AS ?count) WHERE {
  ?person wdt:P19 ?place .
  ?place wdt:P131* wd:Q1152 .
  ?person wdt:P735 ?givenName .
  SERVICE wikibase:label { bd:serviceParam wikibase:language ""en"". }
}
GROUP BY ?givenName ?givenNameLabel
ORDER BY DESC(?count)
LIMIT 10",True,True,True,,0.0
2352,simple,List Swedish words not included in Svenska Akademiens Ordbok.,"SELECT ?word ?wordLabel WHERE {
  ?word wdt:[property:instance of] wd:[entity:word] .
  ?word wdt:[property:language of work or name] wd:[entity:Swedish] .
  FILTER NOT EXISTS { ?word wdt:[property:SAOB ID] ?saob . }
  SERVICE wikibase:label { bd:serviceParam wikibase:language ""sv,en"". }
}","SELECT ?word ?wordLabel WHERE {
  ?word wdt:P31 wd:Q8171 .
  ?word wdt:P407 wd:Q9027 .
  FILTER NOT EXISTS { ?word wdt:P8478 ?saob . }
  SERVICE wikibase:label { bd:serviceParam wikibase:language ""sv,en"". }
}",True,True,True,,0.0
2357,medium,List the pronouns used to refer to people in different languages.,"SELECT DISTINCT ?pronoun ?pronounLabel WHERE {
  ?pronoun wdt:[property:instance of] wd:[entity:personal pronoun] .
  SERVICE wikibase:label { bd:serviceParam wikibase:language ""[AUTO_LANGUAGE],en"". }
}","SELECT DISTINCT ?pronoun ?pronounLabel WHERE {
  ?pronoun wdt:P31 wd:Q468801 .
  SERVICE wikibase:label { bd:serviceParam wikibase:language ""[AUTO_LANGUAGE],en"". }
}",True,True,True,,0.0121
2574,medium,List all characters in the Mario franchise games.,"SELECT DISTINCT ?character ?characterLabel WHERE {
  ?character wdt:[property:present in work] ?work .
  ?work wdt:[property:part of the series] wd:[entity:Mario] .
  ?character wdt:[property:instance of] wd:[entity:fictional character] .
  SERVICE wikibase:label { bd:serviceParam wikibase:language ""en"". }
}","SELECT DISTINCT ?character ?characterLabel WHERE {
  ?character wdt:P1441 ?work .
  ?work wdt:P179 wd:Q97371666 .
  ?character wdt:P31 wd:Q95074 .
  SERVICE wikibase:label { bd:serviceParam wikibase:language ""en"". }
}",True,True,True,,0.0
37,complex,Show me a map of Oxford with different types of places marked in distinct colours.,"SELECT ?place ?placeLabel ?coord ?typeLabel ?rgb WHERE {
  ?place wdt:[property:located in the administrative territorial entity] wd:[entity:Oxford] .
  ?place wdt:[property:coordinate location] ?coord .
  ?place wdt:[property:instance of] ?type .
  BIND(
    IF(?type = wd:[entity:university], ""0000FF"",
    IF(?type = wd:[entity:museum], ""FF0000"",
    IF(?type = wd:[entity:church building], ""00FF00"",
    IF(?type = wd:[entity:library], ""FFFF00"",
    IF(?type = wd:[entity:park], ""FF00FF"",
    ""808080""))))) AS ?rgb
  )
  SERVICE wikibase:label { bd:serviceParam wikibase:language ""en"". }
}","SELECT ?place ?placeLabel ?coord ?typeLabel ?rgb WHERE {
  ?place wdt:P131 wd:Q34217 .
  ?place wdt:P625 ?coord .
  ?place wdt:P31 ?type .
  BIND(
    IF(?type = wd:Q3918, ""0000FF"",
    IF(?type = wd:Q33506, ""FF0000"",
    IF(?type = wd:Q16970, ""00FF00"",
    IF(?type = wd:Q7075, ""FFFF00"",
    IF(?type = wd:Q22698, ""FF00FF"",
    ""808080""))))) AS ?rgb
  )
  SERVICE wikibase:label { bd:serviceParam wikibase:language ""en"". }
}",True,True,True,,0.7349
542,complex,List all municipalities in Landkreis Leipzig with their distances to each other.,"SELECT ?municipality1Label ?municipality2Label ?distance WHERE {
  ?municipality1 wdt:[property:located in the administrative territorial entity] wd:[entity:Landkreis Leipzig] .
  ?municipality2 wdt:[property:located in the administrative territorial entity] wd:[entity:Landkreis Leipzig] .
  FILTER(?municipality1 != ?municipality2)
  ?municipality1 wdt:[property:coordinate location] ?coord1 .
  ?municipality2 wdt:[property:coordinate location] ?coord2 .
  BIND(geof:distance(?coord1, ?coord2) AS ?distance)
  SERVICE wikibase:label { bd:serviceParam wikibase:language ""en,de"". }
}
ORDER BY ?municipality1Label ?municipality2Label","SELECT ?municipality1Label ?municipality2Label ?distance WHERE {
  ?municipality1 wdt:P131 wd:Q6308 .
  ?municipality2 wdt:P131 wd:Q6308 .
  FILTER(?municipality1 != ?municipality2)
  ?municipality1 wdt:P625 ?coord1 .
  ?municipality2 wdt:P625 ?coord2 .
  BIND(geof:distance(?coord1, ?coord2) AS ?distance)
  SERVICE wikibase:label { bd:serviceParam wikibase:language ""en,de"". }
}
ORDER BY ?municipality1Label ?municipality2Label",True,True,False,http_400,0.0
961,complex,Find the places where people born in Brittany died.,"SELECT DISTINCT ?deathPlace ?deathPlaceLabel WHERE {
  ?person wdt:[property:place of birth] ?birthPlace .
  ?birthPlace wdt:[property:located in the administrative territorial entity]* wd:[entity:Brittany] .
  ?person wdt:[property:place of death] ?deathPlace .
  SERVICE wikibase:label { bd:serviceParam wikibase:language ""en"". }
}","SELECT DISTINCT ?deathPlace ?deathPlaceLabel WHERE {
  ?person wdt:P19 ?birthPlace .
  ?birthPlace wdt:P131* wd:Q327 .
  ?person wdt:P20 ?deathPlace .
  SERVICE wikibase:label { bd:serviceParam wikibase:language ""en"". }
}",True,True,True,,0.0009
287,medium,List all types of coins.,"SELECT ?coin ?coinLabel WHERE {
  ?coin wdt:[property:subclass of] wd:[entity:coin] .
  SERVICE wikibase:label { bd:serviceParam wikibase:language ""en"". }
}","SELECT ?coin ?coinLabel WHERE {
  ?coin wdt:P279 wd:Q41207 .
  SERVICE wikibase:label { bd:serviceParam wikibase:language ""en"". }
}",True,True,True,,0.0
206,complex,List the top botanists with the most species named after them.,"SELECT ?botanist ?botanistLabel (COUNT(?species) AS ?count) WHERE {
  ?species wdt:[property:instance of] wd:[entity:taxon] .
  ?species wdt:[property:named after] ?botanist .
  ?botanist wdt:[property:occupation] wd:[entity:botanist] .
  SERVICE wikibase:label { bd:serviceParam wikibase:language ""en"". }
}
GROUP BY ?botanist ?botanistLabel
ORDER BY DESC(?count)
LIMIT 20","SELECT ?botanist ?botanistLabel (COUNT(?species) AS ?count) WHERE {
  ?species wdt:P31 wd:Q16521 .
  ?species wdt:P138 ?botanist .
  ?botanist wdt:P106 wd:Q2374149 .
  SERVICE wikibase:label { bd:serviceParam wikibase:language ""en"". }
}
GROUP BY ?botanist ?botanistLabel
ORDER BY DESC(?count)
LIMIT 20",True,True,True,,0.0968
944,medium,"List all movies featuring Sir Christopher Lee, including their directors and release dates.","SELECT DISTINCT ?movie ?movieLabel ?directorLabel ?releaseDate WHERE {
  ?movie wdt:[property:instance of] wd:[entity:film] .
  ?movie wdt:[property:cast member] wd:[entity:Christopher Lee] .
  OPTIONAL { ?movie wdt:[property:director] ?director . }
  OPTIONAL { ?movie wdt:[property:publication date] ?releaseDate . }
  SERVICE wikibase:label { bd:serviceParam wikibase:language ""en"". }
}
ORDER BY ?releaseDate","SELECT DISTINCT ?movie ?movieLabel ?directorLabel ?releaseDate WHERE {
  ?movie wdt:P31 wd:Q11424 .
  ?movie wdt:P161 wd:Q180338 .
  OPTIONAL { ?movie wdt:P57 ?director . }
  OPTIONAL { ?movie wdt:P577 ?releaseDate . }
  SERVICE wikibase:label { bd:serviceParam wikibase:language ""en"". }
}
ORDER BY ?releaseDate",True,True,True,,0.9595
2102,medium,List the number of colleges and universities in India established each year.,"SELECT ?year (COUNT(?institution) AS ?count) WHERE {
  ?institution wdt:[property:instance of]/wdt:[property:subclass of]* wd:[entity:university] ;
               wdt:[property:country] wd:[entity:India] ;
               wdt:[property:inception] ?inception .
  BIND(YEAR(?inception) AS ?year)
}
GROUP BY ?year
ORDER BY ?year","SELECT ?year (COUNT(?institution) AS ?count) WHERE {
  ?institution wdt:P31/wdt:P279* wd:Q3918 ;
               wdt:P17 wd:Q668 ;
               wdt:P571 ?inception .
  BIND(YEAR(?inception) AS ?year)
}
GROUP BY ?year
ORDER BY ?year",True,True,True,,0.037
54,complex,List all universities in the UK along with their locations.,"SELECT ?university ?universityLabel ?location ?locationLabel WHERE {
  ?university wdt:[property:instance of] wd:[entity:university] .
  ?university wdt:[property:country] wd:[entity:United Kingdom] .
  OPTIONAL { ?university wdt:[property:located in the administrative territorial entity] ?location . }
  SERVICE wikibase:label { bd:serviceParam wikibase:language ""en"". }
}","SELECT ?university ?universityLabel ?location ?locationLabel WHERE {
  ?university wdt:P31 wd:Q3918 .
  ?university wdt:P17 wd:Q145 .
  OPTIONAL { ?university wdt:P131 ?location . }
  SERVICE wikibase:label { bd:serviceParam wikibase:language ""en"". }
}",True,True,True,,0.1589
727,simple,"List all works of art, including films and animated films.","SELECT DISTINCT ?work ?workLabel WHERE {
  ?work wdt:[property:instance of]/wdt:[property:subclass of]* wd:[entity:work of art] .
  SERVICE wikibase:label { bd:serviceParam wikibase:language ""en"". }
}","SELECT DISTINCT ?work ?workLabel WHERE {
  ?work wdt:P31/wdt:P279* wd:Q838948 .
  SERVICE wikibase:label { bd:serviceParam wikibase:language ""en"". }
}",True,True,False,result_too_large,0.0
1249,medium,List all famous pirates along with their birth dates and images.,"SELECT ?pirate ?pirateLabel ?birthDate ?image WHERE {
  ?pirate wdt:[property:occupation] wd:[entity:pirate] .
  OPTIONAL { ?pirate wdt:[property:date of birth] ?birthDate . }
  OPTIONAL { ?pirate wdt:[property:image] ?image . }
  SERVICE wikibase:label { bd:serviceParam wikibase:language ""en"". }
}","SELECT ?pirate ?pirateLabel ?birthDate ?image WHERE {
  ?pirate wdt:P106 wd:Q10729326 .
  OPTIONAL { ?pirate wdt:P569 ?birthDate . }
  OPTIONAL { ?pirate wdt:P18 ?image . }
  SERVICE wikibase:label { bd:serviceParam wikibase:language ""en"". }
}",True,True,True,,0.3663
854,simple,List all films featuring Bud Spencer as a cast member.,"SELECT ?film ?filmLabel WHERE {
  ?film wdt:[property:instance of] wd:[entity:film] .
  ?film wdt:[property:cast member] wd:[entity:Bud Spencer] .
  SERVICE wikibase:label { bd:serviceParam wikibase:language ""en"". }
}","SELECT ?film ?filmLabel WHERE {
  ?film wdt:P31 wd:Q11424 .
  ?film wdt:P161 wd:Q221074 .
  SERVICE wikibase:label { bd:serviceParam wikibase:language ""en"". }
}",True,True,True,,0.7125
1395,complex,List all metro stations in Germany with public domain images available on Commons.,"SELECT DISTINCT ?station ?stationLabel ?image WHERE {
  ?station wdt:[property:instance of] wd:[entity:metro station] .
  ?station wdt:[property:country] wd:[entity:Germany] .
  ?station wdt:[property:image] ?image .
  SERVICE wikibase:label { bd:serviceParam wikibase:language ""en"". }
}","SELECT DISTINCT ?station ?stationLabel ?image WHERE {
  ?station wdt:P31 wd:Q928830 .
  ?station wdt:P17 wd:Q183 .
  ?station wdt:P18 ?image .
  SERVICE wikibase:label { bd:serviceParam wikibase:language ""en"". }
}",True,True,True,,0.0
424,medium,List all taxon authors whose death dates are unknown.,"SELECT DISTINCT ?author WHERE {
  ?taxon wdt:[property:taxon author] ?author .
  ?author wdt:[property:instance of] wd:[entity:human] .
  FILTER NOT EXISTS { ?author wdt:[property:date of death] ?death . }
}","SELECT DISTINCT ?author WHERE {
  ?taxon wdt:P405 ?author .
  ?author wdt:P31 wd:Q5 .
  FILTER NOT EXISTS { ?author wdt:P570 ?death . }
}",True,True,True,,0.0
2114,complex,Find the railway stations between Dibrugarh and Scottish Highlands with the fewest stops.,"SELECT ?station ?stationLabel WHERE {
  wd:[entity:Dibrugarh] wdt:[property:adjacent station] ?station .
  ?station wdt:[property:instance of] wd:[entity:railway station] .
  SERVICE wikibase:label { bd:serviceParam wikibase:language ""en"". }
}","SELECT ?station ?stationLabel WHERE {
  wd:Q15213944 wdt:P197 ?station .
  ?station wdt:P31 wd:Q55488 .
  SERVICE wikibase:label { bd:serviceParam wikibase:language ""en"". }
}",True,True,True,,0.0
1147,complex,What battles took place near Edinburgh?,"SELECT ?battle ?battleLabel WHERE {
  ?battle wdt:[property:instance of] wd:[entity:battle] .
  ?battle wdt:[property:location] ?location .
  ?location wdt:[property:located in the administrative territorial entity]* wd:[entity:Edinburgh] .
  SERVICE wikibase:label { bd:serviceParam wikibase:language ""en"". }
}","SELECT ?battle ?battleLabel WHERE {
  ?battle wdt:P31 wd:Q178561 .
  ?battle wdt:P276 ?location .
  ?location wdt:P131* wd:Q23436 .
  SERVICE wikibase:label { bd:serviceParam wikibase:language ""en"". }
}",True,True,True,,0.0
2694,complex,List people accused or exonerated of witchcraft in Sweden.,"SELECT DISTINCT ?person ?personLabel WHERE {
  ?person wdt:[property:instance of] wd:[entity:human] .
  ?person wdt:[property:country of citizenship] wd:[entity:Sweden] .
  ?person wdt:[property:convicted of] wd:[entity:witchcraft] .
  SERVICE wikibase:label { bd:serviceParam wikibase:language ""en"". }
}","SELECT DISTINCT ?person ?personLabel WHERE {
  ?person wdt:P31 wd:Q5 .
  ?person wdt:P27 wd:Q34 .
  ?person wdt:P1399 wd:Q259745 .
  SERVICE wikibase:label { bd:serviceParam wikibase:language ""en"". }
}",True,True,True,,0.3103
209,complex,What are the largest collections by size?,"SELECT ?collection ?collectionLabel ?size WHERE {
  ?collection wdt:[property:instance of] wd:[entity:collection] .
  ?collection wdt:[property:collection or exhibition size] ?size .
  SERVICE wikibase:label { bd:serviceParam wikibase:language ""en"" . }
}
ORDER BY DESC(?size)
LIMIT 100","SELECT ?collection ?collectionLabel ?size WHERE {
  ?collection wdt:P31 wd:Q2668072 .
  ?collection wdt:P1436 ?size .
  SERVICE wikibase:label { bd:serviceParam wikibase:language ""en"" . }
}
ORDER BY DESC(?size)
LIMIT 100",True,True,True,,0.0033
2023,complex,What countries have the most astronauts who have been to the ISS?,"SELECT ?country ?countryLabel (COUNT(DISTINCT ?astronaut) AS ?count) WHERE {
  ?astronaut wdt:[property:astronaut mission] ?mission.
  ?astronaut wdt:[property:occupation] wd:[entity:astronaut].
  ?astronaut wdt:[property:country of citizenship] ?country.
  ?mission wdt:[property:part of] wd:[entity:International Space Station].
  SERVICE wikibase:label { bd:serviceParam wikibase:language ""en"". }
}
GROUP BY ?country ?countryLabel
ORDER BY DESC(?count)
LIMIT 10","SELECT ?country ?countryLabel (COUNT(DISTINCT ?astronaut) AS ?count) WHERE {
  ?astronaut wdt:[property:astronaut mission] ?mission.
  ?astronaut wdt:P106 wd:Q11631.
  ?astronaut wdt:P27 ?country.
  ?mission wdt:P361 wd:Q25271.
  SERVICE wikibase:label { bd:serviceParam wikibase:language ""en"". }
}
GROUP BY ?country ?countryLabel
ORDER BY DESC(?count)
LIMIT 10",True,False,False,no_query,0.0
260,complex,"List all items in the Ashmolean Museum with their inventory numbers, excluding Oxyrhynchus Papyri.","SELECT ?item ?itemLabel ?inventoryNumber WHERE {
  ?item wdt:[property:collection] wd:[entity:Ashmolean Museum] .
  ?item wdt:[property:inventory number] ?inventoryNumber .
  FILTER NOT EXISTS { ?item wdt:[property:part of] wd:[entity:Oxyrhynchus Papyri] . }
  SERVICE wikibase:label { bd:serviceParam wikibase:language ""en"". }
}","SELECT ?item ?itemLabel ?inventoryNumber WHERE {
  ?item wdt:P195 wd:Q636400 .
  ?item wdt:P217 ?inventoryNumber .
  FILTER NOT EXISTS { ?item wdt:P361 wd:Q1249435 . }
  SERVICE wikibase:label { bd:serviceParam wikibase:language ""en"". }
}",True,True,True,,0.0038
1490,medium,List all chemical compounds and their discoverers.,"SELECT ?compound ?compoundLabel ?discoverer ?discovererLabel WHERE {
  ?compound wdt:[property:instance of] wd:[entity:chemical compound] .
  ?compound wdt:[property:discoverer or inventor] ?discoverer .
  SERVICE wikibase:label { bd:serviceParam wikibase:language ""en"". }
}","SELECT ?compound ?compoundLabel ?discoverer ?discovererLabel WHERE {
  ?compound wdt:P31 wd:Q11173 .
  ?compound wdt:P61 ?discoverer .
  SERVICE wikibase:label { bd:serviceParam wikibase:language ""en"". }
}",True,True,True,,0.0
652,medium,List all the actors who played Dr. Who in a series.,"SELECT DISTINCT ?actor ?actorLabel WHERE {
  ?actor wdt:[property:instance of] wd:[entity:human] .
  ?actor wdt:[property:character role] wd:[entity:Doctor] .
  SERVICE wikibase:label { bd:serviceParam wikibase:language ""en"". }
}","SELECT DISTINCT ?actor ?actorLabel WHERE {
  ?actor wdt:P31 wd:Q5 .
  ?actor wdt:P453 wd:Q34316 .
  SERVICE wikibase:label { bd:serviceParam wikibase:language ""en"". }
}",True,True,True,,0.0
2312,complex,"List the movies featuring Jean-Paul Belmondo, ranked by their number of sitelinks.","SELECT ?movie ?movieLabel ?sitelinks WHERE {
  ?movie wdt:[property:instance of] wd:[entity:film] .
  ?movie wdt:[property:cast member] wd:[entity:Jean-Paul Belmondo] .
  ?movie wikibase:sitelinks ?sitelinks .
  SERVICE wikibase:label { bd:serviceParam wikibase:language ""en"". }
}
ORDER BY DESC(?sitelinks)","SELECT ?movie ?movieLabel ?sitelinks WHERE {
  ?movie wdt:P31 wd:Q11424 .
  ?movie wdt:P161 wd:Q106255 .
  ?movie wikibase:sitelinks ?sitelinks .
  SERVICE wikibase:label { bd:serviceParam wikibase:language ""en"". }
}
ORDER BY DESC(?sitelinks)",True,True,True,,1.0
521,complex,List all properties with item values that lack type constraints and property scope constraints.,"SELECT DISTINCT ?property WHERE {
  ?property wikibase:propertyType wikibase:WikibaseItem .
  FILTER NOT EXISTS {
    ?property p:[property:property constraint] ?typeConstraint .
    ?typeConstraint ps:[property:property constraint] wd:[entity:type constraint] .
  }
  FILTER NOT EXISTS {
    ?property p:[property:property constraint] ?scopeConstraint .
    ?scopeConstraint ps:[property:property constraint] wd:[entity:property scope constraint] .
  }
}","SELECT DISTINCT ?property WHERE {
  ?property wikibase:propertyType wikibase:WikibaseItem .
  FILTER NOT EXISTS {
    ?property p:P2302 ?typeConstraint .
    ?typeConstraint ps:P2302 wd:Q21503250 .
  }
  FILTER NOT EXISTS {
    ?property p:P2302 ?scopeConstraint .
    ?scopeConstraint ps:P2302 wd:Q53869507 .
  }
}",True,True,True,,0.92
1234,complex,How many people are depicted by gender?,"SELECT ?gender ?genderLabel (COUNT(DISTINCT ?person) AS ?count) WHERE {
  ?person wdt:[property:instance of] wd:[entity:human] .
  ?person wdt:[property:sex or gender] ?gender .
  SERVICE wikibase:label { bd:serviceParam wikibase:language ""en"". }
}
GROUP BY ?gender ?genderLabel
ORDER BY DESC(?count)","SELECT ?gender ?genderLabel (COUNT(DISTINCT ?person) AS ?count) WHERE {
  ?person wdt:P31 wd:Q5 .
  ?person wdt:P21 ?gender .
  SERVICE wikibase:label { bd:serviceParam wikibase:language ""en"". }
}
GROUP BY ?gender ?genderLabel
ORDER BY DESC(?count)",True,True,True,,0.0
2350,medium,List all taxon names that are repetitive.,"SELECT ?taxon ?taxonLabel WHERE {
  ?taxon wdt:[property:taxon name type] wd:[entity:tautonym] .
  SERVICE wikibase:label { bd:serviceParam wikibase:language ""en"". }
}","SELECT ?taxon ?taxonLabel WHERE {
  ?taxon wdt:[property:taxon name type] wd:Q1399774 .
  SERVICE wikibase:label { bd:serviceParam wikibase:language ""en"". }
}",True,False,False,no_query,0.0
1738,simple,List the collections held by the National Gallery of Armenia.,"SELECT ?collection ?collectionLabel WHERE {
  ?collection wdt:[property:collection] wd:[entity:National Gallery of Armenia] .
  SERVICE wikibase:label { bd:serviceParam wikibase:language ""en"". }
}","SELECT ?collection ?collectionLabel WHERE {
  ?collection wdt:P195 wd:Q3844310 .
  SERVICE wikibase:label { bd:serviceParam wikibase:language ""en"". }
}",True,True,True,,0.0
548,complex,"Show me the distances between cities in an area, grouped by municipality.","SELECT ?municipality ?municipalityLabel ?city1 ?city1Label ?city2 ?city2Label ?distance WHERE {
  ?city1 wdt:[property:instance of] wd:[entity:city] .
  ?city1 wdt:[property:located in the administrative territorial entity] ?municipality .
  ?municipality wdt:[property:instance of] wd:[entity:municipality] .
  ?city2 wdt:[property:instance of] wd:[entity:city] .
  ?city2 wdt:[property:located in the administrative territorial entity] ?municipality .
  ?city1 wdt:[property:coordinate location] ?coord1 .
  ?city2 wdt:[property:coordinate location] ?coord2 .
  FILTER(?city1 != ?city2)
  BIND(geof:distance(?coord1, ?coord2) AS ?distance)
  SERVICE wikibase:label { bd:serviceParam wikibase:language ""en"". }
}
ORDER BY ?municipalityLabel ?distance","SELECT ?municipality ?municipalityLabel ?city1 ?city1Label ?city2 ?city2Label ?distance WHERE {
  ?city1 wdt:P31 wd:Q515 .
  ?city1 wdt:P131 ?municipality .
  ?municipality wdt:P31 wd:Q15284 .
  ?city2 wdt:P31 wd:Q515 .
  ?city2 wdt:P131 ?municipality .
  ?city1 wdt:P625 ?coord1 .
  ?city2 wdt:P625 ?coord2 .
  FILTER(?city1 != ?city2)
  BIND(geof:distance(?coord1, ?coord2) AS ?distance)
  SERVICE wikibase:label { bd:serviceParam wikibase:language ""en"". }
}
ORDER BY ?municipalityLabel ?distance",True,True,False,http_400,0.0
2610,medium,List all individuals born on a river.,"SELECT DISTINCT ?person ?personLabel WHERE {
  ?person wdt:[property:instance of] wd:[entity:human] .
  ?person wdt:[property:place of birth] ?place .
  ?place wdt:[property:instance of] wd:[entity:river] .
  SERVICE wikibase:label { bd:serviceParam wikibase:language ""en"". }
}","SELECT DISTINCT ?person ?personLabel WHERE {
  ?person wdt:P31 wd:Q5 .
  ?person wdt:P19 ?place .
  ?place wdt:P31 wd:Q4022 .
  SERVICE wikibase:label { bd:serviceParam wikibase:language ""en"". }
}",True,True,True,,0.5423
1769,complex,List all destinations accessible from Wuhan Tianhe International Airport.,"SELECT DISTINCT ?destination ?destinationLabel WHERE {
  wd:[entity:Wuhan Tianhe International Airport] wdt:[property:destination] ?destination.
  SERVICE wikibase:label { bd:serviceParam wikibase:language ""en"". }
}","SELECT DISTINCT ?destination ?destinationLabel WHERE {
  wd:Q601091 wdt:P521 ?destination.
  SERVICE wikibase:label { bd:serviceParam wikibase:language ""en"". }
}",True,True,True,,0.0
351,simple,List all Atlas of Hillforts IDs along with their corresponding images.,"SELECT ?item ?atlasID ?image WHERE {
  ?item wdt:[property:Atlas of Hillforts ID] ?atlasID .
  OPTIONAL { ?item wdt:[property:image] ?image . }
}","SELECT ?item ?atlasID ?image WHERE {
  ?item wdt:P4102 ?atlasID .
  OPTIONAL { ?item wdt:P18 ?image . }
}",True,True,True,,0.1795
237,medium,Find items from the Bodleian Library or Sackler Library that do not have an image.,"SELECT DISTINCT ?item ?itemLabel WHERE {
  {
    ?item wdt:[property:collection] wd:[entity:Bodleian Library] .
  } UNION {
    ?item wdt:[property:collection] wd:[entity:Sackler Library] .
  }
  FILTER NOT EXISTS { ?item wdt:[property:image] ?image . }
  SERVICE wikibase:label { bd:serviceParam wikibase:language ""en"". }
}","SELECT DISTINCT ?item ?itemLabel WHERE {
  {
    ?item wdt:P195 wd:Q82133 .
  } UNION {
    ?item wdt:P195 wd:Q2210813 .
  }
  FILTER NOT EXISTS { ?item wdt:P18 ?image . }
  SERVICE wikibase:label { bd:serviceParam wikibase:language ""en"". }
}",True,True,True,,0.4777
2091,medium,List all fortifications related to the Dutch East India Company (VOC) and the Dutch West India Company (WIC).,"SELECT DISTINCT ?fortification ?fortificationLabel WHERE {
  ?fortification wdt:[property:instance of]/wdt:[property:subclass of]* wd:[entity:fortification] .
  VALUES ?company { wd:[entity:Dutch East India Company] wd:[entity:Dutch West India Company] }
  ?fortification ?p ?company .
  SERVICE wikibase:label { bd:serviceParam wikibase:language ""en"". }
}","SELECT DISTINCT ?fortification ?fortificationLabel WHERE {
  ?fortification wdt:P31/wdt:P279* wd:Q57821 .
  VALUES ?company { wd:Q159766 wd:Q617066 }
  ?fortification ?p ?company .
  SERVICE wikibase:label { bd:serviceParam wikibase:language ""en"". }
}",True,True,True,,0.2673
1268,medium,List all types of pasta with their images.,"SELECT ?pasta ?pastaLabel ?image WHERE {
  ?pasta wdt:[property:subclass of] wd:[entity:pasta] .
  OPTIONAL { ?pasta wdt:[property:image] ?image . }
  SERVICE wikibase:label { bd:serviceParam wikibase:language ""en"". }
}","SELECT ?pasta ?pastaLabel ?image WHERE {
  ?pasta wdt:P279 wd:Q178 .
  OPTIONAL { ?pasta wdt:P18 ?image . }
  SERVICE wikibase:label { bd:serviceParam wikibase:language ""en"". }
}",True,True,True,,0.0
626,complex,What is the population of European Union countries since 1960?,"SELECT ?country ?countryLabel ?year ?population WHERE {
  ?country wdt:[property:member of] wd:[entity:European Union] .
  ?country p:[property:population] ?populationStatement .
  ?populationStatement ps:[property:population] ?population .
  ?populationStatement pq:[property:point in time] ?date .
  BIND(YEAR(?date) AS ?year)
  FILTER(?year >= 1960)
  SERVICE wikibase:label { bd:serviceParam wikibase:language ""en"". }
}
ORDER BY ?countryLabel ?year","SELECT ?country ?countryLabel ?year ?population WHERE {
  ?country wdt:[property:member of] wd:Q458 .
  ?country p:P1082 ?populationStatement .
  ?populationStatement ps:P1082 ?population .
  ?populationStatement pq:P585 ?date .
  BIND(YEAR(?date) AS ?year)
  FILTER(?year >= 1960)
  SERVICE wikibase:label { bd:serviceParam wikibase:language ""en"". }
}
ORDER BY ?countryLabel ?year",True,False,False,no_query,0.0
1120,complex,List all TV series with their narrative locations.,"SELECT ?series ?seriesLabel ?location ?locationLabel WHERE {
  ?series wdt:[property:instance of] wd:[entity:television series] .
  ?series wdt:[property:narrative location] ?location .
  SERVICE wikibase:label { bd:serviceParam wikibase:language ""en"". }
}","SELECT ?series ?seriesLabel ?location ?locationLabel WHERE {
  ?series wdt:P31 wd:Q5398426 .
  ?series wdt:P840 ?location .
  SERVICE wikibase:label { bd:serviceParam wikibase:language ""en"". }
}",True,True,True,,0.4721
1954,complex,List all female soccer players with a social media presence.,"SELECT DISTINCT ?player ?playerLabel WHERE {
  ?player wdt:[property:instance of] wd:[entity:human] .
  ?player wdt:[property:sex or gender] wd:[entity:female] .
  ?player wdt:[property:occupation] wd:[entity:association football player] .
  {
    ?player wdt:[property:Instagram username] ?instagram .
  } UNION {
    ?player wdt:[property:Twitter username] ?twitter .
  } UNION {
    ?player wdt:[property:Facebook ID] ?facebook .
  }
  SERVICE wikibase:label { bd:serviceParam wikibase:language ""en"". }
}","SELECT DISTINCT ?player ?playerLabel WHERE {
  ?player wdt:P31 wd:Q5 .
  ?player wdt:P21 wd:Q6581072 .
  ?player wdt:P106 wd:Q937857 .
  {
    ?player wdt:P2003 ?instagram .
  } UNION {
    ?player wdt:P2002 ?twitter .
  } UNION {
    ?player wdt:P2013 ?facebook .
  }
  SERVICE wikibase:label { bd:serviceParam wikibase:language ""en"". }
}",True,True,True,,0.4196
423,medium,List all bird species with different eBird and ABA IDs.,"SELECT DISTINCT ?species ?speciesLabel ?ebirdID ?abaID WHERE {
  ?species wdt:[property:instance of] wd:[entity:taxon] .
  ?species wdt:[property:taxon rank] wd:[entity:species] .
  ?species wdt:[property:parent taxon]* wd:[entity:bird] .
  ?species wdt:[property:eBird taxon ID] ?ebirdID .
  ?species wdt:[property:ABA bird ID] ?abaID .
  FILTER(?ebirdID != ?abaID)
  SERVICE wikibase:label { bd:serviceParam wikibase:language ""en"". }
}","SELECT DISTINCT ?species ?speciesLabel ?ebirdID ?abaID WHERE {
  ?species wdt:P31 wd:Q16521 .
  ?species wdt:P105 wd:Q7432 .
  ?species wdt:P171* wd:Q5113 .
  ?species wdt:P3444 ?ebirdID .
  ?species wdt:P4526 ?abaID .
  FILTER(?ebirdID != ?abaID)
  SERVICE wikibase:label { bd:serviceParam wikibase:language ""en"". }
}",True,True,True,,1.0
942,complex,List the top drama schools by student population.,"SELECT ?school ?schoolLabel ?students WHERE {
  ?school wdt:[property:instance of] wd:[entity:drama school] .
  ?school wdt:[property:students count] ?students .
  SERVICE wikibase:label { bd:serviceParam wikibase:language ""en"". }
}
ORDER BY DESC(?students)
LIMIT 20","SELECT ?school ?schoolLabel ?students WHERE {
  ?school wdt:P31 wd:Q2143781 .
  ?school wdt:P2196 ?students .
  SERVICE wikibase:label { bd:serviceParam wikibase:language ""en"". }
}
ORDER BY DESC(?students)
LIMIT 20",True,True,True,,0.0157
494,medium,What is the total population of the Oresund Region?,"SELECT ?population WHERE {
  wd:[entity:Øresund Region] wdt:[property:population] ?population .
}","SELECT ?population WHERE {
  wd:Q297853 wdt:P1082 ?population .
}",True,True,True,,0.0
2697,medium,List the birth years of the winners of the last eight U.S. presidential elections.,"SELECT DISTINCT ?president ?presidentLabel ?birthYear WHERE {
  ?election wdt:[property:instance of] wd:[entity:United States presidential election] .
  ?election wdt:[property:point in time] ?date .
  ?election wdt:[property:winner] ?president .
  ?president wdt:[property:date of birth] ?dob .
  BIND(YEAR(?dob) AS ?birthYear)
  SERVICE wikibase:label { bd:serviceParam wikibase:language ""en"". }
}
ORDER BY DESC(?date)
LIMIT 8","SELECT DISTINCT ?president ?presidentLabel ?birthYear WHERE {
  ?election wdt:P31 wd:Q47566 .
  ?election wdt:P585 ?date .
  ?election wdt:P991 ?president .
  ?president wdt:P569 ?dob .
  BIND(YEAR(?dob) AS ?birthYear)
  SERVICE wikibase:label { bd:serviceParam wikibase:language ""en"". }
}
ORDER BY DESC(?date)
LIMIT 8",True,True,True,,0.1163
1245,medium,List software companies founded by female entrepreneurs.,"SELECT DISTINCT ?company ?companyLabel WHERE {
  ?company wdt:[property:instance of] wd:[entity:software company] .
  ?company wdt:[property:founded by] ?founder .
  ?founder wdt:[property:sex or gender] wd:[entity:female] .
  SERVICE wikibase:label { bd:serviceParam wikibase:language ""en"" . }
}","SELECT DISTINCT ?company ?companyLabel WHERE {
  ?company wdt:P31 wd:Q1058914 .
  ?company wdt:P112 ?founder .
  ?founder wdt:P21 wd:Q6581072 .
  SERVICE wikibase:label { bd:serviceParam wikibase:language ""en"" . }
}",True,True,True,,0.0417
1646,medium,List all French male first names that end with the suffix 'ee'.,"SELECT DISTINCT ?name ?nameLabel WHERE {
  ?name wdt:[property:instance of] wd:[entity:male given name] .
  ?name wdt:[property:native label] ?label .
  FILTER(LANG(?label) = ""fr"")
  FILTER(STRENDS(?label, ""ee""))
  SERVICE wikibase:label { bd:serviceParam wikibase:language ""fr,en"". }
}","SELECT DISTINCT ?name ?nameLabel WHERE {
  ?name wdt:P31 wd:Q12308941 .
  ?name wdt:P1705 ?label .
  FILTER(LANG(?label) = ""fr"")
  FILTER(STRENDS(?label, ""ee""))
  SERVICE wikibase:label { bd:serviceParam wikibase:language ""fr,en"". }
}",True,True,True,,0.0111
1122,medium,What are the obelisks located in Rome?,"SELECT ?obelisk ?obeliskLabel WHERE {
  ?obelisk wdt:[property:instance of] wd:[entity:obelisk] .
  ?obelisk wdt:[property:located in the administrative territorial entity] wd:[entity:Rome] .
  SERVICE wikibase:label { bd:serviceParam wikibase:language ""en"". }
}","SELECT ?obelisk ?obeliskLabel WHERE {
  ?obelisk wdt:P31 wd:Q170980 .
  ?obelisk wdt:P131 wd:Q220 .
  SERVICE wikibase:label { bd:serviceParam wikibase:language ""en"". }
}",True,True,True,,0.3269
99,complex,List all Oxford University doctoral theses organized by their main topics.,"SELECT ?thesis ?thesisLabel ?topic ?topicLabel WHERE {
  ?thesis wdt:[property:instance of] wd:[entity:doctoral thesis] .
  ?thesis wdt:[property:publisher] wd:[entity:University of Oxford] .
  OPTIONAL { ?thesis wdt:[property:main subject] ?topic . }
  SERVICE wikibase:label { bd:serviceParam wikibase:language ""en"". }
}
ORDER BY ?topicLabel","SELECT ?thesis ?thesisLabel ?topic ?topicLabel WHERE {
  ?thesis wdt:P31 wd:Q187685 .
  ?thesis wdt:P123 wd:Q34433 .
  OPTIONAL { ?thesis wdt:P921 ?topic . }
  SERVICE wikibase:label { bd:serviceParam wikibase:language ""en"". }
}
ORDER BY ?topicLabel",True,True,True,,0.0018
1894,complex,List Turkish scientists with the highest citation count.,"SELECT ?scientist ?scientistLabel ?citationCount WHERE {
  ?scientist wdt:[property:instance of] wd:[entity:human] .
  ?scientist wdt:[property:occupation] wd:[entity:scientist] .
  ?scientist wdt:[property:country of citizenship] wd:[entity:Turkey] .
  ?scientist wdt:[property:citation count] ?citationCount .
  SERVICE wikibase:label { bd:serviceParam wikibase:language ""en"". }
}
ORDER BY DESC(?citationCount)
LIMIT 100","SELECT ?scientist ?scientistLabel ?citationCount WHERE {
  ?scientist wdt:P31 wd:Q5 .
  ?scientist wdt:P106 wd:Q901 .
  ?scientist wdt:P27 wd:Q43 .
  ?scientist wdt:[property:citation count] ?citationCount .
  SERVICE wikibase:label { bd:serviceParam wikibase:language ""en"". }
}
ORDER BY DESC(?citationCount)
LIMIT 100",True,False,False,no_query,0.0
2097,medium,How many people died in 2020?,"SELECT (COUNT(DISTINCT ?person) AS ?count) WHERE {
  ?person wdt:[property:date of death] ?date.
  FILTER(YEAR(?date) = 2020)
}","SELECT (COUNT(DISTINCT ?person) AS ?count) WHERE {
  ?person wdt:P570 ?date.
  FILTER(YEAR(?date) = 2020)
}",True,True,True,,0.0
2160,medium,List the birds that are native to a region in France.,,,False,False,False,no_query,0.0
852,medium,List all music genres.,,,False,False,False,no_query,0.0
223,complex,Find items in the Cleveland Museum of Art collection without images.,"SELECT ?item ?itemLabel WHERE {
  ?item wdt:[property:collection] wd:[entity:Cleveland Museum of Art] .
  FILTER NOT EXISTS { ?item wdt:[property:image] ?image }
  SERVICE wikibase:label { bd:serviceParam wikibase:language ""en"". }
}","SELECT ?item ?itemLabel WHERE {
  ?item wdt:P195 wd:Q657415 .
  FILTER NOT EXISTS { ?item wdt:P18 ?image }
  SERVICE wikibase:label { bd:serviceParam wikibase:language ""en"". }
}",True,True,True,,0.0191
352,complex,Show me hillforts in the UK without images on a map.,,,False,False,False,no_query,0.0
1765,complex,How many words are recorded in each language on Lingua Libre?,"SELECT ?language ?languageLabel (COUNT(?record) AS ?count) WHERE {
  ?record wdt:[property:instance of] wd:[entity:Lingua Libre recording] .
  ?record wdt:[property:language of work or name] ?language .
  SERVICE wikibase:label { bd:serviceParam wikibase:language ""en"". }
}
GROUP BY ?language ?languageLabel
ORDER BY DESC(?count)","SELECT ?language ?languageLabel (COUNT(?record) AS ?count) WHERE {
  ?record wdt:P31 wd:[entity:Lingua Libre recording] .
  ?record wdt:P407 ?language .
  SERVICE wikibase:label { bd:serviceParam wikibase:language ""en"". }
}
GROUP BY ?language ?languageLabel
ORDER BY DESC(?count)",True,False,False,no_query,0.0
2246,simple,List some common idioms in Danish language.,"SELECT ?idiom ?idiomLabel WHERE {
  ?idiom wdt:[property:instance of] wd:[entity:idiom] .
  ?idiom wdt:[property:language of work or name] wd:[entity:Danish] .
  SERVICE wikibase:label { bd:serviceParam wikibase:language ""en,da"". }
}","SELECT ?idiom ?idiomLabel WHERE {
  ?idiom wdt:P31 wd:Q184511 .
  ?idiom wdt:P407 wd:Q9035 .
  SERVICE wikibase:label { bd:serviceParam wikibase:language ""en,da"". }
}",True,True,True,,0.0
1591,complex,Show me a bubble chart of the top 100 WMF import sources by frequency.,"#defaultView:BubbleChart
SELECT ?source ?sourceLabel (COUNT(?item) AS ?count) WHERE {
  ?item wdt:[property:source of file] ?source.
  SERVICE wikibase:label { bd:serviceParam wikibase:language ""[AUTO_LANGUAGE],en"". }
}
GROUP BY ?source ?sourceLabel
ORDER BY DESC(?count)
LIMIT 100","#defaultView:BubbleChart
SELECT ?source ?sourceLabel (COUNT(?item) AS ?count) WHERE {
  ?item wdt:P7482 ?source.
  SERVICE wikibase:label { bd:serviceParam wikibase:language ""[AUTO_LANGUAGE],en"". }
}
GROUP BY ?source ?sourceLabel
ORDER BY DESC(?count)
LIMIT 100",True,True,True,,0.0
1981,complex,Find the birthplaces of authors with an ELEM ID on Wikidata.,"SELECT DISTINCT ?author ?authorLabel ?birthplace ?birthplaceLabel WHERE {
  ?author wdt:[property:ELEM ID] ?elemId .
  ?author wdt:[property:occupation] wd:[entity:writer] .
  ?author wdt:[property:place of birth] ?birthplace .
  SERVICE wikibase:label { bd:serviceParam wikibase:language ""en"". }
}","SELECT DISTINCT ?author ?authorLabel ?birthplace ?birthplaceLabel WHERE {
  ?author wdt:P1565 ?elemId .
  ?author wdt:P106 wd:Q36180 .
  ?author wdt:P19 ?birthplace .
  SERVICE wikibase:label { bd:serviceParam wikibase:language ""en"". }
}",True,True,True,,0.2159
356,complex,Find hillforts with Atlas of Hillforts IDs and their corresponding Welsh Wikipedia articles.,"SELECT ?hillfort ?hillfortLabel ?atlasID ?article WHERE {
  ?hillfort wdt:[property:Atlas of Hillforts ID] ?atlasID .
  ?article schema:about ?hillfort ;
           schema:isPartOf <https://cy.wikipedia.org/> .
  SERVICE wikibase:label { bd:serviceParam wikibase:language ""en,cy"". }
}","SELECT ?hillfort ?hillfortLabel ?atlasID ?article WHERE {
  ?hillfort wdt:P4102 ?atlasID .
  ?article schema:about ?hillfort ;
           schema:isPartOf <https://cy.wikipedia.org/> .
  SERVICE wikibase:label { bd:serviceParam wikibase:language ""en,cy"". }
}",True,True,True,,0.4977
94,medium,List authors with their theses that are not publications.,"SELECT ?author ?authorLabel ?thesis ?thesisLabel WHERE {
  ?author wdt:[property:instance of] wd:[entity:human] .
  ?thesis wdt:[property:author] ?author .
  ?thesis wdt:[property:instance of] wd:[entity:thesis] .
  FILTER NOT EXISTS {
    ?thesis wdt:[property:instance of] wd:[entity:publication] .
  }
  SERVICE wikibase:label { bd:serviceParam wikibase:language ""en"". }
}","SELECT ?author ?authorLabel ?thesis ?thesisLabel WHERE {
  ?author wdt:P31 wd:Q5 .
  ?thesis wdt:P50 ?author .
  ?thesis wdt:P31 wd:Q1266946 .
  FILTER NOT EXISTS {
    ?thesis wdt:P31 wd:Q732577 .
  }
  SERVICE wikibase:label { bd:serviceParam wikibase:language ""en"". }
}",True,True,True,,0.0104
390,medium,List the grandchildren of Johann Sebastian Bach.,,,False,False,False,no_query,0.0
1498,complex,List people who share their birthday with the day their mother passed away.,"SELECT DISTINCT ?person ?personLabel WHERE {
  ?person wdt:[property:date of birth] ?birth .
  ?person wdt:[property:mother] ?mother .
  ?mother wdt:[property:date of death] ?death .
  FILTER(MONTH(?birth) = MONTH(?death) && DAY(?birth) = DAY(?death))
  SERVICE wikibase:label { bd:serviceParam wikibase:language ""en"". }
}","SELECT DISTINCT ?person ?personLabel WHERE {
  ?person wdt:P569 ?birth .
  ?person wdt:P25 ?mother .
  ?mother wdt:P570 ?death .
  FILTER(MONTH(?birth) = MONTH(?death) && DAY(?birth) = DAY(?death))
  SERVICE wikibase:label { bd:serviceParam wikibase:language ""en"". }
}",True,True,True,,0.0039
768,medium,List all English demonyms for countries.,"SELECT DISTINCT ?country ?countryLabel ?demonym WHERE {
  ?country wdt:[property:instance of] wd:[entity:country] .
  ?country wdt:[property:demonym] ?demonym .
  FILTER(LANG(?demonym) = ""en"")
  SERVICE wikibase:label { bd:serviceParam wikibase:language ""en"". }
}","SELECT DISTINCT ?country ?countryLabel ?demonym WHERE {
  ?country wdt:P31 wd:Q6256 .
  ?country wdt:P1549 ?demonym .
  FILTER(LANG(?demonym) = ""en"")
  SERVICE wikibase:label { bd:serviceParam wikibase:language ""en"". }
}",True,True,True,,1.0
1056,medium,List all things or people shown in xkcd comics.,"SELECT DISTINCT ?item ?itemLabel WHERE {
  ?item wdt:[property:depicted by] ?comic .
  ?comic wdt:[property:part of the series] wd:[entity:xkcd] .
  SERVICE wikibase:label { bd:serviceParam wikibase:language ""en"". }
}","SELECT DISTINCT ?item ?itemLabel WHERE {
  ?item wdt:P1299 ?comic .
  ?comic wdt:P179 wd:Q13915 .
  SERVICE wikibase:label { bd:serviceParam wikibase:language ""en"". }
}",True,True,True,,0.0139
2244,simple,List poets who have a lawyer as their father.,"SELECT DISTINCT ?poet ?poetLabel WHERE {
  ?poet wdt:[property:occupation] wd:[entity:poet] .
  ?poet wdt:[property:father] ?father .
  ?father wdt:[property:occupation] wd:[entity:lawyer] .
  SERVICE wikibase:label { bd:serviceParam wikibase:language ""en"". }
}","SELECT DISTINCT ?poet ?poetLabel WHERE {
  ?poet wdt:P106 wd:Q49757 .
  ?poet wdt:P22 ?father .
  ?father wdt:P106 wd:Q40348 .
  SERVICE wikibase:label { bd:serviceParam wikibase:language ""en"". }
}",True,True,True,,0.521
1354,simple,List the top 30 buildings with the most elevators.,"SELECT ?building ?buildingLabel ?elevators WHERE {
  ?building wdt:[property:instance of]/wdt:[property:subclass of]* wd:[entity:building] .
  ?building wdt:[property:number of elevators] ?elevators .
  SERVICE wikibase:label { bd:serviceParam wikibase:language ""en"". }
}
ORDER BY DESC(?elevators)
LIMIT 30","SELECT ?building ?buildingLabel ?elevators WHERE {
  ?building wdt:P31/wdt:P279* wd:Q41176 .
  ?building wdt:P1301 ?elevators .
  SERVICE wikibase:label { bd:serviceParam wikibase:language ""en"". }
}
ORDER BY DESC(?elevators)
LIMIT 30",True,True,True,,0.4096
2361,medium,List all NFDI consortia and their respective fields of work.,"SELECT DISTINCT ?consortium ?consortiumLabel ?field ?fieldLabel WHERE {
  ?consortium wdt:[property:part of] wd:[entity:National Research Data Infrastructure] .
  OPTIONAL { ?consortium wdt:[property:field of work] ?field . }
  SERVICE wikibase:label { bd:serviceParam wikibase:language ""en"". }
}","SELECT DISTINCT ?consortium ?consortiumLabel ?field ?fieldLabel WHERE {
  ?consortium wdt:P361 wd:Q96678466 .
  OPTIONAL { ?consortium wdt:P101 ?field . }
  SERVICE wikibase:label { bd:serviceParam wikibase:language ""en"". }
}",True,True,True,,0.0
936,simple,List the nicknames of people who are known to be serial killers.,"SELECT DISTINCT ?person ?personLabel ?nickname WHERE {
  ?person wdt:[property:occupation] wd:[entity:serial killer] .
  ?person wdt:[property:nickname] ?nickname .
  SERVICE wikibase:label { bd:serviceParam wikibase:language ""en"". }
}","SELECT DISTINCT ?person ?personLabel ?nickname WHERE {
  ?person wdt:P106 wd:Q484188 .
  ?person wdt:P1449 ?nickname .
  SERVICE wikibase:label { bd:serviceParam wikibase:language ""en"". }
}",True,True,True,,1.0
1112,medium,List all human pairs who killed each other.,"SELECT DISTINCT ?person1 ?person1Label ?person2 ?person2Label WHERE {
  ?person1 wdt:[property:instance of] wd:[entity:human] .
  ?person2 wdt:[property:instance of] wd:[entity:human] .
  ?person1 wdt:[property:killed by] ?person2 .
  ?person2 wdt:[property:killed by] ?person1 .
  FILTER(STR(?person1) < STR(?person2))
  SERVICE wikibase:label { bd:serviceParam wikibase:language ""en"". }
}","SELECT DISTINCT ?person1 ?person1Label ?person2 ?person2Label WHERE {
  ?person1 wdt:P31 wd:Q5 .
  ?person2 wdt:P31 wd:Q5 .
  ?person1 wdt:P157 ?person2 .
  ?person2 wdt:P157 ?person1 .
  FILTER(STR(?person1) < STR(?person2))
  SERVICE wikibase:label { bd:serviceParam wikibase:language ""en"". }
}",True,True,True,,0.8571
595,medium,What is the oldest software ever created?,"SELECT ?software ?softwareLabel ?inception WHERE {
  ?software wdt:[property:instance of] wd:[entity:software] .
  ?software wdt:[property:inception] ?inception .
  SERVICE wikibase:label { bd:serviceParam wikibase:language ""en"". }
}
ORDER BY ASC(?inception)
LIMIT 1","SELECT ?software ?softwareLabel ?inception WHERE {
  ?software wdt:P31 wd:Q7397 .
  ?software wdt:P571 ?inception .
  SERVICE wikibase:label { bd:serviceParam wikibase:language ""en"". }
}
ORDER BY ASC(?inception)
LIMIT 1",True,True,True,,0.125
2497,complex,How many property labels are associated with lakes in the UK?,"SELECT (COUNT(DISTINCT ?property) AS ?count) WHERE {
  ?lake wdt:[property:instance of] wd:[entity:lake] .
  ?lake wdt:[property:country] wd:[entity:United Kingdom] .
  ?lake ?property ?value .
}","SELECT (COUNT(DISTINCT ?property) AS ?count) WHERE {
  ?lake wdt:P31 wd:Q23397 .
  ?lake wdt:P17 wd:Q145 .
  ?lake ?property ?value .
}",True,True,True,,0.0
117,complex,What parliaments are listed on Wikidata?,"SELECT DISTINCT ?parliament ?parliamentLabel WHERE {
  ?parliament wdt:[property:instance of] wd:[entity:parliament] .
  SERVICE wikibase:label { bd:serviceParam wikibase:language ""en"". }
}","SELECT DISTINCT ?parliament ?parliamentLabel WHERE {
  ?parliament wdt:P31 wd:Q35749 .
  SERVICE wikibase:label { bd:serviceParam wikibase:language ""en"". }
}",True,True,True,,0.0009
1337,medium,List all humans who died in 2016.,"SELECT DISTINCT ?human ?humanLabel WHERE {
  ?human wdt:[property:instance of] wd:[entity:human] .
  ?human wdt:[property:date of death] ?dod .
  FILTER(YEAR(?dod) = 2016)
  SERVICE wikibase:label { bd:serviceParam wikibase:language ""en"" . }
}","SELECT DISTINCT ?human ?humanLabel WHERE {
  ?human wdt:P31 wd:Q5 .
  ?human wdt:P570 ?dod .
  FILTER(YEAR(?dod) = 2016)
  SERVICE wikibase:label { bd:serviceParam wikibase:language ""en"" . }
}",True,True,True,,0.0
1957,medium,List all the songs composed by Charlie Parker.,"SELECT ?song ?songLabel WHERE {
  ?song wdt:[property:instance of] wd:[entity:musical composition] ;
        wdt:[property:composer] wd:[entity:Charlie Parker] .
  SERVICE wikibase:label { bd:serviceParam wikibase:language ""en"". }
}","SELECT ?song ?songLabel WHERE {
  ?song wdt:P31 wd:Q207628 ;
        wdt:P86 wd:Q103767 .
  SERVICE wikibase:label { bd:serviceParam wikibase:language ""en"". }
}",True,True,True,,0.0
2261,complex,Show me a map of places with their standard English and Welsh spellings.,"SELECT ?place ?placeLabel ?englishName ?welshName ?coordinates WHERE {
  ?place wdt:[property:official name] ?englishName .
  ?place wdt:[property:official name] ?welshName .
  FILTER(LANG(?englishName) = ""en"")
  FILTER(LANG(?welshName) = ""cy"")
  ?place wdt:[property:coordinate location] ?coordinates .
  SERVICE wikibase:label { bd:serviceParam wikibase:language ""en"". }
}","SELECT ?place ?placeLabel ?englishName ?welshName ?coordinates WHERE {
  ?place wdt:P1448 ?englishName .
  ?place wdt:P1448 ?welshName .
  FILTER(LANG(?englishName) = ""en"")
  FILTER(LANG(?welshName) = ""cy"")
  ?place wdt:P625 ?coordinates .
  SERVICE wikibase:label { bd:serviceParam wikibase:language ""en"". }
}",True,True,True,,0.0
2110,complex,List mathematicians born in years that are prime numbers.,"SELECT DISTINCT ?mathematician ?mathematicianLabel ?year WHERE {
  ?mathematician wdt:[property:occupation] wd:[entity:mathematician] .
  ?mathematician wdt:[property:date of birth] ?dob .
  BIND(YEAR(?dob) AS ?year)
  FILTER(?year > 1)
  FILTER NOT EXISTS {
    BIND(FLOOR(SQRT(?year)) AS ?sqrtYear)
    ?divisor a ?type .
    FILTER(FALSE)
  }
  # Prime check via absence of divisors
  FILTER(!EXISTS {
    VALUES ?d { 2 3 5 7 11 13 17 19 23 29 31 37 41 43 }
    FILTER(?year != ?d && ?year % ?d = 0)
  })
  SERVICE wikibase:label { bd:serviceParam wikibase:language ""en"". }
}
LIMIT 100","SELECT DISTINCT ?mathematician ?mathematicianLabel ?year WHERE {
  ?mathematician wdt:P106 wd:Q170790 .
  ?mathematician wdt:P569 ?dob .
  BIND(YEAR(?dob) AS ?year)
  FILTER(?year > 1)
  FILTER NOT EXISTS {
    BIND(FLOOR(SQRT(?year)) AS ?sqrtYear)
    ?divisor a ?type .
    FILTER(FALSE)
  }
  # Prime check via absence of divisors
  FILTER(!EXISTS {
    VALUES ?d { 2 3 5 7 11 13 17 19 23 29 31 37 41 43 }
    FILTER(?year != ?d && ?year % ?d = 0)
  })
  SERVICE wikibase:label { bd:serviceParam wikibase:language ""en"". }
}
LIMIT 100",True,True,False,http_400,0.0
672,medium,List all music composers born in a specific location.,"SELECT ?composer ?composerLabel WHERE {
  ?composer wdt:[property:occupation] wd:[entity:composer] .
  ?composer wdt:[property:place of birth] wd:[entity:Vienna] .
  SERVICE wikibase:label { bd:serviceParam wikibase:language ""en"". }
}","SELECT ?composer ?composerLabel WHERE {
  ?composer wdt:P106 wd:Q36834 .
  ?composer wdt:P19 wd:Q1741 .
  SERVICE wikibase:label { bd:serviceParam wikibase:language ""en"". }
}",True,True,True,,0.0048
2340,complex,List books on semantic technologies and linked data.,"SELECT DISTINCT ?book ?bookLabel WHERE {
  ?book wdt:[property:instance of] wd:[entity:book] .
  ?book wdt:[property:main subject] ?subject .
  VALUES ?subject { wd:[entity:Semantic Web] wd:[entity:linked data] wd:[entity:semantic technology] }
  SERVICE wikibase:label { bd:serviceParam wikibase:language ""en"". }
}","SELECT DISTINCT ?book ?bookLabel WHERE {
  ?book wdt:P31 wd:Q571 .
  ?book wdt:P921 ?subject .
  VALUES ?subject { wd:Q54837 wd:Q515701 wd:Q7449091 }
  SERVICE wikibase:label { bd:serviceParam wikibase:language ""en"". }
}",True,True,True,,0.0
45,medium,List organizations founded by people born in Edinburgh.,"SELECT DISTINCT ?org ?orgLabel WHERE {
  ?person wdt:[property:place of birth] wd:[entity:Edinburgh] .
  ?org wdt:[property:founded by] ?person .
  SERVICE wikibase:label { bd:serviceParam wikibase:language ""en"". }
}","SELECT DISTINCT ?org ?orgLabel WHERE {
  ?person wdt:P19 wd:Q23436 .
  ?org wdt:P112 ?person .
  SERVICE wikibase:label { bd:serviceParam wikibase:language ""en"". }
}",True,True,True,,0.5564
2483,medium,List the birthplaces of all General Secretaries of the Soviet Union.,"SELECT DISTINCT ?person ?personLabel ?birthplace ?birthplaceLabel WHERE {
  ?person wdt:[property:position held] wd:[entity:General Secretary of the Communist Party of the Soviet Union] .
  OPTIONAL { ?person wdt:[property:place of birth] ?birthplace . }
  SERVICE wikibase:label { bd:serviceParam wikibase:language ""en"". }
}","SELECT DISTINCT ?person ?personLabel ?birthplace ?birthplaceLabel WHERE {
  ?person wdt:P39 wd:Q1048744 .
  OPTIONAL { ?person wdt:P19 ?birthplace . }
  SERVICE wikibase:label { bd:serviceParam wikibase:language ""en"". }
}",True,True,True,,0.6087
1459,complex,Show me the German federal election results by district in 2017 with geoshapes and color-coded votes percentage.,"SELECT ?district ?districtLabel ?geoshape ?votePercentage ?rgb WHERE {
  ?result wdt:[property:instance of] wd:[entity:electoral result] ;
          wdt:[property:point in time] ?date ;
          wdt:[property:electoral district] ?district .
  FILTER(YEAR(?date) = 2017)
  ?district wdt:[property:geoshape] ?geoshape .
  ?result wdt:[property:proportion] ?votePercentage .
  BIND(
    IF(?votePercentage < 0.2, ""#FF0000"",
    IF(?votePercentage < 0.4, ""#FFA500"",
    IF(?votePercentage < 0.6, ""#FFFF00"", ""#00FF00""))) AS ?rgb)
  SERVICE wikibase:label { bd:serviceParam wikibase:language ""en"". }
}","SELECT ?district ?districtLabel ?geoshape ?votePercentage ?rgb WHERE {
  ?result wdt:P31 wd:Q19571328 ;
          wdt:P585 ?date ;
          wdt:P7938 ?district .
  FILTER(YEAR(?date) = 2017)
  ?district wdt:P3896 ?geoshape .
  ?result wdt:P1107 ?votePercentage .
  BIND(
    IF(?votePercentage < 0.2, ""#FF0000"",
    IF(?votePercentage < 0.4, ""#FFA500"",
    IF(?votePercentage < 0.6, ""#FFFF00"", ""#00FF00""))) AS ?rgb)
  SERVICE wikibase:label { bd:serviceParam wikibase:language ""en"". }
}",True,True,True,,0.0
1864,medium,List all US states with the letter A in their name.,"SELECT ?state ?stateLabel WHERE {
  ?state wdt:[property:instance of] wd:[entity:state of the United States] .
  ?state rdfs:label ?stateLabel .
  FILTER(LANG(?stateLabel) = ""en"")
  FILTER(CONTAINS(LCASE(?stateLabel), ""a""))
}","SELECT ?state ?stateLabel WHERE {
  ?state wdt:P31 wd:Q35657 .
  ?state rdfs:label ?stateLabel .
  FILTER(LANG(?stateLabel) = ""en"")
  FILTER(CONTAINS(LCASE(?stateLabel), ""a""))
}",True,True,True,,0.6667
1564,complex,List all African women sorted by the number of Wikipedia pages about them.,"SELECT ?person ?personLabel (COUNT(DISTINCT ?article) AS ?articleCount) WHERE {
  ?person wdt:[property:instance of] wd:[entity:human] .
  ?person wdt:[property:sex or gender] wd:[entity:female] .
  ?person wdt:[property:country of citizenship] ?country .
  ?country wdt:[property:continent] wd:[entity:Africa] .
  ?article schema:about ?person .
  ?article schema:isPartOf ?site .
  FILTER(CONTAINS(STR(?site), ""wikipedia.org""))
  SERVICE wikibase:label { bd:serviceParam wikibase:language ""en"". }
}
GROUP BY ?person ?personLabel
ORDER BY DESC(?articleCount)","SELECT ?person ?personLabel (COUNT(DISTINCT ?article) AS ?articleCount) WHERE {
  ?person wdt:P31 wd:Q5 .
  ?person wdt:P21 wd:Q6581072 .
  ?person wdt:P27 ?country .
  ?country wdt:P30 wd:Q15 .
  ?article schema:about ?person .
  ?article schema:isPartOf ?site .
  FILTER(CONTAINS(STR(?site), ""wikipedia.org""))
  SERVICE wikibase:label { bd:serviceParam wikibase:language ""en"". }
}
GROUP BY ?person ?personLabel
ORDER BY DESC(?articleCount)",True,True,True,,0.0
131,medium,List all US states that share a border with another state.,"SELECT DISTINCT ?state ?stateLabel WHERE {
  ?state wdt:[property:instance of] wd:[entity:state of the United States] .
  ?state wdt:[property:shares border with] ?neighbor .
  ?neighbor wdt:[property:instance of] wd:[entity:state of the United States] .
  SERVICE wikibase:label { bd:serviceParam wikibase:language ""en"". }
}
ORDER BY ?stateLabel","SELECT DISTINCT ?state ?stateLabel WHERE {
  ?state wdt:P31 wd:Q35657 .
  ?state wdt:P47 ?neighbor .
  ?neighbor wdt:P31 wd:Q35657 .
  SERVICE wikibase:label { bd:serviceParam wikibase:language ""en"". }
}
ORDER BY ?stateLabel",True,True,True,,1.0
121,complex,List the top educational institutions attended by US Representatives.,"SELECT ?institution ?institutionLabel (COUNT(DISTINCT ?person) AS ?count) WHERE {
  ?person wdt:[property:position held] wd:[entity:member of the United States House of Representatives] .
  ?person wdt:[property:educated at] ?institution .
  SERVICE wikibase:label { bd:serviceParam wikibase:language ""en"". }
}
GROUP BY ?institution ?institutionLabel
ORDER BY DESC(?count)
LIMIT 20","SELECT ?institution ?institutionLabel (COUNT(DISTINCT ?person) AS ?count) WHERE {
  ?person wdt:P39 wd:Q13218630 .
  ?person wdt:P69 ?institution .
  SERVICE wikibase:label { bd:serviceParam wikibase:language ""en"". }
}
GROUP BY ?institution ?institutionLabel
ORDER BY DESC(?count)
LIMIT 20",True,True,True,,0.0125
1798,complex,List all videogames that were nominated for the Pégases award in 2020.,"SELECT DISTINCT ?game ?gameLabel WHERE {
  ?game wdt:[property:instance of] wd:[entity:video game] .
  ?game p:[property:nominated for] ?statement .
  ?statement ps:[property:nominated for] wd:[entity:Pégases] .
  ?statement pq:[property:point in time] ?date .
  FILTER(YEAR(?date) = 2020)
  SERVICE wikibase:label { bd:serviceParam wikibase:language ""en"". }
}","SELECT DISTINCT ?game ?gameLabel WHERE {
  ?game wdt:P31 wd:Q7889 .
  ?game p:P1411 ?statement .
  ?statement ps:P1411 wd:Q64485080 .
  ?statement pq:P585 ?date .
  FILTER(YEAR(?date) = 2020)
  SERVICE wikibase:label { bd:serviceParam wikibase:language ""en"". }
}",True,True,True,,0.0
331,medium,List all Wikidata entities with multiple Electronic Enlightenment IDs.,"SELECT ?entity WHERE {
  ?entity wdt:[property:Electronic Enlightenment ID] ?id .
}
GROUP BY ?entity
HAVING (COUNT(?id) > 1)","SELECT ?entity WHERE {
  ?entity wdt:P3429 ?id .
}
GROUP BY ?entity
HAVING (COUNT(?id) > 1)",True,True,True,,0.003
507,medium,List all lexemes that mean 'water' in different languages.,"SELECT ?lexeme ?lemma ?languageLabel WHERE {
  ?lexeme wikibase:lemma ?lemma ;
          dct:language ?language ;
          wdt:[property:item for this sense] wd:[entity:water] .
  SERVICE wikibase:label { bd:serviceParam wikibase:language ""en"". }
}","SELECT ?lexeme ?lemma ?languageLabel WHERE {
  ?lexeme wikibase:lemma ?lemma ;
          dct:language ?language ;
          wdt:P5137 wd:Q283 .
  SERVICE wikibase:label { bd:serviceParam wikibase:language ""en"". }
}",True,True,True,,0.0
2358,medium,Find Twitter handles of libraries in Switzerland.,"SELECT ?library ?libraryLabel ?twitterHandle WHERE {
  ?library wdt:[property:instance of] wd:[entity:library] ;
           wdt:[property:country] wd:[entity:Switzerland] ;
           wdt:[property:Twitter username] ?twitterHandle .
  SERVICE wikibase:label { bd:serviceParam wikibase:language ""en"". }
}","SELECT ?library ?libraryLabel ?twitterHandle WHERE {
  ?library wdt:P31 wd:Q7075 ;
           wdt:P17 wd:Q39 ;
           wdt:P2002 ?twitterHandle .
  SERVICE wikibase:label { bd:serviceParam wikibase:language ""en"". }
}",True,True,True,,0.0492
1477,medium,List the places shown in Van Gogh's artworks.,"SELECT DISTINCT ?place ?placeLabel WHERE {
  ?artwork wdt:[property:creator] wd:[entity:Vincent van Gogh] .
  ?artwork wdt:[property:location of the point of view] ?place .
  SERVICE wikibase:label { bd:serviceParam wikibase:language ""en"". }
}","SELECT DISTINCT ?place ?placeLabel WHERE {
  ?artwork wdt:P170 wd:Q5582 .
  ?artwork wdt:P7108 ?place .
  SERVICE wikibase:label { bd:serviceParam wikibase:language ""en"". }
}",True,True,True,,0.0
350,complex,Show me hillforts with videos on a map.,"SELECT ?item ?itemLabel ?coord ?video WHERE {
  ?item wdt:[property:instance of] wd:[entity:hillfort] .
  ?item wdt:[property:coordinate location] ?coord .
  ?item wdt:[property:video] ?video .
  SERVICE wikibase:label { bd:serviceParam wikibase:language ""en"". }
}","SELECT ?item ?itemLabel ?coord ?video WHERE {
  ?item wdt:P31 wd:Q744099 .
  ?item wdt:P625 ?coord .
  ?item wdt:P10 ?video .
  SERVICE wikibase:label { bd:serviceParam wikibase:language ""en"". }
}",True,True,True,,0.0851
425,medium,List all museums in Indonesia.,"SELECT ?museum ?museumLabel WHERE {
  ?museum wdt:[property:instance of] wd:[entity:museum] .
  ?museum wdt:[property:country] wd:[entity:Indonesia] .
  SERVICE wikibase:label { bd:serviceParam wikibase:language ""en"". }
}","SELECT ?museum ?museumLabel WHERE {
  ?museum wdt:P31 wd:Q33506 .
  ?museum wdt:P17 wd:Q252 .
  SERVICE wikibase:label { bd:serviceParam wikibase:language ""en"". }
}",True,True,True,,0.9392
2394,medium,List all species named after women born in specific locations.,"SELECT DISTINCT ?species ?speciesLabel ?woman ?womanLabel ?birthplace ?birthplaceLabel WHERE {
  ?species wdt:[property:taxon name] ?taxonName .
  ?species wdt:[property:named after] ?woman .
  ?woman wdt:[property:sex or gender] wd:[entity:female] .
  ?woman wdt:[property:place of birth] ?birthplace .
  SERVICE wikibase:label { bd:serviceParam wikibase:language ""en"". }
}","SELECT DISTINCT ?species ?speciesLabel ?woman ?womanLabel ?birthplace ?birthplaceLabel WHERE {
  ?species wdt:P225 ?taxonName .
  ?species wdt:P138 ?woman .
  ?woman wdt:P21 wd:Q6581072 .
  ?woman wdt:P19 ?birthplace .
  SERVICE wikibase:label { bd:serviceParam wikibase:language ""en"". }
}",True,True,True,,0.6804
2478,complex,List countries with multiple language labels on Wikidata.,"SELECT ?country (COUNT(DISTINCT ?label) AS ?labelCount) WHERE {
  ?country wdt:[property:instance of] wd:[entity:country] .
  ?country rdfs:label ?label .
}
GROUP BY ?country
HAVING (COUNT(DISTINCT ?label) > 1)
ORDER BY DESC(?labelCount)","SELECT ?country (COUNT(DISTINCT ?label) AS ?labelCount) WHERE {
  ?country wdt:P31 wd:Q6256 .
  ?country rdfs:label ?label .
}
GROUP BY ?country
HAVING (COUNT(DISTINCT ?label) > 1)
ORDER BY DESC(?labelCount)",True,True,True,,0.0
1032,complex,List the years since 2000 with the ratio of famous people's deaths.,"SELECT ?year (COUNT(?person) AS ?deathCount) WHERE {
  ?person wdt:[property:date of death] ?date .
  BIND(YEAR(?date) AS ?year)
  FILTER(?year >= 2000)
}
GROUP BY ?year
ORDER BY ?year","SELECT ?year (COUNT(?person) AS ?deathCount) WHERE {
  ?person wdt:P570 ?date .
  BIND(YEAR(?date) AS ?year)
  FILTER(?year >= 2000)
}
GROUP BY ?year
ORDER BY ?year",True,True,True,,0.0
1635,complex,What were the gay parades held in Italy during 2019?,"SELECT ?parade ?paradeLabel WHERE {
  ?parade wdt:[property:instance of] wd:[entity:pride parade] ;
          wdt:[property:country] wd:[entity:Italy] ;
          wdt:[property:point in time] ?date .
  FILTER(YEAR(?date) = 2019)
  SERVICE wikibase:label { bd:serviceParam wikibase:language ""en"". }
}","SELECT ?parade ?paradeLabel WHERE {
  ?parade wdt:P31 wd:Q51404 ;
          wdt:P17 wd:Q38 ;
          wdt:P585 ?date .
  FILTER(YEAR(?date) = 2019)
  SERVICE wikibase:label { bd:serviceParam wikibase:language ""en"". }
}",True,True,True,,0.0
1482,medium,Show me the locations of libraries in India on a map.,,,False,False,False,no_query,0.0
34,complex,What famous discoveries were made by University of Oxford alumni?,"SELECT DISTINCT ?discovery ?discoveryLabel ?discoverer ?discovererLabel WHERE {
  ?discoverer wdt:[property:educated at] wd:[entity:University of Oxford] .
  ?discovery wdt:[property:discoverer or inventor] ?discoverer .
  SERVICE wikibase:label { bd:serviceParam wikibase:language ""en"". }
}","SELECT DISTINCT ?discovery ?discoveryLabel ?discoverer ?discovererLabel WHERE {
  ?discoverer wdt:P69 wd:Q34433 .
  ?discovery wdt:P61 ?discoverer .
  SERVICE wikibase:label { bd:serviceParam wikibase:language ""en"". }
}",True,True,True,,0.2015
2021,complex,"Show me a map of research grants in the Netherlands funded by Horizon 2020, organized by year.","SELECT ?grant ?grantLabel ?coord ?year WHERE {
  ?grant wdt:[property:funded by] wd:[entity:Horizon 2020] .
  ?grant wdt:[property:country] wd:[entity:Netherlands] .
  ?grant wdt:[property:coordinate location] ?coord .
  OPTIONAL {
    ?grant wdt:[property:start time] ?date .
    BIND(YEAR(?date) AS ?year)
  }
  SERVICE wikibase:label { bd:serviceParam wikibase:language ""en"". }
}
ORDER BY ?year","SELECT ?grant ?grantLabel ?coord ?year WHERE {
  ?grant wdt:P8324 wd:Q13583472 .
  ?grant wdt:P17 wd:Q55 .
  ?grant wdt:P625 ?coord .
  OPTIONAL {
    ?grant wdt:P580 ?date .
    BIND(YEAR(?date) AS ?year)
  }
  SERVICE wikibase:label { bd:serviceParam wikibase:language ""en"". }
}
ORDER BY ?year",True,True,True,,0.0
1218,complex,List all mobile phone models with their release dates.,"SELECT ?phone ?phoneLabel ?releaseDate WHERE {
  ?phone wdt:[property:instance of] wd:[entity:smartphone] .
  OPTIONAL { ?phone wdt:[property:publication date] ?releaseDate . }
  SERVICE wikibase:label { bd:serviceParam wikibase:language ""en"". }
}","SELECT ?phone ?phoneLabel ?releaseDate WHERE {
  ?phone wdt:P31 wd:Q19723451 .
  OPTIONAL { ?phone wdt:P577 ?releaseDate . }
  SERVICE wikibase:label { bd:serviceParam wikibase:language ""en"". }
}",True,True,True,,0.0859
569,medium,Show me a list of parliament buildings from each country with their corresponding images.,"SELECT ?parliamentBuilding ?parliamentBuildingLabel ?country ?countryLabel ?image WHERE {
  ?parliamentBuilding wdt:[property:instance of] wd:[entity:parliament building].
  OPTIONAL { ?parliamentBuilding wdt:[property:country] ?country. }
  OPTIONAL { ?parliamentBuilding wdt:[property:image] ?image. }
  SERVICE wikibase:label { bd:serviceParam wikibase:language ""en"". }
}","SELECT ?parliamentBuilding ?parliamentBuildingLabel ?country ?countryLabel ?image WHERE {
  ?parliamentBuilding wdt:P31 wd:Q7138926.
  OPTIONAL { ?parliamentBuilding wdt:P17 ?country. }
  OPTIONAL { ?parliamentBuilding wdt:P18 ?image. }
  SERVICE wikibase:label { bd:serviceParam wikibase:language ""en"". }
}",True,True,True,,0.9538
14,complex,List the universities attended by Nobel laureates in Economics.,"SELECT DISTINCT ?university ?universityLabel WHERE {
  ?laureate wdt:[property:award received] wd:[entity:Nobel Memorial Prize in Economic Sciences] .
  ?laureate wdt:[property:educated at] ?university .
  SERVICE wikibase:label { bd:serviceParam wikibase:language ""en"". }
}","SELECT DISTINCT ?university ?universityLabel WHERE {
  ?laureate wdt:P166 wd:Q47170 .
  ?laureate wdt:P69 ?university .
  SERVICE wikibase:label { bd:serviceParam wikibase:language ""en"". }
}",True,True,True,,0.0
440,simple,List the husbands and wives of Madonna.,"SELECT ?spouse ?spouseLabel WHERE {
  wd:[entity:Madonna] wdt:[property:spouse] ?spouse .
  SERVICE wikibase:label { bd:serviceParam wikibase:language ""en"". }
}","SELECT ?spouse ?spouseLabel WHERE {
  wd:Q1744 wdt:P26 ?spouse .
  SERVICE wikibase:label { bd:serviceParam wikibase:language ""en"". }
}",True,True,True,,1.0
559,complex,List all places with an elevation of less than 10 meters above sea level.,"SELECT ?place ?placeLabel ?elevation WHERE {
  ?place wdt:[property:elevation above sea level] ?elevation .
  FILTER(?elevation < 10)
  SERVICE wikibase:label { bd:serviceParam wikibase:language ""en"". }
}","SELECT ?place ?placeLabel ?elevation WHERE {
  ?place wdt:P2044 ?elevation .
  FILTER(?elevation < 10)
  SERVICE wikibase:label { bd:serviceParam wikibase:language ""en"". }
}",True,True,True,,0.4346
1900,complex,List all people described as slave traders by their country of citizenship.,"SELECT ?person ?personLabel ?country ?countryLabel WHERE {
  ?person wdt:[property:occupation] wd:[entity:slave trader] .
  ?person wdt:[property:country of citizenship] ?country .
  SERVICE wikibase:label { bd:serviceParam wikibase:language ""en"". }
}
ORDER BY ?countryLabel","SELECT ?person ?personLabel ?country ?countryLabel WHERE {
  ?person wdt:P106 wd:Q17769800 .
  ?person wdt:P27 ?country .
  SERVICE wikibase:label { bd:serviceParam wikibase:language ""en"". }
}
ORDER BY ?countryLabel",True,True,True,,0.0
2589,medium,List the number of albums in Wikidata by language in descending order.,"SELECT ?language ?languageLabel (COUNT(?album) AS ?count) WHERE {
  ?album wdt:[property:instance of] wd:[entity:album] .
  ?album wdt:[property:language of work or name] ?language .
  SERVICE wikibase:label { bd:serviceParam wikibase:language ""en"". }
}
GROUP BY ?language ?languageLabel
ORDER BY DESC(?count)","SELECT ?language ?languageLabel (COUNT(?album) AS ?count) WHERE {
  ?album wdt:P31 wd:Q482994 .
  ?album wdt:P407 ?language .
  SERVICE wikibase:label { bd:serviceParam wikibase:language ""en"". }
}
GROUP BY ?language ?languageLabel
ORDER BY DESC(?count)",True,True,True,,0.9974
1976,complex,List the Danish monarchs along with their places and dates of death.,"SELECT ?monarch ?monarchLabel ?placeOfDeath ?placeOfDeathLabel ?dateOfDeath WHERE {
  ?monarch wdt:[property:position held] wd:[entity:monarchy of Denmark] .
  OPTIONAL { ?monarch wdt:[property:place of death] ?placeOfDeath . }
  OPTIONAL { ?monarch wdt:[property:date of death] ?dateOfDeath . }
  SERVICE wikibase:label { bd:serviceParam wikibase:language ""en"". }
}","SELECT ?monarch ?monarchLabel ?placeOfDeath ?placeOfDeathLabel ?dateOfDeath WHERE {
  ?monarch wdt:P39 wd:Q1273134 .
  OPTIONAL { ?monarch wdt:P20 ?placeOfDeath . }
  OPTIONAL { ?monarch wdt:P570 ?dateOfDeath . }
  SERVICE wikibase:label { bd:serviceParam wikibase:language ""en"". }
}",True,True,True,,0.0
207,complex,Show me paintings of women created by female artists.,"SELECT DISTINCT ?painting ?paintingLabel WHERE {
  ?painting wdt:[property:instance of] wd:[entity:painting] .
  ?painting wdt:[property:depicts] wd:[entity:woman] .
  ?painting wdt:[property:creator] ?artist .
  ?artist wdt:[property:sex or gender] wd:[entity:female] .
  SERVICE wikibase:label { bd:serviceParam wikibase:language ""en"". }
}","SELECT DISTINCT ?painting ?paintingLabel WHERE {
  ?painting wdt:P31 wd:Q3305213 .
  ?painting wdt:P180 wd:Q467 .
  ?painting wdt:P170 ?artist .
  ?artist wdt:P21 wd:Q6581072 .
  SERVICE wikibase:label { bd:serviceParam wikibase:language ""en"". }
}",True,True,True,,0.0293
735,simple,"List all books written by Sir Arthur Conan Doyle, including their titles and publication dates if available.","SELECT ?book ?bookLabel ?publicationDate WHERE {
  ?book wdt:[property:author] wd:[entity:Arthur Conan Doyle] .
  ?book wdt:[property:instance of] wd:[entity:book] .
  OPTIONAL { ?book wdt:[property:publication date] ?publicationDate . }
  SERVICE wikibase:label { bd:serviceParam wikibase:language ""en"" . }
}","SELECT ?book ?bookLabel ?publicationDate WHERE {
  ?book wdt:P50 wd:Q35610 .
  ?book wdt:P31 wd:Q571 .
  OPTIONAL { ?book wdt:P577 ?publicationDate . }
  SERVICE wikibase:label { bd:serviceParam wikibase:language ""en"" . }
}",True,True,True,,0.0
2703,medium,List all the intangible cultural heritages recognized by UNESCO.,"SELECT ?heritage ?heritageLabel WHERE {
  ?heritage wdt:[property:heritage designation] wd:[entity:Representative List of the Intangible Cultural Heritage of Humanity] .
  SERVICE wikibase:label { bd:serviceParam wikibase:language ""en"". }
}","SELECT ?heritage ?heritageLabel WHERE {
  ?heritage wdt:P1435 wd:Q110319947 .
  SERVICE wikibase:label { bd:serviceParam wikibase:language ""en"". }
}",True,True,True,,0.0
1366,simple,What are the uses of IPv6 routing prefixes?,"SELECT ?use ?useLabel WHERE {
  wd:[entity:IPv6] wdt:[property:use] ?use .
  SERVICE wikibase:label { bd:serviceParam wikibase:language ""en"". }
}","SELECT ?use ?useLabel WHERE {
  wd:Q2551624 wdt:P366 ?use .
  SERVICE wikibase:label { bd:serviceParam wikibase:language ""en"". }
}",True,True,True,,0.0
2507,complex,List the top programming languages with multilingual Wikipedia articles.,"SELECT ?language ?languageLabel (COUNT(?article) AS ?articleCount) WHERE {
  ?language wdt:[property:instance of] wd:[entity:programming language] .
  ?article schema:about ?language .
  ?article schema:isPartOf ?wiki .
  ?wiki wdt:[property:instance of] wd:[entity:Wikipedia language edition] .
  SERVICE wikibase:label { bd:serviceParam wikibase:language ""en"". }
}
GROUP BY ?language ?languageLabel
ORDER BY DESC(?articleCount)
LIMIT 20","SELECT ?language ?languageLabel (COUNT(?article) AS ?articleCount) WHERE {
  ?language wdt:P31 wd:Q9143 .
  ?article schema:about ?language .
  ?article schema:isPartOf ?wiki .
  ?wiki wdt:P31 wd:Q10876391 .
  SERVICE wikibase:label { bd:serviceParam wikibase:language ""en"". }
}
GROUP BY ?language ?languageLabel
ORDER BY DESC(?articleCount)
LIMIT 20",True,True,True,,1.0
78,complex,List all poems written by poets who don't have a notable work.,"SELECT DISTINCT ?poem ?poemLabel WHERE {
  ?poem wdt:[property:instance of] wd:[entity:poem] .
  ?poem wdt:[property:author] ?poet .
  ?poet wdt:[property:occupation] wd:[entity:poet] .
  FILTER NOT EXISTS { ?poet wdt:[property:notable work] ?work . }
  SERVICE wikibase:label { bd:serviceParam wikibase:language ""en"". }
}","SELECT DISTINCT ?poem ?poemLabel WHERE {
  ?poem wdt:P31 wd:Q5185279 .
  ?poem wdt:P50 ?poet .
  ?poet wdt:P106 wd:Q49757 .
  FILTER NOT EXISTS { ?poet wdt:P800 ?work . }
  SERVICE wikibase:label { bd:serviceParam wikibase:language ""en"". }
}",True,True,True,,0.0
825,medium,What are the names of cathedrals in Paris?,"SELECT ?cathedral ?cathedralLabel WHERE {
  ?cathedral wdt:[property:instance of] wd:[entity:cathedral] .
  ?cathedral wdt:[property:located in the administrative territorial entity] wd:[entity:Paris] .
  SERVICE wikibase:label { bd:serviceParam wikibase:language ""en"". }
}","SELECT ?cathedral ?cathedralLabel WHERE {
  ?cathedral wdt:P31 wd:Q2977 .
  ?cathedral wdt:P131 wd:Q90 .
  SERVICE wikibase:label { bd:serviceParam wikibase:language ""en"". }
}",True,True,True,,0.0
686,complex,What authority control properties are most commonly used for painters?,"SELECT ?property ?propertyLabel (COUNT(?painter) AS ?count) WHERE {
  ?painter wdt:[property:occupation] wd:[entity:painter] .
  ?painter ?prop ?value .
  ?property wikibase:directClaim ?prop .
  ?property wdt:[property:instance of] wd:[entity:Wikidata property for authority control] .
  SERVICE wikibase:label { bd:serviceParam wikibase:language ""en"" . }
}
GROUP BY ?property ?propertyLabel
ORDER BY DESC(?count)
LIMIT 20","SELECT ?property ?propertyLabel (COUNT(?painter) AS ?count) WHERE {
  ?painter wdt:P106 wd:Q1028181 .
  ?painter ?prop ?value .
  ?property wikibase:directClaim ?prop .
  ?property wdt:P31 wd:Q18614948 .
  SERVICE wikibase:label { bd:serviceParam wikibase:language ""en"" . }
}
GROUP BY ?property ?propertyLabel
ORDER BY DESC(?count)
LIMIT 20",True,True,True,,0.0
1161,complex,List all museums in Italy along with the number of Wikipedia articles about them.,"SELECT ?museum ?museumLabel (COUNT(DISTINCT ?article) AS ?articleCount) WHERE {
  ?museum wdt:[property:instance of] wd:[entity:museum] .
  ?museum wdt:[property:country] wd:[entity:Italy] .
  OPTIONAL {
    ?article schema:about ?museum .
    ?article schema:isPartOf ?site .
    ?site wikibase:wikiGroup ""wikipedia"" .
  }
  SERVICE wikibase:label { bd:serviceParam wikibase:language ""en"". }
}
GROUP BY ?museum ?museumLabel
ORDER BY DESC(?articleCount)","SELECT ?museum ?museumLabel (COUNT(DISTINCT ?article) AS ?articleCount) WHERE {
  ?museum wdt:P31 wd:Q33506 .
  ?museum wdt:P17 wd:Q38 .
  OPTIONAL {
    ?article schema:about ?museum .
    ?article schema:isPartOf ?site .
    ?site wikibase:wikiGroup ""wikipedia"" .
  }
  SERVICE wikibase:label { bd:serviceParam wikibase:language ""en"". }
}
GROUP BY ?museum ?museumLabel
ORDER BY DESC(?articleCount)",True,True,True,,0.0
514,simple,List all subproperties related to location.,,,False,False,False,no_query,0.0
1979,complex,List the star signs of all Japanese Prime Ministers.,"SELECT DISTINCT ?pm ?pmLabel ?zodiac ?zodiacLabel WHERE {
  ?pm wdt:[property:position held] wd:[entity:Prime Minister of Japan] .
  ?pm wdt:[property:astrological sign] ?zodiac .
  SERVICE wikibase:label { bd:serviceParam wikibase:language ""en"". }
}","SELECT DISTINCT ?pm ?pmLabel ?zodiac ?zodiacLabel WHERE {
  ?pm wdt:P39 wd:Q274948 .
  ?pm wdt:[property:astrological sign] ?zodiac .
  SERVICE wikibase:label { bd:serviceParam wikibase:language ""en"". }
}",True,False,False,no_query,0.0
1319,medium,"Find sluices located in Brittany, France.","SELECT ?item ?itemLabel WHERE {
  ?item wdt:[property:instance of] wd:[entity:sluice] .
  ?item wdt:[property:located in the administrative territorial entity] ?location .
  ?location wdt:[property:located in the administrative territorial entity]* wd:[entity:Brittany] .
  SERVICE wikibase:label { bd:serviceParam wikibase:language ""en"". }
}","SELECT ?item ?itemLabel WHERE {
  ?item wdt:P31 wd:Q610559 .
  ?item wdt:P131 ?location .
  ?location wdt:P131* wd:Q12130 .
  SERVICE wikibase:label { bd:serviceParam wikibase:language ""en"". }
}",True,True,True,,0.0
2479,complex,List the teams and positions played by National Women's Football League players.,"SELECT DISTINCT ?player ?playerLabel ?team ?teamLabel ?position ?positionLabel WHERE {
  ?player wdt:[property:league] wd:[entity:National Women's Football League] .
  OPTIONAL { ?player wdt:[property:member of sports team] ?team . }
  OPTIONAL { ?player wdt:[property:position played on team / speciality] ?position . }
  SERVICE wikibase:label { bd:serviceParam wikibase:language ""en"". }
}","SELECT DISTINCT ?player ?playerLabel ?team ?teamLabel ?position ?positionLabel WHERE {
  ?player wdt:P118 wd:Q109743445 .
  OPTIONAL { ?player wdt:P54 ?team . }
  OPTIONAL { ?player wdt:P413 ?position . }
  SERVICE wikibase:label { bd:serviceParam wikibase:language ""en"". }
}",True,True,True,,0.0
1861,medium,List the students and their advisors in mathematics and computer science fields.,"SELECT DISTINCT ?student ?studentLabel ?advisor ?advisorLabel WHERE {
  ?student wdt:[property:doctoral advisor] ?advisor .
  ?student wdt:[property:field of work] ?field .
  VALUES ?field { wd:[entity:mathematics] wd:[entity:computer science] }
  SERVICE wikibase:label { bd:serviceParam wikibase:language ""en"". }
}","SELECT DISTINCT ?student ?studentLabel ?advisor ?advisorLabel WHERE {
  ?student wdt:P184 ?advisor .
  ?student wdt:P101 ?field .
  VALUES ?field { wd:Q395 wd:Q21198 }
  SERVICE wikibase:label { bd:serviceParam wikibase:language ""en"". }
}",True,True,True,,0.0008
1869,complex,How many alphabets use a specific letter?,"SELECT ?letter ?letterLabel (COUNT(DISTINCT ?alphabet) AS ?count) WHERE {
  ?letter wdt:[property:instance of] wd:[entity:letter] .
  ?letter wdt:[property:part of] ?alphabet .
  ?alphabet wdt:[property:instance of] wd:[entity:alphabet] .
  SERVICE wikibase:label { bd:serviceParam wikibase:language ""en"". }
}
GROUP BY ?letter ?letterLabel
ORDER BY DESC(?count)","SELECT ?letter ?letterLabel (COUNT(DISTINCT ?alphabet) AS ?count) WHERE {
  ?letter wdt:P31 wd:Q9788 .
  ?letter wdt:P361 ?alphabet .
  ?alphabet wdt:P31 wd:Q9779 .
  SERVICE wikibase:label { bd:serviceParam wikibase:language ""en"". }
}
GROUP BY ?letter ?letterLabel
ORDER BY DESC(?count)",True,True,True,,0.0153
478,medium,Show me hospitals on a map.,"SELECT ?hospital ?hospitalLabel ?coord WHERE {
  ?hospital wdt:[property:instance of] wd:[entity:hospital] .
  ?hospital wdt:[property:coordinate location] ?coord .
  SERVICE wikibase:label { bd:serviceParam wikibase:language ""en"". }
}","SELECT ?hospital ?hospitalLabel ?coord WHERE {
  ?hospital wdt:P31 wd:Q16917 .
  ?hospital wdt:P625 ?coord .
  SERVICE wikibase:label { bd:serviceParam wikibase:language ""en"". }
}",True,True,True,,0.8329
91,complex,List the names of people from Gloucestershire who fought in World War I.,"SELECT DISTINCT ?person ?personLabel WHERE {
  ?person wdt:[property:instance of] wd:[entity:human] .
  ?person wdt:[property:place of birth] ?place .
  ?place wdt:[property:located in the administrative territorial entity]* wd:[entity:Gloucestershire] .
  ?person wdt:[property:conflict] wd:[entity:World War I] .
  SERVICE wikibase:label { bd:serviceParam wikibase:language ""en"". }
}","SELECT DISTINCT ?person ?personLabel WHERE {
  ?person wdt:P31 wd:Q5 .
  ?person wdt:P19 ?place .
  ?place wdt:P131* wd:Q23165 .
  ?person wdt:P607 wd:Q361 .
  SERVICE wikibase:label { bd:serviceParam wikibase:language ""en"". }
}",True,True,True,,0.0
1345,medium,What are the dimensions of paintings in the Louvre Museum's Department of Paintings?,"SELECT ?painting ?paintingLabel ?height ?width WHERE {
  ?painting wdt:[property:instance of] wd:[entity:painting] .
  ?painting wdt:[property:collection] wd:[entity:Department of Paintings of the Louvre] .
  OPTIONAL { ?painting wdt:[property:height] ?height . }
  OPTIONAL { ?painting wdt:[property:width] ?width . }
  SERVICE wikibase:label { bd:serviceParam wikibase:language ""en"". }
}","SELECT ?painting ?paintingLabel ?height ?width WHERE {
  ?painting wdt:P31 wd:Q3305213 .
  ?painting wdt:P195 wd:Q3044768 .
  OPTIONAL { ?painting wdt:P2048 ?height . }
  OPTIONAL { ?painting wdt:P2049 ?width . }
  SERVICE wikibase:label { bd:serviceParam wikibase:language ""en"". }
}",True,True,True,,0.9765
832,simple,List all taxons and their eponyms.,"SELECT ?taxon ?taxonLabel ?eponym ?eponymLabel WHERE {
  ?taxon wdt:[property:instance of] wd:[entity:taxon] .
  ?taxon wdt:[property:named after] ?eponym .
  SERVICE wikibase:label { bd:serviceParam wikibase:language ""en"". }
}","SELECT ?taxon ?taxonLabel ?eponym ?eponymLabel WHERE {
  ?taxon wdt:P31 wd:Q16521 .
  ?taxon wdt:P138 ?eponym .
  SERVICE wikibase:label { bd:serviceParam wikibase:language ""en"". }
}",True,True,True,,1.0
1687,complex,What are the most common properties associated with senses?,"SELECT ?property ?propertyLabel (COUNT(?sense) AS ?count) WHERE {
  ?sense wikibase:sitelinks [] .
  ?sense ?p ?value .
  ?property wikibase:directClaim ?p .
  SERVICE wikibase:label { bd:serviceParam wikibase:language ""en"". }
}
GROUP BY ?property ?propertyLabel
ORDER BY DESC(?count)","SELECT ?property ?propertyLabel (COUNT(?sense) AS ?count) WHERE {
  ?sense wikibase:sitelinks [] .
  ?sense ?p ?value .
  ?property wikibase:directClaim ?p .
  SERVICE wikibase:label { bd:serviceParam wikibase:language ""en"". }
}
GROUP BY ?property ?propertyLabel
ORDER BY DESC(?count)",True,True,False,timeout,0.0
777,complex,List the longest-serving heads of government in France.,"SELECT ?person ?personLabel (SUM(?days) AS ?totalDays) WHERE {
  ?person wdt:[property:position held] wd:[entity:Prime Minister of France] .
  ?person p:[property:position held] ?statement .
  ?statement ps:[property:position held] wd:[entity:Prime Minister of France] .
  ?statement pq:[property:start time] ?start .
  OPTIONAL { ?statement pq:[property:end time] ?end . }
  BIND(COALESCE(?end, NOW()) AS ?endDate)
  BIND((?endDate - ?start) AS ?days)
  SERVICE wikibase:label { bd:serviceParam wikibase:language ""en"". }
}
GROUP BY ?person ?personLabel
ORDER BY DESC(?totalDays)
LIMIT 20","SELECT ?person ?personLabel (SUM(?days) AS ?totalDays) WHERE {
  ?person wdt:P39 wd:Q1587677 .
  ?person p:P39 ?statement .
  ?statement ps:P39 wd:Q1587677 .
  ?statement pq:P580 ?start .
  OPTIONAL { ?statement pq:P582 ?end . }
  BIND(COALESCE(?end, NOW()) AS ?endDate)
  BIND((?endDate - ?start) AS ?days)
  SERVICE wikibase:label { bd:serviceParam wikibase:language ""en"". }
}
GROUP BY ?person ?personLabel
ORDER BY DESC(?totalDays)
LIMIT 20",True,True,True,,0.0506
1390,medium,List all operating systems and their subclasses.,"SELECT ?os ?osLabel ?subclass ?subclassLabel WHERE {
  ?os wdt:[property:instance of] wd:[entity:operating system] .
  OPTIONAL { ?subclass wdt:[property:subclass of] ?os . }
  SERVICE wikibase:label { bd:serviceParam wikibase:language ""en"". }
}","SELECT ?os ?osLabel ?subclass ?subclassLabel WHERE {
  ?os wdt:P31 wd:Q9135 .
  OPTIONAL { ?subclass wdt:P279 ?os . }
  SERVICE wikibase:label { bd:serviceParam wikibase:language ""en"". }
}",True,True,True,,0.1249
168,medium,List all districts in India along with their regions and GeoNames IDs.,"SELECT ?district ?districtLabel ?region ?regionLabel ?geonamesID WHERE {
  ?district wdt:[property:instance of] wd:[entity:district of India] .
  OPTIONAL { ?district wdt:[property:located in the administrative territorial entity] ?region . }
  OPTIONAL { ?district wdt:[property:GeoNames ID] ?geonamesID . }
  SERVICE wikibase:label { bd:serviceParam wikibase:language ""en"". }
}","SELECT ?district ?districtLabel ?region ?regionLabel ?geonamesID WHERE {
  ?district wdt:P31 wd:Q1149652 .
  OPTIONAL { ?district wdt:P131 ?region . }
  OPTIONAL { ?district wdt:P1566 ?geonamesID . }
  SERVICE wikibase:label { bd:serviceParam wikibase:language ""en"". }
}",True,True,True,,0.995
2626,complex,List all verb forms in Swedish that have the same grammatical features and no other statements.,"SELECT ?form1 ?form2 WHERE {
  ?lexeme dct:language wd:[entity:Swedish] ;
          wikibase:lexicalCategory wd:[entity:verb] ;
          ontolex:lexicalForm ?form1, ?form2 .
  FILTER(STR(?form1) < STR(?form2))
  ?form1 wikibase:grammaticalFeature ?feature .
  ?form2 wikibase:grammaticalFeature ?feature .
  FILTER NOT EXISTS {
    ?form1 wikibase:grammaticalFeature ?f1 .
    FILTER NOT EXISTS { ?form2 wikibase:grammaticalFeature ?f1 }
  }
  FILTER NOT EXISTS {
    ?form2 wikibase:grammaticalFeature ?f2 .
    FILTER NOT EXISTS { ?form1 wikibase:grammaticalFeature ?f2 }
  }
}","SELECT ?form1 ?form2 WHERE {
  ?lexeme dct:language wd:Q9027 ;
          wikibase:lexicalCategory wd:Q24905 ;
          ontolex:lexicalForm ?form1, ?form2 .
  FILTER(STR(?form1) < STR(?form2))
  ?form1 wikibase:grammaticalFeature ?feature .
  ?form2 wikibase:grammaticalFeature ?feature .
  FILTER NOT EXISTS {
    ?form1 wikibase:grammaticalFeature ?f1 .
    FILTER NOT EXISTS { ?form2 wikibase:grammaticalFeature ?f1 }
  }
  FILTER NOT EXISTS {
    ?form2 wikibase:grammaticalFeature ?f2 .
    FILTER NOT EXISTS { ?form1 wikibase:grammaticalFeature ?f2 }
  }
}",True,True,True,,0.0
516,medium,List the properties that link to instances of technical standards.,"SELECT DISTINCT ?property WHERE {
  ?item wdt:[property:instance of] wd:[entity:technical standard] .
  ?subject ?property ?item .
}","SELECT DISTINCT ?property WHERE {
  ?item wdt:P31 wd:Q317623 .
  ?subject ?property ?item .
}",True,True,True,,0.2778
816,complex,What are the places near the point where the equator meets the prime meridian?,"SELECT ?place ?placeLabel WHERE {
  SERVICE wikibase:around {
    ?place wdt:[property:coordinate location] ?location .
    bd:serviceParam wikibase:center ""Point(0 0)""^^geo:wktLiteral .
    bd:serviceParam wikibase:radius ""500"" .
  }
  SERVICE wikibase:label { bd:serviceParam wikibase:language ""en"" . }
}","SELECT ?place ?placeLabel WHERE {
  SERVICE wikibase:around {
    ?place wdt:P625 ?location .
    bd:serviceParam wikibase:center ""Point(0 0)""^^geo:wktLiteral .
    bd:serviceParam wikibase:radius ""500"" .
  }
  SERVICE wikibase:label { bd:serviceParam wikibase:language ""en"" . }
}",True,True,False,http_500,0.0
1821,complex,List all English civil parishes on Wikidata with their OSM relation IDs.,"SELECT ?parish ?parishLabel ?osmRelationID WHERE {
  ?parish wdt:[property:instance of] wd:[entity:civil parish in England] .
  ?parish wdt:[property:OpenStreetMap relation ID] ?osmRelationID .
  SERVICE wikibase:label { bd:serviceParam wikibase:language ""en"". }
}","SELECT ?parish ?parishLabel ?osmRelationID WHERE {
  ?parish wdt:P31 wd:Q1115575 .
  ?parish wdt:P402 ?osmRelationID .
  SERVICE wikibase:label { bd:serviceParam wikibase:language ""en"". }
}",True,True,True,,0.3277
285,medium,List all items with an inventory number but no collection.,"SELECT ?item ?inventoryNumber WHERE {
  ?item wdt:[property:inventory number] ?inventoryNumber .
  FILTER NOT EXISTS { ?item wdt:[property:collection] ?collection . }
}","SELECT ?item ?inventoryNumber WHERE {
  ?item wdt:P217 ?inventoryNumber .
  FILTER NOT EXISTS { ?item wdt:P195 ?collection . }
}",True,True,True,,0.4717
1526,complex,List the most common long words found in titles of scholarly articles.,"SELECT ?word (COUNT(?article) AS ?count) WHERE {
  ?article wdt:[property:instance of] wd:[entity:scholarly article] .
  ?article wdt:[property:title] ?title .
  BIND(STRLANG(?title, ""en"") AS ?titleEn)
  ?word (COUNT(?article) AS ?count)
}
GROUP BY ?word
ORDER BY DESC(?count)
LIMIT 100","SELECT ?word (COUNT(?article) AS ?count) WHERE {
  ?article wdt:P31 wd:Q13442814 .
  ?article wdt:P1476 ?title .
  BIND(STRLANG(?title, ""en"") AS ?titleEn)
  ?word (COUNT(?article) AS ?count)
}
GROUP BY ?word
ORDER BY DESC(?count)
LIMIT 100",True,True,False,http_400,0.0
1201,medium,List software titles and their inspirations.,"SELECT ?softwareLabel ?inspiredByLabel WHERE {
  ?software wdt:[property:instance of] wd:[entity:software] .
  ?software wdt:[property:inspired by] ?inspiredBy .
  SERVICE wikibase:label { bd:serviceParam wikibase:language ""en"". }
}","SELECT ?softwareLabel ?inspiredByLabel WHERE {
  ?software wdt:P31 wd:Q7397 .
  ?software wdt:P941 ?inspiredBy .
  SERVICE wikibase:label { bd:serviceParam wikibase:language ""en"". }
}",True,True,True,,0.0
1205,complex,List countries with the most people born there having a first name starting with Q or X.,"SELECT ?country ?countryLabel (COUNT(DISTINCT ?person) AS ?count) WHERE {
  ?person wdt:[property:instance of] wd:[entity:human] .
  ?person wdt:[property:place of birth] ?place .
  ?place wdt:[property:country] ?country .
  ?person wdt:[property:given name] ?name .
  ?name rdfs:label ?nameLabel .
  FILTER(LANG(?nameLabel) = ""en"")
  FILTER(STRSTARTS(?nameLabel, ""Q"") || STRSTARTS(?nameLabel, ""X""))
  SERVICE wikibase:label { bd:serviceParam wikibase:language ""en"". }
}
GROUP BY ?country ?countryLabel
ORDER BY DESC(?count)
LIMIT 20","SELECT ?country ?countryLabel (COUNT(DISTINCT ?person) AS ?count) WHERE {
  ?person wdt:P31 wd:Q5 .
  ?person wdt:P19 ?place .
  ?place wdt:P27 ?country .
  ?person wdt:P735 ?name .
  ?name rdfs:label ?nameLabel .
  FILTER(LANG(?nameLabel) = ""en"")
  FILTER(STRSTARTS(?nameLabel, ""Q"") || STRSTARTS(?nameLabel, ""X""))
  SERVICE wikibase:label { bd:serviceParam wikibase:language ""en"". }
}
GROUP BY ?country ?countryLabel
ORDER BY DESC(?count)
LIMIT 20",True,True,True,,1.0
2758,medium,List the languages with the most literary works.,"SELECT ?language ?languageLabel (COUNT(?work) AS ?count) WHERE {
  ?work wdt:[property:instance of] wd:[entity:literary work] .
  ?work wdt:[property:language of work or name] ?language .
  SERVICE wikibase:label { bd:serviceParam wikibase:language ""en"". }
}
GROUP BY ?language ?languageLabel
ORDER BY DESC(?count)
LIMIT 100","SELECT ?language ?languageLabel (COUNT(?work) AS ?count) WHERE {
  ?work wdt:P31 wd:Q7725634 .
  ?work wdt:P407 ?language .
  SERVICE wikibase:label { bd:serviceParam wikibase:language ""en"". }
}
GROUP BY ?language ?languageLabel
ORDER BY DESC(?count)
LIMIT 100",True,True,True,,0.2452
1445,complex,List the units of measurement named after famous Germans.,"SELECT DISTINCT ?unit ?unitLabel WHERE {
  ?unit wdt:[property:instance of]/wdt:[property:subclass of]* wd:[entity:unit of measurement] .
  ?unit wdt:[property:named after] ?person .
  ?person wdt:[property:country of citizenship] wd:[entity:Germany] .
  SERVICE wikibase:label { bd:serviceParam wikibase:language ""en"". }
}","SELECT DISTINCT ?unit ?unitLabel WHERE {
  ?unit wdt:P31/wdt:P279* wd:Q47574 .
  ?unit wdt:P138 ?person .
  ?person wdt:P27 wd:Q183 .
  SERVICE wikibase:label { bd:serviceParam wikibase:language ""en"". }
}",True,True,True,,1.0
343,medium,List all people with their corresponding Early Modern Letters Online IDs and labels.,"SELECT ?person ?personLabel ?emloID WHERE {
  ?person wdt:[property:Early Modern Letters Online person ID] ?emloID .
  SERVICE wikibase:label { bd:serviceParam wikibase:language ""en"". }
}","SELECT ?person ?personLabel ?emloID WHERE {
  ?person wdt:P1802 ?emloID .
  SERVICE wikibase:label { bd:serviceParam wikibase:language ""en"". }
}",True,True,True,,0.3364
599,simple,List all chemical compounds with their CAS registry numbers.,"SELECT ?compound ?compoundLabel ?casNumber WHERE {
  ?compound wdt:[property:instance of] wd:[entity:chemical compound] .
  ?compound wdt:[property:CAS Registry Number] ?casNumber .
  SERVICE wikibase:label { bd:serviceParam wikibase:language ""en"". }
}","SELECT ?compound ?compoundLabel ?casNumber WHERE {
  ?compound wdt:P31 wd:Q11173 .
  ?compound wdt:P231 ?casNumber .
  SERVICE wikibase:label { bd:serviceParam wikibase:language ""en"". }
}",True,True,True,,0.0
2290,complex,"List the mayors of US cities with a population over 100,000 and their genders.","SELECT ?city ?cityLabel ?mayor ?mayorLabel ?gender ?genderLabel WHERE {
  ?city wdt:[property:instance of]/wdt:[property:subclass of]* wd:[entity:city] .
  ?city wdt:[property:country] wd:[entity:United States of America] .
  ?city wdt:[property:population] ?population .
  FILTER(?population > 100000)
  ?city wdt:[property:head of government] ?mayor .
  OPTIONAL { ?mayor wdt:[property:sex or gender] ?gender . }
  SERVICE wikibase:label { bd:serviceParam wikibase:language ""en"". }
}","SELECT ?city ?cityLabel ?mayor ?mayorLabel ?gender ?genderLabel WHERE {
  ?city wdt:P31/wdt:P279* wd:Q515 .
  ?city wdt:P17 wd:Q30 .
  ?city wdt:P1082 ?population .
  FILTER(?population > 100000)
  ?city wdt:P6 ?mayor .
  OPTIONAL { ?mayor wdt:P21 ?gender . }
  SERVICE wikibase:label { bd:serviceParam wikibase:language ""en"". }
}",True,True,True,,0.9848
787,complex,What public art can be found in Paris?,"SELECT ?artwork ?artworkLabel WHERE {
  ?artwork wdt:[property:instance of] wd:[entity:public art] .
  ?artwork wdt:[property:location] wd:[entity:Paris] .
  SERVICE wikibase:label { bd:serviceParam wikibase:language ""en"". }
}","SELECT ?artwork ?artworkLabel WHERE {
  ?artwork wdt:P31 wd:Q557141 .
  ?artwork wdt:P276 wd:Q90 .
  SERVICE wikibase:label { bd:serviceParam wikibase:language ""en"". }
}",True,True,True,,0.0
1830,complex,List the latest research papers related to COVID-19.,"SELECT ?paper ?paperLabel ?publicationDate WHERE {
  ?paper wdt:[property:instance of] wd:[entity:scholarly article] .
  ?paper wdt:[property:main subject] wd:[entity:COVID-19] .
  ?paper wdt:[property:publication date] ?publicationDate .
  SERVICE wikibase:label { bd:serviceParam wikibase:language ""en"". }
}
ORDER BY DESC(?publicationDate)
LIMIT 100","SELECT ?paper ?paperLabel ?publicationDate WHERE {
  ?paper wdt:P31 wd:Q13442814 .
  ?paper wdt:P921 wd:Q84263196 .
  ?paper wdt:P577 ?publicationDate .
  SERVICE wikibase:label { bd:serviceParam wikibase:language ""en"". }
}
ORDER BY DESC(?publicationDate)
LIMIT 100",True,True,True,,0.0
2641,complex,List all Wikipedia languages that have biographies on recent UK Prime Ministers.,"SELECT DISTINCT ?language WHERE {
  ?pm wdt:[property:position held] wd:[entity:Prime Minister of the United Kingdom] .
  ?article schema:about ?pm ;
           schema:isPartOf ?site .
  ?site wikibase:wikiGroup ""wikipedia"" .
  ?article schema:inLanguage ?language .
}","SELECT DISTINCT ?language WHERE {
  ?pm wdt:P39 wd:Q14211 .
  ?article schema:about ?pm ;
           schema:isPartOf ?site .
  ?site wikibase:wikiGroup ""wikipedia"" .
  ?article schema:inLanguage ?language .
}",True,True,True,,0.0
994,medium,List the years when people with Wikidata items died.,"SELECT DISTINCT ?year WHERE {
  ?person wdt:[property:instance of] wd:[entity:human] .
  ?person wdt:[property:date of death] ?date .
  BIND(YEAR(?date) AS ?year)
}
ORDER BY ?year","SELECT DISTINCT ?year WHERE {
  ?person wdt:P31 wd:Q5 .
  ?person wdt:P570 ?date .
  BIND(YEAR(?date) AS ?year)
}
ORDER BY ?year",True,True,True,,0.6002
272,medium,What are the names of people whose archives are stored at Pitt Rivers Museum?,"SELECT ?person ?personLabel WHERE {
  ?person wdt:[property:archives at] wd:[entity:Pitt Rivers Museum] .
  SERVICE wikibase:label { bd:serviceParam wikibase:language ""en"" . }
}","SELECT ?person ?personLabel WHERE {
  ?person wdt:P485 wd:Q1456119 .
  SERVICE wikibase:label { bd:serviceParam wikibase:language ""en"" . }
}",True,True,True,,0.266
2369,medium,List the coordinates of military operations.,"SELECT ?operation ?operationLabel ?coordinates WHERE {
  ?operation wdt:[property:instance of] wd:[entity:military operation] .
  ?operation wdt:[property:coordinate location] ?coordinates .
  SERVICE wikibase:label { bd:serviceParam wikibase:language ""en"". }
}","SELECT ?operation ?operationLabel ?coordinates WHERE {
  ?operation wdt:P31 wd:Q645883 .
  ?operation wdt:P625 ?coordinates .
  SERVICE wikibase:label { bd:serviceParam wikibase:language ""en"". }
}",True,True,True,,0.0153
930,complex,Find historians with a presence on French Wikipedia or Wikisource but no VIAF ID.,"SELECT DISTINCT ?person ?personLabel WHERE {
  ?person wdt:[property:occupation] wd:[entity:historian] .
  {
    ?article schema:about ?person ;
             schema:isPartOf <https://fr.wikipedia.org/> .
  }
  UNION
  {
    ?article schema:about ?person ;
             schema:isPartOf <https://fr.wikisource.org/> .
  }
  FILTER NOT EXISTS { ?person wdt:[property:VIAF ID] ?viaf . }
  SERVICE wikibase:label { bd:serviceParam wikibase:language ""en"". }
}","SELECT DISTINCT ?person ?personLabel WHERE {
  ?person wdt:P106 wd:Q201788 .
  {
    ?article schema:about ?person ;
             schema:isPartOf <https://fr.wikipedia.org/> .
  }
  UNION
  {
    ?article schema:about ?person ;
             schema:isPartOf <https://fr.wikisource.org/> .
  }
  FILTER NOT EXISTS { ?person wdt:P214 ?viaf . }
  SERVICE wikibase:label { bd:serviceParam wikibase:language ""en"". }
}",True,True,True,,0.9137
2286,complex,List the Swedish Supreme Court judges who cited reports from commissions they were part of.,"SELECT DISTINCT ?judge ?judgeLabel WHERE {
  ?judge wdt:[property:position held] wd:[entity:Justice of the Supreme Court of Sweden] .
  ?judge wdt:[property:member of] ?commission .
  ?report wdt:[property:author] ?judge .
  ?report wdt:[property:cites work] ?commissionReport .
  ?commissionReport wdt:[property:commissioned by] ?commission .
  SERVICE wikibase:label { bd:serviceParam wikibase:language ""en"". }
}","SELECT DISTINCT ?judge ?judgeLabel WHERE {
  ?judge wdt:P39 wd:Q96336792 .
  ?judge wdt:P463 ?commission .
  ?report wdt:P50 ?judge .
  ?report wdt:P2860 ?commissionReport .
  ?commissionReport wdt:P88 ?commission .
  SERVICE wikibase:label { bd:serviceParam wikibase:language ""en"". }
}",True,True,True,,0.0
1484,complex,What are the key events in Robert Louis Stevenson's life?,"SELECT ?event ?eventLabel ?date WHERE {
  wd:[entity:Robert Louis Stevenson] ?prop ?event .
  VALUES ?prop {
    wdt:[property:date of birth]
    wdt:[property:date of death]
    wdt:[property:place of birth]
    wdt:[property:place of death]
    wdt:[property:educated at]
    wdt:[property:spouse]
    wdt:[property:notable work]
    wdt:[property:significant event]
  }
  OPTIONAL { ?event wdt:[property:point in time] ?date . }
  SERVICE wikibase:label { bd:serviceParam wikibase:language ""en"". }
}","SELECT ?event ?eventLabel ?date WHERE {
  wd:Q1512 ?prop ?event .
  VALUES ?prop {
    wdt:P569
    wdt:P570
    wdt:P19
    wdt:P20
    wdt:P69
    wdt:P26
    wdt:P800
    wdt:P793
  }
  OPTIONAL { ?event wdt:P585 ?date . }
  SERVICE wikibase:label { bd:serviceParam wikibase:language ""en"". }
}",True,True,True,,0.0
434,complex,List all UK Members of Parliament without an image.,"SELECT DISTINCT ?person ?personLabel WHERE {
  ?person wdt:[property:position held] wd:[entity:Member of Parliament of the United Kingdom] .
  FILTER NOT EXISTS { ?person wdt:[property:image] ?image . }
  SERVICE wikibase:label { bd:serviceParam wikibase:language ""en"". }
}","SELECT DISTINCT ?person ?personLabel WHERE {
  ?person wdt:P39 wd:Q18952564 .
  FILTER NOT EXISTS { ?person wdt:P18 ?image . }
  SERVICE wikibase:label { bd:serviceParam wikibase:language ""en"". }
}",True,True,True,,0.0
1518,complex,List the top Magnuses cited in Wikidata research papers.,"SELECT ?author ?authorLabel (COUNT(?paper) AS ?count) WHERE {
  ?paper wdt:[property:instance of] wd:[entity:scholarly article] .
  ?paper wdt:[property:author] ?author .
  ?author rdfs:label ?authorLabel .
  FILTER(LANG(?authorLabel) = ""en"")
  FILTER(CONTAINS(?authorLabel, ""Magnus""))
}
GROUP BY ?author ?authorLabel
ORDER BY DESC(?count)
LIMIT 10","SELECT ?author ?authorLabel (COUNT(?paper) AS ?count) WHERE {
  ?paper wdt:P31 wd:Q13442814 .
  ?paper wdt:P50 ?author .
  ?author rdfs:label ?authorLabel .
  FILTER(LANG(?authorLabel) = ""en"")
  FILTER(CONTAINS(?authorLabel, ""Magnus""))
}
GROUP BY ?author ?authorLabel
ORDER BY DESC(?count)
LIMIT 10",True,True,True,,0.0154
1442,medium,List the female Nobel laureates in Physics.,"SELECT DISTINCT ?laureate ?laureateLabel WHERE {
  ?laureate wdt:[property:award received] wd:[entity:Nobel Prize in Physics] .
  ?laureate wdt:[property:sex or gender] wd:[entity:female] .
  SERVICE wikibase:label { bd:serviceParam wikibase:language ""en"" . }
}","SELECT DISTINCT ?laureate ?laureateLabel WHERE {
  ?laureate wdt:P166 wd:Q38104 .
  ?laureate wdt:P21 wd:Q6581072 .
  SERVICE wikibase:label { bd:serviceParam wikibase:language ""en"" . }
}",True,True,True,,0.5
87,complex,List authors who wrote the most letters.,"SELECT ?author ?authorLabel (COUNT(?letter) AS ?letterCount) WHERE {
  ?letter wdt:[property:instance of] wd:[entity:letter] .
  ?letter wdt:[property:author] ?author .
  SERVICE wikibase:label { bd:serviceParam wikibase:language ""en"". }
}
GROUP BY ?author ?authorLabel
ORDER BY DESC(?letterCount)
LIMIT 10","SELECT ?author ?authorLabel (COUNT(?letter) AS ?letterCount) WHERE {
  ?letter wdt:P31 wd:Q133492 .
  ?letter wdt:P50 ?author .
  SERVICE wikibase:label { bd:serviceParam wikibase:language ""en"". }
}
GROUP BY ?author ?authorLabel
ORDER BY DESC(?letterCount)
LIMIT 10",True,True,True,,0.0342
1925,complex,List artworks that depict scenes from fairy tales.,"SELECT DISTINCT ?artwork ?artworkLabel WHERE {
  ?artwork wdt:[property:instance of] wd:[entity:painting] .
  ?artwork wdt:[property:depicts] ?subject .
  ?subject wdt:[property:instance of]/wdt:[property:subclass of]* wd:[entity:fairy tale] .
  SERVICE wikibase:label { bd:serviceParam wikibase:language ""en"" . }
}","SELECT DISTINCT ?artwork ?artworkLabel WHERE {
  ?artwork wdt:P31 wd:Q3305213 .
  ?artwork wdt:P180 ?subject .
  ?subject wdt:P31/wdt:P279* wd:Q699 .
  SERVICE wikibase:label { bd:serviceParam wikibase:language ""en"" . }
}",True,True,True,,0.0
388,medium,"List the children of Johann Sebastian Bach with his first wife, Maria Barbara Bach.","SELECT ?child ?childLabel WHERE {
  ?child wdt:[property:father] wd:[entity:Johann Sebastian Bach] .
  ?child wdt:[property:mother] wd:[entity:Maria Barbara Bach] .
  SERVICE wikibase:label { bd:serviceParam wikibase:language ""en"". }
}","SELECT ?child ?childLabel WHERE {
  ?child wdt:P22 wd:Q1339 .
  ?child wdt:P25 wd:Q57487 .
  SERVICE wikibase:label { bd:serviceParam wikibase:language ""en"". }
}",True,True,True,,0.1429
397,simple,"List all books written by Q35610, including their titles, illustrators, publishers, and publication dates if available.","SELECT ?book ?bookLabel ?illustratorLabel ?publisherLabel ?publicationDate WHERE {
  ?book wdt:[property:instance of] wd:[entity:book] .
  ?book wdt:[property:author] wd:[entity:Q35610] .
  OPTIONAL { ?book wdt:[property:illustrator] ?illustrator . }
  OPTIONAL { ?book wdt:[property:publisher] ?publisher . }
  OPTIONAL { ?book wdt:[property:publication date] ?publicationDate . }
  SERVICE wikibase:label { bd:serviceParam wikibase:language ""en"" . }
}","SELECT ?book ?bookLabel ?illustratorLabel ?publisherLabel ?publicationDate WHERE {
  ?book wdt:P31 wd:Q571 .
  ?book wdt:P50 wd:Q35610 .
  OPTIONAL { ?book wdt:P110 ?illustrator . }
  OPTIONAL { ?book wdt:P123 ?publisher . }
  OPTIONAL { ?book wdt:P577 ?publicationDate . }
  SERVICE wikibase:label { bd:serviceParam wikibase:language ""en"" . }
}",True,True,True,,0.0
1728,complex,Show me a map of Indian cities with their sister cities.,"SELECT ?city ?cityLabel ?coord ?sisterCity ?sisterCityLabel WHERE {
  ?city wdt:[property:country] wd:[entity:India] .
  ?city wdt:[property:instance of] wd:[entity:city] .
  ?city wdt:[property:coordinate location] ?coord .
  ?city wdt:[property:twinned administrative body] ?sisterCity .
  SERVICE wikibase:label { bd:serviceParam wikibase:language ""en"". }
}","SELECT ?city ?cityLabel ?coord ?sisterCity ?sisterCityLabel WHERE {
  ?city wdt:P17 wd:Q668 .
  ?city wdt:P31 wd:Q515 .
  ?city wdt:P625 ?coord .
  ?city wdt:P190 ?sisterCity .
  SERVICE wikibase:label { bd:serviceParam wikibase:language ""en"". }
}",True,True,True,,0.0
1294,medium,"List the top 50 people buried in Pere-Lachaise cemetery, Paris.","SELECT ?person ?personLabel WHERE {
  ?person wdt:[property:place of burial] wd:[entity:Père Lachaise Cemetery] .
  ?person wdt:[property:instance of] wd:[entity:human] .
  SERVICE wikibase:label { bd:serviceParam wikibase:language ""en"". }
}
LIMIT 50","SELECT ?person ?personLabel WHERE {
  ?person wdt:P119 wd:Q311 .
  ?person wdt:P31 wd:Q5 .
  SERVICE wikibase:label { bd:serviceParam wikibase:language ""en"". }
}
LIMIT 50",True,True,True,,0.0
512,medium,List all Standard Mandarin lexemes without Pinyin transliterations.,"SELECT ?lexeme ?lemma WHERE {
  ?lexeme dct:language wd:[entity:Standard Mandarin] ;
          wikibase:lemma ?lemma .
  FILTER NOT EXISTS {
    ?lexeme wikibase:lemma ?pinyin .
    FILTER(LANG(?pinyin) = ""zh-Latn-pinyin"")
  }
}","SELECT ?lexeme ?lemma WHERE {
  ?lexeme dct:language wd:Q727694 ;
          wikibase:lemma ?lemma .
  FILTER NOT EXISTS {
    ?lexeme wikibase:lemma ?pinyin .
    FILTER(LANG(?pinyin) = ""zh-Latn-pinyin"")
  }
}",True,True,True,,0.4278
1418,complex,What are the key dates in Honoré de Balzac's life?,"SELECT ?birthDate ?deathDate WHERE {
  wd:[entity:Honoré de Balzac] wdt:[property:date of birth] ?birthDate .
  wd:[entity:Honoré de Balzac] wdt:[property:date of death] ?deathDate .
}","SELECT ?birthDate ?deathDate WHERE {
  wd:Q9711 wdt:P569 ?birthDate .
  wd:Q9711 wdt:P570 ?deathDate .
}",True,True,True,,0.0526
2473,complex,List all people born and died on January 1st.,"SELECT DISTINCT ?person ?personLabel WHERE {
  ?person wdt:[property:instance of] wd:[entity:human] .
  ?person wdt:[property:date of birth] ?birth .
  ?person wdt:[property:date of death] ?death .
  FILTER(MONTH(?birth) = 1 && DAY(?birth) = 1)
  FILTER(MONTH(?death) = 1 && DAY(?death) = 1)
  SERVICE wikibase:label { bd:serviceParam wikibase:language ""en"". }
}","SELECT DISTINCT ?person ?personLabel WHERE {
  ?person wdt:P31 wd:Q5 .
  ?person wdt:P569 ?birth .
  ?person wdt:P570 ?death .
  FILTER(MONTH(?birth) = 1 && DAY(?birth) = 1)
  FILTER(MONTH(?death) = 1 && DAY(?death) = 1)
  SERVICE wikibase:label { bd:serviceParam wikibase:language ""en"". }
}",True,True,False,result_too_large,0.0
829,complex,List the fictional universes with the highest number of planets.,"SELECT ?universe ?universeLabel (COUNT(?planet) AS ?planetCount) WHERE {
  ?planet wdt:[property:instance of] wd:[entity:fictional planet] .
  ?planet wdt:[property:from fictional universe] ?universe .
  SERVICE wikibase:label { bd:serviceParam wikibase:language ""en"". }
}
GROUP BY ?universe ?universeLabel
ORDER BY DESC(?planetCount)
LIMIT 10","SELECT ?universe ?universeLabel (COUNT(?planet) AS ?planetCount) WHERE {
  ?planet wdt:P31 wd:Q2775969 .
  ?planet wdt:P1080 ?universe .
  SERVICE wikibase:label { bd:serviceParam wikibase:language ""en"". }
}
GROUP BY ?universe ?universeLabel
ORDER BY DESC(?planetCount)
LIMIT 10",True,True,True,,0.0
1182,complex,"List all ancient Greek pottery items stored in Museum St-Raymond, France.","SELECT ?item ?itemLabel WHERE {
  ?item wdt:[property:collection] wd:[entity:Musée Saint-Raymond] .
  ?item wdt:[property:instance of]/wdt:[property:subclass of]* wd:[entity:ancient Greek pottery] .
  SERVICE wikibase:label { bd:serviceParam wikibase:language ""en"". }
}","SELECT ?item ?itemLabel WHERE {
  ?item wdt:P195 wd:Q1376 .
  ?item wdt:P31/wdt:P279* wd:Q122031115 .
  SERVICE wikibase:label { bd:serviceParam wikibase:language ""en"". }
}",True,True,True,,0.0
1557,medium,Show me the locations of preserved Concorde aircraft on a map.,"SELECT ?aircraft ?aircraftLabel ?location ?locationLabel ?coord WHERE {
  ?aircraft wdt:[property:instance of] wd:[entity:Concorde] .
  OPTIONAL {
    ?aircraft wdt:[property:location] ?location .
    ?location wdt:[property:coordinate location] ?coord .
  }
  OPTIONAL {
    ?aircraft wdt:[property:coordinate location] ?coord .
  }
  SERVICE wikibase:label { bd:serviceParam wikibase:language ""en"". }
}","SELECT ?aircraft ?aircraftLabel ?location ?locationLabel ?coord WHERE {
  ?aircraft wdt:P31 wd:Q6505 .
  OPTIONAL {
    ?aircraft wdt:P276 ?location .
    ?location wdt:P625 ?coord .
  }
  OPTIONAL {
    ?aircraft wdt:P625 ?coord .
  }
  SERVICE wikibase:label { bd:serviceParam wikibase:language ""en"". }
}",True,True,True,,0.3864
2070,simple,List all rapid transit systems with their patronage information.,"SELECT ?system ?systemLabel ?patronage WHERE {
  ?system wdt:[property:instance of] wd:[entity:rapid transit].
  ?system wdt:[property:patronage] ?patronage.
  SERVICE wikibase:label { bd:serviceParam wikibase:language ""en"". }
}","SELECT ?system ?systemLabel ?patronage WHERE {
  ?system wdt:P31 wd:Q5503.
  ?system wdt:P3872 ?patronage.
  SERVICE wikibase:label { bd:serviceParam wikibase:language ""en"". }
}",True,True,True,,0.2339
1808,complex,"Show me a map of all megaliths and tumuli in Morbihan, France.","SELECT ?item ?itemLabel ?coord WHERE {
  ?item wdt:[property:instance of]/wdt:[property:subclass of]* ?type .
  VALUES ?type { wd:[entity:megalith] wd:[entity:tumulus] }
  ?item wdt:[property:located in the administrative territorial entity] ?admin .
  ?admin wdt:[property:instance of]/wdt:[property:subclass of]* wd:[entity:department of France] .
  FILTER(?admin = wd:[entity:Morbihan])
  ?item wdt:[property:coordinate location] ?coord .
  SERVICE wikibase:label { bd:serviceParam wikibase:language ""en,fr"". }
}","SELECT ?item ?itemLabel ?coord WHERE {
  ?item wdt:P31/wdt:P279* ?type .
  VALUES ?type { wd:Q164240 wd:Q34023 }
  ?item wdt:P131 ?admin .
  ?admin wdt:P31/wdt:P279* wd:Q6465 .
  FILTER(?admin = wd:Q12642)
  ?item wdt:P625 ?coord .
  SERVICE wikibase:label { bd:serviceParam wikibase:language ""en,fr"". }
}",True,True,True,,0.0
2480,complex,List the graves of famous people in Pere Lachaise Cemetery who died between 1800 and 1849.,"SELECT DISTINCT ?person ?personLabel ?deathDate WHERE {
  ?person wdt:[property:place of burial] wd:[entity:Père Lachaise Cemetery] .
  ?person wdt:[property:date of death] ?deathDate .
  FILTER(YEAR(?deathDate) >= 1800 && YEAR(?deathDate) <= 1849)
  SERVICE wikibase:label { bd:serviceParam wikibase:language ""en"". }
}","SELECT DISTINCT ?person ?personLabel ?deathDate WHERE {
  ?person wdt:P119 wd:Q311 .
  ?person wdt:P570 ?deathDate .
  FILTER(YEAR(?deathDate) >= 1800 && YEAR(?deathDate) <= 1849)
  SERVICE wikibase:label { bd:serviceParam wikibase:language ""en"". }
}",True,True,True,,0.0492
989,complex,List Disney movies featuring actors who share their names with the characters they play.,"SELECT DISTINCT ?movie ?movieLabel ?actor ?actorLabel WHERE {
  ?movie wdt:[property:production company] wd:[entity:Walt Disney Pictures] .
  ?movie wdt:[property:cast member] ?actor .
  ?movie p:[property:cast member] ?statement .
  ?statement ps:[property:cast member] ?actor .
  ?statement pq:[property:character role] ?character .
  ?actor rdfs:label ?actorName .
  ?character rdfs:label ?characterName .
  FILTER(LANG(?actorName) = ""en"")
  FILTER(LANG(?characterName) = ""en"")
  FILTER(?actorName = ?characterName)
  SERVICE wikibase:label { bd:serviceParam wikibase:language ""en"". }
}","SELECT DISTINCT ?movie ?movieLabel ?actor ?actorLabel WHERE {
  ?movie wdt:P272 wd:Q191224 .
  ?movie wdt:P161 ?actor .
  ?movie p:P161 ?statement .
  ?statement ps:P161 ?actor .
  ?statement pq:P453 ?character .
  ?actor rdfs:label ?actorName .
  ?character rdfs:label ?characterName .
  FILTER(LANG(?actorName) = ""en"")
  FILTER(LANG(?characterName) = ""en"")
  FILTER(?actorName = ?characterName)
  SERVICE wikibase:label { bd:serviceParam wikibase:language ""en"". }
}",True,True,True,,0.0
1343,medium,List all paintings that feature monkeys.,"SELECT ?painting ?paintingLabel WHERE {
  ?painting wdt:[property:instance of] wd:[entity:painting] .
  ?painting wdt:[property:depicts] wd:[entity:monkey] .
  SERVICE wikibase:label { bd:serviceParam wikibase:language ""en"". }
}","SELECT ?painting ?paintingLabel WHERE {
  ?painting wdt:P31 wd:Q3305213 .
  ?painting wdt:P180 wd:Q1367 .
  SERVICE wikibase:label { bd:serviceParam wikibase:language ""en"". }
}",True,True,True,,0.3156
525,complex,List all Canadian subjects without an English Wikipedia article added before 2019.,"SELECT DISTINCT ?item ?itemLabel WHERE {
  ?item wdt:[property:country] wd:[entity:Canada] .
  FILTER NOT EXISTS {
    ?article schema:about ?item ;
             schema:isPartOf <https://en.wikipedia.org/> ;
             schema:dateModified ?date .
    FILTER(?date < ""2019-01-01T00:00:00Z""^^xsd:dateTime)
  }
  SERVICE wikibase:label { bd:serviceParam wikibase:language ""en"". }
}","SELECT DISTINCT ?item ?itemLabel WHERE {
  ?item wdt:P17 wd:Q16 .
  FILTER NOT EXISTS {
    ?article schema:about ?item ;
             schema:isPartOf <https://en.wikipedia.org/> ;
             schema:dateModified ?date .
    FILTER(?date < ""2019-01-01T00:00:00Z""^^xsd:dateTime)
  }
  SERVICE wikibase:label { bd:serviceParam wikibase:language ""en"". }
}",True,True,True,,0.0016
84,complex,List English Wikisource texts with a high number of statements in Wikidata but no indication of what they are.,"SELECT ?item ?statements WHERE {
  ?item wikibase:statements ?statements .
  ?sitelink schema:about ?item ;
            schema:isPartOf <https://en.wikisource.org/> .
  FILTER NOT EXISTS { ?item wdt:[property:instance of] ?class . }
  FILTER(?statements > 5)
}
ORDER BY DESC(?statements)
LIMIT 100","SELECT ?item ?statements WHERE {
  ?item wikibase:statements ?statements .
  ?sitelink schema:about ?item ;
            schema:isPartOf <https://en.wikisource.org/> .
  FILTER NOT EXISTS { ?item wdt:P31 ?class . }
  FILTER(?statements > 5)
}
ORDER BY DESC(?statements)
LIMIT 100",True,True,True,,1.0
2325,simple,List the names of chocolate mousse in different languages.,"SELECT ?label WHERE {
  wd:[entity:chocolate mousse] rdfs:label ?label .
}","SELECT ?label WHERE {
  wd:Q1381277 rdfs:label ?label .
}",True,True,True,,0.4605
703,medium,Show me a map of German breweries.,"SELECT ?brewery ?breweryLabel ?coord WHERE {
  ?brewery wdt:[property:instance of] wd:[entity:brewery] .
  ?brewery wdt:[property:country] wd:[entity:Germany] .
  ?brewery wdt:[property:coordinate location] ?coord .
  SERVICE wikibase:label { bd:serviceParam wikibase:language ""en"". }
}","SELECT ?brewery ?breweryLabel ?coord WHERE {
  ?brewery wdt:P31 wd:Q131734 .
  ?brewery wdt:P17 wd:Q183 .
  ?brewery wdt:P625 ?coord .
  SERVICE wikibase:label { bd:serviceParam wikibase:language ""en"". }
}",True,True,True,,0.4433
1701,complex,List all Scottish civil parishes by county and present-day council area.,"SELECT ?parish ?parishLabel ?county ?countyLabel ?councilArea ?councilAreaLabel WHERE {
  ?parish wdt:[property:instance of] wd:[entity:civil parish in Scotland] .
  OPTIONAL { ?parish wdt:[property:located in the administrative territorial entity] ?county . }
  OPTIONAL { ?parish wdt:[property:located in the present-day administrative territorial entity] ?councilArea . }
  SERVICE wikibase:label { bd:serviceParam wikibase:language ""en"". }
}
ORDER BY ?countyLabel ?councilAreaLabel ?parishLabel","SELECT ?parish ?parishLabel ?county ?countyLabel ?councilArea ?councilAreaLabel WHERE {
  ?parish wdt:P31 wd:Q5124673 .
  OPTIONAL { ?parish wdt:P131 ?county . }
  OPTIONAL { ?parish wdt:P3842 ?councilArea . }
  SERVICE wikibase:label { bd:serviceParam wikibase:language ""en"". }
}
ORDER BY ?countyLabel ?councilAreaLabel ?parishLabel",True,True,True,,0.2016
2625,complex,List the longest rivers in France.,"SELECT ?river ?riverLabel ?length WHERE {
  ?river wdt:[property:instance of] wd:[entity:river] .
  ?river wdt:[property:country] wd:[entity:France] .
  ?river wdt:[property:length] ?length .
  SERVICE wikibase:label { bd:serviceParam wikibase:language ""en"" . }
}
ORDER BY DESC(?length)
LIMIT 10","SELECT ?river ?riverLabel ?length WHERE {
  ?river wdt:P31 wd:Q4022 .
  ?river wdt:P17 wd:Q142 .
  ?river wdt:P2043 ?length .
  SERVICE wikibase:label { bd:serviceParam wikibase:language ""en"" . }
}
ORDER BY DESC(?length)
LIMIT 10",True,True,True,,0.0
248,complex,List people associated with the Ashmolean Museum in Tokyo.,"SELECT ?person ?personLabel WHERE {
  ?person wdt:[property:instance of] wd:[entity:human] .
  ?person ?p wd:[entity:Ashmolean Museum] .
  ?person wdt:[property:location] wd:[entity:Tokyo] .
  SERVICE wikibase:label { bd:serviceParam wikibase:language ""en"". }
}","SELECT ?person ?personLabel WHERE {
  ?person wdt:P31 wd:Q5 .
  ?person ?p wd:Q636400 .
  ?person wdt:P276 wd:Q1490 .
  SERVICE wikibase:label { bd:serviceParam wikibase:language ""en"". }
}",True,True,True,,0.0
2769,medium,List the countries with the highest number of train wreck fatalities.,"SELECT ?country ?countryLabel (SUM(?deaths) AS ?totalDeaths) WHERE {
  ?wreck wdt:[property:instance of] wd:[entity:train wreck] .
  ?wreck wdt:[property:number of deaths] ?deaths .
  ?wreck wdt:[property:country] ?country .
  SERVICE wikibase:label { bd:serviceParam wikibase:language ""en"". }
}
GROUP BY ?country ?countryLabel
ORDER BY DESC(?totalDeaths)","SELECT ?country ?countryLabel (SUM(?deaths) AS ?totalDeaths) WHERE {
  ?wreck wdt:P31 wd:Q1078765 .
  ?wreck wdt:P1120 ?deaths .
  ?wreck wdt:P17 ?country .
  SERVICE wikibase:label { bd:serviceParam wikibase:language ""en"". }
}
GROUP BY ?country ?countryLabel
ORDER BY DESC(?totalDeaths)",True,True,True,,0.0433
1069,medium,List the Twitter handles of famous biologists.,"SELECT DISTINCT ?biologist ?biologistLabel ?twitterHandle WHERE {
  ?biologist wdt:[property:occupation] wd:[entity:biologist] .
  ?biologist wdt:[property:Twitter username] ?twitterHandle .
  SERVICE wikibase:label { bd:serviceParam wikibase:language ""en"" . }
}","SELECT DISTINCT ?biologist ?biologistLabel ?twitterHandle WHERE {
  ?biologist wdt:P106 wd:Q864503 .
  ?biologist wdt:P2002 ?twitterHandle .
  SERVICE wikibase:label { bd:serviceParam wikibase:language ""en"" . }
}",True,True,True,,0.0
1347,medium,List countries with flags featuring the sun symbol.,"SELECT DISTINCT ?country ?countryLabel WHERE {
  ?country wdt:[property:instance of] wd:[entity:country] .
  ?country wdt:[property:flag] ?flag .
  ?flag wdt:[property:depicts] wd:[entity:Sun] .
  SERVICE wikibase:label { bd:serviceParam wikibase:language ""en"" . }
}","SELECT DISTINCT ?country ?countryLabel WHERE {
  ?country wdt:P31 wd:Q6256 .
  ?country wdt:P163 ?flag .
  ?flag wdt:P180 wd:Q525 .
  SERVICE wikibase:label { bd:serviceParam wikibase:language ""en"" . }
}",True,True,True,,0.0
357,medium,What are the different categories of hill forts?,"SELECT DISTINCT ?subclass ?subclassLabel WHERE {
  ?subclass wdt:[property:subclass of] wd:[entity:hill fort] .
  SERVICE wikibase:label { bd:serviceParam wikibase:language ""en"". }
}","SELECT DISTINCT ?subclass ?subclassLabel WHERE {
  ?subclass wdt:P279 wd:Q744099 .
  SERVICE wikibase:label { bd:serviceParam wikibase:language ""en"". }
}",True,True,True,,0.2593
876,medium,List all metro stations with their coordinates.,"SELECT ?station ?stationLabel ?coordinates WHERE {
  ?station wdt:[property:instance of] wd:[entity:metro station] .
  ?station wdt:[property:coordinate location] ?coordinates .
  SERVICE wikibase:label { bd:serviceParam wikibase:language ""en"". }
}","SELECT ?station ?stationLabel ?coordinates WHERE {
  ?station wdt:P31 wd:Q928830 .
  ?station wdt:P625 ?coordinates .
  SERVICE wikibase:label { bd:serviceParam wikibase:language ""en"". }
}",True,True,True,,0.9154
2335,medium,List all winners of the Right Livelihood Award.,"SELECT DISTINCT ?winner ?winnerLabel WHERE {
  ?winner wdt:[property:award received] wd:[entity:Right Livelihood Award] .
  SERVICE wikibase:label { bd:serviceParam wikibase:language ""en"" . }
}","SELECT DISTINCT ?winner ?winnerLabel WHERE {
  ?winner wdt:P166 wd:Q152770 .
  SERVICE wikibase:label { bd:serviceParam wikibase:language ""en"" . }
}",True,True,True,,0.6208
968,complex,List all international land tripoints with their coordinates and countries.,"SELECT ?tripoint ?tripointLabel ?coord ?country ?countryLabel WHERE {
  ?tripoint wdt:[property:instance of] wd:[entity:tripoint] .
  OPTIONAL { ?tripoint wdt:[property:coordinate location] ?coord . }
  OPTIONAL { ?tripoint wdt:[property:country] ?country . }
  SERVICE wikibase:label { bd:serviceParam wikibase:language ""en"". }
}","SELECT ?tripoint ?tripointLabel ?coord ?country ?countryLabel WHERE {
  ?tripoint wdt:P31 wd:Q316655 .
  OPTIONAL { ?tripoint wdt:P625 ?coord . }
  OPTIONAL { ?tripoint wdt:P17 ?country . }
  SERVICE wikibase:label { bd:serviceParam wikibase:language ""en"". }
}",True,True,True,,0.0
613,simple,Find all scholarly articles written by Lydia Pintscher.,"SELECT ?article ?articleLabel WHERE {
  ?article wdt:[property:instance of] wd:[entity:scholarly article] .
  ?article wdt:[property:author] wd:[entity:Lydia Pintscher] .
  SERVICE wikibase:label { bd:serviceParam wikibase:language ""en"". }
}","SELECT ?article ?articleLabel WHERE {
  ?article wdt:P31 wd:Q13442814 .
  ?article wdt:P50 wd:Q18016466 .
  SERVICE wikibase:label { bd:serviceParam wikibase:language ""en"". }
}",True,True,True,,1.0
1372,medium,List the countries with the most metal bands.,"SELECT ?country ?countryLabel (COUNT(DISTINCT ?band) AS ?count) WHERE {
  ?band wdt:[property:instance of] wd:[entity:band] ;
        wdt:[property:genre] ?genre ;
        wdt:[property:country of origin] ?country .
  ?genre wdt:[property:subclass of]* wd:[entity:heavy metal] .
  SERVICE wikibase:label { bd:serviceParam wikibase:language ""en"". }
}
GROUP BY ?country ?countryLabel
ORDER BY DESC(?count)
LIMIT 20","SELECT ?country ?countryLabel (COUNT(DISTINCT ?band) AS ?count) WHERE {
  ?band wdt:P31 wd:Q215380 ;
        wdt:P136 ?genre ;
        wdt:P495 ?country .
  ?genre wdt:P279* wd:Q38848 .
  SERVICE wikibase:label { bd:serviceParam wikibase:language ""en"". }
}
GROUP BY ?country ?countryLabel
ORDER BY DESC(?count)
LIMIT 20",True,True,True,,0.0
2129,complex,Show me the routes of trains starting from Howrah station in India.,"SELECT ?train ?trainLabel WHERE {
  ?train wdt:[property:instance of] wd:[entity:train] .
  ?train wdt:[property:starting point] wd:[entity:Howrah Junction railway station] .
  SERVICE wikibase:label { bd:serviceParam wikibase:language ""en"". }
}","SELECT ?train ?trainLabel WHERE {
  ?train wdt:P31 wd:Q870 .
  ?train wdt:P1427 wd:Q986105 .
  SERVICE wikibase:label { bd:serviceParam wikibase:language ""en"". }
}",True,True,True,,1.0
104,medium,Find items with a CDLI ID and their corresponding English Wikipedia articles.,"SELECT ?item ?cdliID ?article WHERE {
  ?item wdt:[property:CDLI ID] ?cdliID .
  ?article schema:about ?item ;
           schema:isPartOf <https://en.wikipedia.org/> .
}","SELECT ?item ?cdliID ?article WHERE {
  ?item wdt:P2474 ?cdliID .
  ?article schema:about ?item ;
           schema:isPartOf <https://en.wikipedia.org/> .
}",True,True,True,,0.0547
2573,complex,List items that have senses in multiple languages on Wikidata.,"SELECT DISTINCT ?lexeme WHERE {
  ?lexeme wdt:[property:instance of] wd:[entity:lexeme] .
  ?lexeme ontolex:sense ?sense1 .
  ?lexeme ontolex:sense ?sense2 .
  FILTER(?sense1 != ?sense2)
}","SELECT DISTINCT ?lexeme WHERE {
  ?lexeme wdt:P31 wd:Q51885771 .
  ?lexeme ontolex:sense ?sense1 .
  ?lexeme ontolex:sense ?sense2 .
  FILTER(?sense1 != ?sense2)
}",True,True,True,,0.0
1966,complex,Find churches in the Czech Republic dedicated to St. Wenceslas or St. Cyril and Methodius.,,,False,False,False,no_query,0.0
184,complex,Show me a graph of people related to Mary Shelley.,"SELECT ?relative ?relativeLabel ?relationLabel WHERE {
  wd:[entity:Mary Shelley] ?prop ?relative .
  ?relation wikibase:directClaim ?prop .
  ?relation wdt:[property:subclass of]* wd:[entity:kinship] .
  SERVICE wikibase:label { bd:serviceParam wikibase:language ""en"". }
}","SELECT ?relative ?relativeLabel ?relationLabel WHERE {
  wd:Q47152 ?prop ?relative .
  ?relation wikibase:directClaim ?prop .
  ?relation wdt:P279* wd:Q171318 .
  SERVICE wikibase:label { bd:serviceParam wikibase:language ""en"". }
}",True,True,True,,1.0
1323,medium,List all places with zero population.,"SELECT ?place ?placeLabel WHERE {
  ?place wdt:[property:population] ?population .
  FILTER(?population = 0)
  SERVICE wikibase:label { bd:serviceParam wikibase:language ""en"". }
}","SELECT ?place ?placeLabel WHERE {
  ?place wdt:P1082 ?population .
  FILTER(?population = 0)
  SERVICE wikibase:label { bd:serviceParam wikibase:language ""en"". }
}",True,True,True,,0.0
2664,medium,List songs that are about Queen Elizabeth II.,"SELECT DISTINCT ?song ?songLabel WHERE {
  ?song wdt:[property:instance of] wd:[entity:song] .
  ?song wdt:[property:main subject] wd:[entity:Elizabeth II] .
  SERVICE wikibase:label { bd:serviceParam wikibase:language ""en"". }
}","SELECT DISTINCT ?song ?songLabel WHERE {
  ?song wdt:P31 wd:Q7366 .
  ?song wdt:P921 wd:Q9682 .
  SERVICE wikibase:label { bd:serviceParam wikibase:language ""en"". }
}",True,True,True,,0.0
2375,complex,List all towns with a population of less than 1000 that have a cathedral.,"SELECT DISTINCT ?town ?townLabel ?population WHERE {
  ?town wdt:[property:instance of] wd:[entity:town] .
  ?town wdt:[property:population] ?population .
  FILTER(?population < 1000)
  ?cathedral wdt:[property:instance of] wd:[entity:cathedral] .
  ?cathedral wdt:[property:located in the administrative territorial entity] ?town .
  SERVICE wikibase:label { bd:serviceParam wikibase:language ""en"". }
}","SELECT DISTINCT ?town ?townLabel ?population WHERE {
  ?town wdt:P31 wd:Q3957 .
  ?town wdt:P1082 ?population .
  FILTER(?population < 1000)
  ?cathedral wdt:P31 wd:Q2977 .
  ?cathedral wdt:P131 ?town .
  SERVICE wikibase:label { bd:serviceParam wikibase:language ""en"". }
}",True,True,True,,0.009
2385,complex,List the names of fictional characters created by French authors.,"SELECT DISTINCT ?character ?characterLabel WHERE {
  ?character wdt:[property:instance of] wd:[entity:fictional human] .
  ?character wdt:[property:creator] ?author .
  ?author wdt:[property:country of citizenship] wd:[entity:France] .
  SERVICE wikibase:label { bd:serviceParam wikibase:language ""en"". }
}","SELECT DISTINCT ?character ?characterLabel WHERE {
  ?character wdt:P31 wd:Q15632617 .
  ?character wdt:P170 ?author .
  ?author wdt:P27 wd:Q142 .
  SERVICE wikibase:label { bd:serviceParam wikibase:language ""en"". }
}",True,True,True,,0.0
454,medium,List all entities that have received the Commander of the Legion of Honour award without any references.,"SELECT ?entity WHERE {
  ?entity p:[property:award received] ?statement .
  ?statement ps:[property:award received] wd:[entity:Commander of the Legion of Honour] .
  FILTER NOT EXISTS { ?statement prov:wasDerivedFrom ?ref . }
}","SELECT ?entity WHERE {
  ?entity p:P166 ?statement .
  ?statement ps:P166 wd:Q10855212 .
  FILTER NOT EXISTS { ?statement prov:wasDerivedFrom ?ref . }
}",True,True,True,,1.0
1664,complex,What languages are spoken in France?,"SELECT ?language ?languageLabel WHERE {
  wd:[entity:France] wdt:[property:language used] ?language .
  SERVICE wikibase:label { bd:serviceParam wikibase:language ""en"". }
}","SELECT ?language ?languageLabel WHERE {
  wd:Q142 wdt:P2936 ?language .
  SERVICE wikibase:label { bd:serviceParam wikibase:language ""en"". }
}",True,True,True,,0.0
2257,complex,What is the most popular given name in Germany for each year?,"SELECT ?year ?givenName ?givenNameLabel ?count WHERE {
  {
    SELECT ?year (MAX(?count) AS ?maxCount) WHERE {
      ?givenName wdt:[property:instance of] wd:[entity:female given name] .
      ?givenName p:[property:number of records] ?statement .
      ?statement ps:[property:number of records] ?count .
      ?statement pq:[property:point in time] ?date .
      ?statement pq:[property:country] wd:[entity:Germany] .
      BIND(YEAR(?date) AS ?year)
    }
    GROUP BY ?year
  }
  ?givenName p:[property:number of records] ?statement .
  ?statement ps:[property:number of records] ?count .
  ?statement pq:[property:point in time] ?date .
  ?statement pq:[property:country] wd:[entity:Germany] .
  BIND(YEAR(?date) AS ?year)
  FILTER(?count = ?maxCount)
  SERVICE wikibase:label { bd:serviceParam wikibase:language ""en"". }
}
ORDER BY ?year","SELECT ?year ?givenName ?givenNameLabel ?count WHERE {
  {
    SELECT ?year (MAX(?count) AS ?maxCount) WHERE {
      ?givenName wdt:P31 wd:Q11879590 .
      ?givenName p:P4876 ?statement .
      ?statement ps:P4876 ?count .
      ?statement pq:P585 ?date .
      ?statement pq:P17 wd:Q183 .
      BIND(YEAR(?date) AS ?year)
    }
    GROUP BY ?year
  }
  ?givenName p:P4876 ?statement .
  ?statement ps:P4876 ?count .
  ?statement pq:P585 ?date .
  ?statement pq:P17 wd:Q183 .
  BIND(YEAR(?date) AS ?year)
  FILTER(?count = ?maxCount)
  SERVICE wikibase:label { bd:serviceParam wikibase:language ""en"". }
}
ORDER BY ?year",True,True,False,http_400,0.0
2127,medium,List buildings in the Basque Country dedicated to Saint Roch.,"SELECT DISTINCT ?building ?buildingLabel WHERE {
  ?building wdt:[property:instance of]/wdt:[property:subclass of]* wd:[entity:building] .
  ?building wdt:[property:dedicated to] wd:[entity:Saint Roch] .
  ?building wdt:[property:located in the administrative territorial entity]* wd:[entity:Basque Country] .
  SERVICE wikibase:label { bd:serviceParam wikibase:language ""en,eu"". }
}","SELECT DISTINCT ?building ?buildingLabel WHERE {
  ?building wdt:P31/wdt:P279* wd:Q41176 .
  ?building wdt:P825 wd:Q152457 .
  ?building wdt:P131* wd:Q47588 .
  SERVICE wikibase:label { bd:serviceParam wikibase:language ""en,eu"". }
}",True,True,True,,0.0
510,medium,List all Hebrew nouns that can be both masculine and feminine.,"SELECT DISTINCT ?lexeme WHERE {
  ?lexeme dct:language wd:[entity:Hebrew] ;
          wikibase:lexicalCategory wd:[entity:noun] ;
          wdt:[property:grammatical gender] wd:[entity:masculine] ;
          wdt:[property:grammatical gender] wd:[entity:feminine] .
}","SELECT DISTINCT ?lexeme WHERE {
  ?lexeme dct:language wd:Q9288 ;
          wikibase:lexicalCategory wd:Q1084 ;
          wdt:P5185 wd:Q499327 ;
          wdt:P5185 wd:Q1775415 .
}",True,True,True,,0.0
2686,simple,List the streets in Paris that share a border.,"SELECT DISTINCT ?street1 ?street1Label ?street2 ?street2Label WHERE {
  ?street1 wdt:[property:located in the administrative territorial entity] wd:[entity:Paris] .
  ?street1 wdt:[property:instance of] wd:[entity:street] .
  ?street1 wdt:[property:shares border with] ?street2 .
  ?street2 wdt:[property:located in the administrative territorial entity] wd:[entity:Paris] .
  ?street2 wdt:[property:instance of] wd:[entity:street] .
  SERVICE wikibase:label { bd:serviceParam wikibase:language ""en"". }
}","SELECT DISTINCT ?street1 ?street1Label ?street2 ?street2Label WHERE {
  ?street1 wdt:P131 wd:Q90 .
  ?street1 wdt:P31 wd:Q79007 .
  ?street1 wdt:P47 ?street2 .
  ?street2 wdt:P131 wd:Q90 .
  ?street2 wdt:P31 wd:Q79007 .
  SERVICE wikibase:label { bd:serviceParam wikibase:language ""en"". }
}",True,True,True,,0.0
1215,complex,Find the coordinates of the locations where Wikidata's 6th birthday events took place.,"SELECT ?event ?eventLabel ?coordinates WHERE {
  ?event wdt:[property:instance of] wd:[entity:Wikidata's 6th birthday] .
  ?event wdt:[property:location] ?location .
  ?location wdt:[property:coordinate location] ?coordinates .
  SERVICE wikibase:label { bd:serviceParam wikibase:language ""en"". }
}","SELECT ?event ?eventLabel ?coordinates WHERE {
  ?event wdt:P31 wd:Q56458770 .
  ?event wdt:P276 ?location .
  ?location wdt:P625 ?coordinates .
  SERVICE wikibase:label { bd:serviceParam wikibase:language ""en"". }
}",True,True,True,,0.0
665,medium,Show me a map of libraries in Canada with their coordinates.,"SELECT ?library ?libraryLabel ?coordinates WHERE {
  ?library wdt:[property:instance of] wd:[entity:library] .
  ?library wdt:[property:country] wd:[entity:Canada] .
  ?library wdt:[property:coordinate location] ?coordinates .
  SERVICE wikibase:label { bd:serviceParam wikibase:language ""en"". }
}","SELECT ?library ?libraryLabel ?coordinates WHERE {
  ?library wdt:P31 wd:Q7075 .
  ?library wdt:P17 wd:Q16 .
  ?library wdt:P625 ?coordinates .
  SERVICE wikibase:label { bd:serviceParam wikibase:language ""en"". }
}",True,True,True,,0.1084
1906,medium,List all humans who are members of the Ku Klux Klan but their English description does not mention it.,"SELECT DISTINCT ?person ?personLabel WHERE {
  ?person wdt:[property:instance of] wd:[entity:human] .
  ?person wdt:[property:member of] wd:[entity:Ku Klux Klan] .
  OPTIONAL {
    ?person schema:description ?desc .
    FILTER(LANG(?desc) = ""en"")
  }
  FILTER(!BOUND(?desc) || !CONTAINS(LCASE(?desc), ""ku klux klan""))
  SERVICE wikibase:label { bd:serviceParam wikibase:language ""en"". }
}","SELECT DISTINCT ?person ?personLabel WHERE {
  ?person wdt:P31 wd:Q5 .
  ?person wdt:[property:member of] wd:Q47131 .
  OPTIONAL {
    ?person schema:description ?desc .
    FILTER(LANG(?desc) = ""en"")
  }
  FILTER(!BOUND(?desc) || !CONTAINS(LCASE(?desc), ""ku klux klan""))
  SERVICE wikibase:label { bd:serviceParam wikibase:language ""en"". }
}",True,False,False,no_query,0.0
373,medium,List things named after Christine de Pizan.,"SELECT ?item ?itemLabel WHERE {
  ?item wdt:[property:named after] wd:[entity:Christine de Pizan] .
  SERVICE wikibase:label { bd:serviceParam wikibase:language ""en"". }
}","SELECT ?item ?itemLabel WHERE {
  ?item wdt:P138 wd:Q234816 .
  SERVICE wikibase:label { bd:serviceParam wikibase:language ""en"". }
}",True,True,True,,0.0476
926,medium,List all movies featuring Jean Gabin as a cast member.,"SELECT ?movie ?movieLabel WHERE {
  ?movie wdt:[property:instance of] wd:[entity:film] .
  ?movie wdt:[property:cast member] wd:[entity:Jean Gabin] .
  SERVICE wikibase:label { bd:serviceParam wikibase:language ""en"". }
}","SELECT ?movie ?movieLabel WHERE {
  ?movie wdt:P31 wd:Q11424 .
  ?movie wdt:P161 wd:Q23842 .
  SERVICE wikibase:label { bd:serviceParam wikibase:language ""en"". }
}",True,True,True,,0.3549
1599,complex,Show me the map of Scottish settlements with their average coordinates.,"SELECT ?settlement ?settlementLabel (AVG(?lat) AS ?avgLat) (AVG(?lon) AS ?avgLon) WHERE {
  ?settlement wdt:[property:instance of] wd:[entity:human settlement] .
  ?settlement wdt:[property:country] wd:[entity:Scotland] .
  ?settlement p:[property:coordinate location] ?coordStatement .
  ?coordStatement psv:[property:coordinate location] ?coordValue .
  ?coordValue wikibase:geoLatitude ?lat .
  ?coordValue wikibase:geoLongitude ?lon .
  SERVICE wikibase:label { bd:serviceParam wikibase:language ""en"". }
}
GROUP BY ?settlement ?settlementLabel","SELECT ?settlement ?settlementLabel (AVG(?lat) AS ?avgLat) (AVG(?lon) AS ?avgLon) WHERE {
  ?settlement wdt:P31 wd:Q486972 .
  ?settlement wdt:P17 wd:Q22 .
  ?settlement p:P625 ?coordStatement .
  ?coordStatement psv:P625 ?coordValue .
  ?coordValue wikibase:geoLatitude ?lat .
  ?coordValue wikibase:geoLongitude ?lon .
  SERVICE wikibase:label { bd:serviceParam wikibase:language ""en"". }
}
GROUP BY ?settlement ?settlementLabel",True,True,True,,1.0
97,medium,List all doctoral theses submitted to University of Oxford with open access links.,"SELECT DISTINCT ?thesis ?thesisLabel ?url WHERE {
  ?thesis wdt:[property:instance of] wd:[entity:doctoral thesis] .
  ?thesis wdt:[property:publisher] wd:[entity:University of Oxford] .
  ?thesis wdt:[property:full work available at URL] ?url .
  SERVICE wikibase:label { bd:serviceParam wikibase:language ""en"". }
}","SELECT DISTINCT ?thesis ?thesisLabel ?url WHERE {
  ?thesis wdt:P31 wd:Q187685 .
  ?thesis wdt:P123 wd:Q34433 .
  ?thesis wdt:[property:full work available at URL] ?url .
  SERVICE wikibase:label { bd:serviceParam wikibase:language ""en"". }
}",True,False,False,no_query,0.0
1654,complex,List the number of punk bands from each region in Indonesia.,,,False,False,False,no_query,0.0
1303,complex,Find books with a specific first line in different languages.,"SELECT ?book ?bookLabel ?firstLine ?language ?languageLabel WHERE {
  ?book wdt:[property:instance of] wd:[entity:book] .
  ?book wdt:[property:first line] ?firstLine .
  OPTIONAL {
    ?book wdt:[property:language of work or name] ?language .
  }
  SERVICE wikibase:label { bd:serviceParam wikibase:language ""en"". }
}","SELECT ?book ?bookLabel ?firstLine ?language ?languageLabel WHERE {
  ?book wdt:P31 wd:Q571 .
  ?book wdt:P1922 ?firstLine .
  OPTIONAL {
    ?book wdt:P407 ?language .
  }
  SERVICE wikibase:label { bd:serviceParam wikibase:language ""en"". }
}",True,True,True,,0.1111
2472,complex,What was the age of the actress who played Elizabeth Bennet?,"SELECT ?actress ?actressLabel ?age WHERE {
  ?role wdt:[property:performer] ?actress .
  ?role wdt:[property:based on] wd:[entity:Elizabeth Bennet] .
  ?actress wdt:[property:date of birth] ?dob .
  BIND(YEAR(NOW()) - YEAR(?dob) AS ?age)
  SERVICE wikibase:label { bd:serviceParam wikibase:language ""en"". }
}","SELECT ?actress ?actressLabel ?age WHERE {
  ?role wdt:P175 ?actress .
  ?role wdt:P144 wd:Q2223341 .
  ?actress wdt:P569 ?dob .
  BIND(YEAR(NOW()) - YEAR(?dob) AS ?age)
  SERVICE wikibase:label { bd:serviceParam wikibase:language ""en"". }
}",True,True,True,,0.0
1939,complex,List all Swedish MPs and their parties in 2018.,"SELECT DISTINCT ?mp ?mpLabel ?party ?partyLabel WHERE {
  ?mp wdt:[property:instance of] wd:[entity:human];
      p:[property:position held] ?statement.
  ?statement ps:[property:position held] wd:[entity:Member of the Riksdag].
  OPTIONAL {
    ?statement pq:[property:start time] ?start.
  }
  OPTIONAL {
    ?statement pq:[property:end time] ?end.
  }
  FILTER(!BOUND(?start) || ?start <= ""2018-12-31T00:00:00Z""^^xsd:dateTime)
  FILTER(!BOUND(?end) || ?end >= ""2018-01-01T00:00:00Z""^^xsd:dateTime)
  OPTIONAL { ?mp wdt:[property:member of political party] ?party. }
  SERVICE wikibase:label { bd:serviceParam wikibase:language ""en"". }
}","SELECT DISTINCT ?mp ?mpLabel ?party ?partyLabel WHERE {
  ?mp wdt:P31 wd:Q5;
      p:P39 ?statement.
  ?statement ps:P39 wd:Q82697153.
  OPTIONAL {
    ?statement pq:P580 ?start.
  }
  OPTIONAL {
    ?statement pq:P582 ?end.
  }
  FILTER(!BOUND(?start) || ?start <= ""2018-12-31T00:00:00Z""^^xsd:dateTime)
  FILTER(!BOUND(?end) || ?end >= ""2018-01-01T00:00:00Z""^^xsd:dateTime)
  OPTIONAL { ?mp wdt:P102 ?party. }
  SERVICE wikibase:label { bd:serviceParam wikibase:language ""en"". }
}",True,True,True,,0.0
1247,complex,Find the century when archaeological objects in St Raymond museum were discovered.,"SELECT DISTINCT ?century WHERE {
  ?object wdt:[property:collection] wd:[entity:Saint-Raymond Museum] .
  ?object wdt:[property:time of discovery or invention] ?date .
  BIND(CEIL(YEAR(?date) / 100.0) AS ?century)
}","SELECT DISTINCT ?century WHERE {
  ?object wdt:P195 wd:Q1376 .
  ?object wdt:P575 ?date .
  BIND(CEIL(YEAR(?date) / 100.0) AS ?century)
}",True,True,True,,0.0
2046,complex,What percentage of deaths were caused by tuberculosis in each decade?,"SELECT ?decade (COUNT(?person) AS ?totalDeaths) (SUM(?isTB) AS ?tbDeaths) ((SUM(?isTB) * 100.0 / COUNT(?person)) AS ?percentage) WHERE {
  ?person wdt:[property:instance of] wd:[entity:human] .
  ?person wdt:[property:date of death] ?deathDate .
  BIND(FLOOR(YEAR(?deathDate) / 10) * 10 AS ?decade)
  OPTIONAL {
    ?person wdt:[property:cause of death] ?cause .
    FILTER(?cause = wd:[entity:tuberculosis])
    BIND(1 AS ?tbFlag)
  }
  BIND(IF(BOUND(?tbFlag), 1, 0) AS ?isTB)
}
GROUP BY ?decade
ORDER BY ?decade","SELECT ?decade (COUNT(?person) AS ?totalDeaths) (SUM(?isTB) AS ?tbDeaths) ((SUM(?isTB) * 100.0 / COUNT(?person)) AS ?percentage) WHERE {
  ?person wdt:P31 wd:Q5 .
  ?person wdt:P570 ?deathDate .
  BIND(FLOOR(YEAR(?deathDate) / 10) * 10 AS ?decade)
  OPTIONAL {
    ?person wdt:P509 ?cause .
    FILTER(?cause = wd:Q12204)
    BIND(1 AS ?tbFlag)
  }
  BIND(IF(BOUND(?tbFlag), 1, 0) AS ?isTB)
}
GROUP BY ?decade
ORDER BY ?decade",True,True,True,,0.0
2321,complex,List the total page views for each party in the 2021 Czech parliamentary election.,"SELECT ?party ?partyLabel (SUM(?pageViews) AS ?totalPageViews) WHERE {
  ?candidacy wdt:[property:candidate in] wd:[entity:2021 Czech parliamentary election] .
  ?candidacy wdt:[property:member of political party] ?party .
  ?party wdt:[property:page views] ?pageViews .
  SERVICE wikibase:label { bd:serviceParam wikibase:language ""en"". }
}
GROUP BY ?party ?partyLabel","SELECT ?party ?partyLabel (SUM(?pageViews) AS ?totalPageViews) WHERE {
  ?candidacy wdt:P3602 wd:[entity:2021 Czech parliamentary election] .
  ?candidacy wdt:P102 ?party .
  ?party wdt:[property:page views] ?pageViews .
  SERVICE wikibase:label { bd:serviceParam wikibase:language ""en"". }
}
GROUP BY ?party ?partyLabel",True,False,False,no_query,0.0
1852,complex,Show me a map of protected areas in France that are also Ramsar sites.,"SELECT ?area ?areaLabel ?coord WHERE {
  ?area wdt:[property:instance of] wd:[entity:protected area] .
  ?area wdt:[property:country] wd:[entity:France] .
  ?area wdt:[property:heritage designation] wd:[entity:Ramsar site] .
  ?area wdt:[property:coordinate location] ?coord .
  SERVICE wikibase:label { bd:serviceParam wikibase:language ""en"". }
}","SELECT ?area ?areaLabel ?coord WHERE {
  ?area wdt:P31 wd:Q473972 .
  ?area wdt:[property:country] wd:Q142 .
  ?area wdt:[property:heritage designation] wd:Q19683138 .
  ?area wdt:P625 ?coord .
  SERVICE wikibase:label { bd:serviceParam wikibase:language ""en"". }
}",True,False,False,no_query,0.0
2012,complex,What are the things owned by Donald Trump?,"SELECT ?thing ?thingLabel WHERE {
  ?thing wdt:[property:owned by] wd:[entity:Donald Trump] .
  SERVICE wikibase:label { bd:serviceParam wikibase:language ""en"" . }
}","SELECT ?thing ?thingLabel WHERE {
  ?thing wdt:P127 wd:Q22686 .
  SERVICE wikibase:label { bd:serviceParam wikibase:language ""en"" . }
}",True,True,True,,0.0008
539,complex,What languages are spoken in the Netherlands?,"SELECT ?language ?languageLabel WHERE {
  wd:[entity:Netherlands] wdt:[property:language used] ?language .
  SERVICE wikibase:label { bd:serviceParam wikibase:language ""en"". }
}","SELECT ?language ?languageLabel WHERE {
  wd:Q55 wdt:P2936 ?language .
  SERVICE wikibase:label { bd:serviceParam wikibase:language ""en"". }
}",True,True,True,,0.0
1682,complex,List all instances of humans used as examples in Wikidata properties.,"SELECT ?property ?propertyLabel ?example ?exampleLabel WHERE {
  ?property wdt:[property:Wikidata property example] ?example .
  ?example wdt:[property:instance of] wd:[entity:human] .
  SERVICE wikibase:label { bd:serviceParam wikibase:language ""en"". }
}","SELECT ?property ?propertyLabel ?example ?exampleLabel WHERE {
  ?property wdt:P1855 ?example .
  ?example wdt:P31 wd:Q5 .
  SERVICE wikibase:label { bd:serviceParam wikibase:language ""en"". }
}",True,True,True,,0.6949
365,simple,List all hillforts with their names in Scottish Gaelic from the Atlas of Hillforts.,"SELECT ?hillfort ?nameGaelic WHERE {
  ?hillfort wdt:[property:Atlas of Hillforts ID] ?atlasID .
  ?hillfort wdt:[property:name in native language] ?nameGaelic .
  FILTER(LANG(?nameGaelic) = ""gd"")
}","SELECT ?hillfort ?nameGaelic WHERE {
  ?hillfort wdt:P4102 ?atlasID .
  ?hillfort wdt:P1559 ?nameGaelic .
  FILTER(LANG(?nameGaelic) = ""gd"")
}",True,True,True,,0.0
1425,complex,List Canadian actors who have portrayed US presidents in two different movies.,"SELECT ?actor ?actorLabel WHERE {
  ?actor wdt:[property:instance of] wd:[entity:human] .
  ?actor wdt:[property:country of citizenship] wd:[entity:Canada] .
  ?actor wdt:[property:occupation] wd:[entity:actor] .

  ?president wdt:[property:position held] wd:[entity:President of the United States] .

  ?movie1 wdt:[property:instance of] wd:[entity:film] .
  ?movie1 wdt:[property:cast member] ?actor .
  ?movie1 wdt:[property:characters] ?president .

  ?movie2 wdt:[property:instance of] wd:[entity:film] .
  ?movie2 wdt:[property:cast member] ?actor .
  ?movie2 wdt:[property:characters] ?president2 .
  ?president2 wdt:[property:position held] wd:[entity:President of the United States] .

  FILTER(?movie1 != ?movie2)

  SERVICE wikibase:label { bd:serviceParam wikibase:language ""en"". }
}","SELECT ?actor ?actorLabel WHERE {
  ?actor wdt:P31 wd:Q5 .
  ?actor wdt:P27 wd:Q16 .
  ?actor wdt:P106 wd:Q33999 .

  ?president wdt:P39 wd:Q11696 .

  ?movie1 wdt:P31 wd:Q11424 .
  ?movie1 wdt:P161 ?actor .
  ?movie1 wdt:P674 ?president .

  ?movie2 wdt:P31 wd:Q11424 .
  ?movie2 wdt:P161 ?actor .
  ?movie2 wdt:P674 ?president2 .
  ?president2 wdt:P39 wd:Q11696 .

  FILTER(?movie1 != ?movie2)

  SERVICE wikibase:label { bd:serviceParam wikibase:language ""en"". }
}",True,True,True,,0.0
1194,complex,List all newspapers with a recorded place of publication.,"SELECT DISTINCT ?newspaper ?newspaperLabel WHERE {
  ?newspaper wdt:[property:instance of] wd:[entity:newspaper] .
  ?newspaper wdt:[property:place of publication] ?place .
  SERVICE wikibase:label { bd:serviceParam wikibase:language ""en"". }
}","SELECT DISTINCT ?newspaper ?newspaperLabel WHERE {
  ?newspaper wdt:P31 wd:Q11032 .
  ?newspaper wdt:P291 ?place .
  SERVICE wikibase:label { bd:serviceParam wikibase:language ""en"". }
}",True,True,True,,0.6591
2196,complex,What are the screenwriting credits of Donald P. Bellisario?,"SELECT ?work ?workLabel WHERE {
  ?work wdt:[property:screenwriter] wd:[entity:Donald P. Bellisario] .
  SERVICE wikibase:label { bd:serviceParam wikibase:language ""en"". }
}","SELECT ?work ?workLabel WHERE {
  ?work wdt:P58 wd:Q710739 .
  SERVICE wikibase:label { bd:serviceParam wikibase:language ""en"". }
}",True,True,True,,0.5597
1968,complex,List the ancestors of George Washington in reverse order.,"SELECT ?ancestor ?ancestorLabel WHERE {
  wd:[entity:George Washington] wdt:[property:father]* ?ancestor .
  SERVICE wikibase:label { bd:serviceParam wikibase:language ""en"". }
}
ORDER BY DESC(?ancestor)","SELECT ?ancestor ?ancestorLabel WHERE {
  wd:Q23 wdt:P22* ?ancestor .
  SERVICE wikibase:label { bd:serviceParam wikibase:language ""en"". }
}
ORDER BY DESC(?ancestor)",True,True,True,,0.0
1050,complex,List male actors who played the same character in a trilogy of movies when they were young and again decades later.,"SELECT DISTINCT ?actor ?actorLabel ?character ?characterLabel WHERE {
  ?actor wdt:[property:sex or gender] wd:[entity:male] .
  ?actor wdt:[property:occupation] wd:[entity:actor] .

  ?film1 wdt:[property:cast member] ?actor .
  ?film1 p:[property:cast member] ?stmt1 .
  ?stmt1 ps:[property:cast member] ?actor .
  ?stmt1 pq:[property:character role] ?character .
  ?film1 wdt:[property:publication date] ?date1 .

  ?film2 wdt:[property:cast member] ?actor .
  ?film2 p:[property:cast member] ?stmt2 .
  ?stmt2 ps:[property:cast member] ?actor .
  ?stmt2 pq:[property:character role] ?character .
  ?film2 wdt:[property:publication date] ?date2 .

  FILTER(YEAR(?date2) - YEAR(?date1) >= 20)

  SERVICE wikibase:label { bd:serviceParam wikibase:language ""en"". }
}","SELECT DISTINCT ?actor ?actorLabel ?character ?characterLabel WHERE {
  ?actor wdt:P21 wd:Q6581097 .
  ?actor wdt:P106 wd:Q33999 .

  ?film1 wdt:P161 ?actor .
  ?film1 p:P161 ?stmt1 .
  ?stmt1 ps:P161 ?actor .
  ?stmt1 pq:P453 ?character .
  ?film1 wdt:P577 ?date1 .

  ?film2 wdt:P161 ?actor .
  ?film2 p:P161 ?stmt2 .
  ?stmt2 ps:P161 ?actor .
  ?stmt2 pq:P453 ?character .
  ?film2 wdt:P577 ?date2 .

  FILTER(YEAR(?date2) - YEAR(?date1) >= 20)

  SERVICE wikibase:label { bd:serviceParam wikibase:language ""en"". }
}",True,True,True,,0.0
2500,medium,List all successful coups and attempts that took place in Africa.,"SELECT DISTINCT ?coup ?coupLabel WHERE {
  ?coup wdt:[property:instance of] ?type .
  VALUES ?type { wd:[entity:coup d'état] wd:[entity:attempted coup d'état] }
  ?coup wdt:[property:country] ?country .
  ?country wdt:[property:continent] wd:[entity:Africa] .
  SERVICE wikibase:label { bd:serviceParam wikibase:language ""en"". }
}","SELECT DISTINCT ?coup ?coupLabel WHERE {
  ?coup wdt:P31 ?type .
  VALUES ?type { wd:Q45382 wd:Q25906438 }
  ?coup wdt:P17 ?country .
  ?country wdt:P30 wd:Q15 .
  SERVICE wikibase:label { bd:serviceParam wikibase:language ""en"". }
}",True,True,True,,0.5248
1899,medium,List the husbands and wives of German Bundestag members.,"SELECT DISTINCT ?member ?memberLabel ?spouse ?spouseLabel WHERE {
  ?member wdt:[property:position held] wd:[entity:member of the German Bundestag] .
  ?member wdt:[property:spouse] ?spouse .
  SERVICE wikibase:label { bd:serviceParam wikibase:language ""en"". }
}","SELECT DISTINCT ?member ?memberLabel ?spouse ?spouseLabel WHERE {
  ?member wdt:P39 wd:Q1939555 .
  ?member wdt:P26 ?spouse .
  SERVICE wikibase:label { bd:serviceParam wikibase:language ""en"". }
}",True,True,True,,0.0502
962,complex,List the names of trees grown from seeds that went around the Moon.,"SELECT ?tree ?treeLabel WHERE {
  ?tree wdt:[property:instance of] wd:[entity:Moon tree] .
  SERVICE wikibase:label { bd:serviceParam wikibase:language ""en"". }
}","SELECT ?tree ?treeLabel WHERE {
  ?tree wdt:P31 wd:Q6907628 .
  SERVICE wikibase:label { bd:serviceParam wikibase:language ""en"". }
}",True,True,True,,0.0
2007,complex,List movies with the highest percentage of actors who studied at RADA.,"SELECT ?movie ?movieLabel (COUNT(DISTINCT ?radaActor) AS ?radaActors) (COUNT(DISTINCT ?actor) AS ?totalActors) (COUNT(DISTINCT ?radaActor) * 100.0 / COUNT(DISTINCT ?actor) AS ?percentage) WHERE {
  ?movie wdt:[property:instance of] wd:[entity:film] .
  ?movie wdt:[property:cast member] ?actor .
  OPTIONAL {
    ?actor wdt:[property:educated at] wd:[entity:Royal Academy of Dramatic Art] .
    BIND(?actor AS ?radaActor)
  }
  SERVICE wikibase:label { bd:serviceParam wikibase:language ""en"". }
}
GROUP BY ?movie ?movieLabel
HAVING (COUNT(DISTINCT ?radaActor) > 0)
ORDER BY DESC(?percentage)
LIMIT 100","SELECT ?movie ?movieLabel (COUNT(DISTINCT ?radaActor) AS ?radaActors) (COUNT(DISTINCT ?actor) AS ?totalActors) (COUNT(DISTINCT ?radaActor) * 100.0 / COUNT(DISTINCT ?actor) AS ?percentage) WHERE {
  ?movie wdt:P31 wd:Q11424 .
  ?movie wdt:P161 ?actor .
  OPTIONAL {
    ?actor wdt:P69 wd:Q523926 .
    BIND(?actor AS ?radaActor)
  }
  SERVICE wikibase:label { bd:serviceParam wikibase:language ""en"". }
}
GROUP BY ?movie ?movieLabel
HAVING (COUNT(DISTINCT ?radaActor) > 0)
ORDER BY DESC(?percentage)
LIMIT 100",True,True,True,,0.0
857,complex,List all continents in the world.,"SELECT ?continent ?continentLabel WHERE {
  ?continent wdt:[property:instance of] wd:[entity:continent] .
  SERVICE wikibase:label { bd:serviceParam wikibase:language ""en"" . }
}","SELECT ?continent ?continentLabel WHERE {
  ?continent wdt:P31 wd:Q5107 .
  SERVICE wikibase:label { bd:serviceParam wikibase:language ""en"" . }
}",True,True,True,,0.0
1880,complex,What are the COVID-19 cases in different Indian states?,"SELECT ?state ?stateLabel ?cases WHERE {
  ?state wdt:[property:instance of] wd:[entity:state of India] .
  ?state wdt:[property:number of cases] ?cases .
  SERVICE wikibase:label { bd:serviceParam wikibase:language ""en"". }
}","SELECT ?state ?stateLabel ?cases WHERE {
  ?state wdt:P31 wd:Q12443800 .
  ?state wdt:P1603 ?cases .
  SERVICE wikibase:label { bd:serviceParam wikibase:language ""en"". }
}",True,True,True,,0.0
2030,medium,Find research papers on backward contact tracing and list their DOIs.,"SELECT DISTINCT ?paper ?paperLabel ?doi WHERE {
  ?paper wdt:[property:instance of] wd:[entity:scholarly article] .
  ?paper wdt:[property:main subject] wd:[entity:backward contact tracing] .
  ?paper wdt:[property:DOI] ?doi .
  SERVICE wikibase:label { bd:serviceParam wikibase:language ""en"". }
}","SELECT DISTINCT ?paper ?paperLabel ?doi WHERE {
  ?paper wdt:P31 wd:Q13442814 .
  ?paper wdt:P921 wd:Q98969121 .
  ?paper wdt:P356 ?doi .
  SERVICE wikibase:label { bd:serviceParam wikibase:language ""en"". }
}",True,True,True,,0.2618
2435,complex,List all Wikipedia articles about controversies with the most language versions.,"SELECT ?article ?item ?itemLabel (COUNT(?sitelink) AS ?count) WHERE {
  ?item wdt:[property:instance of] wd:[entity:controversy] .
  ?sitelink schema:about ?item .
  ?article schema:about ?item .
  ?article schema:isPartOf ?site .
  FILTER(CONTAINS(STR(?site), ""wikipedia.org""))
  SERVICE wikibase:label { bd:serviceParam wikibase:language ""en"". }
}
GROUP BY ?article ?item ?itemLabel
ORDER BY DESC(?count)","SELECT ?article ?item ?itemLabel (COUNT(?sitelink) AS ?count) WHERE {
  ?item wdt:P31 wd:Q1255828 .
  ?sitelink schema:about ?item .
  ?article schema:about ?item .
  ?article schema:isPartOf ?site .
  FILTER(CONTAINS(STR(?site), ""wikipedia.org""))
  SERVICE wikibase:label { bd:serviceParam wikibase:language ""en"". }
}
GROUP BY ?article ?item ?itemLabel
ORDER BY DESC(?count)",True,True,True,,0.0
80,medium,List all movie titles that contain the word 'it'.,"SELECT DISTINCT ?film ?filmLabel WHERE {
  ?film wdt:[property:instance of] wd:[entity:film] .
  ?film rdfs:label ?filmLabel .
  FILTER(LANG(?filmLabel) = ""en"")
  FILTER(CONTAINS(LCASE(?filmLabel), ""it""))
}","SELECT DISTINCT ?film ?filmLabel WHERE {
  ?film wdt:P31 wd:Q11424 .
  ?film rdfs:label ?filmLabel .
  FILTER(LANG(?filmLabel) = ""en"")
  FILTER(CONTAINS(LCASE(?filmLabel), ""it""))
}",True,True,True,,0.0237
2220,medium,List all the elements in the periodic table along with their discovery dates.,"SELECT ?element ?elementLabel ?discoveryDate WHERE {
  ?element wdt:[property:instance of] wd:[entity:chemical element] .
  OPTIONAL { ?element wdt:[property:time of discovery or invention] ?discoveryDate . }
  SERVICE wikibase:label { bd:serviceParam wikibase:language ""en"". }
}
ORDER BY ?discoveryDate","SELECT ?element ?elementLabel ?discoveryDate WHERE {
  ?element wdt:P31 wd:Q11344 .
  OPTIONAL { ?element wdt:P575 ?discoveryDate . }
  SERVICE wikibase:label { bd:serviceParam wikibase:language ""en"". }
}
ORDER BY ?discoveryDate",True,True,True,,0.0
2669,complex,List all railway stations in the UK with coordinates from English Wikipedia that have different coordinates.,"SELECT DISTINCT ?station ?stationLabel ?coord WHERE {
  ?station wdt:[property:instance of] wd:[entity:railway station] .
  ?station wdt:[property:country] wd:[entity:United Kingdom] .
  ?station wdt:[property:coordinate location] ?coord .
  SERVICE wikibase:label { bd:serviceParam wikibase:language ""en"". }
}","SELECT DISTINCT ?station ?stationLabel ?coord WHERE {
  ?station wdt:P31 wd:Q55488 .
  ?station wdt:P17 wd:Q145 .
  ?station wdt:P625 ?coord .
  SERVICE wikibase:label { bd:serviceParam wikibase:language ""en"". }
}",True,True,True,,0.0
1316,complex,List all time zones that are more than 12 hours ahead or behind UTC.,"SELECT DISTINCT ?timezone ?timezoneLabel ?utcOffset WHERE {
  ?timezone wdt:[property:instance of] wd:[entity:time zone] .
  ?timezone wdt:[property:UTC date] ?utcOffset .
  FILTER(?utcOffset > 12 || ?utcOffset < -12)
  SERVICE wikibase:label { bd:serviceParam wikibase:language ""en"". }
}","SELECT DISTINCT ?timezone ?timezoneLabel ?utcOffset WHERE {
  ?timezone wdt:P31 wd:Q12143 .
  ?timezone wdt:P619 ?utcOffset .
  FILTER(?utcOffset > 12 || ?utcOffset < -12)
  SERVICE wikibase:label { bd:serviceParam wikibase:language ""en"". }
}",True,True,True,,0.0
2647,medium,List all movies directed by Jean-Luc Godard in chronological order.,"SELECT ?movie ?movieLabel ?date WHERE {
  ?movie wdt:[property:instance of] wd:[entity:film] .
  ?movie wdt:[property:director] wd:[entity:Jean-Luc Godard] .
  OPTIONAL { ?movie wdt:[property:publication date] ?date . }
  SERVICE wikibase:label { bd:serviceParam wikibase:language ""en"". }
}
ORDER BY ?date","SELECT ?movie ?movieLabel ?date WHERE {
  ?movie wdt:P31 wd:Q11424 .
  ?movie wdt:P57 wd:Q53001 .
  OPTIONAL { ?movie wdt:P577 ?date . }
  SERVICE wikibase:label { bd:serviceParam wikibase:language ""en"". }
}
ORDER BY ?date",True,True,True,,0.7049
2566,complex,Find the list of candidates running in the next French legislative elections.,"SELECT DISTINCT ?candidate ?candidateLabel WHERE {
  ?candidate wdt:[property:candidacy in election] wd:[entity:next French legislative election] .
  SERVICE wikibase:label { bd:serviceParam wikibase:language ""en"". }
}","SELECT DISTINCT ?candidate ?candidateLabel WHERE {
  ?candidate wdt:P3602 wd:Q130653198 .
  SERVICE wikibase:label { bd:serviceParam wikibase:language ""en"". }
}",True,True,True,,0.0
2443,complex,List authors who have written about specific topics but don't have a designated field of work.,"SELECT DISTINCT ?author ?authorLabel WHERE {
  ?work wdt:[property:author] ?author .
  ?work wdt:[property:main subject] ?topic .
  ?author wdt:[property:instance of] wd:[entity:human] .
  FILTER NOT EXISTS { ?author wdt:[property:field of work] ?field . }
  SERVICE wikibase:label { bd:serviceParam wikibase:language ""en"". }
}
LIMIT 100","SELECT DISTINCT ?author ?authorLabel WHERE {
  ?work wdt:P50 ?author .
  ?work wdt:P921 ?topic .
  ?author wdt:P31 wd:Q5 .
  FILTER NOT EXISTS { ?author wdt:P101 ?field . }
  SERVICE wikibase:label { bd:serviceParam wikibase:language ""en"". }
}
LIMIT 100",True,True,True,,0.0
2337,complex,What percentage of Nobel Prize winners are women?,"SELECT (COUNT(DISTINCT ?woman) AS ?women) (COUNT(DISTINCT ?winner) AS ?total) (100 * COUNT(DISTINCT ?woman) / COUNT(DISTINCT ?winner) AS ?percentage) WHERE {
  ?winner wdt:[property:award received] ?award .
  ?award wdt:[property:part of the series] wd:[entity:Nobel Prize] .
  OPTIONAL {
    ?winner wdt:[property:sex or gender] ?gender .
    FILTER(?gender = wd:[entity:female])
    BIND(?winner AS ?woman)
  }
}","SELECT (COUNT(DISTINCT ?woman) AS ?women) (COUNT(DISTINCT ?winner) AS ?total) (100 * COUNT(DISTINCT ?woman) / COUNT(DISTINCT ?winner) AS ?percentage) WHERE {
  ?winner wdt:P166 ?award .
  ?award wdt:P179 wd:Q7191 .
  OPTIONAL {
    ?winner wdt:P21 ?gender .
    FILTER(?gender = wd:Q6581072)
    BIND(?winner AS ?woman)
  }
}",True,True,True,,0.0
2201,medium,List the most popular years for scholarly articles about multilingualism and bilingualism.,"SELECT ?year (COUNT(?article) AS ?count) WHERE {
  ?article wdt:[property:instance of] wd:[entity:scholarly article] .
  ?article wdt:[property:main subject] ?subject .
  VALUES ?subject { wd:[entity:multilingualism] wd:[entity:bilingualism] }
  ?article wdt:[property:publication date] ?date .
  BIND(YEAR(?date) AS ?year)
}
GROUP BY ?year
ORDER BY DESC(?count)","SELECT ?year (COUNT(?article) AS ?count) WHERE {
  ?article wdt:P31 wd:Q13442814 .
  ?article wdt:P921 ?subject .
  VALUES ?subject { wd:Q30081 wd:Q10779529 }
  ?article wdt:P577 ?date .
  BIND(YEAR(?date) AS ?year)
}
GROUP BY ?year
ORDER BY DESC(?count)",True,True,True,,0.713
1492,complex,List the male saints whose names are used to name at least three French cities.,"SELECT ?saint ?saintLabel (COUNT(DISTINCT ?city) AS ?cityCount) WHERE {
  ?saint wdt:[property:instance of] wd:[entity:human] .
  ?saint wdt:[property:sex or gender] wd:[entity:male] .
  ?saint wdt:[property:religion or worldview] ?religion .
  ?saint wdt:[property:canonization status] ?status .
  ?city wdt:[property:country] wd:[entity:France] .
  ?city wdt:[property:named after] ?saint .
  SERVICE wikibase:label { bd:serviceParam wikibase:language ""en"". }
}
GROUP BY ?saint ?saintLabel
HAVING (COUNT(DISTINCT ?city) >= 3)","SELECT ?saint ?saintLabel (COUNT(DISTINCT ?city) AS ?cityCount) WHERE {
  ?saint wdt:P31 wd:Q5 .
  ?saint wdt:P21 wd:Q6581097 .
  ?saint wdt:P140 ?religion .
  ?saint wdt:P411 ?status .
  ?city wdt:P17 wd:Q142 .
  ?city wdt:P138 ?saint .
  SERVICE wikibase:label { bd:serviceParam wikibase:language ""en"". }
}
GROUP BY ?saint ?saintLabel
HAVING (COUNT(DISTINCT ?city) >= 3)",True,True,True,,0.0648
1068,complex,What languages do people in Austria speak besides German?,"SELECT DISTINCT ?language ?languageLabel WHERE {
  wd:[entity:Austria] wdt:[property:language used] ?language .
  FILTER(?language != wd:[entity:German])
  SERVICE wikibase:label { bd:serviceParam wikibase:language ""en"". }
}","SELECT DISTINCT ?language ?languageLabel WHERE {
  wd:Q40 wdt:P2936 ?language .
  FILTER(?language != wd:Q188)
  SERVICE wikibase:label { bd:serviceParam wikibase:language ""en"". }
}",True,True,True,,0.0014
629,medium,List people who were stateless for a certain period of time.,"SELECT DISTINCT ?person ?personLabel WHERE {
  ?person wdt:[property:country of citizenship] wd:[entity:stateless] .
  SERVICE wikibase:label { bd:serviceParam wikibase:language ""en"". }
}","SELECT DISTINCT ?person ?personLabel WHERE {
  ?person wdt:P27 wd:Q223050 .
  SERVICE wikibase:label { bd:serviceParam wikibase:language ""en"". }
}",True,True,True,,0.0
1301,complex,List countries with populations similar to a given country.,"SELECT ?country ?countryLabel ?population WHERE {
  wd:[entity:France] wdt:[property:population] ?givenPopulation .
  ?country wdt:[property:instance of] wd:[entity:sovereign state] .
  ?country wdt:[property:population] ?population .
  FILTER(?population >= ?givenPopulation * 0.9 && ?population <= ?givenPopulation * 1.1)
  FILTER(?country != wd:[entity:France])
  SERVICE wikibase:label { bd:serviceParam wikibase:language ""en"". }
}
ORDER BY ?population","SELECT ?country ?countryLabel ?population WHERE {
  wd:Q142 wdt:P1082 ?givenPopulation .
  ?country wdt:P31 wd:Q3624078 .
  ?country wdt:P1082 ?population .
  FILTER(?population >= ?givenPopulation * 0.9 && ?population <= ?givenPopulation * 1.1)
  FILTER(?country != wd:Q142)
  SERVICE wikibase:label { bd:serviceParam wikibase:language ""en"". }
}
ORDER BY ?population",True,True,True,,0.0057
1137,complex,List the most populous first-level country subdivisions without a legislative body.,"SELECT ?subdivision ?subdivisionLabel ?population WHERE {
  ?subdivision wdt:[property:instance of] wd:[entity:first-level administrative country subdivision] .
  ?subdivision wdt:[property:population] ?population .
  FILTER NOT EXISTS { ?subdivision wdt:[property:legislative body] ?legislature . }
  SERVICE wikibase:label { bd:serviceParam wikibase:language ""en"". }
}
ORDER BY DESC(?population)
LIMIT 100","SELECT ?subdivision ?subdivisionLabel ?population WHERE {
  ?subdivision wdt:P31 wd:Q10864048 .
  ?subdivision wdt:P1082 ?population .
  FILTER NOT EXISTS { ?subdivision wdt:P194 ?legislature . }
  SERVICE wikibase:label { bd:serviceParam wikibase:language ""en"". }
}
ORDER BY DESC(?population)
LIMIT 100",True,True,True,,0.0
43,medium,List the awards won by female alumni of the University of Edinburgh.,"SELECT DISTINCT ?award ?awardLabel WHERE {
  ?person wdt:[property:educated at] wd:[entity:University of Edinburgh] .
  ?person wdt:[property:sex or gender] wd:[entity:female] .
  ?person wdt:[property:award received] ?award .
  SERVICE wikibase:label { bd:serviceParam wikibase:language ""en"". }
}","SELECT DISTINCT ?award ?awardLabel WHERE {
  ?person wdt:P69 wd:Q160302 .
  ?person wdt:P21 wd:Q6581072 .
  ?person wdt:P166 ?award .
  SERVICE wikibase:label { bd:serviceParam wikibase:language ""en"". }
}",True,True,True,,0.5195
2149,complex,List all episodes of the TV series 'The Mentalist' in order.,"SELECT ?episode ?episodeLabel ?seriesOrdinal WHERE {
  ?episode wdt:[property:part of the series] wd:[entity:The Mentalist] .
  ?episode wdt:[property:instance of] wd:[entity:television series episode] .
  OPTIONAL {
    ?episode p:[property:part of the series] ?statement .
    ?statement ps:[property:part of the series] wd:[entity:The Mentalist] .
    ?statement pq:[property:series ordinal] ?seriesOrdinal .
  }
  SERVICE wikibase:label { bd:serviceParam wikibase:language ""en"". }
}
ORDER BY xsd:integer(?seriesOrdinal)","SELECT ?episode ?episodeLabel ?seriesOrdinal WHERE {
  ?episode wdt:P179 wd:Q204228 .
  ?episode wdt:P31 wd:Q21191270 .
  OPTIONAL {
    ?episode p:P179 ?statement .
    ?statement ps:P179 wd:Q204228 .
    ?statement pq:P1545 ?seriesOrdinal .
  }
  SERVICE wikibase:label { bd:serviceParam wikibase:language ""en"". }
}
ORDER BY xsd:integer(?seriesOrdinal)",True,True,True,,0.6565
1784,complex,List all European countries whose ISO 2-letter code contains a letter not present in their native language name.,"SELECT DISTINCT ?country ?countryLabel ?isoCode WHERE {
  ?country wdt:[property:instance of] wd:[entity:sovereign state] .
  ?country wdt:[property:continent] wd:[entity:Europe] .
  ?country wdt:[property:ISO 3166-1 alpha-2 code] ?isoCode .
  ?country rdfs:label ?nativeName .
  ?country wdt:[property:official language] ?lang .
  ?lang wdt:[property:Wikimedia language code] ?langCode .
  FILTER(LANG(?nativeName) = ?langCode)
  FILTER(
    CONTAINS(UCASE(?nativeName), SUBSTR(?isoCode, 1, 1)) = false ||
    CONTAINS(UCASE(?nativeName), SUBSTR(?isoCode, 2, 1)) = false
  )
  SERVICE wikibase:label { bd:serviceParam wikibase:language ""en"" . }
}","SELECT DISTINCT ?country ?countryLabel ?isoCode WHERE {
  ?country wdt:P31 wd:Q3624078 .
  ?country wdt:P30 wd:Q46 .
  ?country wdt:P297 ?isoCode .
  ?country rdfs:label ?nativeName .
  ?country wdt:P37 ?lang .
  ?lang wdt:P424 ?langCode .
  FILTER(LANG(?nativeName) = ?langCode)
  FILTER(
    CONTAINS(UCASE(?nativeName), SUBSTR(?isoCode, 1, 1)) = false ||
    CONTAINS(UCASE(?nativeName), SUBSTR(?isoCode, 2, 1)) = false
  )
  SERVICE wikibase:label { bd:serviceParam wikibase:language ""en"" . }
}",True,True,True,,0.0
999,complex,List the filming locations of James Bond movies.,"SELECT DISTINCT ?location ?locationLabel WHERE {
  ?film wdt:[property:part of the series] wd:[entity:James Bond].
  ?film wdt:[property:narrative location] ?location.
  SERVICE wikibase:label { bd:serviceParam wikibase:language ""en"". }
}","SELECT DISTINCT ?location ?locationLabel WHERE {
  ?film wdt:P179 wd:Q2484680.
  ?film wdt:P840 ?location.
  SERVICE wikibase:label { bd:serviceParam wikibase:language ""en"". }
}",True,True,True,,0.0648
453,medium,List all entities that received the Commander of the Legion of Honour award without any additional conditions.,"SELECT DISTINCT ?entity ?entityLabel WHERE {
  ?entity wdt:[property:award received] wd:[entity:Commander of the Legion of Honour] .
  SERVICE wikibase:label { bd:serviceParam wikibase:language ""en"". }
}","SELECT DISTINCT ?entity ?entityLabel WHERE {
  ?entity wdt:P166 wd:Q10855212 .
  SERVICE wikibase:label { bd:serviceParam wikibase:language ""en"". }
}",True,True,True,,0.6812
2238,complex,"List the top 30 cities with a female mayor, ranked by population.","SELECT ?city ?cityLabel ?population ?mayor ?mayorLabel WHERE {
  ?city wdt:[property:instance of]/wdt:[property:subclass of]* wd:[entity:city] .
  ?city wdt:[property:head of government] ?mayor .
  ?mayor wdt:[property:sex or gender] wd:[entity:female] .
  ?city wdt:[property:population] ?population .
  SERVICE wikibase:label { bd:serviceParam wikibase:language ""en"". }
}
ORDER BY DESC(?population)
LIMIT 30","SELECT ?city ?cityLabel ?population ?mayor ?mayorLabel WHERE {
  ?city wdt:P31/wdt:P279* wd:Q515 .
  ?city wdt:P6 ?mayor .
  ?mayor wdt:P21 wd:Q6581072 .
  ?city wdt:P1082 ?population .
  SERVICE wikibase:label { bd:serviceParam wikibase:language ""en"". }
}
ORDER BY DESC(?population)
LIMIT 30",True,True,True,,0.1622
1804,complex,List people whose parents died at least a year before they were born.,"SELECT DISTINCT ?person ?personLabel WHERE {
  ?person wdt:[property:date of birth] ?birth .
  { ?person wdt:[property:father] ?parent . }
  UNION
  { ?person wdt:[property:mother] ?parent . }
  ?parent wdt:[property:date of death] ?parentDeath .
  FILTER(?parentDeath <= (?birth - ""P1Y""^^xsd:duration))
  SERVICE wikibase:label { bd:serviceParam wikibase:language ""en"". }
}","SELECT DISTINCT ?person ?personLabel WHERE {
  ?person wdt:P569 ?birth .
  { ?person wdt:P22 ?parent . }
  UNION
  { ?person wdt:P25 ?parent . }
  ?parent wdt:P570 ?parentDeath .
  FILTER(?parentDeath <= (?birth - ""P1Y""^^xsd:duration))
  SERVICE wikibase:label { bd:serviceParam wikibase:language ""en"". }
}",True,True,True,,1.0
371,medium,Find images of famous women like Christine de Pizan and Mary Wollstonecraft.,"SELECT ?person ?personLabel ?image WHERE {
  VALUES ?person { wd:[entity:Christine de Pizan] wd:[entity:Mary Wollstonecraft] }
  ?person wdt:[property:image] ?image.
  SERVICE wikibase:label { bd:serviceParam wikibase:language ""en"". }
}","SELECT ?person ?personLabel ?image WHERE {
  VALUES ?person { wd:Q234816 wd:Q101638 }
  ?person wdt:P18 ?image.
  SERVICE wikibase:label { bd:serviceParam wikibase:language ""en"". }
}",True,True,True,,0.0656
462,medium,How many people were buried in Pere-Lachaise Cemetery each year?,"SELECT ?year (COUNT(?person) AS ?count) WHERE {
  ?person wdt:[property:place of burial] wd:[entity:Père Lachaise Cemetery] .
  ?person wdt:[property:date of death] ?date .
  BIND(YEAR(?date) AS ?year)
}
GROUP BY ?year
ORDER BY ?year","SELECT ?year (COUNT(?person) AS ?count) WHERE {
  ?person wdt:P119 wd:Q311 .
  ?person wdt:P570 ?date .
  BIND(YEAR(?date) AS ?year)
}
GROUP BY ?year
ORDER BY ?year",True,True,True,,0.9636
2069,complex,List all dialects of languages with their corresponding number of lexemes.,"SELECT ?dialect ?dialectLabel (COUNT(?lexeme) AS ?lexemeCount) WHERE {
  ?dialect wdt:[property:instance of] wd:[entity:dialect] .
  OPTIONAL {
    ?lexeme dct:language ?dialect .
  }
  SERVICE wikibase:label { bd:serviceParam wikibase:language ""en"". }
}
GROUP BY ?dialect ?dialectLabel
ORDER BY DESC(?lexemeCount)","SELECT ?dialect ?dialectLabel (COUNT(?lexeme) AS ?lexemeCount) WHERE {
  ?dialect wdt:P31 wd:Q33384 .
  OPTIONAL {
    ?lexeme dct:language ?dialect .
  }
  SERVICE wikibase:label { bd:serviceParam wikibase:language ""en"". }
}
GROUP BY ?dialect ?dialectLabel
ORDER BY DESC(?lexemeCount)",True,True,True,,0.0
2041,medium,List all female chess players with a Wikipedia article in Spanish.,"SELECT DISTINCT ?player ?playerLabel WHERE {
  ?player wdt:[property:instance of] wd:[entity:human] .
  ?player wdt:[property:sex or gender] wd:[entity:female] .
  ?player wdt:[property:sport] wd:[entity:chess] .
  ?article schema:about ?player ;
           schema:isPartOf <https://es.wikipedia.org/> .
  SERVICE wikibase:label { bd:serviceParam wikibase:language ""en"". }
}","SELECT DISTINCT ?player ?playerLabel WHERE {
  ?player wdt:P31 wd:Q5 .
  ?player wdt:P21 wd:Q6581072 .
  ?player wdt:P641 wd:Q718 .
  ?article schema:about ?player ;
           schema:isPartOf <https://es.wikipedia.org/> .
  SERVICE wikibase:label { bd:serviceParam wikibase:language ""en"". }
}",True,True,True,,0.497
766,medium,List all real numbers along with their approximate values.,"SELECT ?number ?numberLabel ?value WHERE {
  ?number wdt:[property:instance of] wd:[entity:real number] .
  OPTIONAL { ?number wdt:[property:numeric value] ?value . }
  SERVICE wikibase:label { bd:serviceParam wikibase:language ""en"". }
}","SELECT ?number ?numberLabel ?value WHERE {
  ?number wdt:P31 wd:Q12916 .
  OPTIONAL { ?number wdt:P1181 ?value . }
  SERVICE wikibase:label { bd:serviceParam wikibase:language ""en"". }
}",True,True,True,,0.4881
2226,complex,List the heads of state or government who died in battle.,"SELECT DISTINCT ?person ?personLabel WHERE {
  ?person wdt:[property:position held] ?position .
  ?position wdt:[property:subclass of]* ?class .
  VALUES ?class { wd:[entity:head of state] wd:[entity:head of government] }
  ?person wdt:[property:manner of death] wd:[entity:killed in action] .
  SERVICE wikibase:label { bd:serviceParam wikibase:language ""en"". }
}","SELECT DISTINCT ?person ?personLabel WHERE {
  ?person wdt:P39 ?position .
  ?position wdt:P279* ?class .
  VALUES ?class { wd:Q48352 wd:Q2285706 }
  ?person wdt:P1196 wd:Q210392 .
  SERVICE wikibase:label { bd:serviceParam wikibase:language ""en"". }
}",True,True,True,,1.0
2326,complex,"List women whose husbands are economists with Wikipedia articles, but they themselves don't have one.","SELECT DISTINCT ?woman ?womanLabel WHERE {
  ?woman wdt:[property:sex or gender] wd:[entity:female] .
  ?woman wdt:[property:spouse] ?husband .
  ?husband wdt:[property:sex or gender] wd:[entity:male] .
  ?husband wdt:[property:occupation] wd:[entity:economist] .
  ?husbandArticle schema:about ?husband ;
                  schema:isPartOf <https://en.wikipedia.org/> .
  FILTER NOT EXISTS {
    ?womanArticle schema:about ?woman ;
                  schema:isPartOf <https://en.wikipedia.org/> .
  }
  SERVICE wikibase:label { bd:serviceParam wikibase:language ""en"". }
}","SELECT DISTINCT ?woman ?womanLabel WHERE {
  ?woman wdt:P21 wd:Q6581072 .
  ?woman wdt:P26 ?husband .
  ?husband wdt:P21 wd:Q6581097 .
  ?husband wdt:P106 wd:Q188094 .
  ?husbandArticle schema:about ?husband ;
                  schema:isPartOf <https://en.wikipedia.org/> .
  FILTER NOT EXISTS {
    ?womanArticle schema:about ?woman ;
                  schema:isPartOf <https://en.wikipedia.org/> .
  }
  SERVICE wikibase:label { bd:serviceParam wikibase:language ""en"". }
}",True,True,True,,0.0
2371,complex,What are the accepted NFDI consortia and their fields of work?,"SELECT ?consortium ?consortiumLabel ?field ?fieldLabel WHERE {
  ?consortium wdt:[property:part of] wd:[entity:National Research Data Infrastructure] .
  OPTIONAL { ?consortium wdt:[property:field of work] ?field . }
  SERVICE wikibase:label { bd:serviceParam wikibase:language ""en"". }
}","SELECT ?consortium ?consortiumLabel ?field ?fieldLabel WHERE {
  ?consortium wdt:P361 wd:Q96678466 .
  OPTIONAL { ?consortium wdt:P101 ?field . }
  SERVICE wikibase:label { bd:serviceParam wikibase:language ""en"". }
}",True,True,True,,0.0
2718,complex,List the literary awards with their gender balance of winners.,"SELECT ?award ?awardLabel (COUNT(DISTINCT ?male) AS ?maleWinners) (COUNT(DISTINCT ?female) AS ?femaleWinners) WHERE {
  ?award wdt:[property:instance of] wd:[entity:literary award] .
  OPTIONAL {
    ?male wdt:[property:award received] ?award .
    ?male wdt:[property:sex or gender] wd:[entity:male] .
  }
  OPTIONAL {
    ?female wdt:[property:award received] ?award .
    ?female wdt:[property:sex or gender] wd:[entity:female] .
  }
  SERVICE wikibase:label { bd:serviceParam wikibase:language ""en"". }
}
GROUP BY ?award ?awardLabel","SELECT ?award ?awardLabel (COUNT(DISTINCT ?male) AS ?maleWinners) (COUNT(DISTINCT ?female) AS ?femaleWinners) WHERE {
  ?award wdt:P31 wd:Q378427 .
  OPTIONAL {
    ?male wdt:P166 ?award .
    ?male wdt:P21 wd:Q6581097 .
  }
  OPTIONAL {
    ?female wdt:P166 ?award .
    ?female wdt:P21 wd:Q6581072 .
  }
  SERVICE wikibase:label { bd:serviceParam wikibase:language ""en"". }
}
GROUP BY ?award ?awardLabel",True,True,True,,0.0378
1911,complex,List researchers with Native American ancestry.,"SELECT DISTINCT ?researcher ?researcherLabel WHERE {
  ?researcher wdt:[property:occupation] wd:[entity:researcher] .
  ?researcher wdt:[property:ethnic group] ?ethnicity .
  ?ethnicity wdt:[property:subclass of]* wd:[entity:Native Americans in the United States] .
  SERVICE wikibase:label { bd:serviceParam wikibase:language ""en"". }
}","SELECT DISTINCT ?researcher ?researcherLabel WHERE {
  ?researcher wdt:P106 wd:Q1650915 .
  ?researcher wdt:P172 ?ethnicity .
  ?ethnicity wdt:P279* wd:Q49297 .
  SERVICE wikibase:label { bd:serviceParam wikibase:language ""en"". }
}",True,True,True,,0.0
683,medium,What sculptures did Max Bill create?,"SELECT ?sculpture ?sculptureLabel WHERE {
  ?sculpture wdt:[property:instance of] wd:[entity:sculpture] .
  ?sculpture wdt:[property:creator] wd:[entity:Max Bill] .
  SERVICE wikibase:label { bd:serviceParam wikibase:language ""en"". }
}","SELECT ?sculpture ?sculptureLabel WHERE {
  ?sculpture wdt:P31 wd:Q860861 .
  ?sculpture wdt:P170 wd:Q123454 .
  SERVICE wikibase:label { bd:serviceParam wikibase:language ""en"". }
}",True,True,True,,0.2596
982,medium,List all deities along with their family members.,"SELECT ?deity ?deityLabel ?relative ?relativeLabel WHERE {
  ?deity wdt:[property:instance of] wd:[entity:deity] .
  ?deity wdt:[property:relative] ?relative .
  SERVICE wikibase:label { bd:serviceParam wikibase:language ""en"". }
}","SELECT ?deity ?deityLabel ?relative ?relativeLabel WHERE {
  ?deity wdt:P31 wd:Q178885 .
  ?deity wdt:P1038 ?relative .
  SERVICE wikibase:label { bd:serviceParam wikibase:language ""en"". }
}",True,True,True,,0.0013
1547,complex,What is the average distance between a museum in France and the birthplace of its hosted artists?,"SELECT (AVG(?distance) AS ?avgDistance) WHERE {
  ?museum wdt:[property:instance of] wd:[entity:museum] .
  ?museum wdt:[property:country] wd:[entity:France] .
  ?museum wdt:[property:coordinate location] ?museumCoord .

  ?artwork wdt:[property:collection] ?museum .
  ?artwork wdt:[property:creator] ?artist .
  ?artist wdt:[property:place of birth] ?birthplace .
  ?birthplace wdt:[property:coordinate location] ?birthCoord .

  BIND(geof:distance(?museumCoord, ?birthCoord) AS ?distance)
}","SELECT (AVG(?distance) AS ?avgDistance) WHERE {
  ?museum wdt:P31 wd:Q33506 .
  ?museum wdt:P17 wd:Q142 .
  ?museum wdt:P625 ?museumCoord .

  ?artwork wdt:P195 ?museum .
  ?artwork wdt:P170 ?artist .
  ?artist wdt:P19 ?birthplace .
  ?birthplace wdt:P625 ?birthCoord .

  BIND(geof:distance(?museumCoord, ?birthCoord) AS ?distance)
}",True,True,False,http_400,0.0
2705,simple,List politicians who have Mastodon accounts.,,,False,False,False,no_query,0.0
1297,complex,What are the different flags used in Afghanistan?,"SELECT ?flag ?flagLabel WHERE {
  wd:[entity:Afghanistan] wdt:[property:flag] ?flag .
  SERVICE wikibase:label { bd:serviceParam wikibase:language ""en"". }
}","SELECT ?flag ?flagLabel WHERE {
  wd:Q889 wdt:P163 ?flag .
  SERVICE wikibase:label { bd:serviceParam wikibase:language ""en"". }
}",True,True,True,,0.0
1802,complex,List lakes that are located in at least three countries.,"SELECT ?lake ?lakeLabel (COUNT(DISTINCT ?country) AS ?countryCount) WHERE {
  ?lake wdt:[property:instance of] wd:[entity:lake] .
  ?lake wdt:[property:country] ?country .
  SERVICE wikibase:label { bd:serviceParam wikibase:language ""en"". }
}
GROUP BY ?lake ?lakeLabel
HAVING (COUNT(DISTINCT ?country) >= 3)","SELECT ?lake ?lakeLabel (COUNT(DISTINCT ?country) AS ?countryCount) WHERE {
  ?lake wdt:P31 wd:Q23397 .
  ?lake wdt:P17 ?country .
  SERVICE wikibase:label { bd:serviceParam wikibase:language ""en"". }
}
GROUP BY ?lake ?lakeLabel
HAVING (COUNT(DISTINCT ?country) >= 3)",True,True,True,,0.9068
370,medium,"Find Wikipedia articles about famous women in French, German, Spanish, and Japanese languages.","SELECT ?person ?personLabel ?articleFr ?articleDe ?articleEs ?articleJa WHERE {
  ?person wdt:[property:instance of] wd:[entity:human] .
  ?person wdt:[property:sex or gender] wd:[entity:female] .

  ?articleFr schema:about ?person ;
             schema:isPartOf <https://fr.wikipedia.org/> .
  ?articleDe schema:about ?person ;
             schema:isPartOf <https://de.wikipedia.org/> .
  ?articleEs schema:about ?person ;
             schema:isPartOf <https://es.wikipedia.org/> .
  ?articleJa schema:about ?person ;
             schema:isPartOf <https://ja.wikipedia.org/> .

  SERVICE wikibase:label { bd:serviceParam wikibase:language ""en"". }
}
LIMIT 100","SELECT ?person ?personLabel ?articleFr ?articleDe ?articleEs ?articleJa WHERE {
  ?person wdt:P31 wd:Q5 .
  ?person wdt:P21 wd:Q6581072 .

  ?articleFr schema:about ?person ;
             schema:isPartOf <https://fr.wikipedia.org/> .
  ?articleDe schema:about ?person ;
             schema:isPartOf <https://de.wikipedia.org/> .
  ?articleEs schema:about ?person ;
             schema:isPartOf <https://es.wikipedia.org/> .
  ?articleJa schema:about ?person ;
             schema:isPartOf <https://ja.wikipedia.org/> .

  SERVICE wikibase:label { bd:serviceParam wikibase:language ""en"". }
}
LIMIT 100",True,True,True,,0.0068
868,medium,List all suicide attacks with their locations and number of injured people.,"SELECT ?attack ?attackLabel ?location ?locationLabel ?injured WHERE {
  ?attack wdt:[property:instance of] wd:[entity:suicide attack].
  OPTIONAL { ?attack wdt:[property:location] ?location. }
  OPTIONAL { ?attack wdt:[property:number of injured] ?injured. }
  SERVICE wikibase:label { bd:serviceParam wikibase:language ""en"". }
}","SELECT ?attack ?attackLabel ?location ?locationLabel ?injured WHERE {
  ?attack wdt:P31 wd:Q217327.
  OPTIONAL { ?attack wdt:P276 ?location. }
  OPTIONAL { ?attack wdt:P1339 ?injured. }
  SERVICE wikibase:label { bd:serviceParam wikibase:language ""en"". }
}",True,True,True,,0.0
1368,medium,List all Japanese folklore creatures with their images.,"SELECT DISTINCT ?creature ?creatureLabel ?image WHERE {
  ?creature wdt:[property:instance of]/wdt:[property:subclass of]* wd:[entity:Japanese folklore creature] .
  OPTIONAL { ?creature wdt:[property:image] ?image . }
  SERVICE wikibase:label { bd:serviceParam wikibase:language ""en"". }
}","SELECT DISTINCT ?creature ?creatureLabel ?image WHERE {
  ?creature wdt:P31/wdt:P279* wd:[entity:Japanese folklore creature] .
  OPTIONAL { ?creature wdt:P18 ?image . }
  SERVICE wikibase:label { bd:serviceParam wikibase:language ""en"". }
}",True,False,False,no_query,0.0
2513,medium,List countries that share a border with Russia and their population.,"SELECT ?country ?countryLabel ?population WHERE {
  ?country wdt:[property:instance of] wd:[entity:country] .
  ?country wdt:[property:shares border with] wd:[entity:Russia] .
  OPTIONAL { ?country wdt:[property:population] ?population . }
  SERVICE wikibase:label { bd:serviceParam wikibase:language ""en"" . }
}","SELECT ?country ?countryLabel ?population WHERE {
  ?country wdt:P31 wd:Q6256 .
  ?country wdt:P47 wd:Q159 .
  OPTIONAL { ?country wdt:P1082 ?population . }
  SERVICE wikibase:label { bd:serviceParam wikibase:language ""en"" . }
}",True,True,True,,1.0
2088,complex,List all French departments that have a higher population than their neighboring departments.,"SELECT ?department ?departmentLabel ?population WHERE {
  ?department wdt:[property:instance of] wd:[entity:department of France] .
  ?department wdt:[property:population] ?population .
  FILTER NOT EXISTS {
    ?department wdt:[property:shares border with] ?neighbor .
    ?neighbor wdt:[property:instance of] wd:[entity:department of France] .
    ?neighbor wdt:[property:population] ?neighborPopulation .
    FILTER(?neighborPopulation >= ?population)
  }
  SERVICE wikibase:label { bd:serviceParam wikibase:language ""en,fr"". }
}","SELECT ?department ?departmentLabel ?population WHERE {
  ?department wdt:P31 wd:Q6465 .
  ?department wdt:P1082 ?population .
  FILTER NOT EXISTS {
    ?department wdt:P47 ?neighbor .
    ?neighbor wdt:P31 wd:Q6465 .
    ?neighbor wdt:P1082 ?neighborPopulation .
    FILTER(?neighborPopulation >= ?population)
  }
  SERVICE wikibase:label { bd:serviceParam wikibase:language ""en,fr"". }
}",True,True,True,,0.3254
634,complex,"List all events that occurred on a specific date, May 11th, 2001.","SELECT ?event ?eventLabel WHERE {
  ?event wdt:[property:point in time] ?date .
  FILTER(YEAR(?date) = 2001 && MONTH(?date) = 5 && DAY(?date) = 11)
  SERVICE wikibase:label { bd:serviceParam wikibase:language ""en"". }
}","SELECT ?event ?eventLabel WHERE {
  ?event wdt:P585 ?date .
  FILTER(YEAR(?date) = 2001 && MONTH(?date) = 5 && DAY(?date) = 11)
  SERVICE wikibase:label { bd:serviceParam wikibase:language ""en"". }
}",True,True,True,,0.0
807,complex,What are the most common jobs without a label in my language?,"SELECT ?occupation (COUNT(?person) AS ?count) WHERE {
  ?person wdt:[property:occupation] ?occupation .
  FILTER NOT EXISTS {
    ?occupation rdfs:label ?label .
    FILTER(LANG(?label) = ""en"")
  }
}
GROUP BY ?occupation
ORDER BY DESC(?count)
LIMIT 100","SELECT ?occupation (COUNT(?person) AS ?count) WHERE {
  ?person wdt:P106 ?occupation .
  FILTER NOT EXISTS {
    ?occupation rdfs:label ?label .
    FILTER(LANG(?label) = ""en"")
  }
}
GROUP BY ?occupation
ORDER BY DESC(?count)
LIMIT 100",True,True,True,,0.0
1786,complex,List all GLAM institutions in Wales along with their coordinates and types.,"SELECT ?institution ?institutionLabel ?typeLabel ?coordinates WHERE {
  ?institution wdt:[property:country] wd:[entity:United Kingdom] .
  ?institution wdt:[property:located in the administrative territorial entity]* wd:[entity:Wales] .
  ?institution wdt:[property:instance of] ?type .
  ?type wdt:[property:subclass of]* wd:[entity:GLAM] .
  OPTIONAL { ?institution wdt:[property:coordinate location] ?coordinates . }
  SERVICE wikibase:label { bd:serviceParam wikibase:language ""en"". }
}","SELECT ?institution ?institutionLabel ?typeLabel ?coordinates WHERE {
  ?institution wdt:P17 wd:Q145 .
  ?institution wdt:P131* wd:Q25 .
  ?institution wdt:P31 ?type .
  ?type wdt:P279* wd:Q1030034 .
  OPTIONAL { ?institution wdt:P625 ?coordinates . }
  SERVICE wikibase:label { bd:serviceParam wikibase:language ""en"". }
}",True,True,True,,0.0
75,medium,List all poems with their authors and online sources.,"SELECT ?poem ?poemLabel ?author ?authorLabel ?source WHERE {
  ?poem wdt:[property:instance of] wd:[entity:poem] .
  OPTIONAL { ?poem wdt:[property:author] ?author . }
  OPTIONAL { ?poem wdt:[property:full work available at URL] ?source . }
  SERVICE wikibase:label { bd:serviceParam wikibase:language ""en"". }
}","SELECT ?poem ?poemLabel ?author ?authorLabel ?source WHERE {
  ?poem wdt:P31 wd:Q5185279 .
  OPTIONAL { ?poem wdt:P50 ?author . }
  OPTIONAL { ?poem wdt:[property:full work available at URL] ?source . }
  SERVICE wikibase:label { bd:serviceParam wikibase:language ""en"". }
}",True,False,False,no_query,0.0
1098,medium,List all artificial satellites with their launch dates and images.,"SELECT ?satellite ?satelliteLabel ?launchDate ?image WHERE {
  ?satellite wdt:[property:instance of] wd:[entity:artificial satellite] .
  OPTIONAL { ?satellite wdt:[property:launch date] ?launchDate . }
  OPTIONAL { ?satellite wdt:[property:image] ?image . }
  SERVICE wikibase:label { bd:serviceParam wikibase:language ""en"". }
}","SELECT ?satellite ?satelliteLabel ?launchDate ?image WHERE {
  ?satellite wdt:P31 wd:Q26540 .
  OPTIONAL { ?satellite wdt:P619 ?launchDate . }
  OPTIONAL { ?satellite wdt:P18 ?image . }
  SERVICE wikibase:label { bd:serviceParam wikibase:language ""en"". }
}",True,True,True,,0.0841
1818,complex,List the names of programming languages along with their creation years and images of their inventors.,"SELECT ?languageLabel ?year ?inventorImage WHERE {
  ?language wdt:[property:instance of] wd:[entity:programming language] .
  OPTIONAL {
    ?language wdt:[property:inception] ?inception .
    BIND(YEAR(?inception) AS ?year)
  }
  OPTIONAL {
    ?language wdt:[property:designed by] ?inventor .
    ?inventor wdt:[property:image] ?inventorImage .
  }
  SERVICE wikibase:label { bd:serviceParam wikibase:language ""en"". }
}","SELECT ?languageLabel ?year ?inventorImage WHERE {
  ?language wdt:P31 wd:Q9143 .
  OPTIONAL {
    ?language wdt:P571 ?inception .
    BIND(YEAR(?inception) AS ?year)
  }
  OPTIONAL {
    ?language wdt:P287 ?inventor .
    ?inventor wdt:P18 ?inventorImage .
  }
  SERVICE wikibase:label { bd:serviceParam wikibase:language ""en"". }
}",True,True,True,,0.0748
1607,medium,Find artworks created by Invader in Versailles.,"SELECT ?artwork ?artworkLabel WHERE {
  ?artwork wdt:[property:creator] wd:[entity:Invader] .
  ?artwork wdt:[property:location] wd:[entity:Versailles] .
  SERVICE wikibase:label { bd:serviceParam wikibase:language ""en"". }
}","SELECT ?artwork ?artworkLabel WHERE {
  ?artwork wdt:P170 wd:Q1671666 .
  ?artwork wdt:P276 wd:Q621 .
  SERVICE wikibase:label { bd:serviceParam wikibase:language ""en"". }
}",True,True,True,,0.0
1703,complex,List the oldest enterprises that have ceased operations recently.,"SELECT ?enterprise ?enterpriseLabel ?inception ?dissolution WHERE {
  ?enterprise wdt:[property:instance of] wd:[entity:enterprise] .
  ?enterprise wdt:[property:inception] ?inception .
  ?enterprise wdt:[property:dissolved, abolished or demolished date] ?dissolution .
  FILTER(?dissolution >= ""2020-01-01T00:00:00Z""^^xsd:dateTime)
  SERVICE wikibase:label { bd:serviceParam wikibase:language ""en"". }
}
ORDER BY ASC(?inception)
LIMIT 20","SELECT ?enterprise ?enterpriseLabel ?inception ?dissolution WHERE {
  ?enterprise wdt:P31 wd:Q6881511 .
  ?enterprise wdt:P571 ?inception .
  ?enterprise wdt:P576 ?dissolution .
  FILTER(?dissolution >= ""2020-01-01T00:00:00Z""^^xsd:dateTime)
  SERVICE wikibase:label { bd:serviceParam wikibase:language ""en"". }
}
ORDER BY ASC(?inception)
LIMIT 20",True,True,True,,0.0
1257,complex,Find the nearest fountains to a specific location in Zurich.,"SELECT ?fountain ?fountainLabel ?location ?dist WHERE {
  # A specific location in Zurich (e.g. Zurich main station)
  wd:[entity:Zürich Hauptbahnhof] wdt:[property:coordinate location] ?center .

  ?fountain wdt:[property:instance of] wd:[entity:fountain] ;
            wdt:[property:coordinate location] ?location .

  # Restrict to fountains located in Zurich
  ?fountain wdt:[property:located in the administrative territorial entity] wd:[entity:Zürich] .

  BIND(geof:distance(?center, ?location) AS ?dist)

  SERVICE wikibase:label { bd:serviceParam wikibase:language ""en"". }
}
ORDER BY ?dist
LIMIT 10","SELECT ?fountain ?fountainLabel ?location ?dist WHERE {
  # A specific location in Zurich (e.g. Zurich main station)
  wd:Q224494 wdt:P625 ?center .

  ?fountain wdt:P31 wd:Q483453 ;
            wdt:P625 ?location .

  # Restrict to fountains located in Zurich
  ?fountain wdt:P131 wd:Q72 .

  BIND(geof:distance(?center, ?location) AS ?dist)

  SERVICE wikibase:label { bd:serviceParam wikibase:language ""en"". }
}
ORDER BY ?dist
LIMIT 10",True,True,False,http_400,0.0
270,medium,"Find items described on an Oxford University webpage but not part of Ashmolean Museum, Bodleian Library, Pitt Rivers Museum, History of Science Museum, or Sherardian Library of Plant Taxonomy collections.","SELECT DISTINCT ?item ?itemLabel WHERE {
  ?item wdt:[property:described at URL] ?url .
  FILTER(CONTAINS(STR(?url), ""ox.ac.uk""))
  MINUS {
    ?item wdt:[property:collection] ?collection .
    VALUES ?collection {
      wd:[entity:Ashmolean Museum]
      wd:[entity:Bodleian Library]
      wd:[entity:Pitt Rivers Museum]
      wd:[entity:History of Science Museum]
      wd:[entity:Sherardian Library of Plant Taxonomy]
    }
  }
  SERVICE wikibase:label { bd:serviceParam wikibase:language ""en"". }
}","SELECT DISTINCT ?item ?itemLabel WHERE {
  ?item wdt:P973 ?url .
  FILTER(CONTAINS(STR(?url), ""ox.ac.uk""))
  MINUS {
    ?item wdt:P195 ?collection .
    VALUES ?collection {
      wd:Q636400
      wd:Q82133
      wd:Q1456119
      wd:Q6941088
      wd:Q52556635
    }
  }
  SERVICE wikibase:label { bd:serviceParam wikibase:language ""en"". }
}",True,True,True,,0.0044
935,medium,List all medications used to treat infectious diseases.,"SELECT DISTINCT ?medication ?medicationLabel WHERE {
  ?disease wdt:[property:instance of]/wdt:[property:subclass of]* wd:[entity:infectious disease] .
  ?medication wdt:[property:medical condition treated] ?disease .
  SERVICE wikibase:label { bd:serviceParam wikibase:language ""en"". }
}","SELECT DISTINCT ?medication ?medicationLabel WHERE {
  ?disease wdt:P31/wdt:P279* wd:Q18123741 .
  ?medication wdt:P2175 ?disease .
  SERVICE wikibase:label { bd:serviceParam wikibase:language ""en"". }
}",True,True,True,,0.2843
791,simple,List all phrases.,"SELECT ?phrase ?phraseLabel WHERE {
  ?phrase wdt:[property:instance of] wd:[entity:phrase] .
  SERVICE wikibase:label { bd:serviceParam wikibase:language ""en"". }
}","SELECT ?phrase ?phraseLabel WHERE {
  ?phrase wdt:P31 wd:Q187931 .
  SERVICE wikibase:label { bd:serviceParam wikibase:language ""en"". }
}",True,True,True,,1.0
2319,medium,List all biological taxa named after metal music bands.,"SELECT DISTINCT ?taxon ?taxonLabel ?band ?bandLabel WHERE {
  ?taxon wdt:[property:instance of] wd:[entity:taxon] .
  ?taxon wdt:[property:named after] ?band .
  ?band wdt:[property:instance of] wd:[entity:musical group] .
  ?band wdt:[property:genre] ?genre .
  ?genre wdt:[property:subclass of]* wd:[entity:heavy metal] .
  SERVICE wikibase:label { bd:serviceParam wikibase:language ""en"". }
}","SELECT DISTINCT ?taxon ?taxonLabel ?band ?bandLabel WHERE {
  ?taxon wdt:P31 wd:Q16521 .
  ?taxon wdt:P138 ?band .
  ?band wdt:P31 wd:Q215380 .
  ?band wdt:P136 ?genre .
  ?genre wdt:P279* wd:Q38848 .
  SERVICE wikibase:label { bd:serviceParam wikibase:language ""en"". }
}",True,True,True,,0.1224
1404,simple,List all works of art created using Maya software.,"SELECT DISTINCT ?work ?workLabel WHERE {
  ?work wdt:[property:made from material] wd:[entity:Autodesk Maya] .
  SERVICE wikibase:label { bd:serviceParam wikibase:language ""en"". }
}

Note: The more appropriate property here is likely ""software used"":

SELECT DISTINCT ?work ?workLabel WHERE {
  ?work wdt:[property:software engine] wd:[entity:Autodesk Maya] .
  SERVICE wikibase:label { bd:serviceParam wikibase:language ""en"". }
}","SELECT DISTINCT ?work ?workLabel WHERE {
  ?work wdt:P186 wd:Q272597 .
  SERVICE wikibase:label { bd:serviceParam wikibase:language ""en"". }
}

Note: The more appropriate property here is likely ""software used"":

SELECT DISTINCT ?work ?workLabel WHERE {
  ?work wdt:P408 wd:Q272597 .
  SERVICE wikibase:label { bd:serviceParam wikibase:language ""en"". }
}",True,True,False,http_400,0.0
1007,medium,List French deputies who died while in office.,"SELECT DISTINCT ?deputy ?deputyLabel WHERE {
  ?deputy wdt:[property:instance of] wd:[entity:human] ;
          p:[property:position held] ?statement .
  ?statement ps:[property:position held] wd:[entity:member of the French National Assembly] ;
             pq:[property:end cause] wd:[entity:death in office] .
  SERVICE wikibase:label { bd:serviceParam wikibase:language ""en,fr"". }
}","SELECT DISTINCT ?deputy ?deputyLabel WHERE {
  ?deputy wdt:P31 wd:Q5 ;
          p:P39 ?statement .
  ?statement ps:P39 wd:Q3044918 ;
             pq:P1534 wd:Q5247364 .
  SERVICE wikibase:label { bd:serviceParam wikibase:language ""en,fr"". }
}",True,True,True,,0.1557
2444,complex,List all compound first names that start with 'John' and their frequency of use on Wikidata.,"SELECT ?name ?nameLabel (COUNT(?person) AS ?count) WHERE {
  ?name wdt:[property:instance of] wd:[entity:compound given name] .
  ?name wdt:[property:said to be the same as] wd:[entity:John] .
  ?person wdt:[property:given name] ?name .
  SERVICE wikibase:label { bd:serviceParam wikibase:language ""en"". }
}
GROUP BY ?name ?nameLabel
ORDER BY DESC(?count)","SELECT ?name ?nameLabel (COUNT(?person) AS ?count) WHERE {
  ?name wdt:P31 wd:Q122068532 .
  ?name wdt:P460 wd:Q4925477 .
  ?person wdt:P735 ?name .
  SERVICE wikibase:label { bd:serviceParam wikibase:language ""en"". }
}
GROUP BY ?name ?nameLabel
ORDER BY DESC(?count)",True,True,True,,0.0
2619,medium,List species named after places in Espirito Santo state.,"SELECT DISTINCT ?species ?speciesLabel WHERE {
  ?species wdt:[property:instance of] wd:[entity:taxon] .
  ?species wdt:[property:named after] ?place .
  ?place wdt:[property:located in the administrative territorial entity]* wd:[entity:Espírito Santo] .
  SERVICE wikibase:label { bd:serviceParam wikibase:language ""en"". }
}","SELECT DISTINCT ?species ?speciesLabel WHERE {
  ?species wdt:P31 wd:Q16521 .
  ?species wdt:P138 ?place .
  ?place wdt:P131* wd:Q43233 .
  SERVICE wikibase:label { bd:serviceParam wikibase:language ""en"". }
}",True,True,True,,0.4643
215,complex,List famous painters who died before 1800.,,,False,False,False,no_query,0.0
2635,medium,List all the burial locations at Pere Lachaise Cemetery in Paris.,"SELECT DISTINCT ?person ?personLabel WHERE {
  ?person wdt:[property:place of burial] wd:[entity:Père Lachaise Cemetery] .
  SERVICE wikibase:label { bd:serviceParam wikibase:language ""en"". }
}","SELECT DISTINCT ?person ?personLabel WHERE {
  ?person wdt:P119 wd:Q311 .
  SERVICE wikibase:label { bd:serviceParam wikibase:language ""en"". }
}",True,True,True,,0.1286
2711,complex,List the top servers with the most annotations according to Wikidata.,"SELECT ?server ?serverLabel (COUNT(?annotation) AS ?count) WHERE {
  ?annotation wdt:[property:instance of] wd:[entity:annotation] .
  ?annotation wdt:[property:host] ?server .
  SERVICE wikibase:label { bd:serviceParam wikibase:language ""en"". }
}
GROUP BY ?server ?serverLabel
ORDER BY DESC(?count)
LIMIT 10","SELECT ?server ?serverLabel (COUNT(?annotation) AS ?count) WHERE {
  ?annotation wdt:P31 wd:Q857525 .
  ?annotation wdt:P2975 ?server .
  SERVICE wikibase:label { bd:serviceParam wikibase:language ""en"". }
}
GROUP BY ?server ?serverLabel
ORDER BY DESC(?count)
LIMIT 10",True,True,True,,0.0
2759,complex,List people connected to the University of Leeds.,"SELECT DISTINCT ?person ?personLabel WHERE {
  {
    ?person wdt:[property:educated at] wd:[entity:University of Leeds] .
  } UNION {
    ?person wdt:[property:employer] wd:[entity:University of Leeds] .
  }
  ?person wdt:[property:instance of] wd:[entity:human] .
  SERVICE wikibase:label { bd:serviceParam wikibase:language ""en"" . }
}","SELECT DISTINCT ?person ?personLabel WHERE {
  {
    ?person wdt:P69 wd:Q503424 .
  } UNION {
    ?person wdt:P108 wd:Q503424 .
  }
  ?person wdt:P31 wd:Q5 .
  SERVICE wikibase:label { bd:serviceParam wikibase:language ""en"" . }
}",True,True,True,,0.0
758,simple,List the names of Albert Einstein and Johann Sebastian Bach along with their mothers' names.,"SELECT ?person ?personLabel ?motherLabel WHERE {
  VALUES ?person { wd:[entity:Albert Einstein] wd:[entity:Johann Sebastian Bach] }
  ?person wdt:[property:mother] ?mother .
  SERVICE wikibase:label { bd:serviceParam wikibase:language ""en"". }
}","SELECT ?person ?personLabel ?motherLabel WHERE {
  VALUES ?person { wd:Q937 wd:Q1339 }
  ?person wdt:P25 ?mother .
  SERVICE wikibase:label { bd:serviceParam wikibase:language ""en"". }
}",True,True,True,,0.5
993,complex,List all current US Supreme Court justices along with their date of birth.,"SELECT ?justice ?justiceLabel ?dateOfBirth WHERE {
  ?justice wdt:[property:position held] wd:[entity:Justice of the Supreme Court of the United States] .
  ?justice p:[property:position held] ?statement .
  ?statement ps:[property:position held] wd:[entity:Justice of the Supreme Court of the United States] .
  FILTER NOT EXISTS { ?statement pq:[property:end time] ?endTime . }
  OPTIONAL { ?justice wdt:[property:date of birth] ?dateOfBirth . }
  SERVICE wikibase:label { bd:serviceParam wikibase:language ""en"". }
}","SELECT ?justice ?justiceLabel ?dateOfBirth WHERE {
  ?justice wdt:P39 wd:Q20706330 .
  ?justice p:P39 ?statement .
  ?statement ps:P39 wd:Q20706330 .
  FILTER NOT EXISTS { ?statement pq:P582 ?endTime . }
  OPTIONAL { ?justice wdt:P569 ?dateOfBirth . }
  SERVICE wikibase:label { bd:serviceParam wikibase:language ""en"". }
}",True,True,True,,0.0
2191,complex,List the winners in each constituency during the 2016 Kerala Legislative Assembly election.,"SELECT ?constituency ?constituencyLabel ?winner ?winnerLabel WHERE {
  ?statement wdt:[property:instance of] wd:[entity:legislative assembly constituency of Kerala] .
  ?winner wdt:[property:position held] ?position .
  ?position wdt:[property:of] ?statement ;
            wdt:[property:elected in] wd:[entity:2016 Kerala Legislative Assembly election] .
  BIND(?statement AS ?constituency)
  SERVICE wikibase:label { bd:serviceParam wikibase:language ""en"". }
}","SELECT ?constituency ?constituencyLabel ?winner ?winnerLabel WHERE {
  ?statement wdt:P31 wd:[entity:legislative assembly constituency of Kerala] .
  ?winner wdt:P39 ?position .
  ?position wdt:P1001 ?statement ;
            wdt:P2715 wd:Q23013679 .
  BIND(?statement AS ?constituency)
  SERVICE wikibase:label { bd:serviceParam wikibase:language ""en"". }
}",True,False,False,no_query,0.0
286,medium,List all English names related to Confucius.,"SELECT DISTINCT ?name WHERE {
  wd:[entity:Confucius] wdt:[property:name in native language] ?name .
  FILTER(LANG(?name) = ""en"")
}","SELECT DISTINCT ?name WHERE {
  wd:Q4604 wdt:P1559 ?name .
  FILTER(LANG(?name) = ""en"")
}",True,True,True,,0.0
2073,complex,Find the Ordnance Survey Old Series preparatory drawings with georeferencer links.,"SELECT ?item ?itemLabel ?georef WHERE {
  ?item wdt:[property:instance of] wd:[entity:Ordnance Survey Drawings] .
  ?item wdt:[property:georeferenced with URL] ?georef .
  SERVICE wikibase:label { bd:serviceParam wikibase:language ""en"". }
}","SELECT ?item ?itemLabel ?georef WHERE {
  ?item wdt:P31 wd:Q7100888 .
  ?item wdt:[property:georeferenced with URL] ?georef .
  SERVICE wikibase:label { bd:serviceParam wikibase:language ""en"". }
}",True,False,False,no_query,0.0
505,complex,Find German picture dictionary entries for young children with multiple images per lemma.,"SELECT ?item ?itemLabel (COUNT(?image) AS ?imageCount) WHERE {
  ?item wdt:[property:instance of] wd:[entity:picture dictionary entry] .
  ?item wdt:[property:language of work or name] wd:[entity:German] .
  ?item wdt:[property:image] ?image .
  ?item wdt:[property:audience] wd:[entity:child] .
  SERVICE wikibase:label { bd:serviceParam wikibase:language ""en"". }
}
GROUP BY ?item ?itemLabel
HAVING (COUNT(?image) > 1)","SELECT ?item ?itemLabel (COUNT(?image) AS ?imageCount) WHERE {
  ?item wdt:P31 wd:[entity:picture dictionary entry] .
  ?item wdt:P407 wd:Q188 .
  ?item wdt:P18 ?image .
  ?item wdt:P2360 wd:Q7569 .
  SERVICE wikibase:label { bd:serviceParam wikibase:language ""en"". }
}
GROUP BY ?item ?itemLabel
HAVING (COUNT(?image) > 1)",True,False,False,no_query,0.0
822,medium,List the top 10 given names with the most variations.,"SELECT ?name ?nameLabel (COUNT(?variation) AS ?count) WHERE {
  ?name wdt:[property:instance of] wd:[entity:given name] .
  ?variation wdt:[property:said to be the same as] ?name .
  SERVICE wikibase:label { bd:serviceParam wikibase:language ""en"". }
}
GROUP BY ?name ?nameLabel
ORDER BY DESC(?count)
LIMIT 10","SELECT ?name ?nameLabel (COUNT(?variation) AS ?count) WHERE {
  ?name wdt:P31 wd:Q202444 .
  ?variation wdt:P460 ?name .
  SERVICE wikibase:label { bd:serviceParam wikibase:language ""en"". }
}
GROUP BY ?name ?nameLabel
ORDER BY DESC(?count)
LIMIT 10",True,True,True,,0.8421
342,medium,List all Wikimedia sites that have pages about people mentioned in Early Modern Letters Online.,"SELECT DISTINCT ?site ?siteLabel WHERE {
  ?person wdt:[property:Early Modern Letters Online person ID] ?emlo .
  ?person ^schema:about ?article .
  ?article schema:isPartOf ?site .
  SERVICE wikibase:label { bd:serviceParam wikibase:language ""en"". }
}","SELECT DISTINCT ?site ?siteLabel WHERE {
  ?person wdt:P1802 ?emlo .
  ?person ^schema:about ?article .
  ?article schema:isPartOf ?site .
  SERVICE wikibase:label { bd:serviceParam wikibase:language ""en"". }
}",True,True,True,,0.7131
2348,complex,What are the longest rivers in France that do not have a department named after them?,,,False,False,False,no_query,0.0
545,complex,Show me the distances between cities in Landkreis Leipzig on a scatter chart.,"SELECT ?place1Label ?place2Label ?distance WHERE {
  ?place1 wdt:[property:located in the administrative territorial entity] wd:[entity:Landkreis Leipzig] .
  ?place2 wdt:[property:located in the administrative territorial entity] wd:[entity:Landkreis Leipzig] .
  ?place1 wdt:[property:coordinate location] ?coord1 .
  ?place2 wdt:[property:coordinate location] ?coord2 .
  FILTER(STR(?place1) < STR(?place2))
  BIND(geof:distance(?coord1, ?coord2) AS ?distance)
  SERVICE wikibase:label { bd:serviceParam wikibase:language ""en"". }
}","SELECT ?place1Label ?place2Label ?distance WHERE {
  ?place1 wdt:P131 wd:Q6308 .
  ?place2 wdt:P131 wd:Q6308 .
  ?place1 wdt:P625 ?coord1 .
  ?place2 wdt:P625 ?coord2 .
  FILTER(STR(?place1) < STR(?place2))
  BIND(geof:distance(?coord1, ?coord2) AS ?distance)
  SERVICE wikibase:label { bd:serviceParam wikibase:language ""en"". }
}",True,True,False,http_400,0.0
1500,medium,List all datasets that have a Creative Commons NoDerivatives license.,"SELECT DISTINCT ?dataset ?datasetLabel WHERE {
  ?dataset wdt:[property:instance of] wd:[entity:data set] .
  ?dataset wdt:[property:copyright license] ?license .
  ?license wdt:[property:subclass of]* wd:[entity:Creative Commons NoDerivs license] .
  SERVICE wikibase:label { bd:serviceParam wikibase:language ""en"". }
}","SELECT DISTINCT ?dataset ?datasetLabel WHERE {
  ?dataset wdt:P31 wd:Q1172284 .
  ?dataset wdt:P275 ?license .
  ?license wdt:P279* wd:[entity:Creative Commons NoDerivs license] .
  SERVICE wikibase:label { bd:serviceParam wikibase:language ""en"". }
}",True,False,False,no_query,0.0
381,medium,List all the properties and their corresponding RDF nodes in Wikidata.,"SELECT ?property ?rdfNode WHERE {
  ?property wikibase:directClaim ?rdfNode .
}","SELECT ?property ?rdfNode WHERE {
  ?property wikibase:directClaim ?rdfNode .
}",True,True,True,,0.0
869,medium,List all places where people named Antoine were born.,"SELECT DISTINCT ?place ?placeLabel WHERE {
  ?person wdt:[property:given name] wd:[entity:Antoine] .
  ?person wdt:[property:place of birth] ?place .
  SERVICE wikibase:label { bd:serviceParam wikibase:language ""en"". }
}","SELECT DISTINCT ?place ?placeLabel WHERE {
  ?person wdt:P735 wd:Q15235674 .
  ?person wdt:P19 ?place .
  SERVICE wikibase:label { bd:serviceParam wikibase:language ""en"". }
}",True,True,True,,0.0
1401,complex,List the White House chiefs of staff with their tenure duration.,"SELECT ?person ?personLabel ?startDate ?endDate WHERE {
  ?person wdt:[property:position held] wd:[entity:White House Chief of Staff] .
  ?person p:[property:position held] ?statement .
  ?statement ps:[property:position held] wd:[entity:White House Chief of Staff] .
  OPTIONAL { ?statement pq:[property:start time] ?startDate . }
  OPTIONAL { ?statement pq:[property:end time] ?endDate . }
  SERVICE wikibase:label { bd:serviceParam wikibase:language ""en"". }
}
ORDER BY ?startDate","SELECT ?person ?personLabel ?startDate ?endDate WHERE {
  ?person wdt:P39 wd:Q786242 .
  ?person p:P39 ?statement .
  ?statement ps:P39 wd:Q786242 .
  OPTIONAL { ?statement pq:P580 ?startDate . }
  OPTIONAL { ?statement pq:P582 ?endDate . }
  SERVICE wikibase:label { bd:serviceParam wikibase:language ""en"". }
}
ORDER BY ?startDate",True,True,True,,0.8842
1953,complex,List all SARS-CoV-2 proteins with their corresponding research output counts.,"SELECT ?protein ?proteinLabel (COUNT(?work) AS ?workCount) WHERE {
  ?protein wdt:[property:found in taxon] wd:[entity:Severe acute respiratory syndrome coronavirus 2] .
  ?protein wdt:[property:instance of] wd:[entity:protein] .
  OPTIONAL {
    ?work wdt:[property:main subject] ?protein .
  }
  SERVICE wikibase:label { bd:serviceParam wikibase:language ""en"". }
}
GROUP BY ?protein ?proteinLabel
ORDER BY DESC(?workCount)","SELECT ?protein ?proteinLabel (COUNT(?work) AS ?workCount) WHERE {
  ?protein wdt:P703 wd:Q82069695 .
  ?protein wdt:P31 wd:Q8054 .
  OPTIONAL {
    ?work wdt:P921 ?protein .
  }
  SERVICE wikibase:label { bd:serviceParam wikibase:language ""en"". }
}
GROUP BY ?protein ?proteinLabel
ORDER BY DESC(?workCount)",True,True,True,,0.7206
1825,complex,What is the longest river that flows into another river?,"SELECT ?river ?riverLabel ?length WHERE {
  ?river wdt:[property:instance of] wd:[entity:river] .
  ?river wdt:[property:mouth of the watercourse] ?otherRiver .
  ?otherRiver wdt:[property:instance of] wd:[entity:river] .
  ?river wdt:[property:length] ?length .
  SERVICE wikibase:label { bd:serviceParam wikibase:language ""en"". }
}
ORDER BY DESC(?length)
LIMIT 1","SELECT ?river ?riverLabel ?length WHERE {
  ?river wdt:P31 wd:Q4022 .
  ?river wdt:P403 ?otherRiver .
  ?otherRiver wdt:P31 wd:Q4022 .
  ?river wdt:P2043 ?length .
  SERVICE wikibase:label { bd:serviceParam wikibase:language ""en"". }
}
ORDER BY DESC(?length)
LIMIT 1",True,True,True,,0.0
1236,medium,List all companies acquired by Red Hat along with their dissolution dates.,"SELECT ?company ?companyLabel ?dissolutionDate WHERE {
  ?company wdt:[property:owned by] wd:[entity:Red Hat] .
  OPTIONAL { ?company wdt:[property:dissolved, abolished or demolished date] ?dissolutionDate . }
  SERVICE wikibase:label { bd:serviceParam wikibase:language ""en"". }
}","SELECT ?company ?companyLabel ?dissolutionDate WHERE {
  ?company wdt:P127 wd:Q485593 .
  OPTIONAL { ?company wdt:P576 ?dissolutionDate . }
  SERVICE wikibase:label { bd:serviceParam wikibase:language ""en"". }
}",True,True,True,,0.0
2402,complex,What day of the week did most prisoners die in Mauthausen concentration camp?,"SELECT ?dayOfWeek (COUNT(?person) AS ?count) WHERE {
  ?person wdt:[property:place of death] wd:[entity:Mauthausen concentration camp] .
  ?person wdt:[property:date of death] ?date .
  BIND(
    (((DAY(?date) + 
      FLOOR(2.6 * (((MONTH(?date) + 9) % 12) + 1) - 0.2) - 
      2 * (YEAR(?date) - FLOOR((((MONTH(?date) + 9) % 12) / 10)) % 100 / 100) + 
      (YEAR(?date) - FLOOR((((MONTH(?date) + 9) % 12) / 10)) % 100) + 
      FLOOR((YEAR(?date) - FLOOR((((MONTH(?date) + 9) % 12) / 10)) % 100) / 4) + 
      FLOOR(FLOOR((YEAR(?date) - FLOOR((((MONTH(?date) + 9) % 12) / 10)) / 100)) / 4) - 
      2 * FLOOR((YEAR(?date) - FLOOR((((MONTH(?date) + 9) % 12) / 10)) / 100))) % 7) + 7) % 7 
    AS ?dayOfWeek
  )
}
GROUP BY ?dayOfWeek
ORDER BY DESC(?count)
LIMIT 1","SELECT ?dayOfWeek (COUNT(?person) AS ?count) WHERE {
  ?person wdt:P20 wd:Q160139 .
  ?person wdt:P570 ?date .
  BIND(
    (((DAY(?date) + 
      FLOOR(2.6 * (((MONTH(?date) + 9) % 12) + 1) - 0.2) - 
      2 * (YEAR(?date) - FLOOR((((MONTH(?date) + 9) % 12) / 10)) % 100 / 100) + 
      (YEAR(?date) - FLOOR((((MONTH(?date) + 9) % 12) / 10)) % 100) + 
      FLOOR((YEAR(?date) - FLOOR((((MONTH(?date) + 9) % 12) / 10)) % 100) / 4) + 
      FLOOR(FLOOR((YEAR(?date) - FLOOR((((MONTH(?date) + 9) % 12) / 10)) / 100)) / 4) - 
      2 * FLOOR((YEAR(?date) - FLOOR((((MONTH(?date) + 9) % 12) / 10)) / 100))) % 7) + 7) % 7 
    AS ?dayOfWeek
  )
}
GROUP BY ?dayOfWeek
ORDER BY DESC(?count)
LIMIT 1",True,True,False,http_400,0.0
1860,complex,List all African countries along with their current leaders and ages.,"SELECT ?country ?countryLabel ?leader ?leaderLabel ?age WHERE {
  ?country wdt:[property:instance of] wd:[entity:country] .
  ?country wdt:[property:continent] wd:[entity:Africa] .
  ?country wdt:[property:head of state] ?leader .
  OPTIONAL {
    ?leader wdt:[property:date of birth] ?dob .
    BIND(YEAR(NOW()) - YEAR(?dob) AS ?age)
  }
  SERVICE wikibase:label { bd:serviceParam wikibase:language ""en"". }
}","SELECT ?country ?countryLabel ?leader ?leaderLabel ?age WHERE {
  ?country wdt:P31 wd:Q6256 .
  ?country wdt:P30 wd:Q15 .
  ?country wdt:P35 ?leader .
  OPTIONAL {
    ?leader wdt:P569 ?dob .
    BIND(YEAR(NOW()) - YEAR(?dob) AS ?age)
  }
  SERVICE wikibase:label { bd:serviceParam wikibase:language ""en"". }
}",True,True,True,,0.375
2239,medium,Find the locations of boundary stones near Radibor.,"SELECT ?stone ?stoneLabel ?location WHERE {
  ?stone wdt:[property:instance of] wd:[entity:boundary stone] .
  ?stone wdt:[property:coordinate location] ?location .
  ?stone wdt:[property:location] wd:[entity:Radibor] .
  SERVICE wikibase:label { bd:serviceParam wikibase:language ""en"". }
}","SELECT ?stone ?stoneLabel ?location WHERE {
  ?stone wdt:P31 wd:Q921099 .
  ?stone wdt:P625 ?location .
  ?stone wdt:P276 wd:Q93286 .
  SERVICE wikibase:label { bd:serviceParam wikibase:language ""en"". }
}",True,True,True,,1.0
1579,medium,List software titles with their own mascots.,"SELECT DISTINCT ?software ?softwareLabel ?mascot ?mascotLabel WHERE {
  ?software wdt:[property:instance of]/wdt:[property:subclass of]* wd:[entity:software] .
  ?software wdt:[property:mascot] ?mascot .
  SERVICE wikibase:label { bd:serviceParam wikibase:language ""en"". }
}","SELECT DISTINCT ?software ?softwareLabel ?mascot ?mascotLabel WHERE {
  ?software wdt:P31/wdt:P279* wd:Q7397 .
  ?software wdt:P822 ?mascot .
  SERVICE wikibase:label { bd:serviceParam wikibase:language ""en"". }
}",True,True,True,,0.1232
959,complex,List all flags that are instances of Nordic cross flags.,"SELECT ?flag ?flagLabel WHERE {
  ?flag wdt:[property:instance of] wd:[entity:Nordic cross flag] .
  SERVICE wikibase:label { bd:serviceParam wikibase:language ""en"". }
}","SELECT ?flag ?flagLabel WHERE {
  ?flag wdt:P31 wd:Q208324 .
  SERVICE wikibase:label { bd:serviceParam wikibase:language ""en"". }
}",True,True,True,,0.0179
2233,complex,"List databases with a SPARQL endpoint, ranked by the number of IDs known to Wikidata.","SELECT ?database ?databaseLabel (COUNT(?item) AS ?count) WHERE {
  ?database wdt:[property:SPARQL endpoint URL] ?endpoint .
  ?database wdt:[property:Wikidata property] ?property .
  ?item ?propertyClaim ?value .
  SERVICE wikibase:label { bd:serviceParam wikibase:language ""en"". }
}
GROUP BY ?database ?databaseLabel
ORDER BY DESC(?count)","SELECT ?database ?databaseLabel (COUNT(?item) AS ?count) WHERE {
  ?database wdt:P5305 ?endpoint .
  ?database wdt:P1629 ?property .
  ?item ?propertyClaim ?value .
  SERVICE wikibase:label { bd:serviceParam wikibase:language ""en"". }
}
GROUP BY ?database ?databaseLabel
ORDER BY DESC(?count)",True,True,False,timeout,0.0
1619,complex,"List the top things people are named after, along with examples.","SELECT ?namedAfter ?namedAfterLabel (COUNT(?item) AS ?count) (SAMPLE(?itemLabel) AS ?example) WHERE {
  ?item wdt:[property:named after] ?namedAfter .
  ?item rdfs:label ?itemLabel .
  FILTER(LANG(?itemLabel) = ""en"")
  ?namedAfter rdfs:label ?namedAfterLabel .
  FILTER(LANG(?namedAfterLabel) = ""en"")
}
GROUP BY ?namedAfter ?namedAfterLabel
ORDER BY DESC(?count)
LIMIT 100","SELECT ?namedAfter ?namedAfterLabel (COUNT(?item) AS ?count) (SAMPLE(?itemLabel) AS ?example) WHERE {
  ?item wdt:P138 ?namedAfter .
  ?item rdfs:label ?itemLabel .
  FILTER(LANG(?itemLabel) = ""en"")
  ?namedAfter rdfs:label ?namedAfterLabel .
  FILTER(LANG(?namedAfterLabel) = ""en"")
}
GROUP BY ?namedAfter ?namedAfterLabel
ORDER BY DESC(?count)
LIMIT 100",True,True,True,,0.0
1083,complex,List all national flags that have the Union Jack in their top inner corner.,"SELECT ?flag ?flagLabel WHERE {
  ?flag wdt:[property:instance of] wd:[entity:national flag] .
  ?flag wdt:[property:depicts] wd:[entity:Union Jack] .
  SERVICE wikibase:label { bd:serviceParam wikibase:language ""en"". }
}","SELECT ?flag ?flagLabel WHERE {
  ?flag wdt:P31 wd:Q186516 .
  ?flag wdt:P180 wd:Q83278 .
  SERVICE wikibase:label { bd:serviceParam wikibase:language ""en"". }
}",True,True,True,,1.0
1887,complex,List all selenographers born on a specific date.,"SELECT ?selenographer ?selenographerLabel ?birthDate WHERE {
  ?selenographer wdt:[property:occupation] wd:[entity:selenographer] .
  ?selenographer wdt:[property:date of birth] ?birthDate .
  SERVICE wikibase:label { bd:serviceParam wikibase:language ""en"". }
}
ORDER BY ?birthDate","SELECT ?selenographer ?selenographerLabel ?birthDate WHERE {
  ?selenographer wdt:P106 wd:Q17276298 .
  ?selenographer wdt:P569 ?birthDate .
  SERVICE wikibase:label { bd:serviceParam wikibase:language ""en"". }
}
ORDER BY ?birthDate",True,True,True,,0.0
1986,simple,List the streets in Leiden named after famous people or things.,"SELECT DISTINCT ?street ?streetLabel ?namedAfter ?namedAfterLabel WHERE {
  ?street wdt:[property:instance of] wd:[entity:street] .
  ?street wdt:[property:located in the administrative territorial entity] wd:[entity:Leiden] .
  ?street wdt:[property:named after] ?namedAfter .
  SERVICE wikibase:label { bd:serviceParam wikibase:language ""en,nl"". }
}","SELECT DISTINCT ?street ?streetLabel ?namedAfter ?namedAfterLabel WHERE {
  ?street wdt:P31 wd:Q79007 .
  ?street wdt:P131 wd:Q43631 .
  ?street wdt:P138 ?namedAfter .
  SERVICE wikibase:label { bd:serviceParam wikibase:language ""en,nl"". }
}",True,True,True,,0.3359
1239,medium,List all entities named after Tux.,"SELECT ?entity ?entityLabel WHERE {
  ?entity wdt:[property:named after] wd:[entity:Tux] .
  SERVICE wikibase:label { bd:serviceParam wikibase:language ""en"". }
}","SELECT ?entity ?entityLabel WHERE {
  ?entity wdt:P138 wd:Q131200 .
  SERVICE wikibase:label { bd:serviceParam wikibase:language ""en"". }
}",True,True,True,,0.6522
2538,medium,Show a bubble chart of occupations held by people affiliated with the University of Clermont.,"SELECT ?occupation ?occupationLabel (COUNT(?person) AS ?count) WHERE {
  ?person wdt:[property:affiliation] wd:[entity:University of Clermont] .
  ?person wdt:[property:occupation] ?occupation .
  SERVICE wikibase:label { bd:serviceParam wikibase:language ""en"". }
}
GROUP BY ?occupation ?occupationLabel
ORDER BY DESC(?count)","SELECT ?occupation ?occupationLabel (COUNT(?person) AS ?count) WHERE {
  ?person wdt:P1416 wd:Q3551576 .
  ?person wdt:P106 ?occupation .
  SERVICE wikibase:label { bd:serviceParam wikibase:language ""en"". }
}
GROUP BY ?occupation ?occupationLabel
ORDER BY DESC(?count)",True,True,True,,0.0
2652,complex,List French leaders not born in current France after 1789.,"SELECT DISTINCT ?leader ?leaderLabel WHERE {
  ?leader wdt:[property:position held] ?position .
  ?position wdt:[property:applies to jurisdiction] wd:[entity:France] .
  ?leader wdt:[property:place of birth] ?birthPlace .
  ?birthPlace wdt:[property:country] ?country .
  FILTER(?country != wd:[entity:France])
  ?leader wdt:[property:date of birth] ?dob .
  FILTER(YEAR(?dob) > 1789)
  SERVICE wikibase:label { bd:serviceParam wikibase:language ""en"". }
}","SELECT DISTINCT ?leader ?leaderLabel WHERE {
  ?leader wdt:P39 ?position .
  ?position wdt:P1001 wd:Q142 .
  ?leader wdt:P19 ?birthPlace .
  ?birthPlace wdt:P27 ?country .
  FILTER(?country != wd:Q142)
  ?leader wdt:P569 ?dob .
  FILTER(YEAR(?dob) > 1789)
  SERVICE wikibase:label { bd:serviceParam wikibase:language ""en"". }
}",True,True,True,,1.0
1187,complex,What are the most common music genres by tonality?,"SELECT ?tonality ?tonalityLabel ?genre ?genreLabel (COUNT(?work) AS ?count) WHERE {
  ?work wdt:[property:instance of]/wdt:[property:subclass of]* wd:[entity:musical work] .
  ?work wdt:[property:tonality] ?tonality .
  ?work wdt:[property:genre] ?genre .
  SERVICE wikibase:label { bd:serviceParam wikibase:language ""en"". }
}
GROUP BY ?tonality ?tonalityLabel ?genre ?genreLabel
ORDER BY DESC(?count)","SELECT ?tonality ?tonalityLabel ?genre ?genreLabel (COUNT(?work) AS ?count) WHERE {
  ?work wdt:P31/wdt:P279* wd:Q2188189 .
  ?work wdt:P826 ?tonality .
  ?work wdt:P136 ?genre .
  SERVICE wikibase:label { bd:serviceParam wikibase:language ""en"". }
}
GROUP BY ?tonality ?tonalityLabel ?genre ?genreLabel
ORDER BY DESC(?count)",True,True,True,,0.0
1322,complex,List the oldest members of noble families along with their family names and dates of birth.,"SELECT ?person ?personLabel ?familyLabel ?dob WHERE {
  ?person wdt:[property:instance of] wd:[entity:human] .
  ?person wdt:[property:family] ?family .
  ?family wdt:[property:instance of] wd:[entity:noble family] .
  ?person wdt:[property:date of birth] ?dob .
  SERVICE wikibase:label { bd:serviceParam wikibase:language ""en"". }
}
ORDER BY ASC(?dob)
LIMIT 100","SELECT ?person ?personLabel ?familyLabel ?dob WHERE {
  ?person wdt:P31 wd:Q5 .
  ?person wdt:P53 ?family .
  ?family wdt:P31 wd:Q13417114 .
  ?person wdt:P569 ?dob .
  SERVICE wikibase:label { bd:serviceParam wikibase:language ""en"". }
}
ORDER BY ASC(?dob)
LIMIT 100",True,True,True,,0.0019
2613,complex,List the most famous people in the world.,,,False,False,False,no_query,0.0
1192,complex,List the institutions where Canadians got their PhDs.,"SELECT DISTINCT ?institution ?institutionLabel WHERE {
  ?person wdt:[property:country of citizenship] wd:[entity:Canada] .
  ?person wdt:[property:academic degree] wd:[entity:Doctor of Philosophy] .
  ?person wdt:[property:educated at] ?institution .
  SERVICE wikibase:label { bd:serviceParam wikibase:language ""en"". }
}","SELECT DISTINCT ?institution ?institutionLabel WHERE {
  ?person wdt:P27 wd:Q16 .
  ?person wdt:P512 wd:Q752297 .
  ?person wdt:P69 ?institution .
  SERVICE wikibase:label { bd:serviceParam wikibase:language ""en"". }
}",True,True,True,,0.0331
509,complex,Show me words that describe people from a certain place on the map.,"SELECT ?item ?itemLabel ?demonym WHERE {
  ?item wdt:[property:instance of] wd:[entity:sovereign state] .
  ?item wdt:[property:demonym] ?demonym .
  SERVICE wikibase:label { bd:serviceParam wikibase:language ""en"". }
}","SELECT ?item ?itemLabel ?demonym WHERE {
  ?item wdt:P31 wd:Q3624078 .
  ?item wdt:P1549 ?demonym .
  SERVICE wikibase:label { bd:serviceParam wikibase:language ""en"". }
}",True,True,True,,0.0071
503,medium,Find Swedish lexemes with examples that show both a form and a sense.,"SELECT ?lexeme ?example ?form ?sense WHERE {
  ?lexeme dct:language wd:[entity:Swedish] .
  ?lexeme p:[property:usage example] ?statement .
  ?statement ps:[property:usage example] ?example .
  ?statement pq:[property:demonstrates form] ?form .
  ?statement pq:[property:demonstrates sense] ?sense .
}","SELECT ?lexeme ?example ?form ?sense WHERE {
  ?lexeme dct:language wd:Q9027 .
  ?lexeme p:P5831 ?statement .
  ?statement ps:P5831 ?example .
  ?statement pq:P5830 ?form .
  ?statement pq:P6072 ?sense .
}",True,True,True,,0.3972
929,medium,List RADA alumni who have a Wikipedia article with a good or featured badge.,"SELECT DISTINCT ?person ?personLabel WHERE {
  ?person wdt:[property:educated at] wd:[entity:Royal Academy of Dramatic Art] .
  ?article schema:about ?person ;
           schema:isPartOf <https://en.wikipedia.org/> ;
           wikibase:badge ?badge .
  FILTER(?badge IN (wd:[entity:Wikipedia good article], wd:[entity:Wikipedia featured article]))
  SERVICE wikibase:label { bd:serviceParam wikibase:language ""en"". }
}","SELECT DISTINCT ?person ?personLabel WHERE {
  ?person wdt:P69 wd:Q523926 .
  ?article schema:about ?person ;
           schema:isPartOf <https://en.wikipedia.org/> ;
           wikibase:badge ?badge .
  FILTER(?badge IN (wd:Q21167453, wd:Q21163207))
  SERVICE wikibase:label { bd:serviceParam wikibase:language ""en"". }
}",True,True,True,,0.0
842,complex,List the most common last names among fictional characters.,"SELECT ?familyName ?familyNameLabel (COUNT(?character) AS ?count) WHERE {
  ?character wdt:[property:instance of] wd:[entity:fictional character] .
  ?character wdt:[property:family name] ?familyName .
  SERVICE wikibase:label { bd:serviceParam wikibase:language ""en"". }
}
GROUP BY ?familyName ?familyNameLabel
ORDER BY DESC(?count)
LIMIT 50","SELECT ?familyName ?familyNameLabel (COUNT(?character) AS ?count) WHERE {
  ?character wdt:P31 wd:Q95074 .
  ?character wdt:P734 ?familyName .
  SERVICE wikibase:label { bd:serviceParam wikibase:language ""en"". }
}
GROUP BY ?familyName ?familyNameLabel
ORDER BY DESC(?count)
LIMIT 50",True,True,True,,0.0392
374,complex,Show me the birthplaces of famous women on a map.,"SELECT DISTINCT ?woman ?womanLabel ?birthplace ?birthplaceLabel ?coord WHERE {
  ?woman wdt:[property:sex or gender] wd:[entity:female] .
  ?woman wdt:[property:place of birth] ?birthplace .
  ?birthplace wdt:[property:coordinate location] ?coord .
  ?woman wdt:[property:sitelinks] ?sitelinks .
  FILTER(?sitelinks > 50)
  SERVICE wikibase:label { bd:serviceParam wikibase:language ""en"". }
}
LIMIT 100","SELECT DISTINCT ?woman ?womanLabel ?birthplace ?birthplaceLabel ?coord WHERE {
  ?woman wdt:P21 wd:Q6581072 .
  ?woman wdt:P19 ?birthplace .
  ?birthplace wdt:P625 ?coord .
  ?woman wdt:[property:sitelinks] ?sitelinks .
  FILTER(?sitelinks > 50)
  SERVICE wikibase:label { bd:serviceParam wikibase:language ""en"". }
}
LIMIT 100",True,False,False,no_query,0.0
306,complex,List all the IIIF links for artworks created by Raphael.,"SELECT ?artwork ?artworkLabel ?iiif WHERE {
  ?artwork wdt:[property:creator] wd:[entity:Raphael] .
  ?artwork wdt:[property:IIIF manifest] ?iiif .
  SERVICE wikibase:label { bd:serviceParam wikibase:language ""en"". }
}","SELECT ?artwork ?artworkLabel ?iiif WHERE {
  ?artwork wdt:P170 wd:Q5597 .
  ?artwork wdt:P6108 ?iiif .
  SERVICE wikibase:label { bd:serviceParam wikibase:language ""en"". }
}",True,True,True,,0.0
1711,complex,List all Nobel Prize categories by gender of the winners.,,,False,False,False,no_query,0.0
714,complex,What are the common English names for a list of animals given their scientific names?,"SELECT ?animal ?scientificName ?commonName WHERE {
  VALUES ?scientificName { ""Panthera leo"" ""Canis lupus"" ""Felis catus"" }
  ?animal wdt:[property:taxon name] ?scientificName .
  ?animal wdt:[property:taxon common name] ?commonName .
  FILTER(LANG(?commonName) = ""en"")
}","SELECT ?animal ?scientificName ?commonName WHERE {
  VALUES ?scientificName { ""Panthera leo"" ""Canis lupus"" ""Felis catus"" }
  ?animal wdt:P225 ?scientificName .
  ?animal wdt:P1843 ?commonName .
  FILTER(LANG(?commonName) = ""en"")
}",True,True,True,,0.0
391,simple,List the grandchildren of Johann Sebastian Bach.,"SELECT DISTINCT ?grandchild ?grandchildLabel WHERE {
  wd:[entity:Johann Sebastian Bach] wdt:[property:child] ?child .
  ?child wdt:[property:child] ?grandchild .
  SERVICE wikibase:label { bd:serviceParam wikibase:language ""en"". }
}","SELECT DISTINCT ?grandchild ?grandchildLabel WHERE {
  wd:Q1339 wdt:P40 ?child .
  ?child wdt:P40 ?grandchild .
  SERVICE wikibase:label { bd:serviceParam wikibase:language ""en"". }
}",True,True,True,,1.0
2230,complex,List languages with less than 10 lexemes without statements or senses.,"SELECT ?language ?languageLabel (COUNT(?lexeme) AS ?count) WHERE {
  ?lexeme dct:language ?language .
  FILTER NOT EXISTS { ?lexeme ontolex:sense ?sense . }
  FILTER NOT EXISTS { ?lexeme ?p ?statement . FILTER(STRSTARTS(STR(?p), ""http://www.wikidata.org/prop/P"")) }
  SERVICE wikibase:label { bd:serviceParam wikibase:language ""en"". }
}
GROUP BY ?language ?languageLabel
HAVING (COUNT(?lexeme) < 10)","SELECT ?language ?languageLabel (COUNT(?lexeme) AS ?count) WHERE {
  ?lexeme dct:language ?language .
  FILTER NOT EXISTS { ?lexeme ontolex:sense ?sense . }
  FILTER NOT EXISTS { ?lexeme ?p ?statement . FILTER(STRSTARTS(STR(?p), ""http://www.wikidata.org/prop/P"")) }
  SERVICE wikibase:label { bd:serviceParam wikibase:language ""en"". }
}
GROUP BY ?language ?languageLabel
HAVING (COUNT(?lexeme) < 10)",True,True,False,timeout,0.0
1282,complex,List characters whose actors have passed away in the last 50 days.,"SELECT DISTINCT ?character ?characterLabel ?actor ?actorLabel ?deathDate WHERE {
  ?character wdt:[property:performer] ?actor .
  ?actor wdt:[property:date of death] ?deathDate .
  BIND(NOW() AS ?now)
  FILTER(?deathDate >= (?now - 50) && ?deathDate <= ?now)
  SERVICE wikibase:label { bd:serviceParam wikibase:language ""en"". }
}","SELECT DISTINCT ?character ?characterLabel ?actor ?actorLabel ?deathDate WHERE {
  ?character wdt:P175 ?actor .
  ?actor wdt:P570 ?deathDate .
  BIND(NOW() AS ?now)
  FILTER(?deathDate >= (?now - 50) && ?deathDate <= ?now)
  SERVICE wikibase:label { bd:serviceParam wikibase:language ""en"". }
}",True,True,True,,1.0
385,simple,Find the children of Johann Sebastian Bach using Wikidata properties.,"SELECT ?child ?childLabel WHERE {
  wd:[entity:Johann Sebastian Bach] wdt:[property:child] ?child.
  SERVICE wikibase:label { bd:serviceParam wikibase:language ""en"". }
}","SELECT ?child ?childLabel WHERE {
  wd:Q1339 wdt:P40 ?child.
  SERVICE wikibase:label { bd:serviceParam wikibase:language ""en"". }
}",True,True,True,,0.0
2618,medium,What are the most common jobs held by people born in Épinal?,"SELECT ?occupation ?occupationLabel (COUNT(?person) AS ?count) WHERE {
  ?person wdt:[property:place of birth] wd:[entity:Épinal] .
  ?person wdt:[property:occupation] ?occupation .
  SERVICE wikibase:label { bd:serviceParam wikibase:language ""en"". }
}
GROUP BY ?occupation ?occupationLabel
ORDER BY DESC(?count)
LIMIT 10","SELECT ?occupation ?occupationLabel (COUNT(?person) AS ?count) WHERE {
  ?person wdt:P19 wd:Q173695 .
  ?person wdt:P106 ?occupation .
  SERVICE wikibase:label { bd:serviceParam wikibase:language ""en"". }
}
GROUP BY ?occupation ?occupationLabel
ORDER BY DESC(?count)
LIMIT 10",True,True,True,,0.0
641,complex,"List all films directed by Steven Spielberg, grouped by genre.","SELECT ?genreLabel (GROUP_CONCAT(?filmLabel; separator="", "") AS ?films) WHERE {
  ?film wdt:[property:director] wd:[entity:Steven Spielberg].
  ?film wdt:[property:instance of] wd:[entity:film].
  OPTIONAL { ?film wdt:[property:genre] ?genre. }
  SERVICE wikibase:label {
    bd:serviceParam wikibase:language ""en"".
    ?film rdfs:label ?filmLabel.
    ?genre rdfs:label ?genreLabel.
  }
}
GROUP BY ?genreLabel","SELECT ?genreLabel (GROUP_CONCAT(?filmLabel; separator="", "") AS ?films) WHERE {
  ?film wdt:P57 wd:Q8877.
  ?film wdt:P31 wd:Q11424.
  OPTIONAL { ?film wdt:P136 ?genre. }
  SERVICE wikibase:label {
    bd:serviceParam wikibase:language ""en"".
    ?film rdfs:label ?filmLabel.
    ?genre rdfs:label ?genreLabel.
  }
}
GROUP BY ?genreLabel",True,True,True,,0.0
186,medium,List all species that belong to the Trifolium genus and their corresponding artists.,"SELECT ?species ?speciesLabel ?artist ?artistLabel WHERE {
  ?species wdt:[property:parent taxon] wd:[entity:Trifolium] .
  OPTIONAL { ?species wdt:[property:creator] ?artist . }
  SERVICE wikibase:label { bd:serviceParam wikibase:language ""en"". }
}","SELECT ?species ?speciesLabel ?artist ?artistLabel WHERE {
  ?species wdt:P171 wd:Q101538 .
  OPTIONAL { ?species wdt:P170 ?artist . }
  SERVICE wikibase:label { bd:serviceParam wikibase:language ""en"". }
}",True,True,True,,0.0
2540,complex,List French adventure video games released in the earliest years.,"SELECT ?game ?gameLabel ?date WHERE {
  ?game wdt:[property:instance of] wd:[entity:video game] .
  ?game wdt:[property:country of origin] wd:[entity:France] .
  ?game wdt:[property:genre] wd:[entity:adventure game] .
  ?game wdt:[property:publication date] ?date .
  SERVICE wikibase:label { bd:serviceParam wikibase:language ""en"". }
}
ORDER BY ASC(?date)
LIMIT 20","SELECT ?game ?gameLabel ?date WHERE {
  ?game wdt:P31 wd:Q7889 .
  ?game wdt:P495 wd:Q142 .
  ?game wdt:P136 wd:Q23916 .
  ?game wdt:P577 ?date .
  SERVICE wikibase:label { bd:serviceParam wikibase:language ""en"". }
}
ORDER BY ASC(?date)
LIMIT 20",True,True,True,,0.0394
846,medium,"List all humans who died from burning, along with their dates of death.","SELECT ?human ?humanLabel ?dateOfDeath WHERE {
  ?human wdt:[property:instance of] wd:[entity:human] .
  ?human wdt:[property:manner of death] wd:[entity:death by burning] .
  OPTIONAL { ?human wdt:[property:date of death] ?dateOfDeath . }
  SERVICE wikibase:label { bd:serviceParam wikibase:language ""en"". }
}","SELECT ?human ?humanLabel ?dateOfDeath WHERE {
  ?human wdt:P31 wd:Q5 .
  ?human wdt:P1196 wd:Q468455 .
  OPTIONAL { ?human wdt:P570 ?dateOfDeath . }
  SERVICE wikibase:label { bd:serviceParam wikibase:language ""en"". }
}",True,True,True,,0.0
882,complex,List the nationalities of people with articles in the Bavarian Wikipedia.,"SELECT DISTINCT ?country ?countryLabel WHERE {
  ?article schema:about ?person ;
           schema:isPartOf <https://bar.wikipedia.org/> .
  ?person wdt:[property:instance of] wd:[entity:human] ;
          wdt:[property:country of citizenship] ?country .
  SERVICE wikibase:label { bd:serviceParam wikibase:language ""en"". }
}","SELECT DISTINCT ?country ?countryLabel WHERE {
  ?article schema:about ?person ;
           schema:isPartOf <https://bar.wikipedia.org/> .
  ?person wdt:P31 wd:Q5 ;
          wdt:P27 ?country .
  SERVICE wikibase:label { bd:serviceParam wikibase:language ""en"". }
}",True,True,True,,0.0
1306,medium,Find a list of women who are computational biologists or bioinformaticians.,"SELECT DISTINCT ?person ?personLabel WHERE {
  ?person wdt:[property:sex or gender] wd:[entity:female] .
  {
    ?person wdt:[property:occupation] wd:[entity:computational biologist] .
  } UNION {
    ?person wdt:[property:occupation] wd:[entity:bioinformatician] .
  }
  SERVICE wikibase:label { bd:serviceParam wikibase:language ""en"". }
}","SELECT DISTINCT ?person ?personLabel WHERE {
  ?person wdt:P21 wd:Q6581072 .
  {
    ?person wdt:P106 wd:Q15709480 .
  } UNION {
    ?person wdt:P106 wd:Q2904006 .
  }
  SERVICE wikibase:label { bd:serviceParam wikibase:language ""en"". }
}",True,True,True,,0.2147
65,medium,Show me a map of all UNESCO Biosphere Reserves with their locations.,"SELECT ?reserve ?reserveLabel ?coord WHERE {
  ?reserve wdt:[property:instance of] wd:[entity:UNESCO biosphere reserve] .
  ?reserve wdt:[property:coordinate location] ?coord .
  SERVICE wikibase:label { bd:serviceParam wikibase:language ""en"". }
}","SELECT ?reserve ?reserveLabel ?coord WHERE {
  ?reserve wdt:P31 wd:Q113572160 .
  ?reserve wdt:P625 ?coord .
  SERVICE wikibase:label { bd:serviceParam wikibase:language ""en"". }
}",True,True,True,,0.0
2581,medium,List the most popular heritage sites based on their sitelinks.,"SELECT ?site ?siteLabel ?sitelinks WHERE {
  ?site wdt:[property:instance of]/wdt:[property:subclass of]* wd:[entity:heritage site] .
  ?site wikibase:sitelinks ?sitelinks .
  SERVICE wikibase:label { bd:serviceParam wikibase:language ""en"". }
}
ORDER BY DESC(?sitelinks)
LIMIT 100","SELECT ?site ?siteLabel ?sitelinks WHERE {
  ?site wdt:P31/wdt:P279* wd:Q358 .
  ?site wikibase:sitelinks ?sitelinks .
  SERVICE wikibase:label { bd:serviceParam wikibase:language ""en"". }
}
ORDER BY DESC(?sitelinks)
LIMIT 100",True,True,True,,1.0
1773,complex,List books that focus on LGBTI+ topics.,"SELECT DISTINCT ?book ?bookLabel WHERE {
  ?book wdt:[property:instance of] wd:[entity:book] .
  ?book wdt:[property:main subject] ?subject .
  ?subject wdt:[property:subclass of]* wd:[entity:LGBT] .
  SERVICE wikibase:label { bd:serviceParam wikibase:language ""en"". }
}","SELECT DISTINCT ?book ?bookLabel WHERE {
  ?book wdt:P31 wd:Q571 .
  ?book wdt:P921 ?subject .
  ?subject wdt:P279* wd:Q17884 .
  SERVICE wikibase:label { bd:serviceParam wikibase:language ""en"". }
}",True,True,True,,0.0884
234,complex,List all manuscripts without a collection.,"SELECT ?manuscript ?manuscriptLabel WHERE {
  ?manuscript wdt:[property:instance of] wd:[entity:manuscript] .
  FILTER NOT EXISTS { ?manuscript wdt:[property:collection] ?collection . }
  SERVICE wikibase:label { bd:serviceParam wikibase:language ""en"". }
}","SELECT ?manuscript ?manuscriptLabel WHERE {
  ?manuscript wdt:P31 wd:Q87167 .
  FILTER NOT EXISTS { ?manuscript wdt:P195 ?collection . }
  SERVICE wikibase:label { bd:serviceParam wikibase:language ""en"". }
}",True,True,True,,0.7363
1551,medium,List female medical graduates from Howard University College of Medicine before 1900.,"SELECT DISTINCT ?person ?personLabel WHERE {
  ?person wdt:[property:educated at] wd:[entity:Howard University College of Medicine] .
  ?person wdt:[property:sex or gender] wd:[entity:female] .
  ?person wdt:[property:occupation] wd:[entity:physician] .
  ?person wdt:[property:date of birth] ?dob .
  OPTIONAL { ?person wdt:[property:work period (start)] ?graduation . }
  FILTER(YEAR(?dob) < 1900)
  SERVICE wikibase:label { bd:serviceParam wikibase:language ""en"". }
}","SELECT DISTINCT ?person ?personLabel WHERE {
  ?person wdt:P69 wd:Q5921129 .
  ?person wdt:P21 wd:Q6581072 .
  ?person wdt:P106 wd:Q39631 .
  ?person wdt:P569 ?dob .
  OPTIONAL { ?person wdt:P2031 ?graduation . }
  FILTER(YEAR(?dob) < 1900)
  SERVICE wikibase:label { bd:serviceParam wikibase:language ""en"". }
}",True,True,True,,0.1895
2022,medium,List all individuals who have served as both Vice President and President of the United States.,"SELECT DISTINCT ?person ?personLabel WHERE {
  ?person wdt:[property:position held] wd:[entity:President of the United States] .
  ?person wdt:[property:position held] wd:[entity:Vice President of the United States] .
  SERVICE wikibase:label { bd:serviceParam wikibase:language ""en"". }
}","SELECT DISTINCT ?person ?personLabel WHERE {
  ?person wdt:P39 wd:Q11696 .
  ?person wdt:P39 wd:Q11699 .
  SERVICE wikibase:label { bd:serviceParam wikibase:language ""en"". }
}",True,True,True,,0.3261
544,complex,Show the distances between cities in Landkreis Leipzig on a scatter chart.,"SELECT ?place1Label ?place2Label ?distance WHERE {
  ?place1 wdt:[property:located in the administrative territorial entity] wd:[entity:Landkreis Leipzig] .
  ?place2 wdt:[property:located in the administrative territorial entity] wd:[entity:Landkreis Leipzig] .
  ?place1 wdt:[property:coordinate location] ?coord1 .
  ?place2 wdt:[property:coordinate location] ?coord2 .
  FILTER(STR(?place1) < STR(?place2))
  BIND(geof:distance(?coord1, ?coord2) AS ?distance)
  SERVICE wikibase:label { bd:serviceParam wikibase:language ""en"". }
}","SELECT ?place1Label ?place2Label ?distance WHERE {
  ?place1 wdt:P131 wd:Q6308 .
  ?place2 wdt:P131 wd:Q6308 .
  ?place1 wdt:P625 ?coord1 .
  ?place2 wdt:P625 ?coord2 .
  FILTER(STR(?place1) < STR(?place2))
  BIND(geof:distance(?coord1, ?coord2) AS ?distance)
  SERVICE wikibase:label { bd:serviceParam wikibase:language ""en"". }
}",True,True,False,http_400,0.0
1429,complex,List actors who have appeared in two different films with the same title.,"SELECT DISTINCT ?actor ?actorLabel ?title WHERE {
  ?film1 wdt:[property:instance of] wd:[entity:film] .
  ?film2 wdt:[property:instance of] wd:[entity:film] .
  ?film1 wdt:[property:cast member] ?actor .
  ?film2 wdt:[property:cast member] ?actor .
  ?film1 rdfs:label ?title .
  ?film2 rdfs:label ?title .
  FILTER(?film1 != ?film2)
  FILTER(LANG(?title) = ""en"")
  SERVICE wikibase:label { bd:serviceParam wikibase:language ""en"". }
}","SELECT DISTINCT ?actor ?actorLabel ?title WHERE {
  ?film1 wdt:P31 wd:Q11424 .
  ?film2 wdt:P31 wd:Q11424 .
  ?film1 wdt:P161 ?actor .
  ?film2 wdt:P161 ?actor .
  ?film1 rdfs:label ?title .
  ?film2 rdfs:label ?title .
  FILTER(?film1 != ?film2)
  FILTER(LANG(?title) = ""en"")
  SERVICE wikibase:label { bd:serviceParam wikibase:language ""en"". }
}",True,True,True,,0.0026
1537,medium,List all ambassadors who have served in India.,"SELECT DISTINCT ?ambassador ?ambassadorLabel WHERE {
  ?ambassador wdt:[property:position held] ?position .
  ?position wdt:[property:subclass of]* wd:[entity:ambassador] .
  ?position wdt:[property:applies to jurisdiction] wd:[entity:India] .
  SERVICE wikibase:label { bd:serviceParam wikibase:language ""en"". }
}","SELECT DISTINCT ?ambassador ?ambassadorLabel WHERE {
  ?ambassador wdt:P39 ?position .
  ?position wdt:P279* wd:Q121998 .
  ?position wdt:P1001 wd:Q668 .
  SERVICE wikibase:label { bd:serviceParam wikibase:language ""en"". }
}",True,True,True,,0.0
456,complex,List all the taxa under Cactaceae with names referenced to either 'Das große Kakteen-Lexikon' or 'The New Cactus Lexicon'.,"SELECT DISTINCT ?taxon ?taxonLabel WHERE {
  ?taxon wdt:[property:parent taxon]* wd:[entity:Cactaceae] .
  ?taxon p:[property:taxon name] ?statement .
  ?statement prov:wasDerivedFrom ?ref .
  ?ref pr:[property:stated in] ?source .
  VALUES ?source { wd:[entity:Das große Kakteen-Lexikon] wd:[entity:The New Cactus Lexicon] }
  SERVICE wikibase:label { bd:serviceParam wikibase:language ""en"". }
}","SELECT DISTINCT ?taxon ?taxonLabel WHERE {
  ?taxon wdt:P171* wd:Q14560 .
  ?taxon p:P225 ?statement .
  ?statement prov:wasDerivedFrom ?ref .
  ?ref pr:P248 ?source .
  VALUES ?source { wd:Q13520496 wd:Q10695694 }
  SERVICE wikibase:label { bd:serviceParam wikibase:language ""en"". }
}",True,True,True,,0.5
2016,complex,Show me the artworks created by Charles Heaphy.,"SELECT ?artwork ?artworkLabel WHERE {
  ?artwork wdt:[property:creator] wd:[entity:Charles Heaphy] .
  SERVICE wikibase:label { bd:serviceParam wikibase:language ""en"". }
}","SELECT ?artwork ?artworkLabel WHERE {
  ?artwork wdt:P170 wd:Q1064767 .
  SERVICE wikibase:label { bd:serviceParam wikibase:language ""en"". }
}",True,True,True,,0.3314
1017,complex,List all winners of the Theatre World Award with their pictures and a timeline.,"SELECT ?winner ?winnerLabel ?picture ?date WHERE {
  ?winner wdt:[property:award received] wd:[entity:Theatre World Award].
  OPTIONAL {
    ?winner p:[property:award received] ?statement.
    ?statement ps:[property:award received] wd:[entity:Theatre World Award].
    ?statement pq:[property:point in time] ?date.
  }
  OPTIONAL { ?winner wdt:[property:image] ?picture. }
  SERVICE wikibase:label { bd:serviceParam wikibase:language ""en"". }
}
ORDER BY ?date","SELECT ?winner ?winnerLabel ?picture ?date WHERE {
  ?winner wdt:P166 wd:Q1131356.
  OPTIONAL {
    ?winner p:P166 ?statement.
    ?statement ps:P166 wd:Q1131356.
    ?statement pq:P585 ?date.
  }
  OPTIONAL { ?winner wdt:P18 ?picture. }
  SERVICE wikibase:label { bd:serviceParam wikibase:language ""en"". }
}
ORDER BY ?date",True,True,True,,0.9255
643,medium,List the individuals who have won both a Nobel Prize and an Academy Award.,"SELECT DISTINCT ?person ?personLabel WHERE {
  ?person wdt:[property:award received] ?nobel.
  ?nobel wdt:[property:instance of]* wd:[entity:Nobel Prize].
  ?person wdt:[property:award received] ?oscar.
  ?oscar wdt:[property:instance of]* wd:[entity:Academy Awards].
  SERVICE wikibase:label { bd:serviceParam wikibase:language ""en"". }
}","SELECT DISTINCT ?person ?personLabel WHERE {
  ?person wdt:P166 ?nobel.
  ?nobel wdt:P31* wd:Q7191.
  ?person wdt:P166 ?oscar.
  ?oscar wdt:P31* wd:Q19020.
  SERVICE wikibase:label { bd:serviceParam wikibase:language ""en"". }
}",True,True,True,,0.0
2731,medium,List concepts with the most individuals having Mastodon IDs.,"SELECT ?class ?classLabel (COUNT(?person) AS ?count) WHERE {
  ?person wdt:[property:Mastodon address] ?mastodon .
  ?person wdt:[property:instance of] ?class .
  SERVICE wikibase:label { bd:serviceParam wikibase:language ""en"". }
}
GROUP BY ?class ?classLabel
ORDER BY DESC(?count)
LIMIT 50","SELECT ?class ?classLabel (COUNT(?person) AS ?count) WHERE {
  ?person wdt:P4033 ?mastodon .
  ?person wdt:P31 ?class .
  SERVICE wikibase:label { bd:serviceParam wikibase:language ""en"". }
}
GROUP BY ?class ?classLabel
ORDER BY DESC(?count)
LIMIT 50",True,True,True,,0.0206
567,complex,Show me the locations of glaciers on a map.,"SELECT ?glacier ?glacierLabel ?coordinates WHERE {
  ?glacier wdt:[property:instance of] wd:[entity:glacier] .
  ?glacier wdt:[property:coordinate location] ?coordinates .
  SERVICE wikibase:label { bd:serviceParam wikibase:language ""en"". }
}","SELECT ?glacier ?glacierLabel ?coordinates WHERE {
  ?glacier wdt:P31 wd:Q35666 .
  ?glacier wdt:P625 ?coordinates .
  SERVICE wikibase:label { bd:serviceParam wikibase:language ""en"". }
}",True,True,True,,0.9264
2280,complex,List all soccer players born on January 1st who are still alive.,"SELECT DISTINCT ?player ?playerLabel WHERE {
  ?player wdt:[property:instance of] wd:[entity:human] .
  ?player wdt:[property:occupation] wd:[entity:association football player] .
  ?player wdt:[property:date of birth] ?dob .
  FILTER(MONTH(?dob) = 1 && DAY(?dob) = 1)
  FILTER NOT EXISTS { ?player wdt:[property:date of death] ?dod . }
  SERVICE wikibase:label { bd:serviceParam wikibase:language ""en"". }
}","SELECT DISTINCT ?player ?playerLabel WHERE {
  ?player wdt:P31 wd:Q5 .
  ?player wdt:P106 wd:Q937857 .
  ?player wdt:P569 ?dob .
  FILTER(MONTH(?dob) = 1 && DAY(?dob) = 1)
  FILTER NOT EXISTS { ?player wdt:P570 ?dod . }
  SERVICE wikibase:label { bd:serviceParam wikibase:language ""en"". }
}",True,True,True,,0.0
2051,medium,List all humans born after 1800 with Latin names in their native language.,"SELECT DISTINCT ?person ?personLabel ?name WHERE {
  ?person wdt:[property:instance of] wd:[entity:human] .
  ?person wdt:[property:date of birth] ?dob .
  FILTER(YEAR(?dob) > 1800)
  ?person wdt:[property:name in native language] ?name .
  FILTER(LANG(?name) = ""la"")
  SERVICE wikibase:label { bd:serviceParam wikibase:language ""en"". }
}","SELECT DISTINCT ?person ?personLabel ?name WHERE {
  ?person wdt:P31 wd:Q5 .
  ?person wdt:P569 ?dob .
  FILTER(YEAR(?dob) > 1800)
  ?person wdt:P1559 ?name .
  FILTER(LANG(?name) = ""la"")
  SERVICE wikibase:label { bd:serviceParam wikibase:language ""en"". }
}",True,True,True,,0.0
1638,medium,List all dunes with their country and coordinates.,"SELECT ?dune ?duneLabel ?country ?countryLabel ?coordinates WHERE {
  ?dune wdt:[property:instance of] wd:[entity:dune] .
  OPTIONAL { ?dune wdt:[property:country] ?country . }
  OPTIONAL { ?dune wdt:[property:coordinate location] ?coordinates . }
  SERVICE wikibase:label { bd:serviceParam wikibase:language ""en"" . }
}","SELECT ?dune ?duneLabel ?country ?countryLabel ?coordinates WHERE {
  ?dune wdt:P31 wd:Q25391 .
  OPTIONAL { ?dune wdt:P17 ?country . }
  OPTIONAL { ?dune wdt:P625 ?coordinates . }
  SERVICE wikibase:label { bd:serviceParam wikibase:language ""en"" . }
}",True,True,True,,0.9932
723,medium,Find all children of Johann Sebastian Bach with his first wife Maria Barbara Bach.,"SELECT ?child ?childLabel WHERE {
  ?child wdt:[property:father] wd:[entity:Johann Sebastian Bach] .
  ?child wdt:[property:mother] wd:[entity:Maria Barbara Bach] .
  SERVICE wikibase:label { bd:serviceParam wikibase:language ""en"". }
}","SELECT ?child ?childLabel WHERE {
  ?child wdt:P22 wd:Q1339 .
  ?child wdt:P25 wd:Q57487 .
  SERVICE wikibase:label { bd:serviceParam wikibase:language ""en"". }
}",True,True,True,,0.1429
2115,complex,Show me a map of the birthplaces of football players who have played for Olympique de Marseille.,"SELECT DISTINCT ?player ?playerLabel ?birthplace ?birthplaceLabel ?coord WHERE {
  ?player wdt:[property:member of sports team] wd:[entity:Olympique de Marseille] .
  ?player wdt:[property:place of birth] ?birthplace .
  ?birthplace wdt:[property:coordinate location] ?coord .
  SERVICE wikibase:label { bd:serviceParam wikibase:language ""en"". }
}","SELECT DISTINCT ?player ?playerLabel ?birthplace ?birthplaceLabel ?coord WHERE {
  ?player wdt:P54 wd:Q132885 .
  ?player wdt:P19 ?birthplace .
  ?birthplace wdt:P625 ?coord .
  SERVICE wikibase:label { bd:serviceParam wikibase:language ""en"". }
}",True,True,True,,0.0196
2027,complex,List all rivers and canals in the United Kingdom along with their coordinates.,"SELECT ?waterway ?waterwayLabel ?coordinates WHERE {
  ?waterway wdt:[property:instance of]/wdt:[property:subclass of]* ?type .
  VALUES ?type { wd:[entity:river] wd:[entity:canal] }
  ?waterway wdt:[property:country] wd:[entity:United Kingdom] .
  ?waterway wdt:[property:coordinate location] ?coordinates .
  SERVICE wikibase:label { bd:serviceParam wikibase:language ""en"". }
}","SELECT ?waterway ?waterwayLabel ?coordinates WHERE {
  ?waterway wdt:P31/wdt:P279* ?type .
  VALUES ?type { wd:Q4022 wd:Q12284 }
  ?waterway wdt:P17 wd:Q145 .
  ?waterway wdt:P625 ?coordinates .
  SERVICE wikibase:label { bd:serviceParam wikibase:language ""en"". }
}",True,True,True,,0.0
172,complex,List all chemical elements along with their atomic numbers and discoverers.,"SELECT ?element ?elementLabel ?atomicNumber ?discovererLabel WHERE {
  ?element wdt:[property:instance of] wd:[entity:chemical element] .
  ?element wdt:[property:atomic number] ?atomicNumber .
  OPTIONAL { ?element wdt:[property:discoverer or inventor] ?discoverer . }
  SERVICE wikibase:label { bd:serviceParam wikibase:language ""en"" . }
}
ORDER BY ?atomicNumber","SELECT ?element ?elementLabel ?atomicNumber ?discovererLabel WHERE {
  ?element wdt:P31 wd:Q11344 .
  ?element wdt:P1086 ?atomicNumber .
  OPTIONAL { ?element wdt:P61 ?discoverer . }
  SERVICE wikibase:label { bd:serviceParam wikibase:language ""en"" . }
}
ORDER BY ?atomicNumber",True,True,True,,0.5501
719,simple,Find all children of Johann Sebastian Bach with his first wife Maria Barbara Bach.,"SELECT ?child ?childLabel WHERE {
  ?child wdt:[property:father] wd:[entity:Johann Sebastian Bach] .
  ?child wdt:[property:mother] wd:[entity:Maria Barbara Bach] .
  SERVICE wikibase:label { bd:serviceParam wikibase:language ""en"". }
}","SELECT ?child ?childLabel WHERE {
  ?child wdt:P22 wd:Q1339 .
  ?child wdt:P25 wd:Q57487 .
  SERVICE wikibase:label { bd:serviceParam wikibase:language ""en"". }
}",True,True,True,,1.0
2456,medium,List all the categories for honorary citizens of a specific entity.,"SELECT DISTINCT ?category ?categoryLabel WHERE {
  ?category wdt:[property:category's main topic] wd:[entity:honorary citizen] .
  SERVICE wikibase:label { bd:serviceParam wikibase:language ""en"". }
}","SELECT DISTINCT ?category ?categoryLabel WHERE {
  ?category wdt:P301 wd:Q987080 .
  SERVICE wikibase:label { bd:serviceParam wikibase:language ""en"". }
}",True,True,True,,0.0
2258,complex,List famous individuals born in France but not French citizens.,"SELECT DISTINCT ?person ?personLabel WHERE {
  ?person wdt:[property:place of birth] ?birthPlace .
  ?birthPlace wdt:[property:country] wd:[entity:France] .
  ?person wdt:[property:instance of] wd:[entity:human] .
  FILTER NOT EXISTS {
    ?person wdt:[property:country of citizenship] wd:[entity:France] .
  }
  ?person wdt:[property:sitelinks] ?sitelinks .
  FILTER(?sitelinks > 50)
  SERVICE wikibase:label { bd:serviceParam wikibase:language ""en"". }
}
ORDER BY DESC(?sitelinks)
LIMIT 100","SELECT DISTINCT ?person ?personLabel WHERE {
  ?person wdt:P19 ?birthPlace .
  ?birthPlace wdt:P27 wd:Q142 .
  ?person wdt:P31 wd:Q5 .
  FILTER NOT EXISTS {
    ?person wdt:P27 wd:Q142 .
  }
  ?person wdt:[property:sitelinks] ?sitelinks .
  FILTER(?sitelinks > 50)
  SERVICE wikibase:label { bd:serviceParam wikibase:language ""en"". }
}
ORDER BY DESC(?sitelinks)
LIMIT 100",True,False,False,no_query,0.0
1909,complex,List all the winners of the Erich Fried Prize along with their images.,"SELECT ?winner ?winnerLabel ?image WHERE {
  ?winner wdt:[property:award received] wd:[entity:Erich Fried Prize] .
  OPTIONAL { ?winner wdt:[property:image] ?image . }
  SERVICE wikibase:label { bd:serviceParam wikibase:language ""en"" . }
}","SELECT ?winner ?winnerLabel ?image WHERE {
  ?winner wdt:P166 wd:Q339982 .
  OPTIONAL { ?winner wdt:P18 ?image . }
  SERVICE wikibase:label { bd:serviceParam wikibase:language ""en"" . }
}",True,True,True,,0.4183
2125,complex,List all national Red Cross and Red Crescent societies along with their inception dates.,"SELECT ?society ?societyLabel ?inception WHERE {
  ?society wdt:[property:instance of] wd:[entity:national Red Cross or Red Crescent society] .
  OPTIONAL { ?society wdt:[property:inception] ?inception . }
  SERVICE wikibase:label { bd:serviceParam wikibase:language ""en"" . }
}","SELECT ?society ?societyLabel ?inception WHERE {
  ?society wdt:P31 wd:[entity:national Red Cross or Red Crescent society] .
  OPTIONAL { ?society wdt:P571 ?inception . }
  SERVICE wikibase:label { bd:serviceParam wikibase:language ""en"" . }
}",True,False,False,no_query,0.0
2763,medium,List all glaciers named after characters from the novel Moby Dick.,"SELECT ?glacier ?glacierLabel WHERE {
  ?glacier wdt:[property:instance of] wd:[entity:glacier] .
  ?glacier wdt:[property:named after] ?character .
  ?character wdt:[property:present in work] wd:[entity:Moby-Dick] .
  SERVICE wikibase:label { bd:serviceParam wikibase:language ""en"". }
}","SELECT ?glacier ?glacierLabel WHERE {
  ?glacier wdt:P31 wd:Q35666 .
  ?glacier wdt:P138 ?character .
  ?character wdt:P1441 wd:Q174596 .
  SERVICE wikibase:label { bd:serviceParam wikibase:language ""en"". }
}",True,True,True,,0.5
1641,complex,List the names of 100 mosquito species and reverse their taxonomic labels.,"SELECT ?taxon ?taxonLabel WHERE {
  ?taxon wdt:[property:parent taxon] wd:[entity:mosquito] .
  ?taxon wdt:[property:taxon rank] wd:[entity:species] .
  SERVICE wikibase:label { bd:serviceParam wikibase:language ""en"". }
}
ORDER BY DESC(?taxonLabel)
LIMIT 100","SELECT ?taxon ?taxonLabel WHERE {
  ?taxon wdt:P171 wd:Q7367 .
  ?taxon wdt:P105 wd:Q7432 .
  SERVICE wikibase:label { bd:serviceParam wikibase:language ""en"". }
}
ORDER BY DESC(?taxonLabel)
LIMIT 100",True,True,True,,1.0
479,simple,Show me all hackerspaces on a map.,"SELECT ?item ?itemLabel ?coord WHERE {
  ?item wdt:[property:instance of] wd:[entity:hackerspace] .
  ?item wdt:[property:coordinate location] ?coord .
  SERVICE wikibase:label { bd:serviceParam wikibase:language ""en"". }
}","SELECT ?item ?itemLabel ?coord WHERE {
  ?item wdt:P31 wd:Q1032372 .
  ?item wdt:P625 ?coord .
  SERVICE wikibase:label { bd:serviceParam wikibase:language ""en"". }
}",True,True,True,,1.0
2620,simple,List all places named in honor of Vladimir Lenin.,"SELECT ?place ?placeLabel WHERE {
  ?place wdt:[property:named after] wd:[entity:Vladimir Lenin] .
  SERVICE wikibase:label { bd:serviceParam wikibase:language ""en"". }
}","SELECT ?place ?placeLabel WHERE {
  ?place wdt:P138 wd:Q1394 .
  SERVICE wikibase:label { bd:serviceParam wikibase:language ""en"". }
}",True,True,True,,0.5601
2200,medium,List the dates and places of birth for female musicians from Nigeria.,"SELECT ?musician ?musicianLabel ?dob ?birthPlaceLabel WHERE {
  ?musician wdt:[property:occupation] wd:[entity:musician] ;
            wdt:[property:sex or gender] wd:[entity:female] ;
            wdt:[property:country of citizenship] wd:[entity:Nigeria] .
  OPTIONAL { ?musician wdt:[property:date of birth] ?dob . }
  OPTIONAL { ?musician wdt:[property:place of birth] ?birthPlace . }
  SERVICE wikibase:label { bd:serviceParam wikibase:language ""en"". }
}","SELECT ?musician ?musicianLabel ?dob ?birthPlaceLabel WHERE {
  ?musician wdt:P106 wd:Q639669 ;
            wdt:P21 wd:Q6581072 ;
            wdt:P27 wd:Q1033 .
  OPTIONAL { ?musician wdt:P569 ?dob . }
  OPTIONAL { ?musician wdt:P19 ?birthPlace . }
  SERVICE wikibase:label { bd:serviceParam wikibase:language ""en"". }
}",True,True,True,,0.1264
1951,complex,"List all descendants of Robert Emett, including their birth and death years.","SELECT ?descendant ?descendantLabel ?birthYear ?deathYear WHERE {
  wd:[entity:Robert Emett] (wdt:[property:child])+ ?descendant .
  OPTIONAL {
    ?descendant wdt:[property:date of birth] ?birthDate .
    BIND(YEAR(?birthDate) AS ?birthYear)
  }
  OPTIONAL {
    ?descendant wdt:[property:date of death] ?deathDate .
    BIND(YEAR(?deathDate) AS ?deathYear)
  }
  SERVICE wikibase:label { bd:serviceParam wikibase:language ""en"". }
}","SELECT ?descendant ?descendantLabel ?birthYear ?deathYear WHERE {
  wd:Q75891071 (wdt:P40)+ ?descendant .
  OPTIONAL {
    ?descendant wdt:P569 ?birthDate .
    BIND(YEAR(?birthDate) AS ?birthYear)
  }
  OPTIONAL {
    ?descendant wdt:P570 ?deathDate .
    BIND(YEAR(?deathDate) AS ?deathYear)
  }
  SERVICE wikibase:label { bd:serviceParam wikibase:language ""en"". }
}",True,True,True,,0.0
169,medium,List all the temples and palaces in India.,"SELECT DISTINCT ?item ?itemLabel WHERE {
  ?item wdt:[property:country] wd:[entity:India] .
  {
    ?item wdt:[property:instance of]/wdt:[property:subclass of]* wd:[entity:temple] .
  }
  UNION
  {
    ?item wdt:[property:instance of]/wdt:[property:subclass of]* wd:[entity:palace] .
  }
  SERVICE wikibase:label { bd:serviceParam wikibase:language ""en"". }
}","SELECT DISTINCT ?item ?itemLabel WHERE {
  ?item wdt:P17 wd:Q668 .
  {
    ?item wdt:P31/wdt:P279* wd:Q44539 .
  }
  UNION
  {
    ?item wdt:P31/wdt:P279* wd:Q16560 .
  }
  SERVICE wikibase:label { bd:serviceParam wikibase:language ""en"". }
}",True,True,True,,0.0126
1908,complex,List all virtual conferences along with their environment and other details.,,,False,False,False,no_query,0.0
428,medium,List all scientific articles with uppercase titles published between 2019 and 2020.,"SELECT DISTINCT ?article ?title WHERE {
  ?article wdt:[property:instance of] wd:[entity:scholarly article] .
  ?article wdt:[property:title] ?title .
  ?article wdt:[property:publication date] ?date .
  FILTER(YEAR(?date) >= 2019 && YEAR(?date) <= 2020)
  FILTER(STR(?title) = UCASE(STR(?title)))
}","SELECT DISTINCT ?article ?title WHERE {
  ?article wdt:P31 wd:Q13442814 .
  ?article wdt:P1476 ?title .
  ?article wdt:P577 ?date .
  FILTER(YEAR(?date) >= 2019 && YEAR(?date) <= 2020)
  FILTER(STR(?title) = UCASE(STR(?title)))
}",True,True,False,timeout,0.0
2150,medium,What nationalities are represented among authors who have published papers related to Australian fauna?,"SELECT DISTINCT ?nationality ?nationalityLabel WHERE {
  ?paper wdt:[property:main subject] ?subject .
  ?subject wdt:[property:endemic to] wd:[entity:Australia] .
  ?paper wdt:[property:author] ?author .
  ?author wdt:[property:country of citizenship] ?nationality .
  SERVICE wikibase:label { bd:serviceParam wikibase:language ""en"". }
}","SELECT DISTINCT ?nationality ?nationalityLabel WHERE {
  ?paper wdt:P921 ?subject .
  ?subject wdt:P183 wd:Q408 .
  ?paper wdt:P50 ?author .
  ?author wdt:P27 ?nationality .
  SERVICE wikibase:label { bd:serviceParam wikibase:language ""en"". }
}",True,True,True,,0.2034
2048,complex,What museums are near the Museum of Modern Art?,"SELECT ?museum ?museumLabel ?distance WHERE {
  wd:[entity:Museum of Modern Art] wdt:[property:coordinate location] ?momaLoc .
  SERVICE wikibase:around {
    ?museum wdt:[property:coordinate location] ?location .
    bd:serviceParam wikibase:center ?momaLoc .
    bd:serviceParam wikibase:radius ""2"" .
    bd:serviceParam wikibase:distance ?distance .
  }
  ?museum wdt:[property:instance of]/wdt:[property:subclass of]* wd:[entity:museum] .
  FILTER(?museum != wd:[entity:Museum of Modern Art])
  SERVICE wikibase:label { bd:serviceParam wikibase:language ""en"". }
}
ORDER BY ?distance","SELECT ?museum ?museumLabel ?distance WHERE {
  wd:Q188740 wdt:P625 ?momaLoc .
  SERVICE wikibase:around {
    ?museum wdt:P625 ?location .
    bd:serviceParam wikibase:center ?momaLoc .
    bd:serviceParam wikibase:radius ""2"" .
    bd:serviceParam wikibase:distance ?distance .
  }
  ?museum wdt:P31/wdt:P279* wd:Q33506 .
  FILTER(?museum != wd:Q188740)
  SERVICE wikibase:label { bd:serviceParam wikibase:language ""en"". }
}
ORDER BY ?distance",True,True,False,http_500,0.0
146,complex,List fictional characters inspired by real people.,"SELECT DISTINCT ?character ?characterLabel ?person ?personLabel WHERE {
  ?character wdt:[property:instance of] wd:[entity:fictional human] .
  ?character wdt:[property:based on] ?person .
  ?person wdt:[property:instance of] wd:[entity:human] .
  SERVICE wikibase:label { bd:serviceParam wikibase:language ""en"". }
}","SELECT DISTINCT ?character ?characterLabel ?person ?personLabel WHERE {
  ?character wdt:P31 wd:Q15632617 .
  ?character wdt:P1074 ?person .
  ?person wdt:P31 wd:Q5 .
  SERVICE wikibase:label { bd:serviceParam wikibase:language ""en"". }
}",True,True,True,,0.0011
2600,complex,List the administrative divisions with a population of over 10 million.,"SELECT DISTINCT ?division ?divisionLabel ?population WHERE {
  ?division wdt:[property:instance of]/wdt:[property:subclass of]* wd:[entity:administrative territorial entity] .
  ?division wdt:[property:population] ?population .
  FILTER(?population > 10000000)
  SERVICE wikibase:label { bd:serviceParam wikibase:language ""en"". }
}
ORDER BY DESC(?population)","SELECT DISTINCT ?division ?divisionLabel ?population WHERE {
  ?division wdt:P31/wdt:P279* wd:Q56061 .
  ?division wdt:P1082 ?population .
  FILTER(?population > 10000000)
  SERVICE wikibase:label { bd:serviceParam wikibase:language ""en"". }
}
ORDER BY DESC(?population)",True,True,True,,0.2055
1849,complex,"List all former UK MPs who are still alive, along with their first election details.","SELECT DISTINCT ?person ?personLabel ?electedYear WHERE {
  ?person wdt:[property:position held] ?statement .
  ?person p:[property:position held] ?ps .
  ?ps ps:[property:position held] wd:[entity:Member of Parliament of the United Kingdom] .
  OPTIONAL { ?ps pq:[property:start time] ?electedYear . }
  FILTER NOT EXISTS { ?person wdt:[property:date of death] ?dod . }
  SERVICE wikibase:label { bd:serviceParam wikibase:language ""en"". }
}
ORDER BY ?electedYear","SELECT DISTINCT ?person ?personLabel ?electedYear WHERE {
  ?person wdt:P39 ?statement .
  ?person p:P39 ?ps .
  ?ps ps:P39 wd:Q18952564 .
  OPTIONAL { ?ps pq:P580 ?electedYear . }
  FILTER NOT EXISTS { ?person wdt:P570 ?dod . }
  SERVICE wikibase:label { bd:serviceParam wikibase:language ""en"". }
}
ORDER BY ?electedYear",True,True,True,,0.0012
894,medium,List the compositions that feature both organ and orchestra.,"SELECT DISTINCT ?composition ?compositionLabel WHERE {
  ?composition wdt:[property:instance of]/wdt:[property:subclass of]* wd:[entity:musical composition] .
  ?composition wdt:[property:instrumentation] wd:[entity:organ] .
  ?composition wdt:[property:instrumentation] wd:[entity:orchestra] .
  SERVICE wikibase:label { bd:serviceParam wikibase:language ""en"". }
}","SELECT DISTINCT ?composition ?compositionLabel WHERE {
  ?composition wdt:P31/wdt:P279* wd:Q207628 .
  ?composition wdt:P870 wd:Q1444 .
  ?composition wdt:P870 wd:Q42998 .
  SERVICE wikibase:label { bd:serviceParam wikibase:language ""en"". }
}",True,True,True,,0.0
2501,complex,List all New York Times journalists who are still alive.,"SELECT DISTINCT ?person ?personLabel WHERE {
  ?person wdt:[property:instance of] wd:[entity:human] ;
          wdt:[property:employer] wd:[entity:The New York Times] ;
          wdt:[property:occupation] wd:[entity:journalist] .
  FILTER NOT EXISTS { ?person wdt:[property:date of death] ?dod . }
  SERVICE wikibase:label { bd:serviceParam wikibase:language ""en"". }
}","SELECT DISTINCT ?person ?personLabel WHERE {
  ?person wdt:P31 wd:Q5 ;
          wdt:P108 wd:Q9684 ;
          wdt:P106 wd:Q1930187 .
  FILTER NOT EXISTS { ?person wdt:P570 ?dod . }
  SERVICE wikibase:label { bd:serviceParam wikibase:language ""en"". }
}",True,True,True,,0.0
1049,complex,What are the subclasses of malware?,"SELECT ?subclass ?subclassLabel WHERE {
  ?subclass wdt:[property:subclass of] wd:[entity:malware] .
  SERVICE wikibase:label { bd:serviceParam wikibase:language ""en"" . }
}","SELECT ?subclass ?subclassLabel WHERE {
  ?subclass wdt:P279 wd:Q14001 .
  SERVICE wikibase:label { bd:serviceParam wikibase:language ""en"" . }
}",True,True,True,,0.0
1129,medium,List all programming languages along with their creators and release dates.,"SELECT ?language ?languageLabel ?creator ?creatorLabel ?releaseDate WHERE {
  ?language wdt:[property:instance of] wd:[entity:programming language] .
  OPTIONAL { ?language wdt:[property:developer] ?creator . }
  OPTIONAL { ?language wdt:[property:inception] ?releaseDate . }
  SERVICE wikibase:label { bd:serviceParam wikibase:language ""en"". }
}","SELECT ?language ?languageLabel ?creator ?creatorLabel ?releaseDate WHERE {
  ?language wdt:P31 wd:Q9143 .
  OPTIONAL { ?language wdt:P178 ?creator . }
  OPTIONAL { ?language wdt:P571 ?releaseDate . }
  SERVICE wikibase:label { bd:serviceParam wikibase:language ""en"". }
}",True,True,True,,0.4209
853,medium,How many countries drive on the left side of the road?,"SELECT (COUNT(DISTINCT ?country) AS ?count) WHERE {
  ?country wdt:[property:instance of] wd:[entity:country] .
  ?country wdt:[property:traffic side] wd:[entity:left] .
}","SELECT (COUNT(DISTINCT ?country) AS ?count) WHERE {
  ?country wdt:P31 wd:Q6256 .
  ?country wdt:P1622 wd:Q37195793 .
}",True,True,True,,0.0
2019,medium,List all the endpoints of A roads in Britain.,"SELECT DISTINCT ?endpoint ?endpointLabel WHERE {
  ?road wdt:[property:instance of] wd:[entity:A road] .
  ?road wdt:[property:terminus] ?endpoint .
  SERVICE wikibase:label { bd:serviceParam wikibase:language ""en"". }
}","SELECT DISTINCT ?endpoint ?endpointLabel WHERE {
  ?road wdt:P31 wd:Q18019452 .
  ?road wdt:P559 ?endpoint .
  SERVICE wikibase:label { bd:serviceParam wikibase:language ""en"". }
}",True,True,True,,0.0
824,simple,List all instances and subclasses of memes.,"SELECT DISTINCT ?item ?itemLabel WHERE {
  {
    ?item wdt:[property:instance of] wd:[entity:meme] .
  }
  UNION
  {
    ?item wdt:[property:subclass of] wd:[entity:meme] .
  }
  SERVICE wikibase:label { bd:serviceParam wikibase:language ""en"". }
}","SELECT DISTINCT ?item ?itemLabel WHERE {
  {
    ?item wdt:P31 wd:Q978 .
  }
  UNION
  {
    ?item wdt:P279 wd:Q978 .
  }
  SERVICE wikibase:label { bd:serviceParam wikibase:language ""en"". }
}",True,True,True,,0.0308
2395,complex,Find articles about Blaise Pascal on all Wikipedias and sort them by size.,"SELECT ?article ?sitelink ?size WHERE {
  ?article schema:about wd:[entity:Blaise Pascal] ;
           schema:isPartOf ?wiki ;
           schema:name ?sitelink .
  ?wiki wikibase:wikiGroup ""wikipedia"" .
  OPTIONAL { ?article schema:articleBody ?size . }
}
ORDER BY DESC(?size)","SELECT ?article ?sitelink ?size WHERE {
  ?article schema:about wd:Q1290 ;
           schema:isPartOf ?wiki ;
           schema:name ?sitelink .
  ?wiki wikibase:wikiGroup ""wikipedia"" .
  OPTIONAL { ?article schema:articleBody ?size . }
}
ORDER BY DESC(?size)",True,True,True,,0.0
2679,complex,List the publications cited by Nobel Prize winners.,"SELECT DISTINCT ?citedPublication ?citedPublicationLabel WHERE {
  ?person wdt:[property:award received] wd:[entity:Nobel Prize] .
  ?publication wdt:[property:author] ?person .
  ?publication wdt:[property:cites work] ?citedPublication .
  SERVICE wikibase:label { bd:serviceParam wikibase:language ""en"". }
}","SELECT DISTINCT ?citedPublication ?citedPublicationLabel WHERE {
  ?person wdt:P166 wd:Q7191 .
  ?publication wdt:P50 ?person .
  ?publication wdt:P2860 ?citedPublication .
  SERVICE wikibase:label { bd:serviceParam wikibase:language ""en"". }
}",True,True,True,,0.0
1364,medium,List all female names that end with the letter 'o'.,"SELECT ?name ?nameLabel WHERE {
  ?name wdt:[property:instance of] wd:[entity:female given name] .
  ?name rdfs:label ?nameLabel .
  FILTER(LANG(?nameLabel) = ""en"")
  FILTER(STRENDS(?nameLabel, ""o""))
}","SELECT ?name ?nameLabel WHERE {
  ?name wdt:P31 wd:Q11879590 .
  ?name rdfs:label ?nameLabel .
  FILTER(LANG(?nameLabel) = ""en"")
  FILTER(STRENDS(?nameLabel, ""o""))
}",True,True,True,,0.3821
338,complex,List all individuals who were members of learned or scientific societies and have a profile on Early Modern Letters Online.,"SELECT DISTINCT ?person ?personLabel WHERE {
  ?person wdt:[property:member of] ?society .
  ?society wdt:[property:instance of] wd:[entity:learned society] .
  ?person wdt:[property:Early Modern Letters Online ID] ?emlo .
  SERVICE wikibase:label { bd:serviceParam wikibase:language ""en"". }
}","SELECT DISTINCT ?person ?personLabel WHERE {
  ?person wdt:P463 ?society .
  ?society wdt:P31 wd:Q955824 .
  ?person wdt:P1802 ?emlo .
  SERVICE wikibase:label { bd:serviceParam wikibase:language ""en"". }
}",True,True,True,,0.1654
1412,complex,What are the most commonly depicted musical instruments in artworks?,"SELECT ?instrument ?instrumentLabel (COUNT(?artwork) AS ?count) WHERE {
  ?artwork wdt:[property:instance of]/wdt:[property:subclass of]* wd:[entity:work of art] .
  ?artwork wdt:[property:depicts] ?instrument .
  ?instrument wdt:[property:instance of]/wdt:[property:subclass of]* wd:[entity:musical instrument] .
  SERVICE wikibase:label { bd:serviceParam wikibase:language ""en"". }
}
GROUP BY ?instrument ?instrumentLabel
ORDER BY DESC(?count)
LIMIT 20","SELECT ?instrument ?instrumentLabel (COUNT(?artwork) AS ?count) WHERE {
  ?artwork wdt:P31/wdt:P279* wd:Q838948 .
  ?artwork wdt:P180 ?instrument .
  ?instrument wdt:P31/wdt:P279* wd:Q34379 .
  SERVICE wikibase:label { bd:serviceParam wikibase:language ""en"". }
}
GROUP BY ?instrument ?instrumentLabel
ORDER BY DESC(?count)
LIMIT 20",True,True,True,,0.0312
668,medium,List authors from the United States who are not on Goodreads.,"SELECT DISTINCT ?author ?authorLabel WHERE {
  ?author wdt:[property:occupation] wd:[entity:writer] .
  ?author wdt:[property:country of citizenship] wd:[entity:United States of America] .
  FILTER NOT EXISTS { ?author wdt:[property:Goodreads author ID] ?goodreads . }
  SERVICE wikibase:label { bd:serviceParam wikibase:language ""en"" . }
}","SELECT DISTINCT ?author ?authorLabel WHERE {
  ?author wdt:P106 wd:Q36180 .
  ?author wdt:P27 wd:Q30 .
  FILTER NOT EXISTS { ?author wdt:P2963 ?goodreads . }
  SERVICE wikibase:label { bd:serviceParam wikibase:language ""en"" . }
}",True,True,True,,0.9983
1310,complex,What are the most popular celestial bodies in our Solar System?,"SELECT ?body ?bodyLabel (COUNT(?sitelink) AS ?sitelinks) WHERE {
  ?body wdt:[property:parent astronomical body] wd:[entity:Sun] .
  ?sitelink schema:about ?body .
  SERVICE wikibase:label { bd:serviceParam wikibase:language ""en"". }
}
GROUP BY ?body ?bodyLabel
ORDER BY DESC(?sitelinks)
LIMIT 10","SELECT ?body ?bodyLabel (COUNT(?sitelink) AS ?sitelinks) WHERE {
  ?body wdt:P397 wd:Q525 .
  ?sitelink schema:about ?body .
  SERVICE wikibase:label { bd:serviceParam wikibase:language ""en"". }
}
GROUP BY ?body ?bodyLabel
ORDER BY DESC(?sitelinks)
LIMIT 10",True,True,True,,0.0047
2401,complex,List all government agencies operating in Scotland.,"SELECT ?agency ?agencyLabel WHERE {
  ?agency wdt:[property:instance of]/wdt:[property:subclass of]* wd:[entity:government agency] .
  ?agency wdt:[property:country] wd:[entity:Scotland] .
  SERVICE wikibase:label { bd:serviceParam wikibase:language ""en"". }
}","SELECT ?agency ?agencyLabel WHERE {
  ?agency wdt:P31/wdt:P279* wd:Q327333 .
  ?agency wdt:P17 wd:Q22 .
  SERVICE wikibase:label { bd:serviceParam wikibase:language ""en"". }
}",True,True,True,,0.0
489,simple,List all humans with a known gender but unknown value.,"SELECT DISTINCT ?person WHERE {
  ?person wdt:[property:instance of] wd:[entity:human] .
  ?person wdt:[property:sex or gender] ?gender .
  FILTER(isBlank(?gender))
}","SELECT DISTINCT ?person WHERE {
  ?person wdt:P31 wd:Q5 .
  ?person wdt:P21 ?gender .
  FILTER(isBlank(?gender))
}",True,True,True,,0.0
1408,medium,List all programming languages developed since 2007.,"SELECT ?language ?languageLabel ?inception WHERE {
  ?language wdt:[property:instance of] wd:[entity:programming language] .
  ?language wdt:[property:inception] ?inception .
  FILTER(YEAR(?inception) >= 2007)
  SERVICE wikibase:label { bd:serviceParam wikibase:language ""en"". }
}
ORDER BY ?inception","SELECT ?language ?languageLabel ?inception WHERE {
  ?language wdt:P31 wd:Q9143 .
  ?language wdt:P571 ?inception .
  FILTER(YEAR(?inception) >= 2007)
  SERVICE wikibase:label { bd:serviceParam wikibase:language ""en"". }
}
ORDER BY ?inception",True,True,True,,0.0
327,medium,Find individuals with Electronic Enlightenment IDs and their corresponding genealogics.org person IDs.,"SELECT ?person ?personLabel ?eeID ?genealogicsID WHERE {
  ?person wdt:[property:Electronic Enlightenment ID] ?eeID .
  ?person wdt:[property:Genealogics person ID] ?genealogicsID .
  SERVICE wikibase:label { bd:serviceParam wikibase:language ""en"". }
}","SELECT ?person ?personLabel ?eeID ?genealogicsID WHERE {
  ?person wdt:P3429 ?eeID .
  ?person wdt:[property:Genealogics person ID] ?genealogicsID .
  SERVICE wikibase:label { bd:serviceParam wikibase:language ""en"". }
}",True,False,False,no_query,0.0
2272,simple,List all places dedicated to St. John the Baptist.,"SELECT ?place ?placeLabel WHERE {
  ?place wdt:[property:dedicated to] wd:[entity:John the Baptist] .
  SERVICE wikibase:label { bd:serviceParam wikibase:language ""en"". }
}","SELECT ?place ?placeLabel WHERE {
  ?place wdt:P825 wd:Q40662 .
  SERVICE wikibase:label { bd:serviceParam wikibase:language ""en"". }
}",True,True,True,,0.4892
362,medium,List all hillforts with coordinates that have more than 23 characters.,"SELECT ?hillfort ?hillfortLabel ?coordinates WHERE {
  ?hillfort wdt:[property:instance of] wd:[entity:hillfort] .
  ?hillfort wdt:[property:coordinate location] ?coordinates .
  FILTER(STRLEN(STR(?coordinates)) > 23)
  SERVICE wikibase:label { bd:serviceParam wikibase:language ""en"". }
}","SELECT ?hillfort ?hillfortLabel ?coordinates WHERE {
  ?hillfort wdt:P31 wd:Q744099 .
  ?hillfort wdt:P625 ?coordinates .
  FILTER(STRLEN(STR(?coordinates)) > 23)
  SERVICE wikibase:label { bd:serviceParam wikibase:language ""en"". }
}",True,True,True,,0.0164
273,medium,Find images of people whose archives are stored at Pitt Rivers Museum.,"SELECT DISTINCT ?person ?personLabel ?image WHERE {
  ?person wdt:[property:archives at] wd:[entity:Pitt Rivers Museum] .
  ?person wdt:[property:image] ?image .
  SERVICE wikibase:label { bd:serviceParam wikibase:language ""en"". }
}","SELECT DISTINCT ?person ?personLabel ?image WHERE {
  ?person wdt:P485 wd:Q1456119 .
  ?person wdt:P18 ?image .
  SERVICE wikibase:label { bd:serviceParam wikibase:language ""en"". }
}",True,True,True,,0.3448
1993,medium,List national anthems by their tonality.,"SELECT ?anthem ?anthemLabel ?tonality ?tonalityLabel WHERE {
  ?anthem wdt:[property:instance of] wd:[entity:national anthem] .
  ?anthem wdt:[property:tonality] ?tonality .
  SERVICE wikibase:label { bd:serviceParam wikibase:language ""en"". }
}
ORDER BY ?tonalityLabel","SELECT ?anthem ?anthemLabel ?tonality ?tonalityLabel WHERE {
  ?anthem wdt:P31 wd:Q23691 .
  ?anthem wdt:P826 ?tonality .
  SERVICE wikibase:label { bd:serviceParam wikibase:language ""en"". }
}
ORDER BY ?tonalityLabel",True,True,True,,0.0
1204,medium,Show me a map of libraries located in Austria.,"SELECT ?library ?libraryLabel ?coord WHERE {
  ?library wdt:[property:instance of] wd:[entity:library] .
  ?library wdt:[property:country] wd:[entity:Austria] .
  ?library wdt:[property:coordinate location] ?coord .
  SERVICE wikibase:label { bd:serviceParam wikibase:language ""en"". }
}","SELECT ?library ?libraryLabel ?coord WHERE {
  ?library wdt:P31 wd:Q7075 .
  ?library wdt:P17 wd:Q40 .
  ?library wdt:[property:coordinate location] ?coord .
  SERVICE wikibase:label { bd:serviceParam wikibase:language ""en"". }
}",True,False,False,no_query,0.0
708,complex,Find scholarly articles with 'Zika' in their title.,"SELECT ?article ?articleLabel WHERE {
  ?article wdt:[property:instance of] wd:[entity:scholarly article] .
  ?article wdt:[property:title] ?title .
  FILTER(CONTAINS(?title, ""Zika""))
  SERVICE wikibase:label { bd:serviceParam wikibase:language ""en"". }
}","SELECT ?article ?articleLabel WHERE {
  ?article wdt:P31 wd:Q13442814 .
  ?article wdt:P1476 ?title .
  FILTER(CONTAINS(?title, ""Zika""))
  SERVICE wikibase:label { bd:serviceParam wikibase:language ""en"". }
}",True,True,False,timeout,0.0
1801,medium,Show a line graph of COVID-19 cases over time for each state in India.,"SELECT ?date ?cases ?stateLabel WHERE {
  ?record wdt:[property:instance of] wd:[entity:COVID-19 pandemic in a geographic region] ;
          wdt:[property:location] ?state .
  ?state wdt:[property:instance of] wd:[entity:state of India] .
  ?record p:[property:number of cases] ?statement .
  ?statement ps:[property:number of cases] ?cases ;
             pq:[property:point in time] ?date .
  SERVICE wikibase:label { bd:serviceParam wikibase:language ""en"". }
}
ORDER BY ?date","SELECT ?date ?cases ?stateLabel WHERE {
  ?record wdt:P31 wd:[entity:COVID-19 pandemic in a geographic region] ;
          wdt:P276 ?state .
  ?state wdt:P31 wd:Q12443800 .
  ?record p:P1603 ?statement .
  ?statement ps:P1603 ?cases ;
             pq:P585 ?date .
  SERVICE wikibase:label { bd:serviceParam wikibase:language ""en"". }
}
ORDER BY ?date",True,False,False,no_query,0.0
2206,medium,List all women with featured articles on English Wikipedia.,"SELECT DISTINCT ?person ?personLabel WHERE {
  ?person wdt:[property:sex or gender] wd:[entity:female] .
  ?person wdt:[property:instance of] wd:[entity:human] .
  ?article schema:about ?person ;
           schema:isPartOf <https://en.wikipedia.org/> ;
           wikibase:badge wd:[entity:Wikipedia featured article] .
  SERVICE wikibase:label { bd:serviceParam wikibase:language ""en"". }
}","SELECT DISTINCT ?person ?personLabel WHERE {
  ?person wdt:P21 wd:Q6581072 .
  ?person wdt:P31 wd:Q5 .
  ?article schema:about ?person ;
           schema:isPartOf <https://en.wikipedia.org/> ;
           wikibase:badge wd:Q21163207 .
  SERVICE wikibase:label { bd:serviceParam wikibase:language ""en"". }
}",True,True,True,,1.0
2101,complex,Find the artist born between 1880 and 1944 with a given name starting with 'D' and family name starting with 'K'.,"SELECT DISTINCT ?artist ?artistLabel WHERE {
  ?artist wdt:[property:occupation] wd:[entity:artist] .
  ?artist wdt:[property:date of birth] ?dob .
  ?artist wdt:[property:given name] ?givenName .
  ?artist wdt:[property:family name] ?familyName .
  ?givenName rdfs:label ?givenNameLabel .
  ?familyName rdfs:label ?familyNameLabel .
  FILTER(LANG(?givenNameLabel) = ""en"")
  FILTER(LANG(?familyNameLabel) = ""en"")
  FILTER(STRSTARTS(?givenNameLabel, ""D""))
  FILTER(STRSTARTS(?familyNameLabel, ""K""))
  FILTER(YEAR(?dob) >= 1880 && YEAR(?dob) <= 1944)
  SERVICE wikibase:label { bd:serviceParam wikibase:language ""en"". }
}","SELECT DISTINCT ?artist ?artistLabel WHERE {
  ?artist wdt:P106 wd:Q483501 .
  ?artist wdt:P569 ?dob .
  ?artist wdt:P735 ?givenName .
  ?artist wdt:P734 ?familyName .
  ?givenName rdfs:label ?givenNameLabel .
  ?familyName rdfs:label ?familyNameLabel .
  FILTER(LANG(?givenNameLabel) = ""en"")
  FILTER(LANG(?familyNameLabel) = ""en"")
  FILTER(STRSTARTS(?givenNameLabel, ""D""))
  FILTER(STRSTARTS(?familyNameLabel, ""K""))
  FILTER(YEAR(?dob) >= 1880 && YEAR(?dob) <= 1944)
  SERVICE wikibase:label { bd:serviceParam wikibase:language ""en"". }
}",True,True,True,,0.0
295,simple,Show me pictures of astrolabes from different collections.,"SELECT ?astrolabe ?astrolabeLabel ?collection ?collectionLabel ?image WHERE {
  ?astrolabe wdt:[property:instance of] wd:[entity:astrolabe] .
  ?astrolabe wdt:[property:collection] ?collection .
  ?astrolabe wdt:[property:image] ?image .
  SERVICE wikibase:label { bd:serviceParam wikibase:language ""en"" . }
}","SELECT ?astrolabe ?astrolabeLabel ?collection ?collectionLabel ?image WHERE {
  ?astrolabe wdt:P31 wd:Q164992 .
  ?astrolabe wdt:P195 ?collection .
  ?astrolabe wdt:P18 ?image .
  SERVICE wikibase:label { bd:serviceParam wikibase:language ""en"" . }
}",True,True,True,,0.9308
2633,complex,What are the average weights and heights of athletes in different Olympic sports?,"SELECT ?sport ?sportLabel (AVG(?weight) AS ?avgWeight) (AVG(?height) AS ?avgHeight) WHERE {
  ?athlete wdt:[property:instance of] wd:[entity:human] .
  ?athlete wdt:[property:sport] ?sport .
  ?sport wdt:[property:instance of] wd:[entity:Olympic sport] .
  ?athlete wdt:[property:mass] ?weight .
  ?athlete wdt:[property:height] ?height .
  SERVICE wikibase:label { bd:serviceParam wikibase:language ""en"". }
}
GROUP BY ?sport ?sportLabel
ORDER BY ?sportLabel","SELECT ?sport ?sportLabel (AVG(?weight) AS ?avgWeight) (AVG(?height) AS ?avgHeight) WHERE {
  ?athlete wdt:P31 wd:Q5 .
  ?athlete wdt:P641 ?sport .
  ?sport wdt:P31 wd:Q212434 .
  ?athlete wdt:P2067 ?weight .
  ?athlete wdt:P2048 ?height .
  SERVICE wikibase:label { bd:serviceParam wikibase:language ""en"". }
}
GROUP BY ?sport ?sportLabel
ORDER BY ?sportLabel",True,True,True,,0.0
733,simple,List the top 10 countries by population.,"SELECT ?country ?countryLabel ?population WHERE {
  ?country wdt:[property:instance of] wd:[entity:sovereign state] .
  ?country wdt:[property:population] ?population .
  SERVICE wikibase:label { bd:serviceParam wikibase:language ""en"" . }
}
ORDER BY DESC(?population)
LIMIT 10","SELECT ?country ?countryLabel ?population WHERE {
  ?country wdt:P31 wd:Q3624078 .
  ?country wdt:P1082 ?population .
  SERVICE wikibase:label { bd:serviceParam wikibase:language ""en"" . }
}
ORDER BY DESC(?population)
LIMIT 10",True,True,True,,0.0
540,medium,List all cities and towns in Denmark along with their population and OSM relation IDs.,"SELECT ?place ?placeLabel ?population ?osmRelationId WHERE {
  ?place wdt:[property:instance of]/wdt:[property:subclass of]* wd:[entity:human settlement] .
  ?place wdt:[property:country] wd:[entity:Denmark] .
  OPTIONAL { ?place wdt:[property:population] ?population . }
  OPTIONAL { ?place wdt:[property:OpenStreetMap relation ID] ?osmRelationId . }
  SERVICE wikibase:label { bd:serviceParam wikibase:language ""en"". }
}","SELECT ?place ?placeLabel ?population ?osmRelationId WHERE {
  ?place wdt:P31/wdt:P279* wd:Q486972 .
  ?place wdt:P17 wd:Q35 .
  OPTIONAL { ?place wdt:P1082 ?population . }
  OPTIONAL { ?place wdt:P402 ?osmRelationId . }
  SERVICE wikibase:label { bd:serviceParam wikibase:language ""en"". }
}",True,True,True,,0.0152
1086,medium,List computer scientists along with their dates of birth.,"SELECT ?person ?personLabel ?dob WHERE {
  ?person wdt:[property:occupation] wd:[entity:computer scientist] .
  ?person wdt:[property:date of birth] ?dob .
  SERVICE wikibase:label { bd:serviceParam wikibase:language ""en"". }
}","SELECT ?person ?personLabel ?dob WHERE {
  ?person wdt:P106 wd:Q82594 .
  ?person wdt:P569 ?dob .
  SERVICE wikibase:label { bd:serviceParam wikibase:language ""en"". }
}",True,True,True,,0.7117
2709,complex,List the Mastodon instances with the most users according to Wikidata.,"SELECT ?instance ?instanceLabel ?users WHERE {
  ?instance wdt:[property:instance of] wd:[entity:Mastodon instance] .
  ?instance wdt:[property:number of users] ?users .
  SERVICE wikibase:label { bd:serviceParam wikibase:language ""en"". }
}
ORDER BY DESC(?users)
LIMIT 20","SELECT ?instance ?instanceLabel ?users WHERE {
  ?instance wdt:P31 wd:Q72705885 .
  ?instance wdt:P1833 ?users .
  SERVICE wikibase:label { bd:serviceParam wikibase:language ""en"". }
}
ORDER BY DESC(?users)
LIMIT 20",True,True,True,,0.0
2282,complex,How many public toilets are there in each administrative unit of Wales?,"SELECT ?admin ?adminLabel (COUNT(?toilet) AS ?count) WHERE {
  ?toilet wdt:[property:instance of] wd:[entity:public toilet].
  ?toilet wdt:[property:located in the administrative territorial entity] ?admin.
  ?admin wdt:[property:located in the administrative territorial entity]* wd:[entity:Wales].
  SERVICE wikibase:label { bd:serviceParam wikibase:language ""en"". }
}
GROUP BY ?admin ?adminLabel
ORDER BY DESC(?count)","SELECT ?admin ?adminLabel (COUNT(?toilet) AS ?count) WHERE {
  ?toilet wdt:P31 wd:Q813966.
  ?toilet wdt:P131 ?admin.
  ?admin wdt:P131* wd:Q25.
  SERVICE wikibase:label { bd:serviceParam wikibase:language ""en"". }
}
GROUP BY ?admin ?adminLabel
ORDER BY DESC(?count)",True,True,True,,0.1902
948,complex,What are some popular cocktails and their ingredients?,"SELECT ?cocktail ?cocktailLabel ?ingredient ?ingredientLabel WHERE {
  ?cocktail wdt:[property:instance of] wd:[entity:cocktail] .
  ?cocktail wdt:[property:has part or parts] ?ingredient .
  SERVICE wikibase:label { bd:serviceParam wikibase:language ""en"". }
}
LIMIT 100","SELECT ?cocktail ?cocktailLabel ?ingredient ?ingredientLabel WHERE {
  ?cocktail wdt:P31 wd:Q134768 .
  ?cocktail wdt:P527 ?ingredient .
  SERVICE wikibase:label { bd:serviceParam wikibase:language ""en"". }
}
LIMIT 100",True,True,True,,0.0062
79,medium,List all poems written by Florence Earle Coates.,"SELECT ?poem ?poemLabel WHERE {
  ?poem wdt:[property:instance of] wd:[entity:poem] .
  ?poem wdt:[property:author] wd:[entity:Florence Earle Coates] .
  SERVICE wikibase:label { bd:serviceParam wikibase:language ""en"". }
}","SELECT ?poem ?poemLabel WHERE {
  ?poem wdt:P31 wd:Q5185279 .
  ?poem wdt:P50 wd:Q5460603 .
  SERVICE wikibase:label { bd:serviceParam wikibase:language ""en"". }
}",True,True,True,,0.0
1108,medium,List all weather satellites with their launch dates.,"SELECT ?satellite ?satelliteLabel ?launchDate WHERE {
  ?satellite wdt:[property:instance of] wd:[entity:weather satellite] .
  OPTIONAL { ?satellite wdt:[property:time of spacecraft launch] ?launchDate . }
  SERVICE wikibase:label { bd:serviceParam wikibase:language ""en"". }
}
ORDER BY ?launchDate","SELECT ?satellite ?satelliteLabel ?launchDate WHERE {
  ?satellite wdt:P31 wd:Q209363 .
  OPTIONAL { ?satellite wdt:P619 ?launchDate . }
  SERVICE wikibase:label { bd:serviceParam wikibase:language ""en"". }
}
ORDER BY ?launchDate",True,True,True,,0.7806
835,complex,List all chemical elements with their minimum and maximum neutron count.,"SELECT ?element ?elementLabel ?minNeutrons ?maxNeutrons WHERE {
  ?element wdt:[property:instance of] wd:[entity:chemical element] .
  OPTIONAL { ?element wdt:[property:minimal number of neutrons] ?minNeutrons . }
  OPTIONAL { ?element wdt:[property:maximum number of neutrons] ?maxNeutrons . }
  SERVICE wikibase:label { bd:serviceParam wikibase:language ""en"". }
}","SELECT ?element ?elementLabel ?minNeutrons ?maxNeutrons WHERE {
  ?element wdt:P31 wd:Q11344 .
  OPTIONAL { ?element wdt:[property:minimal number of neutrons] ?minNeutrons . }
  OPTIONAL { ?element wdt:[property:maximum number of neutrons] ?maxNeutrons . }
  SERVICE wikibase:label { bd:serviceParam wikibase:language ""en"". }
}",True,False,False,no_query,0.0
1060,complex,List the UK Parliament members with mythical ancestors.,"SELECT DISTINCT ?person ?personLabel WHERE {
  ?person wdt:[property:position held] wd:[entity:Member of Parliament of the United Kingdom] .
  ?person wdt:[property:ancestor] ?ancestor .
  ?ancestor wdt:[property:instance of] wd:[entity:mythical character] .
  SERVICE wikibase:label { bd:serviceParam wikibase:language ""en"". }
}","SELECT DISTINCT ?person ?personLabel WHERE {
  ?person wdt:P39 wd:Q18952564 .
  ?person wdt:P1038 ?ancestor .
  ?ancestor wdt:P31 wd:Q4271324 .
  SERVICE wikibase:label { bd:serviceParam wikibase:language ""en"". }
}",True,True,True,,0.0
112,medium,List all countries with a featured article on Russian Wikipedia.,"SELECT DISTINCT ?country ?countryLabel WHERE {
  ?country wdt:[property:instance of] wd:[entity:country] .
  ?article schema:about ?country ;
           schema:isPartOf <https://ru.wikipedia.org/> ;
           wikibase:badge wd:[entity:featured article badge] .
  SERVICE wikibase:label { bd:serviceParam wikibase:language ""en"". }
}","SELECT DISTINCT ?country ?countryLabel WHERE {
  ?country wdt:P31 wd:Q6256 .
  ?article schema:about ?country ;
           schema:isPartOf <https://ru.wikipedia.org/> ;
           wikibase:badge wd:Q17437796 .
  SERVICE wikibase:label { bd:serviceParam wikibase:language ""en"". }
}",True,True,True,,0.0
2629,complex,List online accounts used by Chinese people.,"SELECT DISTINCT ?person ?personLabel ?account WHERE {
  ?person wdt:[property:country of citizenship] wd:[entity:China] .
  ?person wdt:[property:instance of] wd:[entity:human] .
  ?person wdt:[property:social media followers] ?followers .
  OPTIONAL { ?person wdt:[property:official website] ?account . }
  SERVICE wikibase:label { bd:serviceParam wikibase:language ""en"". }
}","SELECT DISTINCT ?person ?personLabel ?account WHERE {
  ?person wdt:P27 wd:Q148 .
  ?person wdt:P31 wd:Q5 .
  ?person wdt:P8687 ?followers .
  OPTIONAL { ?person wdt:P856 ?account . }
  SERVICE wikibase:label { bd:serviceParam wikibase:language ""en"". }
}",True,True,True,,0.0
464,medium,List people born today.,"SELECT DISTINCT ?person ?personLabel WHERE {
  ?person wdt:[property:instance of] wd:[entity:human].
  ?person wdt:[property:date of birth] ?dob.
  FILTER(MONTH(?dob) = MONTH(NOW()) && DAY(?dob) = DAY(NOW()))
  SERVICE wikibase:label { bd:serviceParam wikibase:language ""en"". }
}","SELECT DISTINCT ?person ?personLabel WHERE {
  ?person wdt:P31 wd:Q5.
  ?person wdt:P569 ?dob.
  FILTER(MONTH(?dob) = MONTH(NOW()) && DAY(?dob) = DAY(NOW()))
  SERVICE wikibase:label { bd:serviceParam wikibase:language ""en"". }
}",True,True,True,,0.0087
318,medium,List all people without images who have an Electronic Enlightenment ID.,"SELECT ?person ?personLabel WHERE {
  ?person wdt:[property:instance of] wd:[entity:human] .
  ?person wdt:[property:Electronic Enlightenment ID] ?eeId .
  FILTER NOT EXISTS { ?person wdt:[property:image] ?image . }
  SERVICE wikibase:label { bd:serviceParam wikibase:language ""en"". }
}","SELECT ?person ?personLabel WHERE {
  ?person wdt:P31 wd:Q5 .
  ?person wdt:P3429 ?eeId .
  FILTER NOT EXISTS { ?person wdt:P18 ?image . }
  SERVICE wikibase:label { bd:serviceParam wikibase:language ""en"". }
}",True,True,True,,0.3256
1962,complex,What is the youngest age of UK MPs who left office since 1900?,"SELECT (MIN(?age) AS ?youngestAge) WHERE {
  ?person wdt:[property:position held] ?statement .
  ?person p:[property:position held] ?ps .
  ?ps ps:[property:position held] wd:[entity:Member of Parliament of the United Kingdom] .
  ?ps pq:[property:end time] ?endTime .
  ?person wdt:[property:date of birth] ?dob .
  FILTER(YEAR(?endTime) >= 1900)
  BIND((?endTime - ?dob) / 365.25 AS ?age)
}","SELECT (MIN(?age) AS ?youngestAge) WHERE {
  ?person wdt:P39 ?statement .
  ?person p:P39 ?ps .
  ?ps ps:P39 wd:Q18952564 .
  ?ps pq:P582 ?endTime .
  ?person wdt:P569 ?dob .
  FILTER(YEAR(?endTime) >= 1900)
  BIND((?endTime - ?dob) / 365.25 AS ?age)
}",True,True,True,,1.0
2362,complex,List the workplaces of authors from South America who have published on Wikidata.,"SELECT DISTINCT ?workplace ?workplaceLabel WHERE {
  ?author wdt:[property:instance of] wd:[entity:human] .
  ?author wdt:[property:occupation] wd:[entity:writer] .
  ?author wdt:[property:country of citizenship] ?country .
  ?country wdt:[property:continent] wd:[entity:South America] .
  ?author wdt:[property:work location] ?workplace .
  ?work wdt:[property:author] ?author .
  ?work wdt:[property:published in] wd:[entity:Wikidata] .
  SERVICE wikibase:label { bd:serviceParam wikibase:language ""en"". }
}","SELECT DISTINCT ?workplace ?workplaceLabel WHERE {
  ?author wdt:P31 wd:Q5 .
  ?author wdt:P106 wd:Q36180 .
  ?author wdt:P27 ?country .
  ?country wdt:P30 wd:Q18 .
  ?author wdt:P937 ?workplace .
  ?work wdt:P50 ?author .
  ?work wdt:P6872 wd:Q2013 .
  SERVICE wikibase:label { bd:serviceParam wikibase:language ""en"". }
}",True,True,True,,1.0
998,medium,List the documents with more than one signatory.,"SELECT ?document WHERE {
  ?document wdt:[property:signatory] ?signatory .
}
GROUP BY ?document
HAVING (COUNT(?signatory) > 1)","SELECT ?document WHERE {
  ?document wdt:P1891 ?signatory .
}
GROUP BY ?document
HAVING (COUNT(?signatory) > 1)",True,True,True,,0.9845
2457,complex,List all medieval universities along with their founding dates.,"SELECT ?university ?universityLabel ?foundingDate WHERE {
  ?university wdt:[property:instance of] wd:[entity:medieval university] .
  OPTIONAL { ?university wdt:[property:inception] ?foundingDate . }
  SERVICE wikibase:label { bd:serviceParam wikibase:language ""en"". }
}
ORDER BY ?foundingDate","SELECT ?university ?universityLabel ?foundingDate WHERE {
  ?university wdt:P31 wd:Q1143413 .
  OPTIONAL { ?university wdt:P571 ?foundingDate . }
  SERVICE wikibase:label { bd:serviceParam wikibase:language ""en"". }
}
ORDER BY ?foundingDate",True,True,True,,0.0
2651,medium,"List all individuals born in Rennes, ranked by the number of links pointing to them.","SELECT ?person ?personLabel (COUNT(?sitelink) AS ?linkCount) WHERE {
  ?person wdt:[property:instance of] wd:[entity:human] .
  ?person wdt:[property:place of birth] wd:[entity:Rennes] .
  OPTIONAL { ?sitelink schema:about ?person . }
  SERVICE wikibase:label { bd:serviceParam wikibase:language ""en"". }
}
GROUP BY ?person ?personLabel
ORDER BY DESC(?linkCount)","SELECT ?person ?personLabel (COUNT(?sitelink) AS ?linkCount) WHERE {
  ?person wdt:P31 wd:Q5 .
  ?person wdt:P19 wd:Q647 .
  OPTIONAL { ?sitelink schema:about ?person . }
  SERVICE wikibase:label { bd:serviceParam wikibase:language ""en"". }
}
GROUP BY ?person ?personLabel
ORDER BY DESC(?linkCount)",True,True,True,,0.9574
1502,medium,List Christmas traditions with their coordinates.,"SELECT ?tradition ?traditionLabel ?coordinates WHERE {
  ?tradition wdt:[property:instance of] wd:[entity:Christmas tradition] .
  OPTIONAL { ?tradition wdt:[property:coordinate location] ?coordinates . }
  SERVICE wikibase:label { bd:serviceParam wikibase:language ""en"". }
}","SELECT ?tradition ?traditionLabel ?coordinates WHERE {
  ?tradition wdt:P31 wd:Q717040 .
  OPTIONAL { ?tradition wdt:P625 ?coordinates . }
  SERVICE wikibase:label { bd:serviceParam wikibase:language ""en"". }
}",True,True,True,,0.0176
1905,complex,List all statues and monuments dedicated to slave owners or traders.,"SELECT DISTINCT ?item ?itemLabel WHERE {
  ?item wdt:[property:instance of]/wdt:[property:subclass of]* ?type .
  VALUES ?type { wd:[entity:statue] wd:[entity:monument] }
  ?item wdt:[property:commemorates] ?person .
  {
    ?person wdt:[property:occupation] wd:[entity:slave trader] .
  } UNION {
    ?person wdt:[property:occupation] wd:[entity:slave owner] .
  }
  SERVICE wikibase:label { bd:serviceParam wikibase:language ""en"". }
}","SELECT DISTINCT ?item ?itemLabel WHERE {
  ?item wdt:P31/wdt:P279* ?type .
  VALUES ?type { wd:Q179700 wd:Q4989906 }
  ?item wdt:P547 ?person .
  {
    ?person wdt:P106 wd:Q17769800 .
  } UNION {
    ?person wdt:P106 wd:Q10076267 .
  }
  SERVICE wikibase:label { bd:serviceParam wikibase:language ""en"". }
}",True,True,True,,0.0226
355,complex,List all hillforts with their Atlas of Hillforts ID and a link to their Wikipedia page.,"SELECT ?hillfort ?hillfortLabel ?atlasID ?article WHERE {
  ?hillfort wdt:[property:Atlas of Hillforts ID] ?atlasID .
  OPTIONAL {
    ?article schema:about ?hillfort ;
             schema:isPartOf <https://en.wikipedia.org/> .
  }
  SERVICE wikibase:label { bd:serviceParam wikibase:language ""en"". }
}","SELECT ?hillfort ?hillfortLabel ?atlasID ?article WHERE {
  ?hillfort wdt:P4102 ?atlasID .
  OPTIONAL {
    ?article schema:about ?hillfort ;
             schema:isPartOf <https://en.wikipedia.org/> .
  }
  SERVICE wikibase:label { bd:serviceParam wikibase:language ""en"". }
}",True,True,True,,0.0875
2750,complex,Show a map of different types of disasters.,"SELECT ?item ?itemLabel ?coord WHERE {
  ?item wdt:[property:instance of]/wdt:[property:subclass of]* wd:[entity:disaster] .
  ?item wdt:[property:coordinate location] ?coord .
  SERVICE wikibase:label { bd:serviceParam wikibase:language ""[AUTO_LANGUAGE],en"". }
}","SELECT ?item ?itemLabel ?coord WHERE {
  ?item wdt:P31/wdt:P279* wd:Q3839081 .
  ?item wdt:P625 ?coord .
  SERVICE wikibase:label { bd:serviceParam wikibase:language ""[AUTO_LANGUAGE],en"". }
}",True,True,True,,0.8506
163,complex,List all monasteries in the United Kingdom.,"SELECT DISTINCT ?monastery ?monasteryLabel WHERE {
  ?monastery wdt:[property:instance of] wd:[entity:monastery] .
  ?monastery wdt:[property:country] wd:[entity:United Kingdom] .
  SERVICE wikibase:label { bd:serviceParam wikibase:language ""en"". }
}","SELECT DISTINCT ?monastery ?monasteryLabel WHERE {
  ?monastery wdt:P31 wd:Q44613 .
  ?monastery wdt:P17 wd:Q145 .
  SERVICE wikibase:label { bd:serviceParam wikibase:language ""en"". }
}",True,True,True,,0.0
2531,complex,Find texts that have links to both English and French Wikisources.,"SELECT DISTINCT ?text ?textLabel WHERE {
  ?enArticle schema:about ?text ;
             schema:isPartOf <https://en.wikisource.org/> .
  ?frArticle schema:about ?text ;
             schema:isPartOf <https://fr.wikisource.org/> .
  SERVICE wikibase:label { bd:serviceParam wikibase:language ""en"". }
}","SELECT DISTINCT ?text ?textLabel WHERE {
  ?enArticle schema:about ?text ;
             schema:isPartOf <https://en.wikisource.org/> .
  ?frArticle schema:about ?text ;
             schema:isPartOf <https://fr.wikisource.org/> .
  SERVICE wikibase:label { bd:serviceParam wikibase:language ""en"". }
}",True,True,True,,0.0
883,simple,List all the dates of Irish general elections.,"SELECT ?election ?electionLabel ?date WHERE {
  ?election wdt:[property:instance of] wd:[entity:Irish general election] .
  OPTIONAL { ?election wdt:[property:point in time] ?date . }
  SERVICE wikibase:label { bd:serviceParam wikibase:language ""en"". }
}
ORDER BY ?date","SELECT ?election ?electionLabel ?date WHERE {
  ?election wdt:P31 wd:Q22266583 .
  OPTIONAL { ?election wdt:P585 ?date . }
  SERVICE wikibase:label { bd:serviceParam wikibase:language ""en"". }
}
ORDER BY ?date",True,True,True,,0.4559
2505,complex,What is the latest Twitter follower count for different programming languages?,"SELECT ?language ?languageLabel ?followers ?date WHERE {
  ?language wdt:[property:instance of] wd:[entity:programming language] .
  ?language p:[property:Twitter username] ?statement .
  ?statement pq:[property:number of subscribers] ?followers .
  ?statement pq:[property:point in time] ?date .
  SERVICE wikibase:label { bd:serviceParam wikibase:language ""en"" . }
}
ORDER BY DESC(?date)","SELECT ?language ?languageLabel ?followers ?date WHERE {
  ?language wdt:P31 wd:Q9143 .
  ?language p:P2002 ?statement .
  ?statement pq:P8687 ?followers .
  ?statement pq:P585 ?date .
  SERVICE wikibase:label { bd:serviceParam wikibase:language ""en"" . }
}
ORDER BY DESC(?date)",True,True,True,,1.0
2122,complex,List examples of Bengali words with their usage.,"SELECT ?word ?wordLabel ?usage WHERE {
  ?word wdt:[property:language of work or name] wd:[entity:Bengali] .
  OPTIONAL { ?word wdt:[property:usage] ?usage . }
  SERVICE wikibase:label { bd:serviceParam wikibase:language ""en,bn"". }
}
LIMIT 100","SELECT ?word ?wordLabel ?usage WHERE {
  ?word wdt:P407 wd:Q9610 .
  OPTIONAL { ?word wdt:P5831 ?usage . }
  SERVICE wikibase:label { bd:serviceParam wikibase:language ""en,bn"". }
}
LIMIT 100",True,True,True,,0.0
1000,complex,List all historic landmarks outside the United States that are registered in the National Register of Historic Places.,"SELECT DISTINCT ?landmark ?landmarkLabel WHERE {
  ?landmark wdt:[property:heritage designation] wd:[entity:National Register of Historic Places] .
  ?landmark wdt:[property:country] ?country .
  FILTER(?country != wd:[entity:United States of America])
  SERVICE wikibase:label { bd:serviceParam wikibase:language ""en"". }
}","SELECT DISTINCT ?landmark ?landmarkLabel WHERE {
  ?landmark wdt:P1435 wd:Q3719 .
  ?landmark wdt:P17 ?country .
  FILTER(?country != wd:Q30)
  SERVICE wikibase:label { bd:serviceParam wikibase:language ""en"". }
}",True,True,True,,0.0
537,complex,List all sovereign states that are members of the United Nations.,"SELECT ?state ?stateLabel WHERE {
  ?state wdt:[property:instance of] wd:[entity:sovereign state] .
  ?state wdt:[property:member of] wd:[entity:United Nations] .
  SERVICE wikibase:label { bd:serviceParam wikibase:language ""en"". }
}","SELECT ?state ?stateLabel WHERE {
  ?state wdt:P31 wd:Q3624078 .
  ?state wdt:P463 wd:Q1065 .
  SERVICE wikibase:label { bd:serviceParam wikibase:language ""en"". }
}",True,True,True,,0.9897
1152,medium,List all the suffragettes around the world along with their birthplaces and coordinates.,"SELECT DISTINCT ?suffragette ?suffragetteLabel ?birthplace ?birthplaceLabel ?coordinates WHERE {
  ?suffragette wdt:[property:occupation] wd:[entity:suffragette] .
  OPTIONAL {
    ?suffragette wdt:[property:place of birth] ?birthplace .
    OPTIONAL { ?birthplace wdt:[property:coordinate location] ?coordinates . }
  }
  SERVICE wikibase:label { bd:serviceParam wikibase:language ""en"". }
}","SELECT DISTINCT ?suffragette ?suffragetteLabel ?birthplace ?birthplaceLabel ?coordinates WHERE {
  ?suffragette wdt:P106 wd:Q322170 .
  OPTIONAL {
    ?suffragette wdt:P19 ?birthplace .
    OPTIONAL { ?birthplace wdt:P625 ?coordinates . }
  }
  SERVICE wikibase:label { bd:serviceParam wikibase:language ""en"". }
}",True,True,True,,0.3053
2285,medium,Show me a map of outdoor gyms in Sweden.,"SELECT ?item ?itemLabel ?coord WHERE {
  ?item wdt:[property:instance of] wd:[entity:outdoor gym] .
  ?item wdt:[property:country] wd:[entity:Sweden] .
  ?item wdt:[property:coordinate location] ?coord .
  SERVICE wikibase:label { bd:serviceParam wikibase:language ""en"". }
}","SELECT ?item ?itemLabel ?coord WHERE {
  ?item wdt:P31 wd:Q692630 .
  ?item wdt:P17 wd:Q34 .
  ?item wdt:P625 ?coord .
  SERVICE wikibase:label { bd:serviceParam wikibase:language ""en"". }
}",True,True,True,,0.5462
1622,medium,"Find street signs in Rennes, France.","SELECT ?item ?itemLabel WHERE {
  ?item wdt:[property:instance of] wd:[entity:street sign] .
  ?item wdt:[property:location] ?location .
  ?location wdt:[property:located in the administrative territorial entity]* wd:[entity:Rennes] .
  SERVICE wikibase:label { bd:serviceParam wikibase:language ""en,fr"". }
}","SELECT ?item ?itemLabel WHERE {
  ?item wdt:P31 wd:Q1969455 .
  ?item wdt:P276 ?location .
  ?location wdt:P131* wd:Q647 .
  SERVICE wikibase:label { bd:serviceParam wikibase:language ""en,fr"". }
}",True,True,True,,0.0
156,simple,List all the taxa that are at the same level as Mammal in a taxonomy.,"SELECT ?taxon ?taxonLabel WHERE {
  wd:[entity:Mammal] wdt:[property:parent taxon] ?parent ;
                     wdt:[property:taxon rank] ?rank .
  ?taxon wdt:[property:parent taxon] ?parent ;
         wdt:[property:taxon rank] ?rank .
  SERVICE wikibase:label { bd:serviceParam wikibase:language ""en"". }
}","SELECT ?taxon ?taxonLabel WHERE {
  wd:Q7377 wdt:P171 ?parent ;
                     wdt:P105 ?rank .
  ?taxon wdt:P171 ?parent ;
         wdt:P105 ?rank .
  SERVICE wikibase:label { bd:serviceParam wikibase:language ""en"". }
}",True,True,True,,0.0004
561,medium,List all 355 municipalities in the Netherlands along with their geo coordinates and provinces.,,,False,False,False,no_query,0.0
1888,complex,What are the points of interest near St. Jakobus church in Pesterwitz?,"SELECT ?poi ?poiLabel WHERE {
  wd:[entity:St. Jakobus] wdt:[property:coordinate location] ?loc .
  SERVICE wikibase:around {
    ?poi wdt:[property:coordinate location] ?poiLoc .
    bd:serviceParam wikibase:center ?loc .
    bd:serviceParam wikibase:radius ""1"" .
  }
  SERVICE wikibase:label { bd:serviceParam wikibase:language ""en"". }
}","SELECT ?poi ?poiLabel WHERE {
  wd:Q112903 wdt:P625 ?loc .
  SERVICE wikibase:around {
    ?poi wdt:P625 ?poiLoc .
    bd:serviceParam wikibase:center ?loc .
    bd:serviceParam wikibase:radius ""1"" .
  }
  SERVICE wikibase:label { bd:serviceParam wikibase:language ""en"". }
}",True,True,False,http_500,0.0
1621,complex,List all newspapers established before the year 1900 along with their Twitter hashtags.,"SELECT ?newspaper ?newspaperLabel ?hashtag WHERE {
  ?newspaper wdt:[property:instance of] wd:[entity:newspaper] .
  ?newspaper wdt:[property:inception] ?inception .
  ?newspaper wdt:[property:hashtag] ?hashtag .
  FILTER(YEAR(?inception) < 1900)
  SERVICE wikibase:label { bd:serviceParam wikibase:language ""en"". }
}","SELECT ?newspaper ?newspaperLabel ?hashtag WHERE {
  ?newspaper wdt:P31 wd:Q11032 .
  ?newspaper wdt:P571 ?inception .
  ?newspaper wdt:P2572 ?hashtag .
  FILTER(YEAR(?inception) < 1900)
  SERVICE wikibase:label { bd:serviceParam wikibase:language ""en"". }
}",True,True,True,,0.0
858,medium,List all places in Antarctica that are more than 3000 kilometers north of the South Pole.,"SELECT ?place ?placeLabel ?distance WHERE {
  ?place wdt:[property:continent] wd:[entity:Antarctica] .
  ?place wdt:[property:coordinate location] ?coord .
  BIND(geof:distance(?coord, ""Point(0 -90)""^^geo:wktLiteral) AS ?distance)
  FILTER(?distance > 3000)
  SERVICE wikibase:label { bd:serviceParam wikibase:language ""en"" . }
}
ORDER BY DESC(?distance)","SELECT ?place ?placeLabel ?distance WHERE {
  ?place wdt:P30 wd:Q51 .
  ?place wdt:P625 ?coord .
  BIND(geof:distance(?coord, ""Point(0 -90)""^^geo:wktLiteral) AS ?distance)
  FILTER(?distance > 3000)
  SERVICE wikibase:label { bd:serviceParam wikibase:language ""en"" . }
}
ORDER BY DESC(?distance)",True,True,False,http_400,0.0
2481,complex,Find statues of women in Italy and list their locations.,"SELECT ?statue ?statueLabel ?location ?locationLabel WHERE {
  ?statue wdt:[property:instance of] wd:[entity:statue] .
  ?statue wdt:[property:country] wd:[entity:Italy] .
  ?statue wdt:[property:depicts] ?person .
  ?person wdt:[property:sex or gender] wd:[entity:female] .
  ?statue wdt:[property:location] ?location .
  SERVICE wikibase:label { bd:serviceParam wikibase:language ""en"". }
}","SELECT ?statue ?statueLabel ?location ?locationLabel WHERE {
  ?statue wdt:P31 wd:Q179700 .
  ?statue wdt:P17 wd:Q38 .
  ?statue wdt:P180 ?person .
  ?person wdt:P21 wd:Q467 .
  ?statue wdt:P276 ?location .
  SERVICE wikibase:label { bd:serviceParam wikibase:language ""en"". }
}",True,True,True,,1.0
1018,complex,List the birthplaces of individuals buried in Norra Begravningsplatsen.,"SELECT DISTINCT ?birthplace ?birthplaceLabel WHERE {
  ?person wdt:[property:place of burial] wd:[entity:Norra begravningsplatsen] .
  ?person wdt:[property:place of birth] ?birthplace .
  SERVICE wikibase:label { bd:serviceParam wikibase:language ""en"". }
}","SELECT DISTINCT ?birthplace ?birthplaceLabel WHERE {
  ?person wdt:P119 wd:Q252312 .
  ?person wdt:P19 ?birthplace .
  SERVICE wikibase:label { bd:serviceParam wikibase:language ""en"". }
}",True,True,True,,0.0
496,simple,List Swedish words not included in SAOB.,"SELECT ?word ?wordLabel WHERE {
  ?word wdt:[property:instance of] wd:[entity:lexeme] .
  ?word wdt:[property:language] wd:[entity:Swedish] .
  FILTER NOT EXISTS { ?word wdt:[property:described by source] wd:[entity:Svenska Akademiens ordbok] . }
  SERVICE wikibase:label { bd:serviceParam wikibase:language ""en,sv"". }
}","SELECT ?word ?wordLabel WHERE {
  ?word wdt:P31 wd:Q111352 .
  ?word wdt:P407 wd:Q9027 .
  FILTER NOT EXISTS { ?word wdt:P1343 wd:Q1935308 . }
  SERVICE wikibase:label { bd:serviceParam wikibase:language ""en,sv"". }
}",True,True,True,,0.0
1973,complex,List all companies involved in the development or manufacturing of COVID-19 vaccine candidates that are at least in phase 1 clinical trials.,"SELECT DISTINCT ?company ?companyLabel WHERE {
  ?vaccine wdt:[property:instance of] wd:[entity:COVID-19 vaccine] .
  ?vaccine wdt:[property:manufacturer] ?company .
  SERVICE wikibase:label { bd:serviceParam wikibase:language ""en"". }
}","SELECT DISTINCT ?company ?companyLabel WHERE {
  ?vaccine wdt:P31 wd:Q87719492 .
  ?vaccine wdt:P176 ?company .
  SERVICE wikibase:label { bd:serviceParam wikibase:language ""en"". }
}",True,True,True,,0.0
1172,medium,List all emulators and the systems they can mimic.,"SELECT ?emulator ?emulatorLabel ?system ?systemLabel WHERE {
  ?emulator wdt:[property:instance of] wd:[entity:emulator] .
  OPTIONAL { ?emulator wdt:[property:platform] ?system . }
  SERVICE wikibase:label { bd:serviceParam wikibase:language ""en"". }
}","SELECT ?emulator ?emulatorLabel ?system ?systemLabel WHERE {
  ?emulator wdt:P31 wd:Q202871 .
  OPTIONAL { ?emulator wdt:P400 ?system . }
  SERVICE wikibase:label { bd:serviceParam wikibase:language ""en"". }
}",True,True,True,,0.1979
471,medium,Find the distance between Berlin and New York in kilometers.,"SELECT ?distance WHERE {
  wd:[entity:Berlin] wdt:[property:coordinate location] ?berlinCoord .
  wd:[entity:New York City] wdt:[property:coordinate location] ?nyCoord .
  BIND(geof:distance(?berlinCoord, ?nyCoord) AS ?distance)
}","SELECT ?distance WHERE {
  wd:Q64 wdt:P625 ?berlinCoord .
  wd:Q60 wdt:P625 ?nyCoord .
  BIND(geof:distance(?berlinCoord, ?nyCoord) AS ?distance)
}",True,True,False,http_400,0.0
1741,complex,List all external identifiers from Wikidata.,"SELECT ?property ?propertyLabel WHERE {
  ?property wdt:[property:instance of] wd:[entity:Wikidata property for an identifier] .
  SERVICE wikibase:label { bd:serviceParam wikibase:language ""en"". }
}","SELECT ?property ?propertyLabel WHERE {
  ?property wdt:P31 wd:Q19847637 .
  SERVICE wikibase:label { bd:serviceParam wikibase:language ""en"". }
}",True,True,True,,0.0951
2288,medium,What is the unemployment rate in Sweden for each year?,"SELECT ?year ?rate WHERE {
  wd:[entity:Sweden] p:[property:unemployment rate] ?statement .
  ?statement ps:[property:unemployment rate] ?rate .
  ?statement pq:[property:point in time] ?date .
  BIND(YEAR(?date) AS ?year)
}
ORDER BY ?year","SELECT ?year ?rate WHERE {
  wd:Q34 p:P1198 ?statement .
  ?statement ps:P1198 ?rate .
  ?statement pq:P585 ?date .
  BIND(YEAR(?date) AS ?year)
}
ORDER BY ?year",True,True,True,,0.2867
1199,complex,List the top texts available in multiple languages on Wikisource.,"SELECT ?text ?textLabel (COUNT(DISTINCT ?language) AS ?languageCount) WHERE {
  ?text wdt:[property:instance of] wd:[entity:literary work] .
  ?text wdt:[property:language of work or name] ?language .
  SERVICE wikibase:label { bd:serviceParam wikibase:language ""en"". }
}
GROUP BY ?text ?textLabel
ORDER BY DESC(?languageCount)
LIMIT 100","SELECT ?text ?textLabel (COUNT(DISTINCT ?language) AS ?languageCount) WHERE {
  ?text wdt:P31 wd:Q7725634 .
  ?text wdt:P407 ?language .
  SERVICE wikibase:label { bd:serviceParam wikibase:language ""en"". }
}
GROUP BY ?text ?textLabel
ORDER BY DESC(?languageCount)
LIMIT 100",True,True,True,,0.0097
1142,medium,List all the birthplaces of Liverpool football players on a map.,"SELECT DISTINCT ?birthplace ?birthplaceLabel ?coord WHERE {
  ?player wdt:[property:member of sports team] wd:[entity:Liverpool F.C.] .
  ?player wdt:[property:place of birth] ?birthplace .
  ?birthplace wdt:[property:coordinate location] ?coord .
  SERVICE wikibase:label { bd:serviceParam wikibase:language ""en"". }
}","SELECT DISTINCT ?birthplace ?birthplaceLabel ?coord WHERE {
  ?player wdt:P54 wd:Q1130849 .
  ?player wdt:P19 ?birthplace .
  ?birthplace wdt:P625 ?coord .
  SERVICE wikibase:label { bd:serviceParam wikibase:language ""en"". }
}",True,True,True,,0.2117
1212,complex,List the latest video games with their corresponding sitelinks and identifiers.,"SELECT ?game ?gameLabel ?publicationDate (COUNT(DISTINCT ?sitelink) AS ?sitelinks) WHERE {
  ?game wdt:[property:instance of] wd:[entity:video game] .
  ?game wdt:[property:publication date] ?publicationDate .
  OPTIONAL {
    ?sitelink schema:about ?game .
  }
  SERVICE wikibase:label { bd:serviceParam wikibase:language ""en"". }
}
GROUP BY ?game ?gameLabel ?publicationDate
ORDER BY DESC(?publicationDate)
LIMIT 100","SELECT ?game ?gameLabel ?publicationDate (COUNT(DISTINCT ?sitelink) AS ?sitelinks) WHERE {
  ?game wdt:P31 wd:Q7889 .
  ?game wdt:P577 ?publicationDate .
  OPTIONAL {
    ?sitelink schema:about ?game .
  }
  SERVICE wikibase:label { bd:serviceParam wikibase:language ""en"". }
}
GROUP BY ?game ?gameLabel ?publicationDate
ORDER BY DESC(?publicationDate)
LIMIT 100",True,True,True,,0.0
1710,complex,List the direct descendants of Prithviraj Kapoor.,"SELECT ?descendant ?descendantLabel WHERE {
  ?descendant wdt:[property:father] wd:[entity:Prithviraj Kapoor].
  SERVICE wikibase:label { bd:serviceParam wikibase:language ""en"". }
}","SELECT ?descendant ?descendantLabel WHERE {
  ?descendant wdt:P22 wd:Q560197.
  SERVICE wikibase:label { bd:serviceParam wikibase:language ""en"". }
}",True,True,True,,0.0
2188,complex,List all Y-shaped subway lines with their endpoints.,"SELECT ?line ?lineLabel ?endpoint ?endpointLabel WHERE {
  ?line wdt:[property:instance of] wd:[entity:rapid transit] .
  ?line wdt:[property:shape] wd:[entity:Y] .
  OPTIONAL {
    ?line wdt:[property:terminus] ?endpoint .
  }
  SERVICE wikibase:label { bd:serviceParam wikibase:language ""en"". }
}","SELECT ?line ?lineLabel ?endpoint ?endpointLabel WHERE {
  ?line wdt:P31 wd:Q5503 .
  ?line wdt:P1419 wd:Q9973 .
  OPTIONAL {
    ?line wdt:P559 ?endpoint .
  }
  SERVICE wikibase:label { bd:serviceParam wikibase:language ""en"". }
}",True,True,True,,0.0
676,complex,List musicians who died at the age of 27.,"SELECT DISTINCT ?musician ?musicianLabel WHERE {
  ?musician wdt:[property:instance of] wd:[entity:human] .
  ?musician wdt:[property:occupation] wd:[entity:musician] .
  ?musician wdt:[property:date of birth] ?birth .
  ?musician wdt:[property:date of death] ?death .
  BIND(YEAR(?death) - YEAR(?birth) - IF(MONTH(?death) < MONTH(?birth) || (MONTH(?death) = MONTH(?birth) && DAY(?death) < DAY(?birth)), 1, 0) AS ?age)
  FILTER(?age = 27)
  SERVICE wikibase:label { bd:serviceParam wikibase:language ""en"". }
}","SELECT DISTINCT ?musician ?musicianLabel WHERE {
  ?musician wdt:P31 wd:Q5 .
  ?musician wdt:P106 wd:Q639669 .
  ?musician wdt:P569 ?birth .
  ?musician wdt:P570 ?death .
  BIND(YEAR(?death) - YEAR(?birth) - IF(MONTH(?death) < MONTH(?birth) || (MONTH(?death) = MONTH(?birth) && DAY(?death) < DAY(?birth)), 1, 0) AS ?age)
  FILTER(?age = 27)
  SERVICE wikibase:label { bd:serviceParam wikibase:language ""en"". }
}",True,True,True,,0.0
1420,complex,List the number of women and Johns in each UK parliament since 1992.,"SELECT ?term ?termLabel (COUNT(DISTINCT ?woman) AS ?numWomen) (COUNT(DISTINCT ?john) AS ?numJohns) WHERE {
  ?term wdt:[property:instance of] wd:[entity:term of the Parliament of the United Kingdom] .
  ?term wdt:[property:start time] ?start .
  FILTER(YEAR(?start) >= 1992)

  OPTIONAL {
    ?statementWoman ps:[property:position held] wd:[entity:Member of Parliament of the United Kingdom] .
    ?woman p:[property:position held] ?statementWoman .
    ?statementWoman pq:[property:parliamentary term] ?term .
    ?woman wdt:[property:sex or gender] wd:[entity:female] .
  }

  OPTIONAL {
    ?statementJohn ps:[property:position held] wd:[entity:Member of Parliament of the United Kingdom] .
    ?john p:[property:position held] ?statementJohn .
    ?statementJohn pq:[property:parliamentary term] ?term .
    ?john wdt:[property:given name] wd:[entity:John] .
  }

  SERVICE wikibase:label { bd:serviceParam wikibase:language ""en"". }
}
GROUP BY ?term ?termLabel
ORDER BY ?termLabel","SELECT ?term ?termLabel (COUNT(DISTINCT ?woman) AS ?numWomen) (COUNT(DISTINCT ?john) AS ?numJohns) WHERE {
  ?term wdt:P31 wd:[entity:term of the Parliament of the United Kingdom] .
  ?term wdt:P580 ?start .
  FILTER(YEAR(?start) >= 1992)

  OPTIONAL {
    ?statementWoman ps:P39 wd:Q18952564 .
    ?woman p:P39 ?statementWoman .
    ?statementWoman pq:P2937 ?term .
    ?woman wdt:P21 wd:Q6581072 .
  }

  OPTIONAL {
    ?statementJohn ps:P39 wd:Q18952564 .
    ?john p:P39 ?statementJohn .
    ?statementJohn pq:P2937 ?term .
    ?john wdt:P735 wd:Q4925477 .
  }

  SERVICE wikibase:label { bd:serviceParam wikibase:language ""en"". }
}
GROUP BY ?term ?termLabel
ORDER BY ?termLabel",True,False,False,no_query,0.0
2532,complex,What are the most popular chess openings based on their site links?,"SELECT ?opening ?openingLabel (COUNT(?sitelink) AS ?sitelinks) WHERE {
  ?opening wdt:[property:instance of] wd:[entity:chess opening] .
  ?sitelink schema:about ?opening .
  SERVICE wikibase:label { bd:serviceParam wikibase:language ""en"". }
}
GROUP BY ?opening ?openingLabel
ORDER BY DESC(?sitelinks)
LIMIT 10","SELECT ?opening ?openingLabel (COUNT(?sitelink) AS ?sitelinks) WHERE {
  ?opening wdt:P31 wd:Q103632 .
  ?sitelink schema:about ?opening .
  SERVICE wikibase:label { bd:serviceParam wikibase:language ""en"". }
}
GROUP BY ?opening ?openingLabel
ORDER BY DESC(?sitelinks)
LIMIT 10",True,True,True,,0.0
805,medium,What is the oldest software and when was it created?,"SELECT ?software ?softwareLabel ?inception WHERE {
  ?software wdt:[property:instance of] wd:[entity:software] .
  ?software wdt:[property:inception] ?inception .
  SERVICE wikibase:label { bd:serviceParam wikibase:language ""en"". }
}
ORDER BY ASC(?inception)
LIMIT 1","SELECT ?software ?softwareLabel ?inception WHERE {
  ?software wdt:P31 wd:Q7397 .
  ?software wdt:P571 ?inception .
  SERVICE wikibase:label { bd:serviceParam wikibase:language ""en"". }
}
ORDER BY ASC(?inception)
LIMIT 1",True,True,True,,0.125
1074,complex,List countries that only share borders with larger countries.,"SELECT ?country ?countryLabel WHERE {
  ?country wdt:[property:instance of] wd:[entity:sovereign state] .
  ?country wdt:[property:area] ?area .
  ?country wdt:[property:shares border with] ?neighbor .
  FILTER NOT EXISTS {
    ?country wdt:[property:shares border with] ?smallerNeighbor .
    ?smallerNeighbor wdt:[property:area] ?neighborArea .
    ?smallerNeighbor wdt:[property:instance of] wd:[entity:sovereign state] .
    FILTER(?neighborArea <= ?area)
  }
  SERVICE wikibase:label { bd:serviceParam wikibase:language ""en"". }
}","SELECT ?country ?countryLabel WHERE {
  ?country wdt:P31 wd:Q3624078 .
  ?country wdt:P2046 ?area .
  ?country wdt:P47 ?neighbor .
  FILTER NOT EXISTS {
    ?country wdt:P47 ?smallerNeighbor .
    ?smallerNeighbor wdt:P2046 ?neighborArea .
    ?smallerNeighbor wdt:P31 wd:Q3624078 .
    FILTER(?neighborArea <= ?area)
  }
  SERVICE wikibase:label { bd:serviceParam wikibase:language ""en"". }
}",True,True,True,,0.0
1832,complex,Show me a map of countries that have won the Nobel Peace Prize.,"SELECT DISTINCT ?country ?countryLabel ?coord WHERE {
  ?country wdt:[property:instance of] wd:[entity:country] .
  ?country wdt:[property:award received] wd:[entity:Nobel Peace Prize] .
  ?country wdt:[property:coordinate location] ?coord .
  SERVICE wikibase:label { bd:serviceParam wikibase:language ""en"". }
}","SELECT DISTINCT ?country ?countryLabel ?coord WHERE {
  ?country wdt:P31 wd:Q6256 .
  ?country wdt:P166 wd:Q35637 .
  ?country wdt:P625 ?coord .
  SERVICE wikibase:label { bd:serviceParam wikibase:language ""en"". }
}",True,True,True,,0.0
522,medium,Find statements with a specific value assigned to property P1343 and retrieve their references.,"SELECT ?statement ?value ?ref ?refProp ?refValue WHERE {
  ?item p:[property:described by source] ?statement .
  ?statement ps:[property:described by source] ?value .
  OPTIONAL {
    ?statement prov:wasDerivedFrom ?ref .
    ?ref ?refProp ?refValue .
  }
}","SELECT ?statement ?value ?ref ?refProp ?refValue WHERE {
  ?item p:P1343 ?statement .
  ?statement ps:P1343 ?value .
  OPTIONAL {
    ?statement prov:wasDerivedFrom ?ref .
    ?ref ?refProp ?refValue .
  }
}",True,True,False,result_too_large,0.0
341,complex,Find the Wikipedia page of a person with an Early Modern Letters Online identifier.,"SELECT ?person ?article WHERE {
  ?person wdt:[property:Early Modern Letters Online person ID] ?emlo .
  ?article schema:about ?person ;
           schema:isPartOf <https://en.wikipedia.org/> .
}
LIMIT 1","SELECT ?person ?article WHERE {
  ?person wdt:P1802 ?emlo .
  ?article schema:about ?person ;
           schema:isPartOf <https://en.wikipedia.org/> .
}
LIMIT 1",True,True,True,,0.0001
1191,complex,What topics on English Wikipedia link to the University of Virginia?,"SELECT ?topic ?topicLabel WHERE {
  ?article schema:about ?topic ;
           schema:isPartOf <https://en.wikipedia.org/> ;
           schema:mentions wd:[entity:University of Virginia] .
  SERVICE wikibase:label { bd:serviceParam wikibase:language ""en"". }
}","SELECT ?topic ?topicLabel WHERE {
  ?article schema:about ?topic ;
           schema:isPartOf <https://en.wikipedia.org/> ;
           schema:mentions wd:Q213439 .
  SERVICE wikibase:label { bd:serviceParam wikibase:language ""en"". }
}",True,True,True,,1.0
1527,medium,List all fictional magic schools ranked by the number of students.,"SELECT ?school ?schoolLabel ?students WHERE {
  ?school wdt:[property:instance of] wd:[entity:fictional school] .
  OPTIONAL { ?school wdt:[property:number of students] ?students . }
  SERVICE wikibase:label { bd:serviceParam wikibase:language ""en"". }
}
ORDER BY DESC(?students)","SELECT ?school ?schoolLabel ?students WHERE {
  ?school wdt:P31 wd:Q89375447 .
  OPTIONAL { ?school wdt:P2196 ?students . }
  SERVICE wikibase:label { bd:serviceParam wikibase:language ""en"". }
}
ORDER BY DESC(?students)",True,True,True,,0.0
2474,medium,List all Breton language lexemes with at least one sense.,"SELECT ?lexeme ?lemma WHERE {
  ?lexeme dct:language wd:[entity:Breton] .
  ?lexeme wikibase:lemma ?lemma .
  ?lexeme ontolex:sense ?sense .
}","SELECT ?lexeme ?lemma WHERE {
  ?lexeme dct:language wd:Q12107 .
  ?lexeme wikibase:lemma ?lemma .
  ?lexeme ontolex:sense ?sense .
}",True,True,True,,0.9988
763,complex,List French nationals with an English Wikipedia page but no French one.,"SELECT DISTINCT ?person ?personLabel WHERE {
  ?person wdt:[property:instance of] wd:[entity:human] .
  ?person wdt:[property:country of citizenship] wd:[entity:France] .
  ?enArticle schema:about ?person ;
             schema:isPartOf <https://en.wikipedia.org/> .
  FILTER NOT EXISTS {
    ?frArticle schema:about ?person ;
               schema:isPartOf <https://fr.wikipedia.org/> .
  }
  SERVICE wikibase:label { bd:serviceParam wikibase:language ""en"". }
}","SELECT DISTINCT ?person ?personLabel WHERE {
  ?person wdt:P31 wd:Q5 .
  ?person wdt:P27 wd:Q142 .
  ?enArticle schema:about ?person ;
             schema:isPartOf <https://en.wikipedia.org/> .
  FILTER NOT EXISTS {
    ?frArticle schema:about ?person ;
               schema:isPartOf <https://fr.wikipedia.org/> .
  }
  SERVICE wikibase:label { bd:serviceParam wikibase:language ""en"". }
}",True,True,True,,0.4008
243,complex,List all artists with works in the Ashmolean Museum along with their Getty Union List of Artist Names links.,"SELECT DISTINCT ?artist ?artistLabel ?ulan WHERE {
  ?work wdt:[property:collection] wd:[entity:Ashmolean Museum] .
  ?work wdt:[property:creator] ?artist .
  ?artist wdt:[property:Union List of Artist Names ID] ?ulan .
  SERVICE wikibase:label { bd:serviceParam wikibase:language ""en"" . }
}","SELECT DISTINCT ?artist ?artistLabel ?ulan WHERE {
  ?work wdt:P195 wd:Q636400 .
  ?work wdt:P170 ?artist .
  ?artist wdt:P245 ?ulan .
  SERVICE wikibase:label { bd:serviceParam wikibase:language ""en"" . }
}",True,True,True,,0.3297
35,simple,List the winners of the Bodley Medal award.,"SELECT DISTINCT ?winner ?winnerLabel WHERE {
  ?winner wdt:[property:award received] wd:[entity:Bodley Medal] .
  SERVICE wikibase:label { bd:serviceParam wikibase:language ""en"". }
}","SELECT DISTINCT ?winner ?winnerLabel WHERE {
  ?winner wdt:P166 wd:Q4936657 .
  SERVICE wikibase:label { bd:serviceParam wikibase:language ""en"". }
}",True,True,True,,1.0
622,medium,List the causes of death for US presidents in a ranking order.,"SELECT ?cause ?causeLabel (COUNT(?president) AS ?count) WHERE {
  ?president wdt:[property:position held] wd:[entity:President of the United States] .
  ?president wdt:[property:cause of death] ?cause .
  SERVICE wikibase:label { bd:serviceParam wikibase:language ""en"". }
}
GROUP BY ?cause ?causeLabel
ORDER BY DESC(?count)","SELECT ?cause ?causeLabel (COUNT(?president) AS ?count) WHERE {
  ?president wdt:P39 wd:Q11696 .
  ?president wdt:P509 ?cause .
  SERVICE wikibase:label { bd:serviceParam wikibase:language ""en"". }
}
GROUP BY ?cause ?causeLabel
ORDER BY DESC(?count)",True,True,True,,0.5472
191,medium,List all artworks created by Ferdinand Bauer that do not have a 'depicts' property.,"SELECT ?artwork ?artworkLabel WHERE {
  ?artwork wdt:[property:creator] wd:[entity:Ferdinand Bauer] .
  FILTER NOT EXISTS { ?artwork wdt:[property:depicts] ?depicts . }
  SERVICE wikibase:label { bd:serviceParam wikibase:language ""en"". }
}","SELECT ?artwork ?artworkLabel WHERE {
  ?artwork wdt:P170 wd:Q79012 .
  FILTER NOT EXISTS { ?artwork wdt:P180 ?depicts . }
  SERVICE wikibase:label { bd:serviceParam wikibase:language ""en"". }
}",True,True,True,,1.0
552,medium,List all rivers in Antarctica.,"SELECT ?river ?riverLabel WHERE {
  ?river wdt:[property:instance of] wd:[entity:river] .
  ?river wdt:[property:continent] wd:[entity:Antarctica] .
  SERVICE wikibase:label { bd:serviceParam wikibase:language ""en"". }
}","SELECT ?river ?riverLabel WHERE {
  ?river wdt:P31 wd:Q4022 .
  ?river wdt:P30 wd:Q51 .
  SERVICE wikibase:label { bd:serviceParam wikibase:language ""en"". }
}",True,True,True,,0.1818
2399,complex,Find services that have an API endpoint URL for OpenRefine reconciliation service.,"SELECT ?service ?serviceLabel ?endpoint WHERE {
  ?service wdt:[property:OpenRefine reconciliation endpoint URL] ?endpoint .
  SERVICE wikibase:label { bd:serviceParam wikibase:language ""en"". }
}","SELECT ?service ?serviceLabel ?endpoint WHERE {
  ?service wdt:[property:OpenRefine reconciliation endpoint URL] ?endpoint .
  SERVICE wikibase:label { bd:serviceParam wikibase:language ""en"". }
}",True,False,False,no_query,0.0
