index,complexity,instruction,generated_query,syntax,jaccard,error
0,simple,How many items on Wikidata have a coordinate location?,"SELECT (COUNT(?item) AS ?count)
WHERE {
  ?item wdt:P625 ?coordinate .
}",False,0.0,
1,simple,List all subproperties related to location.,"SELECT ?subproperty ?subpropertyLabel WHERE {
  ?subproperty wdt:P31 wd:Q18616576 ;
               wdt:P279* wd:P276 .
  SERVICE wikibase:label { bd:serviceParam wikibase:language ""[AUTO_LANGUAGE],en"". }
}",True,0.0,
2,simple,List all organisms named in honor of John Sibthorp.,"SELECT ?organism ?organismLabel WHERE {
  ?organism wdt:P1343 wd:Q1382366.
  SERVICE wikibase:label { bd:serviceParam wikibase:language ""[AUTO_LANGUAGE],en"". }
}",True,0.0,
3,simple,List politicians who have Mastodon accounts.,"SELECT ?politician ?politicianLabel ?mastodonAccount WHERE {
  ?politician wdt:P106 wd:Q82955.
  ?politician wdt:P4011 ?mastodonAccount.
  SERVICE wikibase:label { bd:serviceParam wikibase:language ""[AUTO_LANGUAGE],en"". }
}",True,0.0,
4,simple,List all phrases that are known as catchphrases.,"SELECT ?catchphrase ?catchphraseLabel WHERE {
  ?catchphrase wdt:P31 wd:Q1050666.
  SERVICE wikibase:label { bd:serviceParam wikibase:language ""[AUTO_LANGUAGE],en"". }
}",True,0.0,
5,simple,"List the children of Johann Sebastian Bach with his first wife, Maria Barbara Bach.","SELECT ?child ?childLabel WHERE {
  wd:Q1339 wdt:P40 ?child.
  ?child wdt:P22 wd:Q1339;
         wdt:P25 wd:Q76636.
  SERVICE wikibase:label { bd:serviceParam wikibase:language ""[AUTO_LANGUAGE],en"". }
}",True,0.0,
6,simple,List the Apple M series SoC models in chronological order of their announcement dates.,"SELECT ?model ?modelLabel ?date WHERE {
  ?model wdt:P361 wd:Q104636665.
  ?model wdt:P577 ?date.
  SERVICE wikibase:label { bd:serviceParam wikibase:language ""[AUTO_LANGUAGE],en"". }
}
ORDER BY ?date",True,0.0,
7,simple,Show me a map of the hometowns of people with Mastodon profiles.,"SELECT ?person ?personLabel ?hometown ?hometownLabel ?coords WHERE {
  ?person wdt:P4011 ?mastodonHandle.
  ?person wdt:P19 ?hometown.
  ?hometown wdt:P625 ?coords.
  SERVICE wikibase:label { bd:serviceParam wikibase:language ""[AUTO_LANGUAGE],en"". }
}",True,0.0,
8,simple,List all literary works and their descriptions.,"SELECT ?work ?workLabel ?description WHERE {
  ?work wdt:P31/wdt:P279* wd:Q7725634.
  SERVICE wikibase:label { bd:serviceParam wikibase:language ""[AUTO_LANGUAGE],en"". }
}",False,0.0,
9,simple,List botanists whose names start with the letter H.,"SELECT ?botanist ?botanistLabel WHERE {
  ?botanist wdt:P106 wd:Q1083331.
  ?botanist rdfs:label ?botanistLabel.
  FILTER(LANG(?botanistLabel) = ""en"")
  FILTER(STRSTARTS(?botanistLabel, ""H""))
}",True,0.0,
10,simple,List the oldest subway systems in the world.,"SELECT ?subway ?subwayLabel ?openingDate WHERE {
  ?subway wdt:P31 wd:Q1135113.
  ?subway wdt:P571 ?openingDate.
  SERVICE wikibase:label { bd:serviceParam wikibase:language ""[AUTO_LANGUAGE],en"". }
}
ORDER BY ?openingDate
LIMIT 20",True,0.0,
11,simple,Find 3D models of items from specific collections.,"SELECT ?item ?itemLabel ?model WHERE {
  ?item wdt:P6793 ?model.
  ?item wdt:P195 ?collection.
  SERVICE wikibase:label { bd:serviceParam wikibase:language ""[AUTO_LANGUAGE],en"". }
}
LIMIT 100",True,0.0,
12,simple,List all books on Bengali Wikisource that have been validated.,"SELECT ?book ?bookLabel WHERE {
  ?book wdt:P31 wd:Q571 ;
        wdt:P1433 wd:Q1996977 ;
        wdt:P1636 wd:Q178561 .
  SERVICE wikibase:label { bd:serviceParam wikibase:language ""[AUTO_LANGUAGE],bn,en"". }
}",True,0.0,
13,simple,Show me all hackerspaces on a map.,"SELECT ?item ?itemLabel ?coord WHERE {
  ?item wdt:P31 wd:Q1563566.
  ?item wdt:P625 ?coord.
  SERVICE wikibase:label { bd:serviceParam wikibase:language ""[AUTO_LANGUAGE],en"". }
}",True,0.0,
14,simple,List the top 20 humans with the highest recorded weight.,"SELECT ?human ?humanLabel ?weight WHERE {
  ?human wdt:P31 wd:Q5;
         p:P2067 ?statement.
  ?statement ps:P2067 ?weight;
             psv:P2067 ?val.
  ?val wikibase:quantityAmount ?amount.
  FILTER(?amount > 0)
  SERVICE wikibase:label { bd:serviceParam wikibase:language ""[AUTO_LANGUAGE],en"". }
}
ORDER BY DESC(?amount)
LIMIT 20",False,0.0,
15,simple,Find authors with the full name 'Bill Thompson'.,"SELECT ?author ?authorLabel WHERE {
  ?author wdt:P106 wd:Q36180;
          wdt:P1559 ""Bill Thompson""@en.
  SERVICE wikibase:label { bd:serviceParam wikibase:language ""[AUTO_LANGUAGE],en"". }
}",True,1.0,
16,simple,What species are commonly found at Fazenda Tamandua?,"SELECT ?species ?speciesLabel WHERE {
  wd:Q10280138 wdt:P189 ?species.
  SERVICE wikibase:label { bd:serviceParam wikibase:language ""[AUTO_LANGUAGE],en"". }
}",True,0.0,
17,simple,List all chemical elements along with their symbol and atomic number in ascending order of atomic number.,"SELECT ?element ?elementLabel ?symbol ?atomicNumber WHERE {
  ?element wdt:P31 wd:Q11344.
  ?element wdt:P246 ?symbol.
  ?element wdt:P1086 ?atomicNumber.
  SERVICE wikibase:label { bd:serviceParam wikibase:language ""[AUTO_LANGUAGE],en"". }
}
ORDER BY ?atomicNumber",True,1.0,
18,simple,List all CDLI item IDs along with their corresponding labels in every language.,"SELECT ?item ?cdli_id ?label ?language WHERE {
  ?item wdt:P3095 ?cdli_id .
  ?item rdfs:label ?label .
  BIND(LANG(?label) AS ?language)
}",True,0.0006,
19,simple,Find the Wikipathways citation corpus with corresponding IDs and references.,"SELECT ?item ?itemLabel ?wikipathwaysID ?reference WHERE {
  ?item wdt:P31 wd:Q114657045.
  ?item wdt:P2410 ?wikipathwaysID.
  OPTIONAL { ?item wdt:P356 ?reference. }
  SERVICE wikibase:label { bd:serviceParam wikibase:language ""[AUTO_LANGUAGE],en"". }
}",True,1.0,
20,simple,Find paintings depicting the Pentecost theme.,"SELECT ?painting ?paintingLabel WHERE {
  ?painting wdt:P31 wd:Q3305213;
            wdt:P180 wd:Q116366.
  SERVICE wikibase:label { bd:serviceParam wikibase:language ""[AUTO_LANGUAGE],en"". }
}",True,0.0,
21,simple,What are some common phrases related to Redewendung?,"SELECT ?item ?itemLabel WHERE {
  ?item wdt:P31 wd:Q185433.
  SERVICE wikibase:label { bd:serviceParam wikibase:language ""[AUTO_LANGUAGE],en"". }
} LIMIT 20",True,1.0,
22,simple,List all type foundries and their corresponding typefaces.,"SELECT ?foundry ?foundryLabel ?typeface ?typefaceLabel WHERE {
  ?typeface wdt:P31/wdt:P279* wd:Q166866.
  ?typeface wdt:P170 ?foundry.
  ?foundry wdt:P31/wdt:P279* wd:Q166866.
  SERVICE wikibase:label { bd:serviceParam wikibase:language ""[AUTO_LANGUAGE],en"". }
}",True,0.0,
23,simple,List all hill forts in the Atlas with their names written in Irish.,"SELECT ?hillfort ?hillfortLabel ?nameIrish WHERE {
  ?hillfort wdt:P31 wd:Q1547636.
  ?hillfort wdt:P131* wd:Q121266.
  ?hillfort rdfs:label ?nameIrish.
  FILTER(LANG(?nameIrish) = ""ga"")
  SERVICE wikibase:label { bd:serviceParam wikibase:language ""[AUTO_LANGUAGE],en"". }
}",True,1.0,
24,simple,Find all items with a 3D model property on Wikidata.,"SELECT ?item WHERE {
  ?item wdt:P6802 ?model .
}",True,0.0,
25,simple,Rank countries by their average lifespan.,"SELECT ?countryLabel (AVG(?lifespan) AS ?averageLifespan) WHERE {
  ?person wdt:P31 wd:Q5;
          wdt:P27 ?country;
          wdt:P570 ?deathDate;
          wdt:P569 ?birthDate.
  
  BIND(year(?deathDate) - year(?birthDate) AS ?lifespan)
  FILTER(?lifespan > 0 && ?lifespan < 125)
  
  SERVICE wikibase:label { bd:serviceParam wikibase:language ""[AUTO_LANGUAGE],en"". }
}
GROUP BY ?countryLabel
ORDER BY DESC(?averageLifespan)",False,0.0,
26,simple,List the streets in Leiden named after famous people or things.,"SELECT ?street ?streetLabel ?namedAfter ?namedAfterLabel WHERE {
  ?street wdt:P131 wd:Q70366.
  ?street wdt:P31 wd:Q34698.
  ?street wdt:P138 ?namedAfter.
  SERVICE wikibase:label { bd:serviceParam wikibase:language ""[AUTO_LANGUAGE],en"". }
}",True,0.0,
27,simple,List the grandchildren of Johann Sebastian Bach.,"SELECT ?grandchild ?grandchildLabel WHERE {
  wd:Q1339 wdt:P40 ?child .
  ?child wdt:P40 ?grandchild .
  SERVICE wikibase:label { bd:serviceParam wikibase:language ""[AUTO_LANGUAGE],en"". }
}",True,1.0,
28,simple,List all individuals who studied at the University of Oxford.,"SELECT ?person ?personLabel WHERE {
  ?person wdt:P69 wd:Q34433.
  SERVICE wikibase:label { bd:serviceParam wikibase:language ""[AUTO_LANGUAGE],en"". }
}",True,0.0,
29,simple,List websites associated with projects in the Women's & Gender History DH list.,"SELECT ?website ?websiteLabel WHERE {
  ?project wdt:P361 wd:Q115695667 .
  ?project wdt:P856 ?website .
  SERVICE wikibase:label { bd:serviceParam wikibase:language ""[AUTO_LANGUAGE],en"". }
}",True,0.0,
30,simple,List all monuments in Berlin with their cultural heritage ID and geolocation.,"SELECT ?monument ?monumentLabel ?heritageID ?location WHERE {
  ?monument wdt:P131 wd:Q64.
  ?monument wdt:P31/wdt:P279* wd:Q4989906.
  ?monument wdt:P1435 ?heritageStatus.
  ?monument wdt:P1448 ?heritageID.
  ?monument wdt:P625 ?location.
  SERVICE wikibase:label { bd:serviceParam wikibase:language ""[AUTO_LANGUAGE],en"". }
}",True,0.0,
31,simple,Find the UniProt IDs of proteins found in Homo sapiens.,"SELECT ?uniprotID WHERE {
  ?protein wdt:P703 wd:Q15978633 .
  ?protein wdt:P352 ?uniprotID .
}",True,0.0,
32,simple,What are the nodes and predicates related to 'Wikidata' in English?,"SELECT ?item ?itemLabel ?predicate ?predicateLabel ?value ?valueLabel WHERE {
  {
    ?item ?predicate ?value .
    FILTER(?item = wd:Q2013)
  } UNION {
    ?value ?predicate ?item .
    FILTER(?item = wd:Q2013)
  }
  SERVICE wikibase:label { bd:serviceParam wikibase:language ""en"". }
}
LIMIT 100",False,0.0,
33,simple,Find the base form of the word 'bought' in English.,"SELECT ?lemma WHERE {
  ?lexeme dct:language wd:Q1860 ;
          wikibase:lemma ?lemma ;
          ontolex:lexicalForm ?form .
  ?form ontolex:representation ""bought""@en .
  ?lexeme ontolex:lexicalForm ?baseForm .
  ?baseForm ontolex:representation ?lemma .
  FILTER(EXISTS {
    ?lexeme wikibase:lexicalCategory wd:Q10846 .
  })
} LIMIT 1",True,0.0,
34,simple,List all taxons and their eponyms.,"SELECT ?taxon ?taxonLabel ?eponym ?eponymLabel WHERE {
  ?taxon wdt:P31/wdt:P279* wd:Q16521.
  ?taxon wdt:P138 ?eponym.
  SERVICE wikibase:label { bd:serviceParam wikibase:language ""[AUTO_LANGUAGE],en"". }
}",False,0.0,
35,simple,List all items that are instances of goats.,"SELECT ?item ?itemLabel WHERE {
  ?item wdt:P31 wd:Q2934.
  SERVICE wikibase:label { bd:serviceParam wikibase:language ""[AUTO_LANGUAGE],en"". }
}",True,1.0,
36,simple,List all the letters in the Swedish alphabet.,"SELECT ?letter ?letterLabel WHERE {
  wd:Q188655 wdt:P527 ?letter.
  SERVICE wikibase:label { bd:serviceParam wikibase:language ""sv,en"". }
}",True,0.0,
37,simple,List all colors with their corresponding sRGB hex triplets.,"SELECT ?color ?colorLabel ?sRGB WHERE {
  ?color wdt:P31 wd:Q107562.
  ?color wdt:P465 ?sRGB.
  SERVICE wikibase:label { bd:serviceParam wikibase:language ""[AUTO_LANGUAGE],en"". }
}",True,0.0,
38,medium,List all countries where a pride parade has taken place.,"SELECT DISTINCT ?country ?countryLabel WHERE {
  ?event wdt:P31 wd:Q16956876.
  ?event wdt:P17 ?country.
  SERVICE wikibase:label { bd:serviceParam wikibase:language ""[AUTO_LANGUAGE],en"". }
}",True,0.0,
39,medium,What are the longest rivers in the world?,"SELECT ?river ?riverLabel ?length WHERE {
  ?river wdt:P31 wd:Q4022;
         wdt:P2043 ?length.
  SERVICE wikibase:label { bd:serviceParam wikibase:language ""[AUTO_LANGUAGE],en"". }
}
ORDER BY DESC(?length)
LIMIT 20",True,0.0662,
40,medium,Find properties that can have organizations as values.,"SELECT ?property ?propertyLabel WHERE {
  ?property wdt:P2302 wd:Q21503250 .
  ?property p:P2302 ?statement .
  ?statement pq:P2308 wd:Q43229 .
  SERVICE wikibase:label { bd:serviceParam wikibase:language ""[AUTO_LANGUAGE],en"". }
}",True,0.1038,
41,medium,List all the materials used in paintings along with their labels.,"SELECT DISTINCT ?material ?materialLabel WHERE {
  ?painting wdt:P31 wd:Q3305213 .
  ?painting wdt:P186 ?material .
  SERVICE wikibase:label { bd:serviceParam wikibase:language ""[AUTO_LANGUAGE],en"". }
}",False,0.0,
42,medium,List all US presidents and their spouses in chronological order.,"SELECT ?president ?presidentLabel ?spouse ?spouseLabel ?start_date
WHERE {
  ?president wdt:P39 wd:Q11696.
  ?president p:P39 ?statement.
  ?statement ps:P39 wd:Q11696.
  ?statement pq:P580 ?start_date.
  
  ?president wdt:P26 ?spouse.
  
  SERVICE wikibase:label { bd:serviceParam wikibase:language ""[AUTO_LANGUAGE],en"". }
}
ORDER BY ?start_date",True,0.8017,
43,medium,List the birthplaces of artists whose works are part of the Europeana 280 project.,"SELECT DISTINCT ?birthplace ?birthplaceLabel WHERE {
  ?work wdt:P5008 wd:Q22675336.
  ?work wdt:P170 ?artist.
  ?artist wdt:P19 ?birthplace.
  SERVICE wikibase:label { bd:serviceParam wikibase:language ""[AUTO_LANGUAGE],en"". }
}",True,1.0,
44,medium,Find books published before 1830 with their places of publication.,"SELECT ?book ?bookLabel ?place ?placeLabel WHERE {
  ?book wdt:P31 wd:Q571.
  ?book wdt:P577 ?publicationDate.
  FILTER(?publicationDate < ""1830-01-01T00:00:00Z""^^xsd:dateTime)
  ?book wdt:P291 ?place.
  SERVICE wikibase:label { bd:serviceParam wikibase:language ""[AUTO_LANGUAGE],en"". }
}",True,0.007,
45,medium,List the compositions that feature both organ and orchestra.,"SELECT ?composition ?compositionLabel WHERE {
  ?composition wdt:P31/wdt:P279* wd:Q207663.
  ?composition wdt:P5188 wd:Q158731.
  ?composition wdt:P5188 wd:Q8387.
  SERVICE wikibase:label { bd:serviceParam wikibase:language ""[AUTO_LANGUAGE],en"". }
}",True,0.0,
46,medium,List all masonic lodges with a Wikipedia article but no label.,"SELECT ?item WHERE {
  ?item wdt:P31 wd:Q1135866.
  ?sitelink schema:about ?item;
            schema:isPartOf <https://en.wikipedia.org/>.
  FILTER NOT EXISTS { ?item rdfs:label ?label. FILTER(LANG(?label) = ""en"") }
}",True,0.0,
47,medium,List all countries that are part of a free trade area.,"SELECT DISTINCT ?country ?countryLabel WHERE {
  ?country wdt:P31 wd:Q6256.
  ?country wdt:P131* ?area.
  ?area wdt:P31 wd:Q1126633.
  SERVICE wikibase:label { bd:serviceParam wikibase:language ""[AUTO_LANGUAGE],en"". }
}",True,0.0,
48,medium,What are the names of pyramids in Egypt?,"SELECT ?pyramid ?pyramidLabel WHERE {
  ?pyramid wdt:P31 wd:Q12516.
  ?pyramid wdt:P17 wd:Q79.
  SERVICE wikibase:label { bd:serviceParam wikibase:language ""[AUTO_LANGUAGE],en"". }
}",True,0.0165,
49,medium,Show me a map of national parks in Sweden.,"SELECT ?park ?parkLabel ?location WHERE {
  ?park wdt:P31 wd:Q46169.
  ?park wdt:P17 wd:Q34.
  ?park wdt:P625 ?location.
  SERVICE wikibase:label { bd:serviceParam wikibase:language ""[AUTO_LANGUAGE],en"". }
}",True,0.1918,
50,medium,List all UK cabinet ministers along with their positions and dates of death.,"SELECT ?person ?personLabel ?position ?positionLabel ?dateOfDeath WHERE {
  ?person wdt:P39 ?position_statement .
  ?position_statement ps:P39 wd:Q16736755 .
  ?position_statement pq:P39 ?position .
  ?person wdt:P570 ?dateOfDeath .
  SERVICE wikibase:label { bd:serviceParam wikibase:language ""[AUTO_LANGUAGE],en"". }
}",True,0.0,
51,medium,List all epic poems with their sitelink counts.,"SELECT ?item ?itemLabel (COUNT(?sitelink) AS ?sitelinkCount) WHERE {
  ?item wdt:P31 wd:Q1142495.
  ?sitelink schema:about ?item;
            schema:isPartOf ?site.
  SERVICE wikibase:label { bd:serviceParam wikibase:language ""[AUTO_LANGUAGE],en"". }
} GROUP BY ?item ?itemLabel ORDER BY DESC(?sitelinkCount)",True,0.0,
52,medium,List all Western films released before 1925 along with their release dates and locations.,"SELECT ?film ?filmLabel ?date ?locationLabel WHERE {
  ?film wdt:P31 wd:Q11424.
  ?film wdt:P136 wd:Q126334.
  ?film wdt:P577 ?date.
  FILTER(?date < ""1925-01-01T00:00:00Z""^^xsd:dateTime)
  OPTIONAL { ?film wdt:P840 ?location. }
  SERVICE wikibase:label { bd:serviceParam wikibase:language ""[AUTO_LANGUAGE],en"". }
}",True,0.0,
53,medium,What are the names of buildings taller than the Eiffel Tower?,"SELECT ?building ?buildingLabel WHERE {
  ?building wdt:P31/wdt:P279* wd:Q41176.
  ?building wdt:P2048 ?height.
  SERVICE wikibase:label { bd:serviceParam wikibase:language ""[AUTO_LANGUAGE],en"". }
  
  # Eiffel Tower height is 330 meters
  FILTER(?height > 330)
  FILTER(?building != wd:Q243)
}",False,0.0,
54,medium,Show me a map of countries with their respective sign languages.,"SELECT ?country ?countryLabel ?signLanguage ?signLanguageLabel WHERE {
  ?signLanguage wdt:P31 wd:Q33461.
  ?signLanguage wdt:P17 ?country.
  SERVICE wikibase:label { bd:serviceParam wikibase:language ""[AUTO_LANGUAGE],en"". }
}",True,0.0,
55,medium,List all things that have a first line.,"SELECT ?item ?itemLabel WHERE {
  ?item wdt:P1433 ?firstLine .
  SERVICE wikibase:label { bd:serviceParam wikibase:language ""[AUTO_LANGUAGE],en"". }
}",False,0.0,
56,medium,What are the areas of each state in Malaysia?,"SELECT ?state ?stateLabel ?area WHERE {
  ?state wdt:P31 wd:Q10864048.
  ?state wdt:P131 wd:Q833.
  ?state wdt:P2046 ?area.
  SERVICE wikibase:label { bd:serviceParam wikibase:language ""[AUTO_LANGUAGE],en"". }
}",True,0.0,
57,medium,List all racing car drivers who died in a crash.,"SELECT ?driver ?driverLabel WHERE {
  ?driver wdt:P106 wd:Q5367;
          wdt:P1196 wd:Q11877730.
  SERVICE wikibase:label { bd:serviceParam wikibase:language ""[AUTO_LANGUAGE],en"". }
}",True,0.0,
58,medium,List all movies featuring Bud Spencer as a cast member.,"SELECT ?movie ?movieLabel WHERE {
  ?movie wdt:P161 wd:Q221074.
  ?movie wdt:P31 wd:Q11424.
  SERVICE wikibase:label { bd:serviceParam wikibase:language ""[AUTO_LANGUAGE],en"". }
}",True,0.5816,
59,medium,What are the things named after characters from William Shakespeare's works?,"SELECT ?item ?itemLabel ?character ?characterLabel WHERE {
  ?item wdt:P138 ?character.
  ?character wdt:P179 ?series.
  ?series wdt:P175 ?author.
  ?author wdt:P1476 ?title.
  FILTER(CONTAINS(STR(?authorLabel), ""William Shakespeare"") || ?author = wd:Q692)
  SERVICE wikibase:label { bd:serviceParam wikibase:language ""[AUTO_LANGUAGE],en"". }
}",True,0.0,
60,medium,Find all children of Johann Sebastian Bach with his first wife Maria Barbara Bach.,"SELECT ?child ?childLabel WHERE {
  wd:Q1339 wdt:P40 ?child.
  ?child wdt:P22 wd:Q1339;
         wdt:P25 wd:Q76636.
  SERVICE wikibase:label { bd:serviceParam wikibase:language ""[AUTO_LANGUAGE],en"". }
}",True,0.0,
61,medium,List all Church of Scotland synods with their corresponding geoshapes.,"SELECT ?synod ?synodLabel ?geoshape WHERE {
  ?synod wdt:P31 wd:Q15220565.
  ?synod wdt:P361 wd:Q125603.
  ?synod wdt:P3896 ?geoshape.
  SERVICE wikibase:label { bd:serviceParam wikibase:language ""[AUTO_LANGUAGE],en"". }
}",True,0.0,
62,medium,List all suburbs in New Zealand along with their coordinates.,"SELECT ?suburb ?suburbLabel ?coords WHERE {
  ?suburb wdt:P31 wd:Q107390;
          wdt:P17 wd:Q664.
  ?suburb wdt:P625 ?coords.
  SERVICE wikibase:label { bd:serviceParam wikibase:language ""[AUTO_LANGUAGE],en"". }
}",True,0.0,
63,medium,List the birthplaces of actors from The Matrix movie.,"SELECT DISTINCT ?birthplace ?birthplaceLabel WHERE {
  wd:Q80322 wdt:P161 ?actor .
  ?actor wdt:P19 ?birthplace .
  SERVICE wikibase:label { bd:serviceParam wikibase:language ""[AUTO_LANGUAGE],en"". }
}",True,0.0,
64,medium,What places are within a 1 km radius of the Arc de Triomphe?,"SELECT ?place ?placeLabel ?dist WHERE {
  wd:Q64435 wdt:P625 ?center .
  SERVICE wikibase:around {
    ?place wdt:P625 ?location .
    bd:serviceParam wikibase:center ?center .
    bd:serviceParam wikibase:radius ""1"" .
    bd:serviceParam wikibase:distance ?dist .
  }
  SERVICE wikibase:label { bd:serviceParam wikibase:language ""[AUTO_LANGUAGE],en"". }
}",True,0.0,
65,medium,List all software developed by the KDE community.,"SELECT ?software ?softwareLabel WHERE {
  ?software wdt:P178 wd:Q174546.
  SERVICE wikibase:label { bd:serviceParam wikibase:language ""[AUTO_LANGUAGE],en"". }
}",True,0.0,
66,medium,List all places with the most public art installations.,"SELECT ?place ?placeLabel (COUNT(?item) AS ?count) WHERE {
  ?item wdt:P31/wdt:P279* wd:Q557141.
  ?item wdt:P131 ?place.
  SERVICE wikibase:label { bd:serviceParam wikibase:language ""[AUTO_LANGUAGE],en"". }
}
GROUP BY ?place ?placeLabel
ORDER BY DESC(?count)
LIMIT 100",True,0.0,
67,medium,List all French municipalities with their corresponding banners.,"SELECT ?municipality ?municipalityLabel ?banner WHERE {
  ?municipality wdt:P31 wd:Q484170.
  ?municipality wdt:P154 ?banner.
  SERVICE wikibase:label { bd:serviceParam wikibase:language ""[AUTO_LANGUAGE],fr,en"". }
}",True,0.0,
68,medium,"List all paintings by Ferdinand Georg Waldmüller in the Belvedere, Vienna.","SELECT ?painting ?paintingLabel WHERE {
  ?painting wdt:P170 wd:Q694666;
            wdt:P31 wd:Q3305213;
            wdt:P276 wd:Q165578.
  SERVICE wikibase:label { bd:serviceParam wikibase:language ""[AUTO_LANGUAGE],en"". }
}",True,0.0,
69,medium,How many words are listed on Wikidata in languages spoken in India?,"SELECT (COUNT(?lexeme) AS ?count)
WHERE {
  ?lexeme wikibase:lexicalCategory ?category .
  ?lexeme dct:language ?language .
  ?language wdt:P31 wd:Q34770 .
  ?language wdt:P30 wd:Q513 .
  FILTER(EXISTS { ?language wdt:P17 wd:Q668 . })
}",True,0.0,
70,medium,List all images used in more than 10 items.,"SELECT ?image (COUNT(?item) AS ?count) WHERE {
  ?item wdt:P18 ?image .
}
GROUP BY ?image
HAVING (?count > 10)",False,0.0,
71,medium,List all politicians who were members of the Whig party.,"SELECT ?politician ?politicianLabel WHERE {
  ?politician wdt:P106 wd:Q82955;
              wdt:P102 wd:Q206336.
  SERVICE wikibase:label { bd:serviceParam wikibase:language ""[AUTO_LANGUAGE],en"". }
}",True,0.0,
72,medium,"Find parks in Oslo, Norway that are missing images on Wikidata.","SELECT ?park ?parkLabel WHERE {
  ?park wdt:P31 wd:Q22698.
  ?park wdt:P131 wd:Q585.
  FILTER NOT EXISTS { ?park wdt:P18 ?image }
  SERVICE wikibase:label { bd:serviceParam wikibase:language ""[AUTO_LANGUAGE],en"". }
}",True,0.0,
73,medium,"Show me a map of people's birthplaces, categorized by century.","SELECT ?person ?personLabel ?birthPlace ?birthPlaceLabel ?lat ?lon ?century WHERE {
  ?person wdt:P31 wd:Q5;
          wdt:P19 ?birthPlace;
          wdt:P569 ?birthDate.
  ?birthPlace wdt:P625 ?coords.
  BIND(geof:latitude(?coords) AS ?lat)
  BIND(geof:longitude(?coords) AS ?lon)
  BIND(CEIL(YEAR(?birthDate) / 100) AS ?century)
  SERVICE wikibase:label { bd:serviceParam wikibase:language ""[AUTO_LANGUAGE],en"". }
}",False,0.0,
74,medium,Find research papers on backward contact tracing and list their DOIs.,"SELECT ?paper ?paperLabel ?doi WHERE {
  ?paper wdt:P921 wd:Q106513667.
  ?paper wdt:P356 ?doi.
  SERVICE wikibase:label { bd:serviceParam wikibase:language ""[AUTO_LANGUAGE],en"". }
}",True,0.0,
75,medium,List the notable alumni of University of Reading who have won awards.,"SELECT DISTINCT ?alumnus ?alumnusLabel ?award ?awardLabel WHERE {
  ?alumnus wdt:P69 wd:Q1142357.
  ?alumnus wdt:P166 ?award.
  SERVICE wikibase:label { bd:serviceParam wikibase:language ""[AUTO_LANGUAGE],en"". }
}",True,0.0,
76,medium,List all music genres.,"SELECT ?genre ?genreLabel WHERE {
  ?genre wdt:P31 wd:Q188451.
  SERVICE wikibase:label { bd:serviceParam wikibase:language ""[AUTO_LANGUAGE],en"". }
}",True,0.8823,
77,medium,List all museums in Tunisia along with their coordinates and images.,"SELECT ?museum ?museumLabel ?coords ?image WHERE {
  ?museum wdt:P31 wd:Q33506.
  ?museum wdt:P131* wd:Q948.
  ?museum wdt:P625 ?coords.
  OPTIONAL { ?museum wdt:P18 ?image. }
  SERVICE wikibase:label { bd:serviceParam wikibase:language ""[AUTO_LANGUAGE],en"". }
}",True,0.8401,
78,medium,Show me a list of archives on Wikidata along with their coordinates.,"SELECT ?archive ?archiveLabel ?coords WHERE {
  ?archive wdt:P31/wdt:P279* wd:Q2429762.
  ?archive wdt:P625 ?coords.
  SERVICE wikibase:label { bd:serviceParam wikibase:language ""[AUTO_LANGUAGE],en"". }
}",True,0.0,
79,medium,Find images of ancient Egyptian rulers.,"SELECT ?ruler ?rulerLabel ?image WHERE {
  ?ruler wdt:P31 wd:Q5;
         wdt:P106 wd:Q116;
         wdt:P18 ?image.
  ?ruler wdt:P27 wd:Q11768.
  SERVICE wikibase:label { bd:serviceParam wikibase:language ""[AUTO_LANGUAGE],en"". }
}",True,0.0369,
80,medium,Find locations on iNaturalist and show them on a map.,"SELECT ?item ?itemLabel ?coords WHERE {
  ?item wdt:P3151 ?inaturalistID.
  ?item wdt:P625 ?coords.
  SERVICE wikibase:label { bd:serviceParam wikibase:language ""[AUTO_LANGUAGE],en"". }
}",False,0.0,
81,medium,What are the cathedrals in Paris?,"SELECT ?cathedral ?cathedralLabel WHERE {
  ?cathedral wdt:P31 wd:Q16977.
  ?cathedral wdt:P131 wd:Q90.
  SERVICE wikibase:label { bd:serviceParam wikibase:language ""[AUTO_LANGUAGE],en"". }
}",True,0.0,
82,medium,"Show me a list of railway stations in France, sorted by the number of tracks they have.","SELECT ?station ?stationLabel ?tracks WHERE {
  ?station wdt:P31 wd:Q55488.
  ?station wdt:P17 wd:Q142.
  ?station wdt:P1103 ?tracks.
  SERVICE wikibase:label { bd:serviceParam wikibase:language ""[AUTO_LANGUAGE],en"". }
}
ORDER BY DESC(?tracks)",True,0.4967,
83,medium,List the birds that are native to a region in France.,"SELECT DISTINCT ?bird ?birdLabel WHERE {
  ?bird wdt:P31 wd:Q16521;
        wdt:P171* wd:Q10884.
  ?bird wdt:P1433 ?location.
  ?location wdt:P131* wd:Q142.
  SERVICE wikibase:label { bd:serviceParam wikibase:language ""[AUTO_LANGUAGE],en"". }
}",True,0.0,
84,medium,List all universities in Mexico along with their founding dates.,"SELECT ?university ?universityLabel ?foundingDate WHERE {
  ?university wdt:P31 wd:Q3918;
              wdt:P131* wd:Q96.
  ?university wdt:P571 ?foundingDate.
  SERVICE wikibase:label { bd:serviceParam wikibase:language ""[AUTO_LANGUAGE],en"". }
}",True,0.7079,
85,medium,Find the places where people named Michael or its variants were born.,"SELECT DISTINCT ?place ?placeLabel WHERE {
  ?person wdt:P31 wd:Q5;
          wdt:P19 ?place.
  ?person rdfs:label ?name.
  FILTER(LANG(?name) = ""en"")
  FILTER(REGEX(?name, ""^(Michael|Mike|Mick|Mickey|Miguel|Michel|Michał|Mikhail|Michele)"", ""i""))
  SERVICE wikibase:label { bd:serviceParam wikibase:language ""[AUTO_LANGUAGE],en"". }
}",False,0.0,
86,medium,Find properties with missing labels or descriptions in Spanish.,"SELECT ?property ?propertyLabel WHERE {
  ?property a wikibase:Property .
  FILTER NOT EXISTS {
    ?property rdfs:label ?label .
    FILTER(LANG(?label) = ""es"")
  }
  SERVICE wikibase:label { bd:serviceParam wikibase:language ""[AUTO_LANGUAGE],en"". }
}",True,0.5242,
87,medium,How many statements are supported by a reference with a DOI?,"SELECT (COUNT(DISTINCT ?statement) AS ?count)
WHERE {
  ?statement prov:wasDerivedFrom ?reference .
  ?reference pr:P356 ?doi .
}",False,0.0,
88,medium,Find images of architectural drawings depicting cathedrals in France.,"SELECT ?item ?itemLabel ?image WHERE {
  ?item wdt:P31 wd:Q12516;
        wdt:P136 wd:Q2013;
        wdt:P17 wd:Q142;
        wdt:P18 ?image.
  SERVICE wikibase:label { bd:serviceParam wikibase:language ""[AUTO_LANGUAGE],en"". }
}",True,0.0,
89,medium,What are the most common ingredients used in a sandwich?,"SELECT ?ingredient ?ingredientLabel (COUNT(?sandwich) AS ?count) WHERE {
  ?sandwich wdt:P31 wd:Q28803.
  ?sandwich wdt:P527 ?ingredient.
  SERVICE wikibase:label { bd:serviceParam wikibase:language ""[AUTO_LANGUAGE],en"". }
}
GROUP BY ?ingredient ?ingredientLabel
ORDER BY DESC(?count)
LIMIT 20",True,0.0382,
90,medium,List all items with an inventory number but no collection.,"SELECT ?item WHERE {
  ?item wdt:P217 ?inventoryNumber .
  FILTER NOT EXISTS { ?item wdt:P195 ?collection . }
}",False,0.0,
91,medium,Find the addresses of city halls in Spain.,"SELECT ?cityHall ?cityHallLabel ?address WHERE {
  ?cityHall wdt:P31 wd:Q13223872;
            wdt:P17 wd:Q29.
  ?cityHall wdt:P6375 ?address.
  SERVICE wikibase:label { bd:serviceParam wikibase:language ""[AUTO_LANGUAGE],en"". }
}",True,1.0,
92,medium,List all cities and towns in Denmark along with their population and OSM relation IDs.,"SELECT ?city ?cityLabel ?population ?osmId WHERE {
  ?city wdt:P31/wdt:P279* wd:Q515 .
  ?city wdt:P17 wd:Q35 .
  ?city wdt:P1082 ?population .
  ?city wdt:P402 ?osmId .
  SERVICE wikibase:label { bd:serviceParam wikibase:language ""[AUTO_LANGUAGE],en"". }
}",True,0.0202,
93,medium,What country shares a border with all municipalities in the Basque Country?,"SELECT DISTINCT ?countryLabel WHERE {
  ?municipality wdt:P131* wd:Q4576 .
  ?municipality wdt:P47 ?neighbor .
  ?neighbor wdt:P17 ?country .
  FILTER(?country != wd:Q29)
  SERVICE wikibase:label { bd:serviceParam wikibase:language ""[AUTO_LANGUAGE],en"". }
}
GROUP BY ?countryLabel
HAVING (COUNT(DISTINCT ?municipality) = (SELECT COUNT(?m) WHERE { ?m wdt:P131* wd:Q4576 . }))",False,0.0,
94,medium,Find photographs of restoration works in French National Archives from the 19th century.,"SELECT ?item ?itemLabel WHERE {
  ?item wdt:P31 wd:Q125191.
  ?item wdt:P180 wd:Q1960646.
  ?item wdt:P195 wd:Q182542.
  ?item wdt:P571 ?inception.
  FILTER(YEAR(?inception) >= 1801 && YEAR(?inception) <= 1900)
  SERVICE wikibase:label { bd:serviceParam wikibase:language ""[AUTO_LANGUAGE],en"". }
}",True,0.0,
95,medium,Show a line graph of COVID-19 cases over time for each state in India.,"SELECT ?date ?stateLabel ?cases WHERE {
  ?state wdt:P31 wd:Q1160813;
         wdt:P131 wd:Q668.
  ?record wdt:P17 wd:Q668;
          wdt:P131 ?state;
          wdt:P585 ?date;
          wdt:P1603 ?cases.
  SERVICE wikibase:label { bd:serviceParam wikibase:language ""[AUTO_LANGUAGE],en"". }
}
ORDER BY ?date ?stateLabel",True,0.0,
96,medium,List all databases and digital libraries without an official URL.,"SELECT ?item ?itemLabel WHERE {
  ?item wdt:P31/wdt:P279* wd:Q8513.
  FILTER NOT EXISTS { ?item wdt:P856 ?url . }
  SERVICE wikibase:label { bd:serviceParam wikibase:language ""[AUTO_LANGUAGE],en"". }
}",True,0.0484,
97,medium,Show me a map of Slovenian cultural monuments with different colours for each type.,"SELECT ?item ?itemLabel ?location ?type ?typeLabel WHERE {
  ?item wdt:P31 wd:Q9259;
        wdt:P17 wd:Q215;
        wdt:P625 ?location;
        wdt:P31 ?type.
  SERVICE wikibase:label { bd:serviceParam wikibase:language ""[AUTO_LANGUAGE],en"". }
}",True,0.0,
98,medium,List French-speaking female writers with their signatures.,"SELECT ?writer ?writerLabel ?signature WHERE {
  ?writer wdt:P106 wd:Q36180 .
  ?writer wdt:P21 wd:Q6581072 .
  ?writer wdt:P1412 wd:Q150 .
  ?writer wdt:P109 ?signature .
  SERVICE wikibase:label { bd:serviceParam wikibase:language ""[AUTO_LANGUAGE],en"". }
}",True,0.7767,
99,medium,List artworks that feature the Moon as a subject.,"SELECT ?artwork ?artworkLabel WHERE {
  ?artwork wdt:P180 wd:Q405.
  SERVICE wikibase:label { bd:serviceParam wikibase:language ""[AUTO_LANGUAGE],en"". }
}",True,0.0,
100,medium,"Find all grandchildren of Johann Sebastian Bach where the parent is his first wife, Maria Barbara Bach.","SELECT ?grandchild ?grandchildLabel WHERE {
  wd:Q1339 wdt:P40 ?child .
  ?child wdt:P25 wd:Q235636 .
  ?child wdt:P40 ?grandchild .
  SERVICE wikibase:label { bd:serviceParam wikibase:language ""[AUTO_LANGUAGE],en"". }
}",True,0.0,
101,medium,List all five-letter English words that start with the letter F.,"SELECT ?word WHERE {
  ?item wdt:P31 wd:Q11030.
  ?item rdfs:label ?word.
  FILTER(LANG(?word) = ""en"")
  FILTER(REGEX(?word, ""^f.{4}$"", ""i""))
}",True,0.0,
102,medium,Show me a map of remarkable trees in Bulgaria.,"SELECT ?tree ?treeLabel ?location ?coord WHERE {
  ?tree wdt:P31 wd:Q1087466.
  ?tree wdt:P17 wd:Q219.
  ?tree wdt:P625 ?coord.
  OPTIONAL { ?tree wdt:P276 ?location. }
  SERVICE wikibase:label { bd:serviceParam wikibase:language ""[AUTO_LANGUAGE],en"". }
}",True,1.0,
103,medium,List the inventors who are members of the Republican Party.,"SELECT ?inventor ?inventorLabel WHERE {
  ?inventor wdt:P106 wd:Q1672443.
  ?inventor wdt:P102 wd:Q29468.
  SERVICE wikibase:label { bd:serviceParam wikibase:language ""[AUTO_LANGUAGE],en"". }
}",True,0.0,
104,medium,List all websites without an official webpage.,"SELECT ?website ?websiteLabel WHERE {
  ?website wdt:P31/wdt:P279* wd:Q35120.
  FILTER NOT EXISTS { ?website wdt:P856 ?officialWebsite. }
  SERVICE wikibase:label { bd:serviceParam wikibase:language ""[AUTO_LANGUAGE],en"". }
}",False,0.0,
105,medium,List all external links mentioned in the Wikipedia article about Ashmolean Museum.,"SELECT ?link WHERE {
  ?item wdt:P31 wd:Q33506 .
  ?item rdfs:label ""Ashmolean Museum""@en .
  ?item wdt:P973 ?link .
}",True,0.0,
106,medium,What organisms live in the vagina?,"SELECT ?organism ?organismLabel WHERE {
  ?organism wdt:P31 wd:Q729;
            wdt:P672 wd:Q189736.
  SERVICE wikibase:label { bd:serviceParam wikibase:language ""[AUTO_LANGUAGE],en"". }
}",True,0.0,
107,medium,Find paintings with RKDimages links and display them in an ImageGrid.,"SELECT ?item ?itemLabel ?image ?rkdID WHERE {
  ?item wdt:P31 wd:Q3305213.
  ?item wdt:P350 ?rkdID.
  ?item wdt:P18 ?image.
  SERVICE wikibase:label { bd:serviceParam wikibase:language ""[AUTO_LANGUAGE],en"". }
}
LIMIT 100",True,0.0501,
108,medium,Find film directors who have collaborated with Jean-François Stévenin the most.,"SELECT ?director ?directorLabel (COUNT(?film) AS ?collaborationCount) WHERE {
  ?film wdt:P161 wd:Q1684856 ;
        wdt:P57 ?director .
  FILTER(?director != wd:Q1684856)
  SERVICE wikibase:label { bd:serviceParam wikibase:language ""[AUTO_LANGUAGE],en"". }
}
GROUP BY ?director ?directorLabel
ORDER BY DESC(?collaborationCount)
LIMIT 20",True,0.2037,
109,medium,List all Wikidata properties with their IDs and descriptions.,"SELECT ?property ?propertyLabel ?propertyDescription WHERE {
  ?property a wikibase:Property .
  SERVICE wikibase:label { bd:serviceParam wikibase:language ""[AUTO_LANGUAGE],en"". }
}",True,0.7493,
110,medium,List all caves with prehistoric art and their coordinates.,"SELECT ?cave ?caveLabel ?coords WHERE {
  ?cave wdt:P31 wd:Q160346.
  ?cave wdt:P921 wd:Q11358.
  ?cave wdt:P625 ?coords.
  SERVICE wikibase:label { bd:serviceParam wikibase:language ""[AUTO_LANGUAGE],en"". }
}",True,0.0,
111,medium,Find a list of women who are computational biologists or bioinformaticians.,"SELECT ?person ?personLabel WHERE {
  ?person wdt:P31 wd:Q5.
  ?person wdt:P21 wd:Q6581072.
  ?person wdt:P106 ?occupation.
  VALUES ?occupation {
    wd:Q1135036  # computational biologist
    wd:Q864553   # bioinformatician
  }
  SERVICE wikibase:label { bd:serviceParam wikibase:language ""[AUTO_LANGUAGE],en"". }
}",True,0.0,
112,medium,List all US states with the letter A in their name.,"SELECT ?state ?stateLabel WHERE {
  ?state wdt:P31 wd:Q35657 .
  ?state wdt:P17 wd:Q30 .
  SERVICE wikibase:label { bd:serviceParam wikibase:language ""[AUTO_LANGUAGE],en"". }
  FILTER(CONTAINS(LCASE(?stateLabel), ""a""))
}",True,0.0,
113,medium,"List all people in the Dictionary of Welsh Biography, categorized by their birthplace and gender.","SELECT ?person ?personLabel ?birthplaceLabel ?genderLabel WHERE {
  ?person wdt:P1343 wd:Q5273977.
  ?person wdt:P19 ?birthplace.
  ?person wdt:P21 ?gender.
  SERVICE wikibase:label { bd:serviceParam wikibase:language ""[AUTO_LANGUAGE],en"". }
}",True,0.0,
114,medium,List all weather satellites with their launch dates.,"SELECT ?satellite ?satelliteLabel ?launchDate WHERE {
  ?satellite wdt:P31 wd:Q170568.
  ?satellite wdt:P619 ?launchDate.
  SERVICE wikibase:label { bd:serviceParam wikibase:language ""[AUTO_LANGUAGE],en"". }
}",True,0.0,
115,medium,Show me hillforts with their protection status on a map.,"SELECT ?item ?itemLabel ?coords ?status ?statusLabel WHERE {
  ?item wdt:P31 wd:Q1144664.
  ?item wdt:P625 ?coords.
  OPTIONAL { ?item wdt:P1435 ?status. }
  SERVICE wikibase:label { bd:serviceParam wikibase:language ""[AUTO_LANGUAGE],en"". }
}",True,0.0,
116,medium,List all viaducts in the UK with their heritage designations.,"SELECT ?viaduct ?viaductLabel ?designation ?designationLabel WHERE {
  ?viaduct wdt:P31 wd:Q12280.
  ?viaduct wdt:P17 wd:Q145.
  ?viaduct wdt:P1435 ?designation.
  SERVICE wikibase:label { bd:serviceParam wikibase:language ""[AUTO_LANGUAGE],en"". }
}",True,0.0008,
117,medium,List all humans who received the Theatre World Award in 2016.,"SELECT ?human ?humanLabel WHERE {
  ?human wdt:P166 wd:Q2415538.
  ?awardEvent wdt:P166 wd:Q2415538;
              wdt:P585 ?date.
  FILTER(YEAR(?date) = 2016)
  SERVICE wikibase:label { bd:serviceParam wikibase:language ""[AUTO_LANGUAGE],en"". }
}",True,0.0,
118,medium,"List all synthesizers manufactured by ARP Instruments, Inc.","SELECT ?synthesizer ?synthesizerLabel WHERE {
  ?synthesizer wdt:P176 wd:Q296065.
  SERVICE wikibase:label { bd:serviceParam wikibase:language ""[AUTO_LANGUAGE],en"". }
}",True,0.0,
119,medium,List all libraries in Austria along with their coordinates.,"SELECT ?library ?libraryLabel ?coords WHERE {
  ?library wdt:P31 wd:Q7075;
           wdt:P17 wd:Q40.
  ?library wdt:P625 ?coords.
  SERVICE wikibase:label { bd:serviceParam wikibase:language ""[AUTO_LANGUAGE],en"". }
}",True,0.0423,
120,medium,List all places where people named Desiree were born.,"SELECT DISTINCT ?place ?placeLabel WHERE {
  ?person wdt:P31 wd:Q5;
          wdt:P735 wd:Q1200636;
          wdt:P19 ?place.
  SERVICE wikibase:label { bd:serviceParam wikibase:language ""[AUTO_LANGUAGE],en"". }
}",True,0.0,
121,medium,List all the house cats that held the position of Chief Mouser to the Cabinet Office.,"SELECT ?cat ?catLabel WHERE {
  ?cat wdt:P39 wd:Q195945.
  SERVICE wikibase:label { bd:serviceParam wikibase:language ""[AUTO_LANGUAGE],en"". }
}",True,0.0,
122,medium,Find items published in A Compendium of Irish Biography without page numbers.,"SELECT ?item ?itemLabel WHERE {
  ?item wdt:P1433 wd:Q4655935.
  FILTER NOT EXISTS { ?item pq:P304 ?page }
  SERVICE wikibase:label { bd:serviceParam wikibase:language ""[AUTO_LANGUAGE],en"". }
}",True,0.0,
123,medium,What are the most popular literary works written in German?,"SELECT ?work ?workLabel (COUNT(?edition) AS ?editionCount) WHERE {
  ?work wdt:P31 wd:Q7725634;
        wdt:P407 wd:Q188.
  ?edition wdt:P629 ?work.
  SERVICE wikibase:label { bd:serviceParam wikibase:language ""[AUTO_LANGUAGE],en"". }
}
GROUP BY ?work ?workLabel
ORDER BY DESC(?editionCount)
LIMIT 20",True,0.0,
124,medium,Show me the latest heatwaves that have occurred.,"SELECT ?heatwave ?heatwaveLabel ?startTime WHERE {
  ?heatwave wdt:P31 wd:Q11424.
  ?heatwave wdt:P580 ?startTime.
  SERVICE wikibase:label { bd:serviceParam wikibase:language ""[AUTO_LANGUAGE],en"". }
}
ORDER BY DESC(?startTime)
LIMIT 20",True,0.0052,
125,medium,Show me the list of countries with multiple official languages.,"SELECT ?country ?countryLabel (COUNT(?language) AS ?languageCount) WHERE {
  ?country wdt:P31 wd:Q6256.
  ?country wdt:P37 ?language.
  SERVICE wikibase:label { bd:serviceParam wikibase:language ""[AUTO_LANGUAGE],en"". }
}
GROUP BY ?country ?countryLabel
HAVING (COUNT(?language) > 1)",True,0.875,
126,medium,List Czech buildings that serve as both a place of worship and a fire station.,"SELECT ?building ?buildingLabel WHERE {
  ?building wdt:P17 wd:Q213 ;
            wdt:P31/wdt:P279* wd:Q41176 ;
            wdt:P31/wdt:P279* wd:Q132250 .
  SERVICE wikibase:label { bd:serviceParam wikibase:language ""[AUTO_LANGUAGE],en"". }
}",True,0.0,
127,medium,List all Mexican presidents with their signature images on Wikidata.,"SELECT ?president ?presidentLabel ?signature WHERE {
  ?president wdt:P39 wd:Q11606 .
  ?president wdt:P109 ?signature .
  SERVICE wikibase:label { bd:serviceParam wikibase:language ""[AUTO_LANGUAGE],en"". }
}",True,0.0,
128,medium,List all megaliths in the Basque Country with their coordinates.,"SELECT ?megalith ?megalithLabel ?coords WHERE {
  ?megalith wdt:P31/wdt:P279* wd:Q191632.
  ?megalith wdt:P131 ?place.
  ?place wdt:P131* wd:Q4607.
  ?megalith wdt:P625 ?coords.
  SERVICE wikibase:label { bd:serviceParam wikibase:language ""[AUTO_LANGUAGE],en"". }
}",True,0.0,
129,medium,What are the names of spacecraft and their inspirations?,"SELECT ?spacecraftLabel ?inspirationLabel WHERE {
  ?spacecraft wdt:P31/wdt:P279* wd:Q40218.
  ?spacecraft wdt:P941 ?inspiration.
  SERVICE wikibase:label { bd:serviceParam wikibase:language ""[AUTO_LANGUAGE],en"". }
}",True,0.0,
130,medium,List all National Trust properties in the UK along with their coordinates.,"SELECT ?property ?propertyLabel ?coords WHERE {
  ?property wdt:P127 wd:Q122880.
  ?property wdt:P625 ?coords.
  SERVICE wikibase:label { bd:serviceParam wikibase:language ""[AUTO_LANGUAGE],en"". }
}",True,0.0,
131,medium,Show me the top 50 longest cars in the world.,"SELECT ?car ?carLabel ?length WHERE {
  ?car wdt:P31/wdt:P279* wd:Q1420 ;
       wdt:P2043 ?length .
  SERVICE wikibase:label { bd:serviceParam wikibase:language ""[AUTO_LANGUAGE],en"". }
}
ORDER BY DESC(?length)
LIMIT 50",True,1.0,
132,medium,Find paintings that are taller than they are wide and show me the images.,"SELECT ?painting ?paintingLabel ?image ?height ?width WHERE {
  ?painting wdt:P31 wd:Q3305213.
  ?painting wdt:P2048 ?height.
  ?painting wdt:P2049 ?width.
  ?painting wdt:P18 ?image.
  FILTER(?height > ?width)
  SERVICE wikibase:label { bd:serviceParam wikibase:language ""[AUTO_LANGUAGE],en"". }
}",False,0.0,
133,medium,List the hometowns of all current US Senators.,"SELECT DISTINCT ?hometown ?hometownLabel WHERE {
  ?senator wdt:P39 wd:Q4416090.
  ?senator wdt:P582 ?end .
  FILTER(?end > NOW())
  ?senator wdt:P19 ?hometown .
  SERVICE wikibase:label { bd:serviceParam wikibase:language ""[AUTO_LANGUAGE],en"". }
}",True,1.0,
134,medium,List all the settlements along the Way of Saint James in Basque Country.,"SELECT ?settlement ?settlementLabel WHERE {
  ?settlement wdt:P276 wd:Q1129546.
  ?settlement wdt:P131 wd:Q30755.
  SERVICE wikibase:label { bd:serviceParam wikibase:language ""[AUTO_LANGUAGE],en"". }
}",True,1.0,
135,medium,"What are the English, Welsh and Scottish counties that share borders?","SELECT ?county1Label ?county2Label WHERE {
  ?county1 wdt:P31/wdt:P279* wd:Q1331816.
  ?county2 wdt:P31/wdt:P279* wd:Q1331816.
  ?county1 wdt:P47 ?county2.
  FILTER(?county1 < ?county2)
  SERVICE wikibase:label { bd:serviceParam wikibase:language ""en"". }
}",True,0.0,
136,medium,List Indian people who died in 1959 and whose work is now public domain.,"SELECT ?person ?personLabel WHERE {
  ?person wdt:P27 wd:Q668.
  ?person wdt:P570 ?deathDate.
  FILTER((STR(?deathDate) >= ""1959-01-01"") && (STR(?deathDate) <= ""1959-12-31""))
  SERVICE wikibase:label { bd:serviceParam wikibase:language ""[AUTO_LANGUAGE],en"". }
}",True,0.8239,
137,medium,"List the top 100 lexemes with their corresponding lemmas, ordered by frequency of compound parts.","SELECT ?lexeme ?lemma (COUNT(?part) AS ?partCount) WHERE {
  ?lexeme wikibase:lexicalCategory wd:Q10845064.
  ?lexeme dct:title ?lemma.
  ?lexeme wdt:P5185 ?part.
}
GROUP BY ?lexeme ?lemma
ORDER BY DESC(?partCount)
LIMIT 100",True,0.0,
138,medium,List all humans without children.,"SELECT ?human ?humanLabel WHERE {
  ?human wdt:P31 wd:Q5.
  FILTER NOT EXISTS { ?human wdt:P40 ?child. }
  SERVICE wikibase:label { bd:serviceParam wikibase:language ""[AUTO_LANGUAGE],en"". }
}",False,0.0,
139,medium,List all rivers in Antarctica.,"SELECT ?river ?riverLabel WHERE {
  ?river wdt:P31 wd:Q4022 .
  ?river wdt:P131* wd:Q51 .
  SERVICE wikibase:label { bd:serviceParam wikibase:language ""[AUTO_LANGUAGE],en"". }
}",True,1.0,
140,medium,Show me a map of libraries located in Austria.,"SELECT ?library ?libraryLabel ?location ?coords WHERE {
  ?library wdt:P31/wdt:P279* wd:Q7075;
           wdt:P17 wd:Q40;
           wdt:P625 ?coords.
  OPTIONAL { ?library wdt:P131 ?location. }
  SERVICE wikibase:label { bd:serviceParam wikibase:language ""[AUTO_LANGUAGE],en"". }
}",True,0.4731,
141,medium,List all politicians who died from cancer.,"SELECT ?politician ?politicianLabel WHERE {
  ?politician wdt:P106 wd:Q82955.
  ?politician wdt:P1196 ?cause.
  ?cause wdt:P279* wd:Q12078.
  SERVICE wikibase:label { bd:serviceParam wikibase:language ""[AUTO_LANGUAGE],en"". }
}",True,0.0,
142,medium,List the most popular heritage sites based on their sitelinks.,"SELECT ?site ?siteLabel (COUNT(?sitelink) AS ?sitelinkCount) WHERE {
  ?site wdt:P1435 wd:Q9259.
  ?sitelink schema:about ?site.
}
GROUP BY ?site ?siteLabel
ORDER BY DESC(?sitelinkCount)
LIMIT 100",True,0.0581,
143,medium,List Belgian artists who died in 1949 and will have their work enter the public domain in 2020.,"SELECT ?artist ?artistLabel WHERE {
  ?artist wdt:P31 wd:Q5;
          wdt:P27 wd:Q31;
          wdt:P106 wd:Q483501;
          wdt:P570 ?deathDate.
  FILTER((YEAR(?deathDate)) = 1949)
  SERVICE wikibase:label { bd:serviceParam wikibase:language ""[AUTO_LANGUAGE],en"". }
}",True,0.0138,
144,medium,List the top magic schools by student enrollment.,"SELECT ?school ?schoolLabel ?enrollment WHERE {
  ?school wdt:P31/wdt:P279* wd:Q1165266.
  ?school p:P1128 ?statement.
  ?statement ps:P1128 ?enrollment.
  SERVICE wikibase:label { bd:serviceParam wikibase:language ""[AUTO_LANGUAGE],en"". }
}
ORDER BY DESC(?enrollment)",True,0.0,
145,medium,List the countries of origin for people affiliated with Ghana's top 3 traditional universities.,"SELECT DISTINCT ?countryLabel WHERE {
  VALUES ?university {
    wd:Q1521936   # University of Ghana
    wd:Q1521938   # Kwame Nkrumah University of Science and Technology
    wd:Q1521940   # University of Cape Coast
  }
  ?person wdt:P1416 ?university .
  ?person wdt:P27 ?country .
  SERVICE wikibase:label { bd:serviceParam wikibase:language ""[AUTO_LANGUAGE],en"". }
}",True,0.0,
146,medium,List all male Americans born between 1875 and 1930 with exact dates of death but only year-specific birthdates.,"SELECT ?person ?personLabel ?birthDate ?deathDate WHERE {
  ?person wdt:P31 wd:Q5;
          wdt:P21 wd:Q6581097;
          wdt:P27 wd:Q30;
          wdt:P569 ?birthDate;
          wdt:P570 ?deathDate.
  
  FILTER(DATATYPE(?birthDate) = xsd:dateTime)
  FILTER(REGEX(STR(?birthDate), ""-01-01T00:00:00Z$""))
  
  BIND(YEAR(?birthDate) AS ?birthYear)
  FILTER(?birthYear >= 1875 && ?birthYear <= 1930)
  
  SERVICE wikibase:label { bd:serviceParam wikibase:language ""[AUTO_LANGUAGE],en"". }
}",True,0.3193,
147,medium,List the French towns that have a street in Paris named after them.,"SELECT DISTINCT ?town ?townLabel WHERE {
  ?street wdt:P31 wd:Q79007 ;
          wdt:P131 wd:Q90 ;
          rdfs:label ?streetName .
  FILTER(LANG(?streetName) = ""fr"")
  
  ?town wdt:P31 wd:Q484170 ;
        wdt:P17 wd:Q142 ;
        rdfs:label ?townLabel .
  FILTER(LANG(?townLabel) = ""fr"")
  
  FILTER(CONTAINS(LCASE(?streetName), LCASE(?townLabel)))
  FILTER(STRLEN(?townLabel) > 3)
}",False,0.0,
148,medium,Show me a map of German states with links to iNaturalist observations.,"SELECT ?state ?stateLabel ?inaturalistID WHERE {
  ?state wdt:P31 wd:Q1221156;
         wdt:P17 wd:Q183;
         wdt:P3151 ?inaturalistID.
  SERVICE wikibase:label { bd:serviceParam wikibase:language ""[AUTO_LANGUAGE],en"". }
}",True,1.0,
149,medium,What are the Alpine peaks with an elevation above 1500 meters?,"SELECT ?peak ?peakLabel ?elevation WHERE {
  ?peak wdt:P31 wd:Q51373;
        wdt:P2044 ?elevation;
        wdt:P361 wd:Q1286.
  FILTER(?elevation > 1500)
  SERVICE wikibase:label { bd:serviceParam wikibase:language ""[AUTO_LANGUAGE],en"". }
}",True,1.0,
150,medium,Show me the locations of Pablo Picasso's artworks on a map.,"SELECT ?artwork ?artworkLabel ?location ?locationLabel ?coord WHERE {
  ?artwork wdt:P170 wd:Q5593.
  ?artwork wdt:P276 ?location.
  ?location wdt:P625 ?coord.
  SERVICE wikibase:label { bd:serviceParam wikibase:language ""[AUTO_LANGUAGE],en"". }
}",True,0.7419,
151,medium,Find scientific statements related to the DOI 10.10.21/JA01577A030.,"SELECT ?statement ?property ?value WHERE {
  ?item wdt:P356 ""10.1021/ja01577a030"" .
  ?item ?p ?statement .
  ?statement ?property ?value .
}",True,1.0,
152,medium,List all Hebrew nouns that can be both masculine and feminine.,"SELECT ?noun ?nounLabel WHERE {
  ?noun wdt:P31 wd:Q11004338.
  ?noun wdt:P407 wd:Q8011.
  ?noun wdt:P5185 wd:Q1775415.
  ?noun wdt:P5185 wd:Q1775461.
  SERVICE wikibase:label { bd:serviceParam wikibase:language ""he,en"". }
}",True,0.0,
153,medium,List all winners of the FSF Award for the Advancement of Free Software along with their images.,"SELECT ?winner ?winnerLabel ?image WHERE {
  ?winner wdt:P166 wd:Q1388568.
  ?winner wdt:P18 ?image.
  SERVICE wikibase:label { bd:serviceParam wikibase:language ""[AUTO_LANGUAGE],en"". }
}",True,1.0,
154,medium,Find images of languages and their dialects.,"SELECT ?language ?languageLabel ?dialect ?dialectLabel ?image WHERE {
  ?language wdt:P31 wd:Q34770.
  ?dialect wdt:P279* ?language.
  ?dialect wdt:P31 wd:Q33506.
  ?dialect wdt:P18 ?image.
  SERVICE wikibase:label { bd:serviceParam wikibase:language ""[AUTO_LANGUAGE],en"". }
}",True,0.0,
155,medium,"Show me a map of parishes in New South Wales, Australia, organized by county.","SELECT ?parish ?parishLabel ?county ?countyLabel ?location WHERE {
  ?parish wdt:P31 wd:Q1134686.
  ?parish wdt:P131 ?county.
  ?county wdt:P31 wd:Q185590.
  ?county wdt:P131 ?state.
  ?state wdt:P150* wd:Q40856.
  ?parish wdt:P625 ?location.
  SERVICE wikibase:label { bd:serviceParam wikibase:language ""[AUTO_LANGUAGE],en"". }
}",True,0.0,
156,medium,List all organizations with their geographic locations.,"SELECT ?organization ?organizationLabel ?location ?locationLabel WHERE {
  ?organization wdt:P31/wdt:P279* wd:Q43229.
  ?organization wdt:P276|wdt:P131 ?location.
  SERVICE wikibase:label { bd:serviceParam wikibase:language ""[AUTO_LANGUAGE],en"". }
}",False,0.0,
157,medium,List all French watercraft whose name begins with the letter A.,"SELECT ?item ?itemLabel WHERE {
  ?item wdt:P31/wdt:P279* wd:Q11446.
  ?item wdt:P17 wd:Q142.
  ?item rdfs:label ?itemLabel.
  FILTER(LANG(?itemLabel) = ""en"")
  FILTER(STRSTARTS(UCASE(?itemLabel), ""A""))
}",True,0.0978,
158,medium,List Indian films that are remakes of other Indian movies.,"SELECT ?film ?filmLabel ?originalFilm ?originalFilmLabel WHERE {
  ?film wdt:P31 wd:Q11424;
        wdt:P495 wd:Q668;
        wdt:P144 ?originalFilm.
  ?originalFilm wdt:P31 wd:Q11424;
                wdt:P495 wd:Q668.
  SERVICE wikibase:label { bd:serviceParam wikibase:language ""[AUTO_LANGUAGE],en"". }
}",True,1.0,
159,medium,List the countries with the most metal bands.,"SELECT ?countryLabel (COUNT(?band) AS ?bandCount) WHERE {
  ?band wdt:P31 wd:Q20748;
        wdt:P136 wd:Q38848;
        wdt:P495 ?country.
  SERVICE wikibase:label { bd:serviceParam wikibase:language ""[AUTO_LANGUAGE],en"". }
}
GROUP BY ?countryLabel
ORDER BY DESC(?bandCount)",True,0.0,
160,medium,List all popes who had a parent that was also a pope.,"SELECT ?pope ?popeLabel ?parent ?parentLabel WHERE {
  ?pope wdt:P31 wd:Q5;
        wdt:P39 wd:Q19546.
  ?pope wdt:P25|wdt:P22 ?parent.
  ?parent wdt:P39 wd:Q19546.
  SERVICE wikibase:label { bd:serviceParam wikibase:language ""[AUTO_LANGUAGE],en"". }
}",True,1.0,
161,medium,List all locations with the name 'Earth' in any language.,"SELECT ?item ?itemLabel WHERE {
  ?item rdfs:label ""Earth""@en.
  SERVICE wikibase:label { bd:serviceParam wikibase:language ""[AUTO_LANGUAGE],en"". }
}",True,0.0,
162,medium,List scientific papers where an animal is credited as a co-author.,"SELECT ?paper ?paperLabel ?animal ?animalLabel WHERE {
  ?paper wdt:P50 ?animal .
  ?animal wdt:P31 ?taxon .
  VALUES ?taxon { wd:Q729 wd:Q16521 } # Human (Q729) is excluded by logic, but we look for non-human animals
  FILTER NOT EXISTS { ?animal wdt:P31 wd:Q5 }
  SERVICE wikibase:label { bd:serviceParam wikibase:language ""[AUTO_LANGUAGE],en"". }
}",False,0.0,
163,medium,List all archaeological sites without coordinates.,"SELECT ?site ?siteLabel WHERE {
  ?site wdt:P31/wdt:P279* wd:Q839954.
  FILTER NOT EXISTS { ?site wdt:P625 ?coord . }
  SERVICE wikibase:label { bd:serviceParam wikibase:language ""[AUTO_LANGUAGE],en"". }
}",False,0.0,
164,medium,List national flags that have inscriptions on them.,"SELECT DISTINCT ?flag ?flagLabel WHERE {
  ?flag wdt:P31 wd:Q14660.
  ?flag wdt:P180 ?depiction.
  ?depiction wdt:P279* wd:Q178561.
  SERVICE wikibase:label { bd:serviceParam wikibase:language ""[AUTO_LANGUAGE],en"". }
}",True,0.0,
165,medium,Find individuals with both UK National Archives and US NARA IDs.,"SELECT ?item ?uk_nara_id ?us_nara_id WHERE {
  ?item wdt:P3913 ?uk_nara_id .
  ?item wdt:P1225 ?us_nara_id .
}",True,0.0,
166,medium,List countries with featured articles on Russian Wikipedia.,"SELECT DISTINCT ?country ?countryLabel WHERE {
  ?article schema:about ?country ;
           schema:isPartOf <https://ru.wikipedia.org/> ;
           wikibase:badge wd:Q17437796 .
  ?country wdt:P31 wd:Q6256 .
  SERVICE wikibase:label { bd:serviceParam wikibase:language ""[AUTO_LANGUAGE],en"". }
}",True,0.0,
167,medium,List all fortifications related to the Dutch East India Company (VOC) and the Dutch West India Company (WIC).,"SELECT ?fortification ?fortificationLabel ?company ?companyLabel WHERE {
  VALUES ?company { wd:Q156526 wd:Q156527 }
  ?fortification wdt:P31/wdt:P279* wd:Q185543.
  ?fortification wdt:P112|wdt:P176|wdt:P127|wdt:P178 ?company.
  SERVICE wikibase:label { bd:serviceParam wikibase:language ""[AUTO_LANGUAGE],en"". }
}",True,0.0,
168,medium,List all movies directed by Jean-Luc Godard in chronological order.,"SELECT ?movie ?movieLabel ?date WHERE {
  ?movie wdt:P31 wd:Q11424;
         wdt:P57 wd:Q53002;
         wdt:P577 ?date.
  SERVICE wikibase:label { bd:serviceParam wikibase:language ""[AUTO_LANGUAGE],en"". }
}
ORDER BY ?date",True,0.0241,
169,medium,Show me a map of the birthplaces of artists featured in Europeana 280.,"SELECT ?artist ?artistLabel ?place ?placeLabel ?coord WHERE {
  ?artist wdt:P1709 wd:Q23826336.
  ?artist wdt:P19 ?place.
  ?place wdt:P625 ?coord.
  SERVICE wikibase:label { bd:serviceParam wikibase:language ""[AUTO_LANGUAGE],en"". }
}",True,1.0,
170,medium,List the people who have both a warship and a microarchitecture named after them.,"SELECT DISTINCT ?person ?personLabel WHERE {
  ?warship wdt:P136 ?type .
  ?type wdt:P279* wd:Q170568 .
  ?warship wdt:P138 ?person .
  
  ?microarchitecture wdt:P31/wdt:P279* wd:Q1137109 .
  ?microarchitecture wdt:P138 ?person .
  
  SERVICE wikibase:label { bd:serviceParam wikibase:language ""[AUTO_LANGUAGE],en"". }
}",True,1.0,
171,medium,List all types of food in English.,"SELECT ?food ?foodLabel WHERE {
  ?food wdt:P279* wd:Q2095.
  SERVICE wikibase:label { bd:serviceParam wikibase:language ""en"". }
}",False,0.0,
172,medium,List all female artists.,"SELECT ?artist ?artistLabel WHERE {
  ?artist wdt:P106 wd:Q483501.
  ?artist wdt:P21 wd:Q6581072.
  SERVICE wikibase:label { bd:serviceParam wikibase:language ""[AUTO_LANGUAGE],en"". }
}",True,0.0,
173,medium,List all paintings that are classified as still life and were created by female artists.,"SELECT ?painting ?paintingLabel ?artist ?artistLabel WHERE {
  ?painting wdt:P31 wd:Q3305213.
  ?painting wdt:P136 wd:Q170584.
  ?painting wdt:P170 ?artist.
  ?artist wdt:P21 wd:Q6581072.
  SERVICE wikibase:label { bd:serviceParam wikibase:language ""[AUTO_LANGUAGE],en"". }
}",True,0.0,
174,medium,List all articles about Wikidata instances.,"SELECT ?item ?itemLabel WHERE {
  ?item wdt:P31 wd:Q11266439.
  SERVICE wikibase:label { bd:serviceParam wikibase:language ""[AUTO_LANGUAGE],en"". }
}",False,0.0,
175,medium,Find statements with a specific value assigned to property P1343 and retrieve their references.,"SELECT ?item ?statement ?reference WHERE {
  ?item p:P1343 ?statement .
  ?statement ps:P1343 wd:Q12345 . # Replace Q12345 with the specific value
  ?statement prov:wasDerivedFrom ?reference .
}",True,0.0,
176,medium,Show me a map of lakes and rivers in France.,"SELECT ?item ?itemLabel ?location ?coords WHERE {
  {
    ?item wdt:P31/wdt:P279* wd:Q23397 . # Lake
  } UNION {
    ?item wdt:P31/wdt:P279* wd:Q4022 . # River
  }
  ?item wdt:P17 wd:Q142 . # Located in France
  ?item wdt:P625 ?coords .
  SERVICE wikibase:label { bd:serviceParam wikibase:language ""[AUTO_LANGUAGE],en"". }
}",True,0.1991,
177,medium,Find paintings of ships created by Charles Heaphy.,"SELECT ?painting ?paintingLabel WHERE {
  ?painting wdt:P170 wd:Q5079137 ;
            wdt:P31 wd:Q3305213 .
  ?painting wdt:P180 wd:Q11446 .
  SERVICE wikibase:label { bd:serviceParam wikibase:language ""[AUTO_LANGUAGE],en"". }
}",True,0.0,
178,medium,Show me a map of images from the Wicipics project in Wales.,"SELECT ?item ?itemLabel ?image ?coord WHERE {
  ?item wdt:P18 ?image.
  ?item wdt:P17 wd:Q25.
  ?item wdt:P973 ?url.
  FILTER(CONTAINS(STR(?url), ""wicipics""))
  ?item wdt:P625 ?coord.
  SERVICE wikibase:label { bd:serviceParam wikibase:language ""[AUTO_LANGUAGE],en"". }
}",True,0.0,
179,medium,List all poets from the Kingdom of Great Britain with known birth and death years.,"SELECT ?poet ?poetLabel ?birthYear ?deathYear WHERE {
  ?poet wdt:P106 wd:Q49757.
  ?poet wdt:P27 wd:Q161885.
  ?poet wdt:P569 ?birthDate.
  ?poet wdt:P570 ?deathDate.
  
  BIND(YEAR(?birthDate) AS ?birthYear)
  BIND(YEAR(?deathDate) AS ?deathYear)
  
  SERVICE wikibase:label { bd:serviceParam wikibase:language ""[AUTO_LANGUAGE],en"". }
}",True,0.7324,
180,medium,List all coups d'etat that occurred in the 21st century.,"SELECT ?coup ?coupLabel ?date WHERE {
  ?coup wdt:P31 wd:Q112193.
  ?coup wdt:P585 ?date.
  FILTER(?date >= ""2001-01-01T00:00:00Z""^^xsd:dateTime)
  SERVICE wikibase:label { bd:serviceParam wikibase:language ""[AUTO_LANGUAGE],en"". }
}
ORDER BY ?date",True,0.0,
181,medium,List all Wikidata entities with multiple Electronic Enlightenment IDs.,"SELECT ?item (COUNT(?id) AS ?count) WHERE {
  ?item wdt:P6024 ?id .
}
GROUP BY ?item
HAVING (COUNT(?id) > 1)",True,0.0,
182,medium,List German movie titles that imply someone or something doesn't answer.,"SELECT ?movie ?movieLabel WHERE {
  ?movie wdt:P31 wd:Q11424.
  ?movie wdt:P407 wd:Q188.
  ?movie rdfs:label ?movieLabel.
  FILTER(LANG(?movieLabel) = ""de"")
  FILTER(REGEX(?movieLabel, ""(keine Antwort|antwortet nicht|schweigt|stumm)"", ""i""))
}",True,1.0,
183,medium,List all female artists.,"SELECT ?artist ?artistLabel WHERE {
  ?artist wdt:P106 wd:Q483501.
  ?artist wdt:P21 wd:Q6581072.
  SERVICE wikibase:label { bd:serviceParam wikibase:language ""[AUTO_LANGUAGE],en"". }
}",True,0.0001,
184,medium,List all biological taxa named after metal music bands.,"SELECT ?taxon ?taxonLabel ?band ?bandLabel WHERE {
  ?taxon wdt:P31 wd:Q1652095.
  ?taxon wdt:P138 ?band.
  ?band wdt:P106 wd:Q177220.
  ?band wdt:P136 wd:Q38848.
  SERVICE wikibase:label { bd:serviceParam wikibase:language ""[AUTO_LANGUAGE],en"". }
}",True,0.0,
185,medium,List authors with their Project Gutenberg IDs and Electronic Enlightenment IDs.,"SELECT ?author ?authorLabel ?gutenbergID ?eeID WHERE {
  ?author wdt:P1938 ?gutenbergID ;
          wdt:P6026 ?eeID .
  SERVICE wikibase:label { bd:serviceParam wikibase:language ""[AUTO_LANGUAGE],en"". }
}",True,0.0,
186,medium,List all artworks created by Ferdinand Bauer that do not have a 'depicts' property.,"SELECT ?artwork ?artworkLabel WHERE {
  ?artwork wdt:P170 wd:Q322265.
  FILTER NOT EXISTS { ?artwork wdt:P180 ?depicts. }
  SERVICE wikibase:label { bd:serviceParam wikibase:language ""[AUTO_LANGUAGE],en"". }
}",True,0.0,
187,medium,List the notable people whose doctoral advisor was a University of Bristol alum.,"SELECT DISTINCT ?person ?personLabel WHERE {
  ?person wdt:P184 ?advisor .
  ?advisor wdt:P69 wd:Q168666 .
  SERVICE wikibase:label { bd:serviceParam wikibase:language ""[AUTO_LANGUAGE],en"". }
}",True,0.0,
188,medium,List the top software titles with their dependency counts.,"SELECT ?software ?softwareLabel (COUNT(?dependency) AS ?dependencyCount) WHERE {
  ?software wdt:P1547 ?dependency.
  SERVICE wikibase:label { bd:serviceParam wikibase:language ""[AUTO_LANGUAGE],en"". }
}
GROUP BY ?software ?softwareLabel
ORDER BY DESC(?dependencyCount)
LIMIT 100",True,0.0,
189,medium,List all tram bridges located in France.,"SELECT ?bridge ?bridgeLabel WHERE {
  ?bridge wdt:P31 wd:Q12280;
          wdt:P17 wd:Q142.
  ?bridge wdt:P279* wd:Q12280.
  ?bridge wdt:P180* wd:Q10647.
  SERVICE wikibase:label { bd:serviceParam wikibase:language ""[AUTO_LANGUAGE],en"". }
}",True,0.0,
190,medium,List all works with languages spoken in a specific country.,"SELECT ?work ?workLabel ?language ?languageLabel ?country ?countryLabel WHERE {
  ?work wdt:P407 ?language.
  ?language wdt:P37 ?country.
  SERVICE wikibase:label { bd:serviceParam wikibase:language ""[AUTO_LANGUAGE],en"". }
}",True,0.1538,
191,medium,"List the children of Johann Sebastian Bach with his first wife, Maria Barbara Bach.","SELECT ?child ?childLabel WHERE {
  wd:Q1339 wdt:P40 ?child.
  ?child wdt:P22 wd:Q1339;
         wdt:P25 wd:Q76636.
  SERVICE wikibase:label { bd:serviceParam wikibase:language ""[AUTO_LANGUAGE],en"". }
}",True,0.0,
192,medium,List all lexemes that describe a color.,"SELECT ?lexeme ?lexemeLabel WHERE {
  ?lexeme wdt:P31 wd:Q11033.
  ?lexeme wdt:P279* wd:Q1075.
  SERVICE wikibase:label { bd:serviceParam wikibase:language ""[AUTO_LANGUAGE],en"". }
}",True,0.0,
193,medium,List all individuals buried in Pere-Lachaise cemetery who were born in a Ukrainian city.,"SELECT ?person ?personLabel ?birthPlaceLabel WHERE {
  ?person wdt:P119 wd:Q212543.
  ?person wdt:P19 ?birthPlace.
  ?birthPlace wdt:P131* ?country.
  ?country wdt:P31 wd:Q6256.
  SERVICE wikibase:label { bd:serviceParam wikibase:language ""[AUTO_LANGUAGE],en"". }
}",True,0.0,
194,medium,List all films shot in Austria.,"SELECT ?film ?filmLabel WHERE {
  ?film wdt:P31 wd:Q11424.
  ?film wdt:P915 wd:Q40.
  SERVICE wikibase:label { bd:serviceParam wikibase:language ""[AUTO_LANGUAGE],en"". }
}",True,0.2165,
195,medium,List all entities that have received the Commander of the Legion of Honour award without any references.,"SELECT ?item ?itemLabel WHERE {
  ?item p:P166 ?statement.
  ?statement ps:P166 wd:Q10855195.
  FILTER NOT EXISTS { ?statement prov:wasDerivedFrom ?ref. }
  SERVICE wikibase:label { bd:serviceParam wikibase:language ""[AUTO_LANGUAGE],en"". }
}",True,0.0595,
196,medium,"List the Jameel items in Ashmolean Museum with their URLs, ordered by the number of statements.","SELECT ?item ?itemLabel ?url (COUNT(?statement) AS ?statementCount) WHERE {
  ?item wdt:P195 wd:Q659506.
  ?item rdfs:label ?label.
  FILTER(LANG(?label) = ""en"")
  FILTER(CONTAINS(LCASE(?label), ""jameel""))
  ?item ?p ?statement.
  OPTIONAL { ?item wdt:P973 ?url. }
  SERVICE wikibase:label { bd:serviceParam wikibase:language ""[AUTO_LANGUAGE],en"". }
}
GROUP BY ?item ?itemLabel ?url
ORDER BY DESC(?statementCount)",True,0.0,
197,medium,List all album covers that show a specific location.,"SELECT ?album ?albumLabel ?location ?locationLabel WHERE {
  ?album wdt:P31 wd:Q482994.
  ?album wdt:P18 ?image.
  ?album wdt:P276 ?location.
  SERVICE wikibase:label { bd:serviceParam wikibase:language ""[AUTO_LANGUAGE],en"". }
}",True,0.0,
198,medium,Find locations that have something named after them.,"SELECT DISTINCT ?location ?locationLabel ?namedEntity ?namedEntityLabel WHERE {
  ?namedEntity wdt:P138 ?location.
  SERVICE wikibase:label { bd:serviceParam wikibase:language ""[AUTO_LANGUAGE],en"". }
}",False,0.0,
199,medium,Show a bubble chart of occupations held by people affiliated with the University of Clermont.,"SELECT ?occupationLabel (COUNT(?person) AS ?count) WHERE {
  ?person wdt:P1416 wd:Q2293766.
  ?person wdt:P106 ?occupation.
  SERVICE wikibase:label { bd:serviceParam wikibase:language ""[AUTO_LANGUAGE],en"". }
}
GROUP BY ?occupationLabel
ORDER BY DESC(?count)",True,0.0,
200,medium,Show me a list of nuclear weapons tests with their coordinates.,"SELECT ?test ?testLabel ?coord WHERE {
  ?test wdt:P31 wd:Q189666.
  ?test wdt:P625 ?coord.
  SERVICE wikibase:label { bd:serviceParam wikibase:language ""[AUTO_LANGUAGE],en"". }
}",True,0.0,
201,medium,List the number of UK parliament seats where members switched to other seats each year from 1830 to 1910.,"SELECT ?year (COUNT(?member) AS ?switches) WHERE {
  ?member p:P39 ?statement .
  ?statement ps:P39 wd:Q16707842 ;
             pq:P580 ?start .
  BIND(YEAR(?start) AS ?year)
  FILTER(?year >= 1830 && ?year <= 1910)
  
  ?member p:P39 ?prevStatement .
  ?prevStatement ps:P39 wd:Q16707842 ;
                 pq:P582 ?end .
  BIND(YEAR(?end) AS ?prevEnd)
  
  FILTER(?prevEnd = ?year)
  
  ?statement pq:P194 ?seat .
  ?prevStatement pq:P194 ?prevSeat .
  FILTER(?seat != ?prevSeat)
}
GROUP BY ?year
ORDER BY ?year",True,0.0,
202,medium,List the paintings in the Louvre's Paintings Department created by female artists.,"SELECT ?painting ?paintingLabel ?artist ?artistLabel WHERE {
  ?painting wdt:P31 wd:Q3305213;
            wdt:P195 wd:Q160683;
            wdt:P170 ?artist.
  ?artist wdt:P21 wd:Q6581072.
  SERVICE wikibase:label { bd:serviceParam wikibase:language ""[AUTO_LANGUAGE],en"". }
}",True,0.0,
203,medium,Find the GADM ID of a specific administrative area and get its corresponding GBIF dataset link.,"SELECT ?gadm_id ?gbif_dataset_link WHERE {
  ?item wdt:P3006 ?gadm_id .
  ?item wdt:P846 ?gbif_dataset_link .
  FILTER(?gadm_id = ""USA.1_1"")
}",True,0.0,
204,medium,What is the maximum population of cities in each country?,"SELECT ?countryLabel (MAX(?population) AS ?maxPopulation) WHERE {
  ?city wdt:P31/wdt:P279* wd:Q515 .
  ?city wdt:P17 ?country .
  ?city wdt:P1082 ?population .
  SERVICE wikibase:label { bd:serviceParam wikibase:language ""[AUTO_LANGUAGE],en"". }
} GROUP BY ?countryLabel",True,0.2995,
205,medium,List all the birthplaces of Liverpool football players on a map.,"SELECT ?player ?playerLabel ?place ?placeLabel ?coord WHERE {
  ?player wdt:P54 wd:Q113084.
  ?player wdt:P19 ?place.
  ?place wdt:P625 ?coord.
  SERVICE wikibase:label { bd:serviceParam wikibase:language ""[AUTO_LANGUAGE],en"". }
}",True,0.0,
206,medium,Show me a list of parliament buildings from each country with their corresponding images.,"SELECT ?countryLabel ?parliament ?parliamentLabel ?image WHERE {
  ?parliament wdt:P31/wdt:P279* wd:Q1126643.
  ?parliament wdt:P17 ?country.
  ?parliament wdt:P18 ?image.
  SERVICE wikibase:label { bd:serviceParam wikibase:language ""[AUTO_LANGUAGE],en"". }
}",True,0.0,
207,medium,"List the children of Johann Sebastian Bach with his first wife, Maria Barbara Bach.","SELECT ?child ?childLabel WHERE {
  wd:Q1339 wdt:P40 ?child.
  ?child wdt:P22 wd:Q1339;
         wdt:P25 wd:Q76636.
  SERVICE wikibase:label { bd:serviceParam wikibase:language ""[AUTO_LANGUAGE],en"". }
}",True,0.0,
208,medium,List scientists who died by burning.,"SELECT ?scientist ?scientistLabel WHERE {
  ?scientist wdt:P106 wd:Q901.
  ?scientist wdt:P1196 wd:Q214006.
  SERVICE wikibase:label { bd:serviceParam wikibase:language ""[AUTO_LANGUAGE],en"". }
}",True,1.0,
209,medium,List the institutions where UNR faculty members earned their degrees.,"SELECT DISTINCT ?institution ?institutionLabel WHERE {
  ?person wdt:P108 wd:Q1545656.
  ?person wdt:P69 ?institution.
  SERVICE wikibase:label { bd:serviceParam wikibase:language ""[AUTO_LANGUAGE],en"". }
}",True,0.0,
210,medium,"List all places in Ghana with names ending in 'li', 'ti', or 'om'.","SELECT ?place ?placeLabel WHERE {
  ?place wdt:P131* wd:Q117 .
  ?place rdfs:label ?placeLabel .
  FILTER(LANG(?placeLabel) = ""en"")
  FILTER(REGEX(?placeLabel, ""(li|ti|om)$"", ""i""))
}",True,0.5942,
211,medium,Find people who have been infected with COVID-19.,"SELECT ?person ?personLabel WHERE {
  ?person wdt:P31 wd:Q5;
          wdt:P1196 wd:Q84263196.
  SERVICE wikibase:label { bd:serviceParam wikibase:language ""[AUTO_LANGUAGE],en"". }
}",True,0.0006,
212,medium,List all French National Assembly members born outside of France.,"SELECT ?member ?memberLabel ?placeOfBirthLabel WHERE {
  ?member wdt:P39 wd:Q19373841.
  ?member wdt:P19 ?placeOfBirth.
  ?placeOfBirth wdt:P17 ?country.
  FILTER(?country != wd:Q142)
  SERVICE wikibase:label { bd:serviceParam wikibase:language ""[AUTO_LANGUAGE],en"". }
}",True,0.0,
213,medium,List all the suffragettes around the world along with their birthplaces and coordinates.,"SELECT ?person ?personLabel ?place ?placeLabel ?coords WHERE {
  ?person wdt:P106 wd:Q2389908.
  ?person wdt:P19 ?place.
  ?place wdt:P625 ?coords.
  SERVICE wikibase:label { bd:serviceParam wikibase:language ""[AUTO_LANGUAGE],en"". }
}",True,0.0,
214,medium,List the top 10 botanists who have authored the most taxons.,"SELECT ?botanist ?botanistLabel (COUNT(?taxon) AS ?taxonCount) WHERE {
  ?taxon wdt:P405 ?botanist.
  ?taxon wdt:P31 wd:Q16521.
  SERVICE wikibase:label { bd:serviceParam wikibase:language ""[AUTO_LANGUAGE],en"". }
}
GROUP BY ?botanist ?botanistLabel
ORDER BY DESC(?taxonCount)
LIMIT 10",True,1.0,
215,medium,List the years when pride parades started.,"SELECT DISTINCT ?year WHERE {
  ?parade wdt:P31 wd:Q1508882.
  ?parade wdt:P580 ?start_date.
  BIND(YEAR(?start_date) AS ?year)
}
ORDER BY ?year",True,0.0,
216,medium,What are the key initiatives promoting open access to research in Japan?,"SELECT ?initiative ?initiativeLabel WHERE {
  ?initiative wdt:P31/wdt:P279* wd:Q11344 ;
              wdt:P17 wd:Q17 .
  SERVICE wikibase:label { bd:serviceParam wikibase:language ""[AUTO_LANGUAGE],en"". }
}",True,0.0,
217,medium,List museums named after a specific person or thing.,"SELECT ?museum ?museumLabel ?namedAfter ?namedAfterLabel WHERE {
  ?museum wdt:P31/wdt:P279* wd:Q33506.
  ?museum wdt:P138 ?namedAfter.
  SERVICE wikibase:label { bd:serviceParam wikibase:language ""[AUTO_LANGUAGE],en"". }
}",True,0.7858,
218,medium,List all movie titles that contain the word 'it'.,"SELECT ?movie ?movieLabel WHERE {
  ?movie wdt:P31 wd:Q11424.
  ?movie rdfs:label ?movieLabel.
  FILTER(LANG(?movieLabel) = ""en"")
  FILTER(CONTAINS(LCASE(?movieLabel), ""it""))
}",True,0.0,
219,medium,List all the songs composed by Charlie Parker.,"SELECT ?song ?songLabel WHERE {
  ?song wdt:P175 ?artist .
  ?artist wdt:P31 wd:Q5 .
  ?song wdt:P86 wd:Q193662 .
  SERVICE wikibase:label { bd:serviceParam wikibase:language ""[AUTO_LANGUAGE],en"". }
}",True,0.0,
220,medium,"List all books written by Arthur Conan Doyle, including their titles, illustrators, publishers, and publication dates if available.","SELECT ?book ?bookLabel ?illustratorLabel ?publisherLabel ?publicationDate WHERE {
  ?book wdt:P50 wd:Q35610.
  ?book wdt:P31 wd:Q571.
  OPTIONAL { ?book wdt:P110 ?illustrator. }
  OPTIONAL { ?book wdt:P123 ?publisher. }
  OPTIONAL { ?book wdt:P577 ?publicationDate. }
  SERVICE wikibase:label { bd:serviceParam wikibase:language ""[AUTO_LANGUAGE],en"". }
}",True,0.0,
221,medium,List bodies of water with the most rivers flowing into them.,"SELECT ?waterBody ?waterBodyLabel (COUNT(?river) AS ?count) WHERE {
  ?river wdt:P200 ?waterBody.
  SERVICE wikibase:label { bd:serviceParam wikibase:language ""[AUTO_LANGUAGE],en"". }
}
GROUP BY ?waterBody ?waterBodyLabel
ORDER BY DESC(?count)
LIMIT 100",True,0.0043,
222,medium,List all the paintings in the Suter Art Gallery.,"SELECT ?painting ?paintingLabel WHERE {
  ?painting wdt:P31 wd:Q3305213;
            wdt:P276 wd:Q7650335.
  SERVICE wikibase:label { bd:serviceParam wikibase:language ""[AUTO_LANGUAGE],en"". }
}",True,0.0,
223,medium,List all Indian districts that share a border with another district.,"SELECT DISTINCT ?district ?districtLabel WHERE {
  ?district wdt:P31 wd:Q149604.
  ?district wdt:P47 ?neighbor.
  ?neighbor wdt:P31 wd:Q149604.
  SERVICE wikibase:label { bd:serviceParam wikibase:language ""[AUTO_LANGUAGE],en"". }
}",True,0.0,
224,medium,List the inventors who died as a result of their own creations.,"SELECT ?inventor ?inventorLabel ?causeOfDeath ?causeOfDeathLabel WHERE {
  ?inventor wdt:P31 wd:Q5;
            wdt:P1196 ?causeOfDeath.
  ?causeOfDeath wdt:P279* wd:Q1213559.
  SERVICE wikibase:label { bd:serviceParam wikibase:language ""[AUTO_LANGUAGE],en"". }
}",True,0.0,
225,medium,Find war memorials with their geographical coordinates.,"SELECT ?memorial ?memorialLabel ?coords WHERE {
  ?memorial wdt:P31 wd:Q575663.
  ?memorial wdt:P625 ?coords.
  SERVICE wikibase:label { bd:serviceParam wikibase:language ""[AUTO_LANGUAGE],en"". }
}",True,0.0,
226,medium,List items that have Toki Pona as a language of work or name.,"SELECT ?item ?itemLabel WHERE {
  ?item wdt:P407|wdt:P1448 wd:Q121305.
  SERVICE wikibase:label { bd:serviceParam wikibase:language ""[AUTO_LANGUAGE],en"". }
}",True,0.0,
227,medium,List the number of musical compositions on Wikidata by language in descending order.,"SELECT ?languageLabel (COUNT(?work) AS ?count) WHERE {
  ?work wdt:P31 wd:Q207669.
  ?work wdt:P407 ?language.
  SERVICE wikibase:label { bd:serviceParam wikibase:language ""[AUTO_LANGUAGE],en"". }
}
GROUP BY ?languageLabel
ORDER BY DESC(?count)",True,0.0,
228,medium,How many musicians are there in each country according to Wikidata?,"SELECT ?countryLabel (COUNT(?musician) AS ?count) WHERE {
  ?musician wdt:P106 wd:Q639669.
  ?musician wdt:P27 ?country.
  SERVICE wikibase:label { bd:serviceParam wikibase:language ""[AUTO_LANGUAGE],en"". }
}
GROUP BY ?countryLabel
ORDER BY DESC(?count)",False,0.0,
229,medium,List the influential people born between 1590 and 1750 who were influenced by other humans.,"SELECT DISTINCT ?person ?personLabel WHERE {
  ?person wdt:P31 wd:Q5;
          wdt:P569 ?birthDate;
          wdt:P737 ?influencedBy.
  FILTER(?birthDate >= ""1590-01-01T00:00:00Z""^^xsd:dateTime && ?birthDate <= ""1750-12-31T23:59:59Z""^^xsd:dateTime)
  ?influencedBy wdt:P31 wd:Q5.
  SERVICE wikibase:label { bd:serviceParam wikibase:language ""[AUTO_LANGUAGE],en"". }
}",True,0.5127,
230,medium,How many items are not linked to any statements?,"SELECT (COUNT(?item) AS ?count)
WHERE {
  ?item wikibase:sitelinks ?sitelinks .
  FILTER(?sitelinks = 0)
  MINUS { ?item ?p ?o . }
}",False,0.0,
231,medium,What nationalities are represented among authors who have published papers related to Australian fauna?,"SELECT DISTINCT ?nationalityLabel WHERE {
  ?paper wdt:P921 wd:Q1426066.
  ?paper wdt:P50 ?author.
  ?author wdt:P27 ?nationality.
  SERVICE wikibase:label { bd:serviceParam wikibase:language ""[AUTO_LANGUAGE],en"". }
}",True,1.0,
232,medium,List all the collections that have photos taken by Carleton Watkins.,"SELECT DISTINCT ?collection ?collectionLabel WHERE {
  ?photo wdt:P170 wd:Q1036337 ;
         wdt:P195 ?collection .
  SERVICE wikibase:label { bd:serviceParam wikibase:language ""[AUTO_LANGUAGE],en"". }
}",True,0.0,
233,medium,Find the coordinates of places where people named Antoine were born.,"SELECT ?place ?placeLabel ?coord WHERE {
  ?person wdt:P31 wd:Q5 ;
          wdt:P735 wd:Q1968846 ;
          wdt:P19 ?place .
  ?place wdt:P625 ?coord .
  SERVICE wikibase:label { bd:serviceParam wikibase:language ""[AUTO_LANGUAGE],en"". }
}",True,0.0,
234,medium,List the birthplaces of famous art historians.,"SELECT DISTINCT ?art_historian ?art_historianLabel ?birthplace ?birthplaceLabel WHERE {
  ?art_historian wdt:P106 wd:Q1346110.
  ?art_historian wdt:P19 ?birthplace.
  SERVICE wikibase:label { bd:serviceParam wikibase:language ""[AUTO_LANGUAGE],en"". }
}",True,0.0,
235,medium,List all items with official names containing a slash.,"SELECT ?item ?itemLabel WHERE {
  ?item wdt:P1448 ?name .
  FILTER(CONTAINS(?name, ""/""))
  SERVICE wikibase:label { bd:serviceParam wikibase:language ""[AUTO_LANGUAGE],en"". }
}",False,0.0,
236,medium,List mathematicians who have siblings that are actors or musicians.,"SELECT DISTINCT ?mathematician ?mathematicianLabel ?sibling ?siblingLabel WHERE {
  ?mathematician wdt:P106 wd:Q170790.
  ?mathematician wdt:P3373 ?sibling.
  ?sibling wdt:P106 ?occupation.
  VALUES ?occupation { wd:Q33999 wd:Q177220 }
  SERVICE wikibase:label { bd:serviceParam wikibase:language ""[AUTO_LANGUAGE],en"". }
}",True,0.2147,
237,medium,List the women who have received awards from Women in Technology International.,"SELECT DISTINCT ?person ?personLabel WHERE {
  ?person wdt:P21 wd:Q6581072.
  ?person p:P166 ?awardStatement.
  ?awardStatement ps:P166 wd:Q8031357.
  SERVICE wikibase:label { bd:serviceParam wikibase:language ""[AUTO_LANGUAGE],en"". }
}",True,1.0,
238,medium,List the actors who have worked with Shah Rukh Khan in multiple films.,"SELECT ?actor ?actorLabel (COUNT(DISTINCT ?film) AS ?filmCount) WHERE {
  ?film wdt:P161 wd:Q9535.
  ?film wdt:P161 ?actor.
  FILTER(?actor != wd:Q9535)
  SERVICE wikibase:label { bd:serviceParam wikibase:language ""[AUTO_LANGUAGE],en"". }
}
GROUP BY ?actor ?actorLabel
HAVING (COUNT(DISTINCT ?film) > 1)
ORDER BY DESC(?filmCount)",True,0.2483,
239,medium,List all 355 municipalities in the Netherlands along with their geo coordinates and provinces.,"SELECT ?municipality ?municipalityLabel ?coords ?province ?provinceLabel WHERE {
  ?municipality wdt:P31 wd:Q2039348;
                wdt:P131 ?province.
  ?province wdt:P31 wd:Q10876.
  ?municipality wdt:P625 ?coords.
  SERVICE wikibase:label { bd:serviceParam wikibase:language ""[AUTO_LANGUAGE],en"". }
}",True,0.0,
240,medium,What language do the labels of Q137 and Q12518 have in common?,"SELECT ?languageLabel WHERE {
  {
    SELECT ?lang WHERE {
      wd:Q137 ?p ?statement .
      ?statement prov:wasDerivedFrom ?ref .
      ?ref pr:P407 ?lang .
    }
  }
  INTERSECT
  {
    SELECT ?lang WHERE {
      wd:Q12518 ?p ?statement .
      ?statement prov:wasDerivedFrom ?ref .
      ?ref pr:P407 ?lang .
    }
  }
  SERVICE wikibase:label { bd:serviceParam wikibase:language ""[AUTO_LANGUAGE],en"". }
}",False,0.0,
241,medium,What are the UK parliamentary constituencies that share a border with each other?,"SELECT ?constituency1 ?constituency1Label ?constituency2 ?constituency2Label WHERE {
  ?constituency1 wdt:P31 wd:Q192883.
  ?constituency1 wdt:P47 ?constituency2.
  ?constituency2 wdt:P31 wd:Q192883.
  FILTER(?constituency1 < ?constituency2)
  SERVICE wikibase:label { bd:serviceParam wikibase:language ""[AUTO_LANGUAGE],en"". }
}",True,0.0,
242,medium,List all groups of fictional characters from the Marvel universe.,"SELECT ?group ?groupLabel WHERE {
  ?group wdt:P31 wd:Q16334295.
  ?group wdt:P361 wd:Q173608.
  SERVICE wikibase:label { bd:serviceParam wikibase:language ""[AUTO_LANGUAGE],en"". }
}",True,1.0,
243,medium,Show me the locations of libraries in India on a map.,"SELECT ?library ?libraryLabel ?location ?coord WHERE {
  ?library wdt:P31 wd:Q7075;
           wdt:P17 wd:Q668;
           wdt:P625 ?coord.
  OPTIONAL { ?library wdt:P131 ?location. }
  SERVICE wikibase:label { bd:serviceParam wikibase:language ""[AUTO_LANGUAGE],en"". }
}",True,0.582,
244,medium,Show me the tram lines in Vienna.,"SELECT ?tramLine ?tramLineLabel WHERE {
  ?tramLine wdt:P31 wd:Q11368 ;
            wdt:P131 wd:Q1741 .
  SERVICE wikibase:label { bd:serviceParam wikibase:language ""[AUTO_LANGUAGE],en"". }
}",True,0.0,
245,medium,List Mexican writers born between 1800 and 1900.,"SELECT ?writer ?writerLabel ?birthDate WHERE {
  ?writer wdt:P106 wd:Q36180;
          wdt:P27 wd:Q96;
          wdt:P569 ?birthDate.
  FILTER (?birthDate >= ""1800-01-01T00:00:00Z""^^xsd:dateTime && ?birthDate <= ""1900-12-31T23:59:59Z""^^xsd:dateTime)
  SERVICE wikibase:label { bd:serviceParam wikibase:language ""[AUTO_LANGUAGE],en"". }
}",True,0.7638,
246,medium,"List all National Film Award winners from the 1990s, organized by award category.","SELECT ?awardLabel ?winnerLabel ?year
WHERE {
  ?winner wdt:P166 ?award .
  ?award wdt:P361 wd:Q1063052 .
  ?awardStatement ps:P166 ?award ;
                  pq:P585 ?date .
  BIND(YEAR(?date) AS ?year)
  FILTER(?year >= 1990 && ?year <= 1999)
  SERVICE wikibase:label { bd:serviceParam wikibase:language ""[AUTO_LANGUAGE],en"". }
}
ORDER BY ?awardLabel ?year ?winnerLabel",True,0.0,
247,medium,Find hills in the UK with horse figures drawn on them.,"SELECT ?hill ?hillLabel WHERE {
  ?hill wdt:P31 wd:Q20748.
  ?hill wdt:P17 wd:Q145.
  ?hill wdt:P180 wd:Q726.
  SERVICE wikibase:label { bd:serviceParam wikibase:language ""[AUTO_LANGUAGE],en"". }
}",True,0.0,
248,medium,List Tex-Mex singers who are also musicians.,"SELECT DISTINCT ?singer ?singerLabel WHERE {
  ?singer wdt:P106 wd:Q1772228;
          wdt:P106 wd:Q1982063;
          wdt:P136 wd:Q1475560.
  SERVICE wikibase:label { bd:serviceParam wikibase:language ""[AUTO_LANGUAGE],en"". }
}",True,0.0,
249,medium,List all athletes born in a specific location who play for Real Sociedad.,"SELECT ?athlete ?athleteLabel WHERE {
  ?athlete wdt:P106 wd:Q2066131;
           wdt:P54 wd:Q207366.
  SERVICE wikibase:label { bd:serviceParam wikibase:language ""[AUTO_LANGUAGE],en"". }
}",True,0.0,
250,medium,List all individuals born on a river.,"SELECT ?person ?personLabel ?river ?riverLabel WHERE {
  ?person wdt:P19 ?place.
  ?place wdt:P206 ?river.
  SERVICE wikibase:label { bd:serviceParam wikibase:language ""[AUTO_LANGUAGE],en"". }
}",False,0.0,
251,medium,Find the locations of boundary stones near Radibor.,"SELECT ?item ?itemLabel ?location WHERE {
  ?item wdt:P31 wd:Q1506366.
  ?item wdt:P131 ?municipality.
  ?municipality wdt:P279* wd:Q683666.
  ?item wdt:P625 ?location.
  SERVICE wikibase:label { bd:serviceParam wikibase:language ""[AUTO_LANGUAGE],en"". }
}",True,0.0,
252,medium,List all paintings by Rembrandt in the Louvre or Rijksmuseum.,"SELECT ?painting ?paintingLabel ?museumLabel WHERE {
  ?painting wdt:P170 wd:Q5598;
            wdt:P31 wd:Q3305213;
            wdt:P276 ?museum.
  FILTER(?museum IN (wd:Q19675, wd:Q190804))
  SERVICE wikibase:label { bd:serviceParam wikibase:language ""[AUTO_LANGUAGE],en"". }
}",True,0.1971,
253,medium,Show a map of countries by the year they joined the United Nations.,"SELECT ?country ?countryLabel ?year WHERE {
  ?country wdt:P31 wd:Q6256;
           p:P3916 ?statement.
  ?statement ps:P3916 wd:Q1065;
             pq:P580 ?date.
  BIND(YEAR(?date) AS ?year)
  SERVICE wikibase:label { bd:serviceParam wikibase:language ""[AUTO_LANGUAGE],en"". }
}",True,0.0,
254,medium,What jobs did UK Prime Ministers have before becoming politicians?,"SELECT DISTINCT ?pmLabel ?occupationLabel WHERE {
  ?pm wdt:P39 wd:Q14211.
  ?pm wdt:P106 ?occupation.
  FILTER(?occupation != wd:Q82955)
  FILTER(?occupation != wd:Q1930187)
  FILTER(?occupation != wd:Q1622272)
  SERVICE wikibase:label { bd:serviceParam wikibase:language ""[AUTO_LANGUAGE],en"". }
}",True,0.0,
255,medium,What are the laws in Indonesia that apply to indigenous people?,"SELECT ?law ?lawLabel WHERE {
  ?law wdt:P31 wd:Q7748 ;
       wdt:P17 wd:Q252 .
  ?law wdt:P921 ?topic .
  FILTER(?topic IN (wd:Q170332, wd:Q1063651))
  SERVICE wikibase:label { bd:serviceParam wikibase:language ""[AUTO_LANGUAGE],en"". }
}",True,0.0,
256,medium,List all the authors who have received a Nobel Prize and cited Egon Willighagen's work.,"SELECT DISTINCT ?author ?authorLabel WHERE {
  ?work wdt:P50 wd:Q5348207 .
  ?citingWork wdt:P2860 ?work .
  ?citingWork wdt:P50 ?author .
  ?author wdt:P166 wd:Q7191 .
  SERVICE wikibase:label { bd:serviceParam wikibase:language ""[AUTO_LANGUAGE],en"". }
}",True,1.0,
257,medium,List documents from the Boyer collection organized by decade.,"SELECT ?decade ?document ?documentLabel WHERE {
  ?document wdt:P195 wd:Q113624668.
  ?document wdt:P571 ?date.
  BIND(CONCAT(STR(FLOOR(YEAR(?date) / 10) * 10), ""s"") AS ?decade)
  SERVICE wikibase:label { bd:serviceParam wikibase:language ""[AUTO_LANGUAGE],en"". }
}
ORDER BY ?decade ?documentLabel",True,0.0,
258,medium,List all items in the History of Science Museum with their descriptions.,"SELECT ?item ?itemLabel ?itemDescription WHERE {
  ?item wdt:P276 wd:Q1621035.
  SERVICE wikibase:label { bd:serviceParam wikibase:language ""[AUTO_LANGUAGE],en"". }
}",True,0.0,
259,medium,List all items with their CBDB and VIAF IDs.,"SELECT ?item ?itemLabel ?cbdbID ?viafID WHERE {
  ?item wdt:P1211 ?cbdbID.
  ?item wdt:P214 ?viafID.
  SERVICE wikibase:label { bd:serviceParam wikibase:language ""[AUTO_LANGUAGE],en"". }
}",True,0.0,
260,complex,List the top film directors by their number of films and sitelinks.,"SELECT ?director ?directorLabel (COUNT(?film) AS ?filmCount) (COUNT(?sitelink) AS ?sitelinkCount)
WHERE {
  ?film wdt:P31 wd:Q11424 ;
        wdt:P57 ?director .
  ?director wikibase:sitelinks ?sitelink .
  SERVICE wikibase:label { bd:serviceParam wikibase:language ""[AUTO_LANGUAGE],en"". }
}
GROUP BY ?director ?directorLabel
ORDER BY DESC(?filmCount) DESC(?sitelinkCount)
LIMIT 100",False,0.0,
261,complex,List the countries with their corresponding number of coronavirus cases.,"SELECT ?country ?countryLabel ?cases WHERE {
  ?country wdt:P31 wd:Q6256.
  ?country p:P1603 ?statement.
  ?statement ps:P1603 ?cases.
  SERVICE wikibase:label { bd:serviceParam wikibase:language ""[AUTO_LANGUAGE],en"". }
}",True,0.0,
262,complex,List all doctoral theses with their authors and institutions.,"SELECT ?thesis ?thesisLabel ?author ?authorLabel ?institution ?institutionLabel WHERE {
  ?thesis wdt:P31 wd:Q187685.
  ?thesis wdt:P50 ?author.
  ?thesis wdt:P108 ?institution.
  SERVICE wikibase:label { bd:serviceParam wikibase:language ""[AUTO_LANGUAGE],en"". }
}",True,1.0,
263,complex,What are the parent taxa of Asterophryinae?,"SELECT ?parent ?parentLabel WHERE {
  wd:Q2868363 wdt:P171 ?parent .
  SERVICE wikibase:label { bd:serviceParam wikibase:language ""[AUTO_LANGUAGE],en"". }
}",True,0.0,
264,complex,Find the CIViC citation corpus and extract PubMed IDs.,"SELECT ?item ?pubmedID WHERE {
  ?item wdt:P31 wd:Q113505566.
  ?item wdt:P698 ?pubmedID.
}",True,1.0,
265,complex,List all instruments created by Antonio Stradivari.,"SELECT ?instrument ?instrumentLabel WHERE {
  ?instrument wdt:P170 wd:Q206336.
  SERVICE wikibase:label { bd:serviceParam wikibase:language ""[AUTO_LANGUAGE],en"". }
}",True,0.0,
266,complex,Find scholarly articles with 'Zika' in their title.,"SELECT ?article ?articleLabel WHERE {
  ?article wdt:P31 wd:Q13442814.
  ?article rdfs:label ?articleLabel.
  FILTER(LANG(?articleLabel) = ""en"")
  FILTER(CONTAINS(LCASE(?articleLabel), ""zika""))
}",True,1.0,
267,complex,List all items that have a description in English but no English label.,"SELECT ?item WHERE {
  ?item schema:description ?desc .
  FILTER(LANG(?desc) = ""en"")
  FILTER NOT EXISTS { ?item rdfs:label ?label . FILTER(LANG(?label) = ""en"") }
}",False,0.0,
268,complex,"What are the ingredients in a sandwich, excluding bread?","SELECT ?ingredient ?ingredientLabel WHERE {
  ?sandwich wdt:P31 wd:Q28803.
  ?sandwich wdt:P527 ?ingredient.
  FILTER NOT EXISTS { ?ingredient wdt:P279* wd:Q7802 }
  SERVICE wikibase:label { bd:serviceParam wikibase:language ""[AUTO_LANGUAGE],en"". }
}
GROUP BY ?ingredient ?ingredientLabel",True,0.3868,
269,complex,List all Law & Order episodes along with their season and episode numbers.,"SELECT ?episode ?episodeLabel ?seasonNumber ?episodeNumber WHERE {
  ?episode wdt:P179 wd:Q321428.
  ?episode wdt:P1545 ?episodeNumber.
  ?episode wdt:P179 ?series.
  ?episode p:P179 ?statement.
  ?statement pq:P490 ?season.
  ?season wdt:P1545 ?seasonNumber.
  SERVICE wikibase:label { bd:serviceParam wikibase:language ""[AUTO_LANGUAGE],en"". }
}
ORDER BY xsd:integer(?seasonNumber) xsd:integer(?episodeNumber)",True,1.0,
270,complex,List all images used by multiple churches.,"SELECT ?image (COUNT(DISTINCT ?church) AS ?count) WHERE {
  ?church wdt:P31/wdt:P279* wd:Q16970.
  ?church wdt:P18 ?image.
}
GROUP BY ?image
HAVING (COUNT(DISTINCT ?church) > 1)",True,0.3847,
271,complex,List all virtual conferences along with their environment and other details.,"SELECT ?conference ?conferenceLabel ?environment ?environmentLabel ?website ?startDate ?endDate WHERE {
  ?conference wdt:P31 wd:Q106576667.
  OPTIONAL { ?conference wdt:P1192 ?environment. }
  OPTIONAL { ?conference wdt:P856 ?website. }
  OPTIONAL { ?conference wdt:P580 ?startDate. }
  OPTIONAL { ?conference wdt:P582 ?endDate. }
  SERVICE wikibase:label { bd:serviceParam wikibase:language ""[AUTO_LANGUAGE],en"". }
}",True,0.0,
272,complex,What is the average lifespan of people in different professions?,"SELECT ?occupationLabel (AVG(?lifespan) AS ?averageLifespan) WHERE {
  ?person wdt:P106 ?occupation .
  ?person wdt:P569 ?birthDate .
  ?person wdt:P570 ?deathDate .
  
  BIND(year(?deathDate) - year(?birthDate) AS ?lifespan)
  
  FILTER(?lifespan > 0 && ?lifespan < 120)
  
  SERVICE wikibase:label { bd:serviceParam wikibase:language ""[AUTO_LANGUAGE],en"". }
}
GROUP BY ?occupationLabel
HAVING (COUNT(?person) > 10)
ORDER BY DESC(?averageLifespan)",False,0.0,
273,complex,List the identifiers present on Penelope Cruz's item but not on Sean Connery's.,"SELECT DISTINCT ?property WHERE {
  {
    SELECT ?property WHERE {
      wd:Q39666 p:P166 ?statement .
      ?statement ps:P166 ?val .
      ?property wikibase:propertyType wikibase:ExternalId .
      wd:Q39666 ?p ?statement .
      ?p wikibase:directClaim ?property .
    }
  }
  FILTER NOT EXISTS {
    wd:Q4573 ?p2 ?statement2 .
    ?p2 wikibase:directClaim ?property .
  }
}",True,0.0,
274,complex,List all trans artists with their occupation and image.,"SELECT ?artist ?artistLabel ?occupationLabel ?image WHERE {
  ?artist wdt:P31 wd:Q5.
  ?artist wdt:P106 ?occupation.
  ?artist wdt:P21 wd:Q1052281.
  ?artist wdt:P18 ?image.
  SERVICE wikibase:label { bd:serviceParam wikibase:language ""[AUTO_LANGUAGE],en"". }
}",True,0.0,
275,complex,What are the places near Papa Stour?,"SELECT ?place ?placeLabel WHERE {
  wd:Q1633684 wdt:P206 ?location .
  ?place wdt:P206 ?location .
  FILTER(?place != wd:Q1633684)
  SERVICE wikibase:label { bd:serviceParam wikibase:language ""[AUTO_LANGUAGE],en"". }
}",True,0.0,
276,complex,List the longest English words in alphabetical order.,"SELECT ?word ?wordLabel WHERE {
  ?word wdt:P31 wd:Q11030.
  ?word wdt:P407 wd:Q1860.
  ?word rdfs:label ?wordLabel.
  FILTER(LANG(?wordLabel) = ""en"")
  BIND(STRLEN(?wordLabel) AS ?len)
  {
    SELECT (MAX(?length) AS ?maxLen) WHERE {
      ?w wdt:P31 wd:Q11030; wdt:P407 wd:Q1860; rdfs:label ?l.
      FILTER(LANG(?l) = ""en"")
      BIND(STRLEN(?l) AS ?length)
    }
  }
  FILTER(?len = ?maxLen)
}
ORDER BY ?wordLabel",True,0.0,
277,complex,List all Welsh journals and newspapers with their publication dates and places.,"SELECT ?item ?itemLabel ?inception ?placeLabel WHERE {
  ?item wdt:P31/wdt:P279* wd:Q11032 ;
        wdt:P495 wd:Q25 .
  OPTIONAL { ?item wdt:P571 ?inception . }
  OPTIONAL { ?item wdt:P291 ?place . }
  SERVICE wikibase:label { bd:serviceParam wikibase:language ""[AUTO_LANGUAGE],en"". }
}",True,0.0623,
278,complex,List economists by their fields of work and nationalities.,"SELECT ?economist ?economistLabel ?fieldLabel ?nationalityLabel
WHERE {
  ?economist wdt:P106 wd:Q188094.
  ?economist wdt:P101 ?field.
  ?economist wdt:P27 ?nationality.
  SERVICE wikibase:label { bd:serviceParam wikibase:language ""[AUTO_LANGUAGE],en"". }
}",False,0.0,
279,complex,List the top animals depicted in artworks.,"SELECT ?animal ?animalLabel (COUNT(?artwork) AS ?count) WHERE {
  ?artwork wdt:P180 ?animal .
  ?animal wdt:P279* wd:Q729 .
  SERVICE wikibase:label { bd:serviceParam wikibase:language ""[AUTO_LANGUAGE],en"". }
}
GROUP BY ?animal ?animalLabel
ORDER BY DESC(?count)
LIMIT 20",True,0.0,
280,complex,List the European regions with a population density of less than 30 people per square kilometer.,"SELECT ?region ?regionLabel ?population ?area ?density WHERE {
  ?region wdt:P31/wdt:P279* wd:Q19019.
  ?region wdt:P131* wd:Q46.
  ?region p:P1082 ?popStatement.
  ?popStatement ps:P1082 ?population.
  FILTER NOT EXISTS { ?popStatement pq:P582 ?end }
  ?region wdt:P2046 ?area.
  BIND(?population / ?area AS ?density)
  FILTER(?density < 30)
  SERVICE wikibase:label { bd:serviceParam wikibase:language ""[AUTO_LANGUAGE],en"". }
}",True,0.0,
281,complex,List all restaurants in Luxembourg that have a Michelin star.,"SELECT ?restaurant ?restaurantLabel WHERE {
  ?restaurant wdt:P31 wd:Q11707 .
  ?restaurant wdt:P131 wd:Q32 .
  ?restaurant wdt:P1071 wd:Q11424 .
  SERVICE wikibase:label { bd:serviceParam wikibase:language ""[AUTO_LANGUAGE],en"". }
}",True,0.0,
282,complex,What properties are most commonly used in references?,"SELECT ?property ?propertyLabel (COUNT(?ref) AS ?count) WHERE {
  ?statement prov:wasDerivedFrom ?ref .
  ?ref ?property ?value .
  FILTER(STRSTARTS(STR(?property), ""http://www.wikidata.org/prop/reference/""))
  SERVICE wikibase:label { bd:serviceParam wikibase:language ""[AUTO_LANGUAGE],en"". }
}
GROUP BY ?property ?propertyLabel
ORDER BY DESC(?count)
LIMIT 100",False,0.0,
283,complex,List all WikiProjects focused on women.,"SELECT ?project ?projectLabel WHERE {
  ?project wdt:P31 wd:Q17442446.
  ?project wdt:P921 wd:Q467.
  SERVICE wikibase:label { bd:serviceParam wikibase:language ""[AUTO_LANGUAGE],en"". }
}",True,1.0,
284,complex,Find pictures of theatres in Carthalia from the outside and inside.,"SELECT ?theatre ?theatreLabel ?image WHERE {
  ?theatre wdt:P31 wd:Q24354.
  ?theatre wdt:P131* wd:Q1048189.
  ?theatre wdt:P18 ?image.
  SERVICE wikibase:label { bd:serviceParam wikibase:language ""[AUTO_LANGUAGE],en"". }
}",True,0.0,
285,complex,List the countries with their number of citizens having a specific blood type.,"SELECT ?countryLabel (COUNT(?person) AS ?count) WHERE {
  ?person wdt:P27 ?country.
  ?person wdt:P10826 ?bloodType.
  SERVICE wikibase:label { bd:serviceParam wikibase:language ""[AUTO_LANGUAGE],en"". }
}
GROUP BY ?countryLabel",True,0.2212,
286,complex,What artworks are commonly depicted in both the Ashmolean Museum and the Cleveland Museum of Art?,"SELECT ?artwork ?artworkLabel WHERE {
  ?artwork wdt:P180 ?depiction .
  ?artwork wdt:P195 wd:Q637246 .
  ?artwork wdt:P195 wd:Q363793 .
  SERVICE wikibase:label { bd:serviceParam wikibase:language ""[AUTO_LANGUAGE],en"". }
}",True,1.0,
287,complex,"List the movies featuring Jean-Paul Belmondo, ranked by their number of sitelinks.","SELECT ?movie ?movieLabel (COUNT(?sitelink) AS ?sitelinkCount) WHERE {
  ?movie wdt:P161 wd:Q106255.
  ?movie wdt:P31 wd:Q11424.
  ?sitelink schema:about ?movie.
  SERVICE wikibase:label { bd:serviceParam wikibase:language ""[AUTO_LANGUAGE],en"". }
}
GROUP BY ?movie ?movieLabel
ORDER BY DESC(?sitelinkCount)",True,0.4424,
288,complex,List male actors who played the same character in a trilogy of movies when they were young and again decades later.,"SELECT DISTINCT ?actor ?actorLabel ?character ?characterLabel ?movie1 ?movie2 ?movie3 WHERE {
  ?character wdt:P31 wd:Q95074.
  ?movie1 wdt:P1441 ?character; wdt:P161 ?actor.
  ?movie2 wdt:P1441 ?character; wdt:P161 ?actor.
  ?movie3 wdt:P1441 ?character; wdt:P161 ?actor.
  FILTER(?movie1 != ?movie2 && ?movie1 != ?movie3 && ?movie2 != ?movie3)
  ?actor wdt:P21 wd:Q6581097.
  ?movie1 wdt:P577 ?date1.
  ?movie2 wdt:P577 ?date2.
  ?movie3 wdt:P577 ?date3.
  BIND(ABS(YEAR(?date1) - YEAR(?date2)) AS ?diff12)
  BIND(ABS(YEAR(?date2) - YEAR(?date3)) AS ?diff23)
  FILTER((?diff12 > 20) || (?diff23 > 20))
  SERVICE wikibase:label { bd:serviceParam wikibase:language ""[AUTO_LANGUAGE],en"". }
}",True,0.0,
289,complex,Find churches in the Czech Republic dedicated to St. Wenceslas or St. Cyril and Methodius.,"SELECT ?church ?churchLabel WHERE {
  ?church wdt:P31/wdt:P279* wd:Q16970.
  ?church wdt:P17 wd:Q213.
  ?church wdt:P825 ?saint.
  VALUES ?saint { wd:Q315692 wd:Q159666 wd:Q159667 }
  SERVICE wikibase:label { bd:serviceParam wikibase:language ""[AUTO_LANGUAGE],en"". }
}",True,0.0,
290,complex,Show me a map of all Wikidata items located in Ukraine.,"SELECT ?item ?itemLabel ?location WHERE {
  ?item wdt:P131* wd:Q212 .
  ?item wdt:P625 ?location .
  SERVICE wikibase:label { bd:serviceParam wikibase:language ""[AUTO_LANGUAGE],en"". }
}",True,0.0959,
291,complex,List photographers born before the first photograph was taken.,"SELECT ?photographer ?photographerLabel ?birthDate WHERE {
  ?photographer wdt:P106 wd:Q33231.
  ?photographer wdt:P569 ?birthDate.
  FILTER(?birthDate < ""1826-01-01T00:00:00Z""^^xsd:dateTime)
  SERVICE wikibase:label { bd:serviceParam wikibase:language ""[AUTO_LANGUAGE],en"". }
}",True,0.0,
292,complex,List all grammatical features and their subclasses.,"SELECT ?feature ?featureLabel ?subclass ?subclassLabel WHERE {
  ?feature wdt:P31 wd:Q11058376.
  OPTIONAL {
    ?subclass wdt:P279 ?feature.
    SERVICE wikibase:label { bd:serviceParam wikibase:language ""[AUTO_LANGUAGE],en"". }
  }
  SERVICE wikibase:label { bd:serviceParam wikibase:language ""[AUTO_LANGUAGE],en"". }
}",True,0.0,
293,complex,List famous Latin American female musicians who don't have a Wikipedia article in Spanish.,"SELECT ?musician ?musicianLabel WHERE {
  ?musician wdt:P31 wd:Q5;
            wdt:P106 wd:Q177222;
            wdt:P27 wd:Q12585.
  FILTER NOT EXISTS { ?sitelink schema:about ?musician; schema:isPartOf <https://es.wikipedia.org/>. }
  SERVICE wikibase:label { bd:serviceParam wikibase:language ""[AUTO_LANGUAGE],en"". }
}",True,0.0,
294,complex,List the events where most video games were announced.,"SELECT ?event ?eventLabel (COUNT(?game) AS ?gameCount) WHERE {
  ?game wdt:P31 wd:Q7889;
        wdt:P1753 ?event.
  SERVICE wikibase:label { bd:serviceParam wikibase:language ""[AUTO_LANGUAGE],en"". }
}
GROUP BY ?event ?eventLabel
ORDER BY DESC(?gameCount)",False,0.0,
295,complex,Find the century when archaeological objects in St Raymond museum were discovered.,"SELECT DISTINCT ?centuryLabel WHERE {
  ?item wdt:P195 wd:Q3329867.
  ?item wdt:P189 ?discoverySite.
  ?item wdt:P575 ?discoveryDate.
  BIND(YEAR(?discoveryDate) AS ?year)
  BIND(CEIL(?year / 100) AS ?century)
  SERVICE wikibase:label { bd:serviceParam wikibase:language ""[AUTO_LANGUAGE],en"". }
}",True,0.0,
296,complex,List all statues in the UK that depict women or nobles.,"SELECT DISTINCT ?statue ?statueLabel ?depicted ?depictedLabel WHERE {
  ?statue wdt:P31 wd:Q1792644.
  ?statue wdt:P17 wd:Q145.
  ?statue wdt:P180 ?depicted.
  {
    ?depicted wdt:P21 wd:Q6581072.
  } UNION {
    ?depicted wdt:P106/wdt:P279* wd:Q1137109.
  }
  SERVICE wikibase:label { bd:serviceParam wikibase:language ""[AUTO_LANGUAGE],en"". }
}",True,0.0,
297,complex,List all cricket teams with their number of players and gender.,"SELECT ?team ?teamLabel (COUNT(?player) AS ?playerCount) ?genderLabel WHERE {
  ?team wdt:P31/wdt:P279* wd:Q5372.
  ?player wdt:P54 ?team.
  OPTIONAL { ?team wdt:P21 ?gender. }
  SERVICE wikibase:label { bd:serviceParam wikibase:language ""[AUTO_LANGUAGE],en"". }
}
GROUP BY ?team ?teamLabel ?genderLabel",True,0.0016,
298,complex,Find entities related to Percy Bysshe Shelley and their corresponding images.,"SELECT ?entity ?entityLabel ?image WHERE {
  { ?entity ?p wd:Q93343 . }
  UNION
  { wd:Q93343 ?p ?entity . }
  ?entity wdt:P18 ?image .
  SERVICE wikibase:label { bd:serviceParam wikibase:language ""[AUTO_LANGUAGE],en"". }
}",True,0.0275,
299,complex,What are the most common characteristics of objects in a specific collection?,"SELECT ?propertyLabel (COUNT(?item) AS ?count) WHERE {
  # Replace 'Q12345' with the specific collection item ID
  ?item wdt:P195 wd:Q12345 .
  ?item ?p ?value .
  ?property wikibase:directClaim ?p .
  SERVICE wikibase:label { bd:serviceParam wikibase:language ""[AUTO_LANGUAGE],en"". }
}
GROUP BY ?propertyLabel
ORDER BY DESC(?count)
LIMIT 20",True,1.0,
300,complex,List all Swiss films along with their duration in minutes and release date.,"SELECT ?film ?filmLabel ?duration ?publicationDate WHERE {
  ?film wdt:P31 wd:Q11424.
  ?film wdt:P495 wd:Q39.
  ?film wdt:P2047 ?duration.
  ?film wdt:P577 ?publicationDate.
  SERVICE wikibase:label { bd:serviceParam wikibase:language ""[AUTO_LANGUAGE],en"". }
}",True,0.0,
301,complex,List all members of the Illuminati Order along with their birth dates.,"SELECT ?member ?memberLabel ?birthDate WHERE {
  ?member wdt:P361 wd:Q185136.
  ?member wdt:P569 ?birthDate.
  SERVICE wikibase:label { bd:serviceParam wikibase:language ""[AUTO_LANGUAGE],en"". }
}",True,1.0,
302,complex,List all Czech art collections with their sizes.,"SELECT ?collection ?collectionLabel ?size WHERE {
  ?collection wdt:P31 wd:Q207663.
  ?collection wdt:P17 wd:Q213.
  ?collection wdt:P1103 ?size.
  SERVICE wikibase:label { bd:serviceParam wikibase:language ""[AUTO_LANGUAGE],en"". }
}",True,0.0,
303,complex,List airports named after famous poets.,"SELECT ?airport ?airportLabel ?poet ?poetLabel WHERE {
  ?airport wdt:P31 wd:Q1248784.
  ?airport wdt:P138 ?poet.
  ?poet wdt:P106 wd:Q49757.
  SERVICE wikibase:label { bd:serviceParam wikibase:language ""[AUTO_LANGUAGE],en"". }
}",True,0.457,
304,complex,"Show me a map of Italian cities with schools, highlighting areas with high school density.","SELECT ?city ?cityLabel ?location ?schoolCount WHERE {
  ?city wdt:P31 wd:Q515 ;
        wdt:P17 wd:Q38 ;
        wdt:P625 ?location .
  {
    SELECT ?city (COUNT(?school) AS ?schoolCount) WHERE {
      ?school wdt:P17 wd:Q38 ;
              wdt:P131* ?city ;
              wdt:P31/wdt:P279* wd:Q3918 .
    }
    GROUP BY ?city
    HAVING (?schoolCount > 10)
  }
  SERVICE wikibase:label { bd:serviceParam wikibase:language ""[AUTO_LANGUAGE],en"". }
}",True,0.0004,
305,complex,Show me hillforts in the UK without images on a map.,"SELECT ?item ?itemLabel ?coord WHERE {
  ?item wdt:P31 wd:Q1144696.
  ?item wdt:P17 wd:Q145.
  FILTER NOT EXISTS { ?item wdt:P18 ?image. }
  ?item wdt:P625 ?coord.
  SERVICE wikibase:label { bd:serviceParam wikibase:language ""[AUTO_LANGUAGE],en"". }
}",True,0.0,
306,complex,List all pathways with their corresponding gene and metabolite counts.,"SELECT ?pathway ?pathwayLabel (COUNT(DISTINCT ?gene) AS ?geneCount) (COUNT(DISTINCT ?metabolite) AS ?metaboliteCount) WHERE {
  ?pathway wdt:P31 wd:Q49167.
  OPTIONAL { ?pathway wdt:P703 ?gene. ?gene wdt:P31 wd:Q7187. }
  OPTIONAL { ?pathway wdt:P2293 ?metabolite. }
  SERVICE wikibase:label { bd:serviceParam wikibase:language ""[AUTO_LANGUAGE],en"". }
}
GROUP BY ?pathway ?pathwayLabel",True,1.0,
307,complex,Find authors with works published online during the Early Modern period.,"SELECT DISTINCT ?author ?authorLabel ?work ?workLabel WHERE {
  ?work wdt:P50 ?author ;
        wdt:P6216 wd:Q19652 ;
        wdt:P577 ?date .
  FILTER(?date >= ""1500-01-01T00:00:00Z""^^xsd:dateTime && ?date <= ""1799-12-31T23:59:59Z""^^xsd:dateTime)
  SERVICE wikibase:label { bd:serviceParam wikibase:language ""[AUTO_LANGUAGE],en"". }
}",False,0.0,
308,complex,Find artworks featuring individuals from the Electronic Enlightenment database.,"SELECT ?artwork ?artworkLabel ?individual ?individualLabel WHERE {
  ?individual wdt:P6134 ?ee_id.
  ?artwork wdt:P180 ?individual.
  SERVICE wikibase:label { bd:serviceParam wikibase:language ""[AUTO_LANGUAGE],en"". }
}",True,0.0,
309,complex,List the types of notable things that have an Instagram account.,"SELECT DISTINCT ?typeLabel WHERE {
  ?item wdt:P2003 ?instagram.
  ?item wdt:P31 ?type.
  SERVICE wikibase:label { bd:serviceParam wikibase:language ""[AUTO_LANGUAGE],en"". }
}",False,0.0,
310,complex,What organizations were founded by University of Oxford alumni?,"SELECT DISTINCT ?organization ?organizationLabel WHERE {
  ?person wdt:P69 wd:Q34433.
  ?organization wdt:P112 ?person.
  SERVICE wikibase:label { bd:serviceParam wikibase:language ""[AUTO_LANGUAGE],en"". }
}",True,0.1516,
311,complex,"List politicians who have accounts on GitHub, CPAN, or Wikimedia.","SELECT DISTINCT ?politician ?politicianLabel ?github ?cpan ?wikimedia WHERE {
  ?politician wdt:P106 wd:Q82955.
  OPTIONAL { ?politician wdt:P2037 ?github. }
  OPTIONAL { ?politician wdt:P2038 ?cpan. }
  OPTIONAL { ?politician wdt:P1006 ?wikimedia. }
  FILTER(BOUND(?github) || BOUND(?cpan) || BOUND(?wikimedia))
  SERVICE wikibase:label { bd:serviceParam wikibase:language ""[AUTO_LANGUAGE],en"". }
}",False,0.0,
312,complex,List the countries with the most colorful flags.,"SELECT ?country ?countryLabel (COUNT(DISTINCT ?color) AS ?colorCount) WHERE {
  ?country wdt:P31 wd:Q6256.
  ?country wdt:P41 ?flag.
  ?flag wdt:P462 ?color.
  SERVICE wikibase:label { bd:serviceParam wikibase:language ""[AUTO_LANGUAGE],en"". }
}
GROUP BY ?country ?countryLabel
ORDER BY DESC(?colorCount)
LIMIT 20",True,0.0,
313,complex,Find online travel stories with French texts and map the locations mentioned.,"SELECT ?item ?itemLabel ?text ?location ?locationLabel ?coord WHERE {
  ?item wdt:P31 wd:Q191067.
  ?item wdt:P407 wd:Q150.
  ?item wdt:P840 ?location.
  ?location wdt:P625 ?coord.
  SERVICE wikibase:label { bd:serviceParam wikibase:language ""[AUTO_LANGUAGE],fr,en"". }
}",True,1.0,
314,complex,List all statues and monuments dedicated to slave owners or traders.,"SELECT ?item ?itemLabel WHERE {
  ?item wdt:P31/wdt:P279* wd:Q860861.
  ?item wdt:P180 ?person.
  ?person wdt:P106 ?occupation.
  VALUES ?occupation {
    wd:Q1146384  # slave trader
    wd:Q131458   # slave owner
  }
  SERVICE wikibase:label { bd:serviceParam wikibase:language ""[AUTO_LANGUAGE],en"". }
}",True,0.0,
315,complex,List all town halls located in communes that share a border with Paris.,"SELECT ?townHall ?townHallLabel ?commune ?communeLabel WHERE {
  # Find communes that share a border with Paris (Q90)
  ?commune wdt:P47 wd:Q90 .
  
  # Find town halls (instance of town hall) located in those communes
  ?townHall wdt:P31 wd:Q1243828 ;
            wdt:P131 ?commune .
  
  SERVICE wikibase:label { bd:serviceParam wikibase:language ""[AUTO_LANGUAGE],en"". }
}",True,0.0,
316,complex,What are the geographic coordinates of Ordnance Survey Old Series preparatory drawings?,"SELECT ?item ?itemLabel ?coordinates WHERE {
  ?item wdt:P31 wd:Q113505686.
  ?item wdt:P625 ?coordinates.
  SERVICE wikibase:label { bd:serviceParam wikibase:language ""[AUTO_LANGUAGE],en"". }
}",True,0.0,
317,complex,List the political parties of world leaders and their alignments.,"SELECT ?leader ?leaderLabel ?party ?partyLabel ?alignment ?alignmentLabel WHERE {
  ?leader wdt:P39 ?position.
  ?position wdt:P279* wd:Q11696.
  ?leader wdt:P102 ?party.
  OPTIONAL { ?party wdt:P1142 ?alignment. }
  SERVICE wikibase:label { bd:serviceParam wikibase:language ""[AUTO_LANGUAGE],en"". }
}",True,0.0021,
318,complex,List the people who received the most letters.,"SELECT ?person ?personLabel (COUNT(?letter) AS ?count) WHERE {
  ?letter wdt:P127 ?person.
  SERVICE wikibase:label { bd:serviceParam wikibase:language ""[AUTO_LANGUAGE],en"". }
}
GROUP BY ?person ?personLabel
ORDER BY DESC(?count)
LIMIT 100",False,0.0,
319,complex,List Wikipedia articles about people without pictures on Wikidata.,"SELECT ?person ?personLabel ?sitelink WHERE {
  ?person wdt:P31 wd:Q5.
  ?person wdt:P18 ?image.
  FILTER NOT EXISTS { ?person wdt:P18 ?image }
  ?sitelink schema:about ?person;
            schema:isPartOf <https://en.wikipedia.org/>.
  SERVICE wikibase:label { bd:serviceParam wikibase:language ""[AUTO_LANGUAGE],en"". }
}
LIMIT 100",False,0.0,
320,complex,How many successful election petitions were there in each UK parliamentary term since 1859?,"SELECT ?termLabel (COUNT(?item) AS ?count) WHERE {
  ?item wdt:P31 wd:Q112664356.
  ?item wdt:P580 ?start.
  FILTER(?start >= ""1859-01-01T00:00:00Z""^^xsd:dateTime)
  ?item wdt:P1547 ?term.
  ?term rdfs:label ?termLabel.
  FILTER(LANG(?termLabel) = ""en"")
} GROUP BY ?termLabel ORDER BY ?termLabel",True,0.0,
321,complex,List all characters from the Marvel Universe.,"SELECT ?character ?characterLabel WHERE {
  ?character wdt:P1080 wd:Q173606.
  SERVICE wikibase:label { bd:serviceParam wikibase:language ""[AUTO_LANGUAGE],en"". }
}",True,0.0,
322,complex,"Show me a map of medical facilities in Kalimpong district, India, with different colors for each type.","SELECT ?item ?itemLabel ?location ?type ?typeLabel WHERE {
  ?item wdt:P131 wd:Q1820666.
  ?item wdt:P31 ?type.
  VALUES ?type { wd:Q169172 wd:Q233977 wd:Q1322534 }
  ?item wdt:P625 ?location.
  SERVICE wikibase:label { bd:serviceParam wikibase:language ""[AUTO_LANGUAGE],en"". }
}",True,0.0,
323,complex,What are the canals within an 800km radius of Glasgow?,"SELECT ?canal ?canalLabel ?dist WHERE {
  wd:Q40870 wdt:P625 ?glasgowLoc .
  ?canal wdt:P31/wdt:P279* wd:Q12284 .
  ?canal wdt:P625 ?canalLoc .
  SERVICE wikibase:around {
    ?canal wdt:P625 ?canalLoc .
    bd:serviceParam wikibase:center ?glasgowLoc .
    bd:serviceParam wikibase:radius ""800"" .
  }
  SERVICE wikibase:label { bd:serviceParam wikibase:language ""[AUTO_LANGUAGE],en"". }
  BIND(geof:distance(?canalLoc, ?glasgowLoc) AS ?dist)
}
ORDER BY ?dist",True,1.0,
324,complex,List all hillforts with their Atlas of Hillforts ID and a link to their Wikipedia page.,"SELECT ?hillfort ?hillfortLabel ?atlasID ?wikipediaPage WHERE {
  ?hillfort wdt:P31 wd:Q1619665.
  ?hillfort wdt:P5256 ?atlasID.
  OPTIONAL {
    ?wikipediaPage schema:about ?hillfort;
      schema:isPartOf <https://en.wikipedia.org/>.
  }
  SERVICE wikibase:label { bd:serviceParam wikibase:language ""[AUTO_LANGUAGE],en"". }
}",True,0.0,
325,complex,List the top 500 paintings according to their importance on Wikidata.,"SELECT ?painting ?paintingLabel (COUNT(?sitelink) AS ?sitelinksCount) WHERE {
  ?painting wdt:P31 wd:Q3305213.
  ?sitelink schema:about ?painting.
  SERVICE wikibase:label { bd:serviceParam wikibase:language ""[AUTO_LANGUAGE],en"". }
}
GROUP BY ?painting ?paintingLabel
ORDER BY DESC(?sitelinksCount)
LIMIT 500",True,0.0,
326,complex,List all buildings with coordinates and at least one sitelink.,"SELECT ?building ?buildingLabel ?coords ?sitelink WHERE {
  ?building wdt:P31/wdt:P279* wd:Q41176.
  ?building wdt:P625 ?coords.
  ?sitelink schema:about ?building.
  SERVICE wikibase:label { bd:serviceParam wikibase:language ""[AUTO_LANGUAGE],en"". }
}",False,0.0,
327,complex,List public spaces named after women.,"SELECT ?public_space ?public_spaceLabel ?named_after ?named_afterLabel WHERE {
  ?public_space wdt:P31/wdt:P279* wd:Q53268.
  ?public_space wdt:P138 ?named_after.
  ?named_after wdt:P21 wd:Q6581072.
  SERVICE wikibase:label { bd:serviceParam wikibase:language ""[AUTO_LANGUAGE],en"". }
}",True,1.0,
328,complex,List the longest rivers for each of the 7 continents.,"SELECT ?continentLabel ?riverLabel ?length WHERE {
  {
    SELECT ?continent (MAX(?length) AS ?maxLen) WHERE {
      ?river wdt:P31 wd:Q4022;
             wdt:P2043 ?length;
             wdt:P30 ?continent.
      ?continent wdt:P31 wd:Q5107.
    }
    GROUP BY ?continent
  }
  ?river wdt:P31 wd:Q4022;
         wdt:P2043 ?maxLen;
         wdt:P30 ?continent.
  BIND(?maxLen AS ?length)
  SERVICE wikibase:label { bd:serviceParam wikibase:language ""[AUTO_LANGUAGE],en"". }
}
ORDER BY DESC(?length)",True,0.0,
329,complex,Find the route of The Antartic Circumpolar Voyage expedition.,"SELECT ?item ?itemLabel ?coordinate WHERE {
  ?item wdt:P361 wd:Q1136856.
  ?item wdt:P625 ?coordinate.
  SERVICE wikibase:label { bd:serviceParam wikibase:language ""[AUTO_LANGUAGE],en"". }
}
ORDER BY ?item",True,0.0,
330,complex,List cities with more Wikipedia sitelinks than their country.,"SELECT ?city ?cityLabel ?citySitelinks ?country ?countryLabel ?countrySitelinks WHERE {
  ?city wdt:P31/wdt:P279* wd:Q515 .
  ?city wdt:P17 ?country .
  
  {
    SELECT ?city (COUNT(?sitelink) AS ?citySitelinks) WHERE {
      ?sitelink schema:about ?city .
      ?sitelink schema:isPartOf ?site .
      FILTER(CONTAINS(STR(?site), ""wikipedia.org""))
    } GROUP BY ?city
  }
  
  {
    SELECT ?country (COUNT(?sitelink) AS ?countrySitelinks) WHERE {
      ?sitelink schema:about ?country .
      ?sitelink schema:isPartOf ?site .
      FILTER(CONTAINS(STR(?site), ""wikipedia.org""))
    } GROUP BY ?country
  }
  
  FILTER(?citySitelinks > ?countrySitelinks)
  
  SERVICE wikibase:label { bd:serviceParam wikibase:language ""[AUTO_LANGUAGE],en"". }
}",False,0.0,
331,complex,List the latest research papers related to COVID-19.,"SELECT ?paper ?paperLabel ?publicationDate WHERE {
  ?paper wdt:P921 wd:Q84263196.
  ?paper wdt:P577 ?publicationDate.
  SERVICE wikibase:label { bd:serviceParam wikibase:language ""[AUTO_LANGUAGE],en"". }
}
ORDER BY DESC(?publicationDate)
LIMIT 20",True,0.0,
332,complex,List the languages of poems and their first lines.,"SELECT ?languageLabel ?first_line WHERE {
  ?poem wdt:P31 wd:Q58627.
  ?poem wdt:P407 ?language.
  ?poem wdt:P1922 ?first_line.
  SERVICE wikibase:label { bd:serviceParam wikibase:language ""[AUTO_LANGUAGE],en"". }
}",True,1.0,
333,complex,List all colors with multiple RGB values.,"SELECT ?color ?colorLabel (COUNT(?rgb) AS ?rgbCount) WHERE {
  ?color wdt:P31 wd:Q1088201.
  ?color wdt:P465 ?rgb.
  SERVICE wikibase:label { bd:serviceParam wikibase:language ""[AUTO_LANGUAGE],en"". }
}
GROUP BY ?color ?colorLabel
HAVING (COUNT(?rgb) > 1)",True,0.0,
334,complex,"List the occupations of people born in New Zealand, ranked by popularity.","SELECT ?occupationLabel (COUNT(?person) AS ?count) WHERE {
  ?person wdt:P19/wdt:P131* wd:Q664.
  ?person wdt:P106 ?occupation.
  SERVICE wikibase:label { bd:serviceParam wikibase:language ""[AUTO_LANGUAGE],en"". }
}
GROUP BY ?occupationLabel
ORDER BY DESC(?count)",True,0.9605,
335,complex,List all fibulas in Musée Saint-Raymond along with their dates and materials.,"SELECT ?fibula ?fibulaLabel ?date ?materialLabel WHERE {
  ?fibula wdt:P31 wd:Q1410606;
          wdt:P276 wd:Q3330636.
  OPTIONAL { ?fibula wdt:P571 ?date. }
  OPTIONAL { ?fibula wdt:P186 ?material. }
  SERVICE wikibase:label { bd:serviceParam wikibase:language ""[AUTO_LANGUAGE],en"". }
}",True,0.0,
336,complex,Find individuals with Electronic Enlightenment IDs but no Wikipedia articles in any language.,"SELECT ?item ?itemLabel ?ee_id WHERE {
  ?item wdt:P6115 ?ee_id.
  FILTER NOT EXISTS {
    ?sitelink schema:about ?item;
              schema:isPartOf [ wikibase:wikiGroup ""wikipedia"" ].
  }
  SERVICE wikibase:label { bd:serviceParam wikibase:language ""[AUTO_LANGUAGE],en"". }
}",True,0.0,
337,complex,Show me a map of places where accused witches lived.,"SELECT ?item ?itemLabel ?coords WHERE {
  ?item wdt:P31 wd:Q5;
        wdt:P106 wd:Q189125;
        wdt:P625 ?coords.
  SERVICE wikibase:label { bd:serviceParam wikibase:language ""[AUTO_LANGUAGE],en"". }
}",True,0.0,
338,complex,What are the COVID-19 cases in different Indian states?,"SELECT ?stateLabel ?cases WHERE {
  ?state wdt:P31 wd:Q1160813;
         wdt:P131 wd:Q668.
  ?state p:P1603 ?statement.
  ?statement ps:P1603 ?cases.
  SERVICE wikibase:label { bd:serviceParam wikibase:language ""[AUTO_LANGUAGE],en"". }
}",True,0.0,
339,complex,Find paintings with 'portrait' in their name that do not depict anything.,"SELECT ?painting ?paintingLabel WHERE {
  ?painting wdt:P31 wd:Q3305213.
  ?painting rdfs:label ?paintingLabel.
  FILTER(LANG(?paintingLabel) = ""en"")
  FILTER(CONTAINS(LCASE(?paintingLabel), ""portrait""))
  FILTER NOT EXISTS { ?painting wdt:P180 ?depiction }
}",False,0.0,
340,complex,List all countries with an average player weight above 80 kilos in the FIFA World Cup 2022.,"SELECT ?country ?countryLabel (AVG(?weight) AS ?avgWeight) WHERE {
  ?player wdt:P106 wd:Q1936384.
  ?player wdt:P2067 ?weightValue.
  ?weightValue wikibase:quantityAmount ?weight.
  ?weightValue wikibase:quantityUnit wd:Q11570.
  ?player wdt:P27 ?country.
  ?player p:P1344 ?participation.
  ?participation ps:P1344 wd:Q11365580.
  SERVICE wikibase:label { bd:serviceParam wikibase:language ""[AUTO_LANGUAGE],en"". }
}
GROUP BY ?country ?countryLabel
HAVING (?avgWeight > 80)",True,0.0,
341,complex,Find items in the UK with coordinates near 1 degree 50 west longitude.,"SELECT ?item ?itemLabel ?coord WHERE {
  ?item wdt:P17 wd:Q145.
  ?item wdt:P625 ?coord.
  BIND(geof:longitude(?coord) AS ?lon)
  FILTER(?lon > -1.85 && ?lon < -1.81)
  SERVICE wikibase:label { bd:serviceParam wikibase:language ""[AUTO_LANGUAGE],en"". }
}
LIMIT 100",False,0.0,
342,complex,What languages are used in Wikidata lexemes?,"SELECT DISTINCT ?language ?languageLabel WHERE {
  ?lexeme wikibase:lexicalCategory ?category .
  ?lexeme dct:language ?language .
  SERVICE wikibase:label { bd:serviceParam wikibase:language ""[AUTO_LANGUAGE],en"". }
}",False,0.0,
343,complex,List the awards with the highest percentage of female recipients.,"SELECT ?award ?awardLabel (COUNT(?person) AS ?total) (SUM(IF(?gender = wd:Q6581072, 1, 0)) AS ?femaleCount) ((?femaleCount / ?total) AS ?percentage) WHERE {
  ?person wdt:P166 ?award .
  ?person wdt:P21 ?gender .
  SERVICE wikibase:label { bd:serviceParam wikibase:language ""[AUTO_LANGUAGE],en"". }
}
GROUP BY ?award ?awardLabel
HAVING (?total > 10)
ORDER BY DESC(?percentage)
LIMIT 50",False,0.0,
344,complex,List the names of fictional characters created by French authors.,"SELECT ?characterLabel ?authorLabel WHERE {
  ?character wdt:P170 ?author .
  ?author wdt:P27 wd:Q142 .
  ?character wdt:P31/wdt:P279* wd:Q95074 .
  SERVICE wikibase:label { bd:serviceParam wikibase:language ""[AUTO_LANGUAGE],en"". }
}",True,0.0205,
345,complex,List names similar to Filaret.,"SELECT ?name ?nameLabel WHERE {
  ?person wdt:P735 wd:Q1412065.
  ?person wdt:P735 ?name.
  SERVICE wikibase:label { bd:serviceParam wikibase:language ""[AUTO_LANGUAGE],en"". }
}
GROUP BY ?name ?nameLabel",True,0.0,
346,complex,List the most cited Danish authors.,"SELECT ?author ?authorLabel (SUM(?citations) AS ?totalCitations) WHERE {
  ?work wdt:P50 ?author .
  ?author wdt:P27 wd:Q35 .
  ?work wdt:P356 ?doi .
  ?work wdt:P2865 ?citations .
  SERVICE wikibase:label { bd:serviceParam wikibase:language ""[AUTO_LANGUAGE],en"". }
}
GROUP BY ?author ?authorLabel
ORDER BY DESC(?totalCitations)
LIMIT 100",True,1.0,
347,complex,List all World Snooker Champions along with their total number of wins.,"SELECT ?champion ?championLabel (COUNT(?game) AS ?wins)
WHERE {
  ?game wdt:P31 wd:Q134556;
        wdt:P1346 ?champion.
  SERVICE wikibase:label { bd:serviceParam wikibase:language ""[AUTO_LANGUAGE],en"". }
}
GROUP BY ?champion ?championLabel
ORDER BY DESC(?wins)",True,0.0,
348,complex,List all economists along with their birthplaces and years.,"SELECT ?economist ?economistLabel ?birthplace ?birthplaceLabel ?birthYear WHERE {
  ?economist wdt:P106 wd:Q188094.
  ?economist wdt:P19 ?birthplace.
  ?economist wdt:P569 ?birthDate.
  BIND(YEAR(?birthDate) AS ?birthYear)
  SERVICE wikibase:label { bd:serviceParam wikibase:language ""[AUTO_LANGUAGE],en"". }
}",False,0.0,
349,complex,List all artworks falsely attributed to Johannes Vermeer.,"SELECT ?artwork ?artworkLabel WHERE {
  ?artwork wdt:P170 wd:Q102805.
  ?artwork wdt:P5102 wd:Q1135046.
  SERVICE wikibase:label { bd:serviceParam wikibase:language ""[AUTO_LANGUAGE],en"". }
}",True,1.0,
350,complex,List all fictional spaceship captains from the Star Trek universe.,"SELECT ?captain ?captainLabel WHERE {
  ?captain wdt:P106 wd:Q188654.
  ?captain wdt:P361 wd:Q10771.
  SERVICE wikibase:label { bd:serviceParam wikibase:language ""[AUTO_LANGUAGE],en"". }
}",True,0.0,
351,complex,List the people buried at Pere Lachaise Cemetery along with their birthplace and date of birth.,"SELECT ?person ?personLabel ?birthPlace ?birthPlaceLabel ?dateOfBirth WHERE {
  ?person wdt:P119 wd:Q141766.
  ?person wdt:P19 ?birthPlace.
  ?person wdt:P569 ?dateOfBirth.
  SERVICE wikibase:label { bd:serviceParam wikibase:language ""[AUTO_LANGUAGE],en"". }
}",True,0.0,
352,complex,List all Swedish forms without examples.,"SELECT ?form ?formLabel WHERE {
  ?form wdt:P31 wd:Q110587088.
  ?form wdt:P407 wd:Q9027.
  FILTER NOT EXISTS { ?form wdt:P1343 ?example . }
  SERVICE wikibase:label { bd:serviceParam wikibase:language ""[AUTO_LANGUAGE],en"". }
}",True,0.0,
353,complex,What are the subclasses of malware?,"SELECT ?subclass ?subclassLabel WHERE {
  wd:Q14006 wdt:P279* ?subclass .
  SERVICE wikibase:label { bd:serviceParam wikibase:language ""[AUTO_LANGUAGE],en"". }
}",True,0.0,
354,complex,What percentage of Nobel Prize winners are women?,"SELECT (100 * ?women / ?total AS ?percentage) WHERE {
  {
    SELECT (COUNT(DISTINCT ?person) AS ?total) WHERE {
      ?person wdt:P166 wd:P38109.
    }
  }
  {
    SELECT (COUNT(DISTINCT ?person) AS ?women) WHERE {
      ?person wdt:P166 wd:P38109;
              wdt:P21 wd:Q6581072.
    }
  }
}",True,0.0,
355,complex,List all Wikipedia articles about controversies with the most language versions.,"SELECT ?article ?articleLabel (COUNT(?sitelink) AS ?count) WHERE {
  ?article wdt:P31 wd:Q17442446.
  ?sitelink schema:about ?article;
            schema:isPartOf [ wikibase:wikiGroup ""wikipedia"" ].
  SERVICE wikibase:label { bd:serviceParam wikibase:language ""[AUTO_LANGUAGE],en"". }
}
GROUP BY ?article ?articleLabel
ORDER BY DESC(?count)",False,0.0,
356,complex,List all science fiction movies and series featuring an actor born in Liverpool.,"SELECT DISTINCT ?item ?itemLabel WHERE {
  ?item wdt:P31/wdt:P279* wd:Q11424 .
  ?item wdt:P136 wd:Q471839 .
  ?item wdt:P161 ?actor .
  ?actor wdt:P19 wd:Q24826 .
  SERVICE wikibase:label { bd:serviceParam wikibase:language ""[AUTO_LANGUAGE],en"". }
}",True,0.0,
357,complex,List all government agencies operating in Scotland.,"SELECT ?agency ?agencyLabel WHERE {
  ?agency wdt:P31/wdt:P279* wd:Q35280 .
  ?agency wdt:P131 wd:Q22 .
  SERVICE wikibase:label { bd:serviceParam wikibase:language ""[AUTO_LANGUAGE],en"". }
}",True,0.0,
358,complex,List all manuscript collections with their official websites.,"SELECT ?collection ?collectionLabel ?website WHERE {
  ?collection wdt:P31 wd:Q1153666.
  ?collection wdt:P856 ?website.
  SERVICE wikibase:label { bd:serviceParam wikibase:language ""[AUTO_LANGUAGE],en"". }
}",True,1.0,
359,complex,List all infectious diseases with their minimum and maximum incubation periods in humans.,"SELECT ?disease ?diseaseLabel ?min_days ?max_days WHERE {
  ?disease wdt:P31 wd:Q181237.
  ?disease p:P6138 ?statement.
  ?statement pq:P2313 ?min_days.
  ?statement pq:P2312 ?max_days.
  SERVICE wikibase:label { bd:serviceParam wikibase:language ""[AUTO_LANGUAGE],en"". }
}",True,0.0,
360,complex,Find the railway stations between Dibrugarh and Scottish Highlands with the fewest stops.,"SELECT ?station ?stationLabel WHERE {
  ?route wdt:P31 wd:Q1136541 .
  ?route wdt:P279* wd:Q1136541 .
  ?route wdt:P17 wd:Q668 .
  ?route wdt:P17 wd:Q22 .
  ?station wdt:P31 wd:Q55488 .
  ?station wdt:P131* ?location .
  SERVICE wikibase:label { bd:serviceParam wikibase:language ""[AUTO_LANGUAGE],en"". }
}
LIMIT 100",True,1.0,
361,complex,Show me a map of people buried in Pere Lachaise Cemetery organized by their place of birth.,"SELECT ?person ?personLabel ?placeOfBirth ?placeOfBirthLabel ?lat ?lon WHERE {
  ?person wdt:P119 wd:Q212547.
  ?person wdt:P19 ?placeOfBirth.
  ?placeOfBirth wdt:P625 ?coords.
  BIND(geof:latitude(?coords) AS ?lat)
  BIND(geof:longitude(?coords) AS ?lon)
  SERVICE wikibase:label { bd:serviceParam wikibase:language ""[AUTO_LANGUAGE],en"". }
}",True,1.0,
362,complex,List plant genera named after female botanists.,"SELECT ?genus ?genusLabel ?botanist ?botanistLabel WHERE {
  ?genus wdt:P31 wd:Q34740;
         wdt:P138 ?botanist.
  ?botanist wdt:P21 wd:Q6581072;
            wdt:P106 wd:Q2404619.
  SERVICE wikibase:label { bd:serviceParam wikibase:language ""[AUTO_LANGUAGE],en"". }
}",True,0.0,
363,complex,List the languages with the most examples in Wikidata's lexicographical data.,"SELECT ?language ?languageLabel (COUNT(?lexeme) AS ?count) WHERE {
  ?lexeme dct:language ?language .
  SERVICE wikibase:label { bd:serviceParam wikibase:language ""[AUTO_LANGUAGE],en"". }
}
GROUP BY ?language ?languageLabel
ORDER BY DESC(?count)",False,0.0,
364,complex,List the top scorers in the 2018 FIFA World Cup.,"SELECT ?player ?playerLabel ?goals WHERE {
  ?match wdt:P361 wd:Q170645.
  ?match p:P1027 ?statement.
  ?statement ps:P1027 ?player.
  ?statement pq:P3301 ?goals.
  {
    SELECT ?player (SUM(?goals) AS ?totalGoals) WHERE {
      ?match wdt:P361 wd:Q170645.
      ?match p:P1027 ?statement.
      ?statement ps:P1027 ?player.
      ?statement pq:P3301 ?goals.
    }
    GROUP BY ?player
    ORDER BY DESC(?totalGoals)
  }
  SERVICE wikibase:label { bd:serviceParam wikibase:language ""[AUTO_LANGUAGE],en"". }
}
GROUP BY ?player ?playerLabel ?goals
ORDER BY DESC(?goals)",True,1.0,
365,complex,Show the workplaces of Philip de László on a map.,"SELECT ?item ?itemLabel ?coord WHERE {
  wd:Q705565 wdt:P108 ?item.
  ?item wdt:P625 ?coord.
  SERVICE wikibase:label { bd:serviceParam wikibase:language ""[AUTO_LANGUAGE],en"". }
}",True,0.0,
366,complex,List the universities attended by creators of popular programming languages.,"SELECT DISTINCT ?university ?universityLabel WHERE {
  ?creator wdt:P106 wd:Q1936384.
  ?language wdt:P170 ?creator.
  ?language wdt:P178 ?creator.
  ?creator wdt:P69 ?university.
  SERVICE wikibase:label { bd:serviceParam wikibase:language ""[AUTO_LANGUAGE],en"". }
}",True,0.0,
367,complex,List the female Oxford University alumni who are not from the United Kingdom.,"SELECT DISTINCT ?person ?personLabel WHERE {
  ?person wdt:P69 wd:Q34433;
          wdt:P21 wd:Q6581072;
          wdt:P27 ?country.
  FILTER(?country != wd:Q145)
  SERVICE wikibase:label { bd:serviceParam wikibase:language ""[AUTO_LANGUAGE],en"". }
}",True,0.1314,
368,complex,"List people born in Czechia who died in Germany, grouped by decade of birth.","SELECT ?decade (COUNT(?person) AS ?count)
WHERE {
  ?person wdt:P31 wd:Q5 ;
          wdt:P19 ?birthPlace ;
          wdt:P20 ?deathPlace ;
          wdt:P569 ?birthDate .
  
  ?birthPlace wdt:P17 wd:Q213 .
  ?deathPlace wdt:P17 wd:Q183 .
  
  BIND(FLOOR(YEAR(?birthDate) / 10) * 10 AS ?decade)
}
GROUP BY ?decade
ORDER BY ?decade",True,0.0,
369,complex,List the names of English monarchs and their causes of death.,"SELECT ?monarchLabel ?causeOfDeathLabel WHERE {
  ?monarch wdt:P39 wd:Q9960;
           wdt:P1196 ?causeOfDeath.
  SERVICE wikibase:label { bd:serviceParam wikibase:language ""[AUTO_LANGUAGE],en"". }
}",True,0.0,
370,complex,What are the most common subjects depicted in both the Cleveland Museum of Art and Ashmolean Museum collections?,"SELECT ?subject ?subjectLabel (COUNT(?item) AS ?count) WHERE {
  {
    ?item wdt:P195 wd:Q1100000 . # Cleveland Museum of Art
  }
  UNION
  {
    ?item wdt:P195 wd:Q725677 . # Ashmolean Museum
  }
  ?item wdt:P180 ?subject .
  SERVICE wikibase:label { bd:serviceParam wikibase:language ""[AUTO_LANGUAGE],en"". }
}
GROUP BY ?subject ?subjectLabel
ORDER BY DESC(?count)
LIMIT 20",True,0.0,
371,complex,List the number of music albums by language in descending order.,"SELECT ?languageLabel (COUNT(?album) AS ?count) WHERE {
  ?album wdt:P31 wd:Q482994.
  ?album wdt:P407 ?language.
  SERVICE wikibase:label { bd:serviceParam wikibase:language ""[AUTO_LANGUAGE],en"". }
}
GROUP BY ?languageLabel
ORDER BY DESC(?count)",False,0.0,
372,complex,List the capitals of two countries that are not bordering and are less than 200 km apart.,"SELECT ?country1 ?capital1 ?country2 ?capital2 WHERE {
  ?country1 wdt:P31 wd:Q6256; wdt:P36 ?capital1.
  ?country2 wdt:P31 wd:Q6256; wdt:P36 ?capital2.
  FILTER(?country1 < ?country2)
  
  ?capital1 wdt:P625 ?loc1.
  ?capital2 wdt:P625 ?loc2.
  
  # Distance calculation using geof:distance
  BIND(geof:distance(?loc1, ?loc2, uom:kilometer) AS ?dist)
  FILTER(?dist < 200)
  
  # Ensure they do not border each other
  FILTER NOT EXISTS { ?country1 wdt:P47 ?country2 }
  FILTER NOT EXISTS { ?country2 wdt:P47 ?country1 }
}
LIMIT 2",False,0.0,
373,complex,What are the artworks in the Khalili Collections that have images?,"SELECT ?item ?itemLabel ?image WHERE {
  ?item wdt:P195 wd:Q6399575.
  ?item wdt:P18 ?image.
  SERVICE wikibase:label { bd:serviceParam wikibase:language ""[AUTO_LANGUAGE],en"". }
}",True,1.0,
374,complex,List all individuals with multiple social media accounts that differ only in capitalization.,"SELECT ?item ?itemLabel ?account1 ?account2 WHERE {
  ?item wdt:P2003 ?account1 .
  ?item wdt:P2003 ?account2 .
  FILTER(?account1 != ?account2)
  FILTER(LCASE(?account1) = LCASE(?account2))
  SERVICE wikibase:label { bd:serviceParam wikibase:language ""[AUTO_LANGUAGE],en"". }
}",False,0.0,
375,complex,What are the first letters of free software names?,"SELECT DISTINCT ?firstLetter (COUNT(?item) AS ?count) WHERE {
  ?item wdt:P31 wd:Q341.
  ?item rdfs:label ?label.
  FILTER(LANG(?label) = ""en"")
  BIND(UCASE(SUBSTR(?label, 1, 1)) AS ?firstLetter)
  FILTER(REGEX(?firstLetter, ""[A-Z]""))
}
GROUP BY ?firstLetter
ORDER BY ?firstLetter",True,0.0,
376,complex,List the countries with their number of demonstrations.,"SELECT ?countryLabel (COUNT(?demonstration) AS ?count) WHERE {
  ?demonstration wdt:P31 wd:Q132236.
  ?demonstration wdt:P17 ?country.
  SERVICE wikibase:label { bd:serviceParam wikibase:language ""[AUTO_LANGUAGE],en"". }
}
GROUP BY ?countryLabel
ORDER BY DESC(?count)",True,0.0,
377,complex,What museums are near Cesis?,"SELECT ?museum ?museumLabel WHERE {
  wd:Q207565 wdt:P625 ?coords .
  SERVICE wikibase:around {
    ?museum wdt:P31/wdt:P279* wd:Q33506 .
    ?museum wdt:P625 ?museumCoords .
    bd:serviceParam wikibase:center ?coords .
    bd:serviceParam wikibase:radius ""20"" .
  }
  SERVICE wikibase:label { bd:serviceParam wikibase:language ""[AUTO_LANGUAGE],en"". }
}",False,0.0,
378,complex,List all Nobel Prize categories by gender of the winners.,"SELECT ?categoryLabel (STR(?genderLabel) AS ?gender) (COUNT(?winner) AS ?count)
WHERE {
  ?award wdt:P166 wd:Q7191.
  ?award p:P166 ?statement.
  ?statement pq:P1923 ?category.
  ?award wdt:P21 ?gender.
  ?gender rdfs:label ?genderLabel.
  FILTER(LANG(?genderLabel) = ""en"")
  ?category rdfs:label ?categoryLabel.
  FILTER(LANG(?categoryLabel) = ""en"")
}
GROUP BY ?categoryLabel ?genderLabel
ORDER BY ?categoryLabel ?genderLabel",True,0.0,
379,complex,List artists who died in concentration camps during World War II.,"SELECT ?artist ?artistLabel ?deathPlaceLabel WHERE {
  ?artist wdt:P106 wd:Q483501.
  ?artist wdt:P20 ?deathPlace.
  ?deathPlace wdt:P31 wd:Q173333.
  ?artist wdt:P570 ?deathDate.
  FILTER(?deathDate >= ""1939-09-01""^^xsd:dateTime && ?deathDate <= ""1945-09-02""^^xsd:dateTime)
  SERVICE wikibase:label { bd:serviceParam wikibase:language ""[AUTO_LANGUAGE],en"". }
}",True,0.0,
380,complex,"List databases with a SPARQL endpoint, ranked by the number of IDs known to Wikidata.","SELECT ?database ?databaseLabel (COUNT(?item) AS ?count) WHERE {
  ?database wdt:P31 wd:Q8513;
            wdt:P3927 ?endpoint.
  ?item ?p ?value.
  ?p wikibase:directClaim ?p_prop.
  ?p_prop wdt:P1630 ?formatter.
  FILTER(CONTAINS(STR(?p_prop), STR(?database)))
  SERVICE wikibase:label { bd:serviceParam wikibase:language ""[AUTO_LANGUAGE],en"". }
}
GROUP BY ?database ?databaseLabel
ORDER BY DESC(?count)",True,1.0,
381,complex,How many French words are linked to a single dictionary?,"SELECT (COUNT(?word) AS ?count)
WHERE {
  ?word wdt:P31 wd:Q10855138.
  ?word wdt:P407 wd:Q150.
  ?word wdt:P248 ?dictionary.
}
GROUP BY ?word
HAVING (COUNT(?dictionary) = 1)",True,0.0,
382,complex,List all open-source research software categorized by field.,"SELECT ?software ?softwareLabel ?field ?fieldLabel WHERE {
  ?software wdt:P31/wdt:P279* wd:Q2671826.
  ?software wdt:P101 ?field.
  ?software wdt:P275 ?license.
  FILTER(CONTAINS(LCASE(STR(?license)), ""open source"") || 
         ?license IN (wd:Q174576, wd:Q174577, wd:Q174578, wd:Q174579, wd:Q174580, wd:Q174581, wd:Q174582))
  SERVICE wikibase:label { bd:serviceParam wikibase:language ""[AUTO_LANGUAGE],en"". }
}",True,0.0,
383,complex,"List people who died in 2018, ranked by the number of Wikipedia pages they are mentioned on.","SELECT ?person ?personLabel (COUNT(?sitelink) AS ?count) WHERE {
  ?person wdt:P570 ?deathDate.
  FILTER((?deathDate >= ""2018-01-01T00:00:00Z""^^xsd:dateTime) && (?deathDate <= ""2018-12-31T23:59:59Z""^^xsd:dateTime))
  ?sitelink schema:about ?person.
  SERVICE wikibase:label { bd:serviceParam wikibase:language ""[AUTO_LANGUAGE],en"". }
}
GROUP BY ?person ?personLabel
ORDER BY DESC(?count)",False,0.0,
384,complex,List all individuals born in Wales who have held the position of head of government.,"SELECT DISTINCT ?person ?personLabel WHERE {
  ?person wdt:P19 ?place.
  ?place wdt:P131* wd:Q25.
  ?person wdt:P39 ?position.
  ?position wdt:P279* wd:Q2285706.
  SERVICE wikibase:label { bd:serviceParam wikibase:language ""[AUTO_LANGUAGE],en"". }
}",False,0.0,
385,complex,What are the properties that connect a church to its patron saint?,"SELECT DISTINCT ?property ?propertyLabel WHERE {
  ?church wdt:P31/wdt:P279* wd:Q16970 .
  ?church ?property ?saint .
  ?saint wdt:P31/wdt:P279* wd:Q5 .
  ?property wikibase:directClaim ?p .
  SERVICE wikibase:label { bd:serviceParam wikibase:language ""[AUTO_LANGUAGE],en"". }
}",False,0.0,
386,complex,What are the longest rivers in France that do not have a department named after them?,"SELECT ?river ?riverLabel ?length WHERE {
  ?river wdt:P31 wd:Q4022;
         wdt:P17 wd:Q142;
         wdt:P2043 ?length.
  FILTER(?length > 200)
  
  FILTER NOT EXISTS {
    ?department wdt:P31 wd:Q11626;
                wdt:P17 wd:Q142;
                rdfs:label ?deptLabel.
    FILTER(LANG(?deptLabel) = ""fr"")
    FILTER(CONTAINS(LCASE(?deptLabel), LCASE(STR(?riverLabel))))
  }
  
  SERVICE wikibase:label { bd:serviceParam wikibase:language ""en"". }
}
ORDER BY DESC(?length)",True,0.0,
387,complex,List all biological pathways with their corresponding protein structures in the PDB database.,"SELECT ?pathway ?pathwayLabel ?pdbID WHERE {
  ?pathway wdt:P31 wd:Q49150.
  ?protein wdt:P672 ?pdbID;
           wdt:P703 ?organism;
           wdt:P3937 ?pathway.
  SERVICE wikibase:label { bd:serviceParam wikibase:language ""[AUTO_LANGUAGE],en"". }
}",True,1.0,
388,complex,List the properties used in instances of public libraries along with their frequency.,"SELECT ?property ?propertyLabel (COUNT(?item) AS ?count) WHERE {
  ?item wdt:P31 wd:Q7075.
  ?item ?p ?value.
  ?property wikibase:directClaim ?p.
  SERVICE wikibase:label { bd:serviceParam wikibase:language ""[AUTO_LANGUAGE],en"". }
}
GROUP BY ?property ?propertyLabel
ORDER BY DESC(?count)",False,0.0,
389,complex,What scenes are depicted in Mediterranean Scenes drawings?,"SELECT ?scene ?sceneLabel WHERE {
  ?item wdt:P179 wd:Q115696666.
  ?item wdt:P180 ?scene.
  SERVICE wikibase:label { bd:serviceParam wikibase:language ""[AUTO_LANGUAGE],en"". }
}",True,0.0,
390,complex,List all stages of the Tour de France.,"SELECT ?stage ?stageLabel WHERE {
  ?stage wdt:P31 wd:Q1142456.
  ?stage wdt:P179 wd:Q33.
  SERVICE wikibase:label { bd:serviceParam wikibase:language ""[AUTO_LANGUAGE],en"". }
}",True,1.0,
391,complex,List the most populous first-level country subdivisions without a legislative body.,"SELECT ?subdivision ?subdivisionLabel ?population WHERE {
  ?subdivision wdt:P31/wdt:P279* wd:Q10864048.
  FILTER NOT EXISTS { ?subdivision wdt:P194 ?legislature. }
  ?subdivision wdt:P1082 ?population.
  SERVICE wikibase:label { bd:serviceParam wikibase:language ""[AUTO_LANGUAGE],en"". }
}
ORDER BY DESC(?population)
LIMIT 100",True,0.1405,
392,complex,List the types of properties with their frequency and an example property for each type.,"SELECT ?typeLabel (COUNT(?property) AS ?count) (SAMPLE(?propertyLabel) AS ?exampleProperty)
WHERE {
  ?property a wikibase:Property ;
            wikibase:propertyType ?type .
  ?type rdfs:label ?typeLabel .
  FILTER(LANG(?typeLabel) = ""en"")
  ?property rdfs:label ?propertyLabel .
  FILTER(LANG(?propertyLabel) = ""en"")
}
GROUP BY ?typeLabel
ORDER BY DESC(?count)",True,0.0,
393,complex,List song titles that are also female given names.,"SELECT DISTINCT ?songLabel WHERE {
  ?song wdt:P31 wd:Q7366;
        rdfs:label ?songLabel.
  FILTER(LANG(?songLabel) = ""en"")
  
  ?person wdt:P31 wd:Q5;
          wdt:P21 wd:Q6581072;
          rdfs:label ?personLabel.
  FILTER(LANG(?personLabel) = ""en"")
  
  FILTER(LCASE(?songLabel) = LCASE(?personLabel))
}
LIMIT 100",False,0.0,
394,complex,List all external identifiers from Wikidata.,"SELECT ?property ?propertyLabel WHERE {
  ?property wikibase:propertyType wikibase:ExternalId .
  SERVICE wikibase:label { bd:serviceParam wikibase:language ""[AUTO_LANGUAGE],en"". }
}",True,0.5017,
395,complex,List mathematicians born in years that are prime numbers.,"SELECT ?mathematician ?mathematicianLabel ?birthYear WHERE {
  ?mathematician wdt:P31 wd:Q5;
                 wdt:P106 wd:Q170790;
                 wdt:P569 ?birthDate.
  BIND(YEAR(?birthDate) AS ?birthYear)
  
  FILTER(?birthYear > 1)
  FILTER NOT EXISTS {
    SELECT ?i WHERE {
      FILTER(?i > 1 && ?i < ?birthYear)
      FILTER(?birthYear % ?i = 0)
    }
  }
  SERVICE wikibase:label { bd:serviceParam wikibase:language ""[AUTO_LANGUAGE],en"". }
}",False,0.0,
396,complex,"Show me the relationships between Elsa Lanchester, Charles Laughton, and other notable individuals.","SELECT ?person1Label ?relationshipLabel ?person2Label WHERE {
  VALUES ?person1 { wd:Q233009 wd:Q155222 }
  ?person1 ?relationship ?person2 .
  ?person2 wdt:P31 wd:Q5 .
  
  FILTER(?relationship IN (wdt:P26, wdt:P25, wdt:P22, wdt:P40, wdt:P3373, wdt:P1038))
  
  SERVICE wikibase:label { bd:serviceParam wikibase:language ""[AUTO_LANGUAGE],en"". }
}",True,0.0588,
397,complex,Find PubMed references related to renal cell carcinoma variants.,"SELECT ?item ?itemLabel ?pubmedID WHERE {
  ?item wdt:P31 wd:Q1136666.
  ?item wdt:P279* wd:Q154438.
  ?item wdt:P698 ?pubmedID.
  SERVICE wikibase:label { bd:serviceParam wikibase:language ""[AUTO_LANGUAGE],en"". }
}",True,1.0,
398,complex,What are the official songs of each U.S. state?,"SELECT ?stateLabel ?songLabel WHERE {
  ?state wdt:P31 wd:Q35657;
         wdt:P17 wd:Q30;
         wdt:P826 ?song.
  SERVICE wikibase:label { bd:serviceParam wikibase:language ""[AUTO_LANGUAGE],en"". }
}",True,0.0,
399,complex,What are the most common last names among humans?,"SELECT ?lastNameLabel (COUNT(?human) AS ?count) WHERE {
  ?human wdt:P31 wd:Q5;
         wdt:P734 ?lastName.
  SERVICE wikibase:label { bd:serviceParam wikibase:language ""[AUTO_LANGUAGE],en"". }
}
GROUP BY ?lastNameLabel
ORDER BY DESC(?count)
LIMIT 100",False,0.0,
400,complex,"List all Basque people with known birthplaces on Wikipedia, grouped by the century they died in.","SELECT ?century (COUNT(?person) AS ?count) WHERE {
  ?person wdt:P172 wd:Q8752.
  ?person wdt:P19 ?birthplace.
  ?person wdt:P570 ?deathDate.
  BIND(YEAR(?deathDate) AS ?year)
  BIND(CONCAT(STR(FLOOR((?year - 1) / 100) + 1), ""th century"") AS ?century)
}
GROUP BY ?century
ORDER BY ?century",True,0.0,
401,complex,What are the top companies by revenue in USD?,"SELECT ?company ?companyLabel ?revenue WHERE {
  ?company wdt:P31 wd:Q4830453;
           p:P2139 ?statement.
  ?statement ps:P2139 ?revenue;
             pq:P2285 wd:Q4917.
  SERVICE wikibase:label { bd:serviceParam wikibase:language ""[AUTO_LANGUAGE],en"". }
}
ORDER BY DESC(?revenue)
LIMIT 20",True,0.0,
402,complex,What are the most gender-imbalanced occupations in the US?,"SELECT ?occupation ?occupationLabel (SUM(?male) AS ?totalMale) (SUM(?female) AS ?totalFemale) (ABS((SUM(?male) - SUM(?female)) / (SUM(?male) + SUM(?female))) AS ?imbalanceScore) WHERE {
  ?item wdt:P31 wd:Q12737077;
        p:P108 ?statement.
  ?statement ps:P108 ?employer.
  ?employer wdt:P17 wd:Q30.
  
  ?item p:P21 ?genderStatement.
  ?genderStatement ps:P21 ?gender.
  
  BIND(IF(?gender = wd:Q6581097, 1, 0) AS ?male)
  BIND(IF(?gender = wd:Q6581089, 1, 0) AS ?female)
  
  ?item wdt:P106 ?occupation.
  
  SERVICE wikibase:label { bd:serviceParam wikibase:language ""[AUTO_LANGUAGE],en"". }
}
GROUP BY ?occupation ?occupationLabel
HAVING ((SUM(?male) + SUM(?female)) > 100)
ORDER BY DESC(?imbalanceScore)
LIMIT 50",True,1.0,
403,complex,"List all artworks from the Musée Saint-Raymond in Toulouse, France.","SELECT ?artwork ?artworkLabel WHERE {
  ?artwork wdt:P195 wd:Q2603566.
  SERVICE wikibase:label { bd:serviceParam wikibase:language ""[AUTO_LANGUAGE],en"". }
}",True,1.0,
404,complex,What is the count of Twitter IDs versus Facebook IDs for non-human entities?,"SELECT ?platform (COUNT(?item) AS ?count) WHERE {
  {
    ?item wdt:P2002 ?twitterID .
    BIND(""Twitter"" AS ?platform)
  } UNION {
    ?item wdt:P2013 ?facebookID .
    BIND(""Facebook"" AS ?platform)
  }
  # Filter for non-human entities (exclude instance of human)
  FILTER NOT EXISTS { ?item wdt:P31 wd:Q5 }
} GROUP BY ?platform",False,0.0,
405,complex,Show me a map of people buried at Norra Begravningsplatsen cemetery.,"SELECT ?person ?personLabel ?coords WHERE {
  ?person wdt:P119 wd:Q1536366.
  ?person wdt:P625 ?coords.
  SERVICE wikibase:label { bd:serviceParam wikibase:language ""[AUTO_LANGUAGE],en"". }
}",True,0.0,
406,complex,"Show me a map of sports teams, categorized by sport.","SELECT ?team ?teamLabel ?sport ?sportLabel ?location ?locationLabel ?lat ?lon WHERE {
  ?team wdt:P31 wd:Q476028.
  ?team wdt:P641 ?sport.
  ?team wdt:P131 ?location.
  ?location wdt:P625 ?coord.
  BIND(geof:latitude(?coord) AS ?lat)
  BIND(geof:longitude(?coord) AS ?lon)
  SERVICE wikibase:label { bd:serviceParam wikibase:language ""[AUTO_LANGUAGE],en"". }
}",True,0.0193,
407,complex,List all the Chairs of the US Federal Reserve along with their tenure.,"SELECT ?chair ?chairLabel ?start_date ?end_date WHERE {
  ?chair wdt:P39 wd:Q14933367.
  ?chair p:P39 ?statement.
  ?statement ps:P39 wd:Q14933367.
  OPTIONAL { ?statement pq:P580 ?start_date. }
  OPTIONAL { ?statement pq:P582 ?end_date. }
  SERVICE wikibase:label { bd:serviceParam wikibase:language ""[AUTO_LANGUAGE],en"". }
}
ORDER BY ?start_date",True,0.0,
408,complex,List the numbers from 0 to 20 in alphabetical order.,"SELECT ?numberLabel WHERE {
  VALUES ?number { 0 1 2 3 4 5 6 7 8 9 10 11 12 13 14 15 16 17 18 19 20 }
  ?item wdt:P1114 ?number .
  ?item rdfs:label ?numberLabel .
  FILTER(LANG(?numberLabel) = ""en"")
}
ORDER BY ?numberLabel",True,1.0,
409,complex,List cities situated near multiple rivers.,"SELECT ?city ?cityLabel (COUNT(DISTINCT ?river) AS ?riverCount) WHERE {
  ?city wdt:P31/wdt:P279* wd:Q515 .
  ?city wdt:P206 ?river .
  ?river wdt:P31 wd:Q4022 .
  SERVICE wikibase:label { bd:serviceParam wikibase:language ""[AUTO_LANGUAGE],en"". }
}
GROUP BY ?city ?cityLabel
HAVING (COUNT(DISTINCT ?river) > 1)
ORDER BY DESC(?riverCount)",True,0.0,
410,complex,List all GLAM institutions in Wales along with their coordinates and types.,"SELECT ?item ?itemLabel ?coords ?typeLabel WHERE {
  ?item wdt:P31/wdt:P279* wd:Q6256 ;
        wdt:P131 wd:Q25 ;
        wdt:P625 ?coords ;
        wdt:P31 ?type .
  FILTER(?type IN (wd:Q167634, wd:Q33506, wd:Q206389, wd:Q19088))
  SERVICE wikibase:label { bd:serviceParam wikibase:language ""[AUTO_LANGUAGE],en"". }
}",True,0.0,
411,complex,List people who have received military honors from two different countries.,"SELECT ?person ?personLabel (COUNT(DISTINCT ?country) AS ?countryCount) WHERE {
  ?person wdt:P31 wd:Q5.
  ?person p:P166 ?awardStatement.
  ?awardStatement ps:P166 ?award.
  ?award wdt:P17 ?country.
  ?country wdt:P31 wd:Q6256.
  ?awardStatement pq:P1027 ?recipient.
  FILTER(?person = ?recipient || !EXISTS { ?awardStatement pq:P1027 ?any })
  
  {
    ?award wdt:P279* wd:Q185535.
  } UNION {
    ?award wdt:P31/wdt:P279* wd:Q185535.
  }
  
  GROUP BY ?person ?personLabel
  HAVING (COUNT(DISTINCT ?country) >= 2)
}
SERVICE wikibase:label { bd:serviceParam wikibase:language ""[AUTO_LANGUAGE],en"". }",False,0.0,
412,complex,What occupations were most common among accused witches in Scotland?,"SELECT ?occupationLabel (COUNT(?person) AS ?count) WHERE {
  ?person wdt:P31 wd:Q5.
  ?person wdt:P106 ?occupation.
  ?person wdt:P21 wd:Q6581072.
  ?person wdt:P1441 wd:Q16933666.
  SERVICE wikibase:label { bd:serviceParam wikibase:language ""[AUTO_LANGUAGE],en"". }
}
GROUP BY ?occupationLabel
ORDER BY DESC(?count)",True,0.0,
413,complex,List all economists with a Project Gutenberg ID and their corresponding birth and death years.,"SELECT ?economist ?economistLabel ?gutenbergID ?birthYear ?deathYear WHERE {
  ?economist wdt:P106 wd:Q188094.
  ?economist wdt:P1938 ?gutenbergID.
  OPTIONAL {
    ?economist wdt:P569 ?birthDate.
    BIND(YEAR(?birthDate) AS ?birthYear)
  }
  OPTIONAL {
    ?economist wdt:P570 ?deathDate.
    BIND(YEAR(?deathDate) AS ?deathYear)
  }
  SERVICE wikibase:label { bd:serviceParam wikibase:language ""[AUTO_LANGUAGE],en"". }
}",True,0.0,
414,complex,List all the stations in Amsterdam Metro along with their coordinates.,"SELECT ?station ?stationLabel ?coords WHERE {
  ?station wdt:P31 wd:Q928830.
  ?station wdt:P131 wd:Q727.
  ?station wdt:P625 ?coords.
  SERVICE wikibase:label { bd:serviceParam wikibase:language ""[AUTO_LANGUAGE],en"". }
}",True,0.0,
415,complex,List all the materials used in paintings along with their labels.,"SELECT DISTINCT ?material ?materialLabel WHERE {
  ?painting wdt:P31 wd:Q3305213 .
  ?painting wdt:P186 ?material .
  SERVICE wikibase:label { bd:serviceParam wikibase:language ""[AUTO_LANGUAGE],en"". }
}",False,0.0,
416,complex,What lakes are near Berlin?,"SELECT ?lake ?lakeLabel WHERE {
  ?lake wdt:P31 wd:Q23397.
  ?lake wdt:P131 ?district.
  ?district wdt:P131* wd:Q64.
  SERVICE wikibase:label { bd:serviceParam wikibase:language ""[AUTO_LANGUAGE],en"". }
}",True,0.1361,
417,complex,List all Wikidata properties in numerical order.,"SELECT ?property ?propertyLabel WHERE {
  ?property a wikibase:Property .
  SERVICE wikibase:label { bd:serviceParam wikibase:language ""[AUTO_LANGUAGE],en"". }
}
ORDER BY (xsd:integer(STRAFTER(STR(?property), ""P"")))",True,0.669,
418,complex,Find all National Trust properties in the UK without an official website on Wikidata.,"SELECT ?property ?propertyLabel WHERE {
  ?property wdt:P195 wd:Q127323.
  FILTER NOT EXISTS { ?property wdt:P856 ?website . }
  SERVICE wikibase:label { bd:serviceParam wikibase:language ""[AUTO_LANGUAGE],en"". }
}",True,1.0,
419,complex,"Find cathedrals in Paris, France and show their images.","SELECT ?cathedral ?cathedralLabel ?image WHERE {
  ?cathedral wdt:P31 wd:Q2977;
             wdt:P131 wd:Q90.
  ?cathedral wdt:P18 ?image.
  SERVICE wikibase:label { bd:serviceParam wikibase:language ""[AUTO_LANGUAGE],en"". }
}",True,0.0,
420,complex,List the names of programming languages along with their creation years and images of their inventors.,"SELECT ?languageLabel ?inception ?inventorImage WHERE {
  ?language wdt:P31 wd:Q9143.
  ?language wdt:P571 ?inception.
  ?language wdt:P61 ?inventor.
  ?inventor wdt:P18 ?inventorImage.
  SERVICE wikibase:label { bd:serviceParam wikibase:language ""[AUTO_LANGUAGE],en"". }
}",True,0.0,
421,complex,"What are the professions of people whose works are kept in the Musee de Bretagne, categorized by gender?","SELECT ?genderLabel ?occupationLabel (COUNT(DISTINCT ?person) AS ?count) WHERE {
  ?work wdt:P276 wd:Q3330667.
  ?person wdt:P800 ?work;
          wdt:P106 ?occupation;
          wdt:P21 ?gender.
  SERVICE wikibase:label { bd:serviceParam wikibase:language ""[AUTO_LANGUAGE],en"". }
} GROUP BY ?genderLabel ?occupationLabel",True,0.0,
422,complex,What is the average height of male figure skaters in each discipline?,"SELECT ?disciplineLabel (AVG(?height) AS ?averageHeight) WHERE {
  ?person wdt:P106 wd:Q131645;
          wdt:P21 wd:Q6581097;
          wdt:P2048 ?height;
          wdt:P106 ?discipline.
  ?discipline wdt:P279* wd:Q131645.
  FILTER(?discipline != wd:Q131645)
  SERVICE wikibase:label { bd:serviceParam wikibase:language ""[AUTO_LANGUAGE],en"". }
} GROUP BY ?disciplineLabel",True,0.0,
423,complex,What materials are used to make the items in the Ashmolean Museum collection?,"SELECT DISTINCT ?material ?materialLabel WHERE {
  ?item wdt:P195 wd:Q654279.
  ?item wdt:P186 ?material.
  SERVICE wikibase:label { bd:serviceParam wikibase:language ""[AUTO_LANGUAGE],en"". }
}",True,0.0084,
424,complex,List the occupations of authors who have written scholarly articles.,"SELECT DISTINCT ?occupationLabel WHERE {
  ?article wdt:P31 wd:Q13442814 .
  ?article wdt:P50 ?author .
  ?author wdt:P106 ?occupation .
  SERVICE wikibase:label { bd:serviceParam wikibase:language ""[AUTO_LANGUAGE],en"". }
}",True,1.0,
425,complex,Show me a map of Indian cities with their sister cities.,"SELECT ?city ?cityLabel ?sisterCity ?sisterCityLabel ?cityCoord ?sisterCityCoord WHERE {
  ?city wdt:P31 wd:Q515;
        wdt:P17 wd:Q668;
        wdt:P190 ?sisterCity;
        wdt:P625 ?cityCoord.
  ?sisterCity wdt:P625 ?sisterCityCoord.
  SERVICE wikibase:label { bd:serviceParam wikibase:language ""[AUTO_LANGUAGE],en"". }
}",True,0.1543,
426,complex,List the number of punk bands from each region in Indonesia.,"SELECT ?regionLabel (COUNT(?band) AS ?count) WHERE {
  ?band wdt:P31 wd:Q215380;
        wdt:P136 wd:Q11707;
        wdt:P131 ?region.
  ?region wdt:P17 wd:Q252.
  SERVICE wikibase:label { bd:serviceParam wikibase:language ""[AUTO_LANGUAGE],en"". }
}
GROUP BY ?regionLabel
ORDER BY DESC(?count)",True,1.0,
427,complex,List all museums in Barcelona along with their coordinates.,"SELECT ?museum ?museumLabel ?coords WHERE {
  ?museum wdt:P31 wd:Q33506.
  ?museum wdt:P131 wd:Q1492.
  ?museum wdt:P625 ?coords.
  SERVICE wikibase:label { bd:serviceParam wikibase:language ""[AUTO_LANGUAGE],en"". }
}",True,0.1608,
428,complex,"List all ancient Greek pottery items stored in Museum St-Raymond, France.","SELECT ?item ?itemLabel WHERE {
  ?item wdt:P31 wd:Q178561.
  ?item wdt:P195 wd:Q3329766.
  ?item wdt:P279* wd:Q178561.
  SERVICE wikibase:label { bd:serviceParam wikibase:language ""[AUTO_LANGUAGE],en"". }
}",True,0.0,
429,complex,List people who share their birthday with the day their mother passed away.,"SELECT ?person ?personLabel ?birthDate ?mother ?motherLabel ?deathDate WHERE {
  ?person wdt:P31 wd:Q5;
          wdt:P569 ?birthDate;
          wdt:P25 ?mother.
  ?mother wdt:P570 ?deathDate.
  
  FILTER(MONTH(?birthDate) = MONTH(?deathDate) && DAY(?birthDate) = DAY(?deathDate))
  
  SERVICE wikibase:label { bd:serviceParam wikibase:language ""[AUTO_LANGUAGE],en"". }
}",True,0.0,
430,complex,List all people employed by Coventry University without a UID.,"SELECT ?person ?personLabel WHERE {
  ?person wdt:P108 wd:Q1138156.
  FILTER NOT EXISTS { ?person wdt:P214 ?uid. }
  SERVICE wikibase:label { bd:serviceParam wikibase:language ""[AUTO_LANGUAGE],en"". }
}",True,0.0,
431,complex,List people who have received economics awards but are not classified as economists.,"SELECT DISTINCT ?person ?personLabel WHERE {
  ?award wdt:P31 wd:Q19088 ;
         wdt:P1680 wd:Q8134 .
  ?person p:P166 ?statement .
  ?statement ps:P166 ?award .
  
  FILTER NOT EXISTS { ?person wdt:P106 wd:Q188094 . }
  
  SERVICE wikibase:label { bd:serviceParam wikibase:language ""[AUTO_LANGUAGE],en"". }
}",True,0.0,
432,complex,"List cities with a population of over 1 million where no person in Wikidata was born, lived or died.","SELECT ?city ?cityLabel WHERE {
  ?city wdt:P31/wdt:P279* wd:Q515 .
  ?city wdt:P1082 ?population .
  FILTER(?population > 1000000)
  FILTER NOT EXISTS {
    ?person wdt:P19|wdt:P27|wdt:P20 ?city .
  }
  SERVICE wikibase:label { bd:serviceParam wikibase:language ""[AUTO_LANGUAGE],en"". }
}",True,0.0,
433,complex,How many lakes in the UK have a 'UK Lakes Portal ID'?,"SELECT (COUNT(?lake) AS ?count)
WHERE {
  ?lake wdt:P31 wd:Q23397 .
  ?lake wdt:P17 wd:Q145 .
  ?lake wdt:P3043 ?id .
}",True,0.0,
434,complex,List all individuals who are both parents and children of the same person.,"SELECT DISTINCT ?person ?parentChild WHERE {
  ?person wdt:P22|wdt:P25 ?parentChild .
  ?parentChild wdt:P22|wdt:P25 ?person .
}",True,0.0,
435,complex,List all countries whose capital city names can be formed using only the letters of the country's name.,"SELECT ?country ?countryLabel ?capital ?capitalLabel WHERE {
  ?country wdt:P31 wd:Q6256.
  ?country wdt:P36 ?capital.
  
  ?country rdfs:label ?countryLabel. FILTER(LANG(?countryLabel) = ""en"")
  ?capital rdfs:label ?capitalLabel. FILTER(LANG(?capitalLabel) = ""en"")
  
  BIND(LCASE(REPLACE(?countryLabel, ""[^a-z]"", """", ""i"")) AS ?cName)
  BIND(LCASE(REPLACE(?capitalLabel, ""[^a-z]"", """", ""i"")) AS ?capName)
  
  FILTER(STRLEN(?capName) > 0)
  
  # Check if every character in the capital name exists in the country name
  # We use a subquery approach or filter logic to verify character counts
  FILTER NOT EXISTS {
    SELECT ?char WHERE {
      BIND(STRDT(?capName, xsd:string) AS ?str)
      # Split capital into characters
      SERVICE wikibase:label { bd:serviceParam wikibase:language ""en"". }
      # This is a simplified check; for full character count validation, 
      # we ensure every unique char in capital is present in country
    }
  }
  
  # Logic: For every character in capital, it must be present in country
  FILTER(
    REPLACE(?capName, CONCAT(""["", ?cName, ""]""), """") = """"
  )
}",True,1.0,
436,complex,List all African countries with their official languages and English names.,"SELECT ?countryLabel ?languageLabel WHERE {
  ?country wdt:P31 wd:Q6256;
           wdt:P30 wd:Q15.
  ?country wdt:P37 ?language.
  SERVICE wikibase:label { bd:serviceParam wikibase:language ""en"". }
}",True,0.3877,
437,complex,List all female actresses under 70 years old who are descendants of the first king of Navarre.,"SELECT DISTINCT ?actress ?actressLabel WHERE {
  # Descendants of Íñigo Arista (first king of Navarre, Q333666)
  ?actress wdt:P40* wd:Q333666 .
  
  # Is an actress (instance of human, occupation actress)
  ?actress wdt:P31 wd:Q5 .
  ?actress wdt:P106 wd:Q33999 .
  
  # Is female
  ?actress wdt:P21 wd:Q6581072 .
  
  # Under 70 years old (born after 1954-05-22)
  ?actress wdt:P569 ?birthDate .
  FILTER(?birthDate > ""1954-05-22T00:00:00Z""^^xsd:dateTime)
  
  # Ensure they are still alive (no death date)
  FILTER NOT EXISTS { ?actress wdt:P570 ?deathDate }
  
  SERVICE wikibase:label { bd:serviceParam wikibase:language ""[AUTO_LANGUAGE],en"". }
}",True,1.0,
438,complex,List all saints' feast days by month and day.,"SELECT ?saint ?saintLabel ?feastDay WHERE {
  ?saint wdt:P31 wd:Q2385802.
  ?saint wdt:P841 ?feastDay.
  SERVICE wikibase:label { bd:serviceParam wikibase:language ""[AUTO_LANGUAGE],en"". }
}
ORDER BY MONTH(?feastDay) DAY(?feastDay)",True,1.0,
439,complex,Find a list of diplomatic missions operated by the United Kingdom.,"SELECT ?mission ?missionLabel WHERE {
  ?mission wdt:P31/wdt:P279* wd:Q193296.
  ?mission wdt:P137 wd:Q145.
  SERVICE wikibase:label { bd:serviceParam wikibase:language ""[AUTO_LANGUAGE],en"". }
}",True,0.0,
440,complex,List the most famous people in the world.,"SELECT ?person ?personLabel (COUNT(?sitelink) AS ?sitelinkCount) WHERE {
  ?person wdt:P31 wd:Q5.
  ?sitelink schema:about ?person;
            schema:isPartOf <https://en.wikipedia.org/>.
  SERVICE wikibase:label { bd:serviceParam wikibase:language ""[AUTO_LANGUAGE],en"". }
}
GROUP BY ?person ?personLabel
ORDER BY DESC(?sitelinkCount)
LIMIT 100",False,0.0,
441,complex,List all SARS-CoV-2 proteins with their corresponding research output counts.,"SELECT ?protein ?proteinLabel (COUNT(?paper) AS ?count) WHERE {
  ?protein wdt:P703 wd:Q82069696.
  ?paper wdt:P703 wd:Q82069696.
  ?paper wdt:P921 ?protein.
  SERVICE wikibase:label { bd:serviceParam wikibase:language ""[AUTO_LANGUAGE],en"". }
}
GROUP BY ?protein ?proteinLabel
ORDER BY DESC(?count)",True,0.0,
442,complex,What are the scheduled sections of the Antonine Wall in Scotland?,"SELECT ?section ?sectionLabel WHERE {
  ?section wdt:P31 wd:Q1254825.
  ?section wdt:P361 wd:Q216567.
  SERVICE wikibase:label { bd:serviceParam wikibase:language ""[AUTO_LANGUAGE],en"". }
}",True,0.0,
443,complex,"Show me a map of Scotland with markers for people accused of witchcraft, including their occupations.","SELECT ?person ?personLabel ?occupation ?occupationLabel ?coords WHERE {
  ?person wdt:P31 wd:Q5;
          wdt:P106 ?occupation;
          wdt:P625 ?coords;
          p:P1441 ?statement.
  ?statement ps:P1441 wd:Q145.
  ?statement pq:P585 ?date.
  SERVICE wikibase:label { bd:serviceParam wikibase:language ""[AUTO_LANGUAGE],en"". }
}",True,0.0,
444,complex,List languages with less than 10 lexemes without statements or senses.,"SELECT ?language ?languageLabel (COUNT(?lexeme) AS ?count) WHERE {
  ?lexeme wikibase:lexicalCategory ?category .
  ?lexeme dct:language ?language .
  FILTER NOT EXISTS { ?lexeme ?p ?o . FILTER(?p != wikibase:lemma && ?p != dct:language && ?p != wikibase:lexicalCategory && ?p != rdf:type) }
  FILTER NOT EXISTS { ?lexeme ontolex:sense ?sense }
  SERVICE wikibase:label { bd:serviceParam wikibase:language ""[AUTO_LANGUAGE],en"". }
}
GROUP BY ?language ?languageLabel
HAVING (?count < 10)",False,0.0,
445,complex,List all institutions that have contributed to every #vBIB conference.,"SELECT ?institution ?institutionLabel WHERE {
  {
    SELECT (COUNT(DISTINCT ?conference) AS ?totalCount) WHERE {
      ?conference wdt:P31 wd:Q2020153 ;
                  wdt:P1441 wd:Q106574667 .
    }
  }
  {
    SELECT ?institution (COUNT(DISTINCT ?conference) AS ?contributionCount) WHERE {
      ?conference wdt:P31 wd:Q2020153 ;
                  wdt:P1441 wd:Q106574667 ;
                  wdt:P170 ?institution .
    }
    GROUP BY ?institution
  }
  FILTER(?contributionCount = ?totalCount)
  SERVICE wikibase:label { bd:serviceParam wikibase:language ""[AUTO_LANGUAGE],en"". }
}",True,0.0,
446,complex,Find all small monuments in Borovnice municipality with links to their Commons categories.,"SELECT ?monument ?monumentLabel ?commonsCategory WHERE {
  ?monument wdt:P131 wd:Q2473666.
  ?monument wdt:P31/wdt:P279* wd:Q4989906.
  ?monument wdt:P373 ?commonsCategory.
  SERVICE wikibase:label { bd:serviceParam wikibase:language ""[AUTO_LANGUAGE],en"". }
}",True,0.0,
447,complex,List all Italian ministers who served in multiple cabinets since 1990.,"SELECT ?minister ?ministerLabel (COUNT(DISTINCT ?cabinet) AS ?cabinetCount) WHERE {
  ?minister wdt:P31 wd:Q5.
  ?minister p:P39 ?statement.
  ?statement ps:P39 ?position.
  ?position wdt:P279* wd:Q18338233.
  ?statement pq:P5054 ?cabinet.
  ?statement pq:P580 ?start.
  FILTER(?start >= ""1990-01-01T00:00:00Z""^^xsd:dateTime)
  SERVICE wikibase:label { bd:serviceParam wikibase:language ""[AUTO_LANGUAGE],en"". }
}
GROUP BY ?minister ?ministerLabel
HAVING (COUNT(DISTINCT ?cabinet) > 1)",True,0.0,
448,complex,What museums are near the Museum of Modern Art?,"SELECT ?museum ?museumLabel WHERE {
  wd:Q188740 wdt:P625 ?momaCoord .
  ?museum wdt:P31/wdt:P279* wd:Q33506 ;
          wdt:P625 ?museumCoord .
  SERVICE wikibase:around {
    ?museum wdt:P625 ?museumCoord .
    bd:serviceParam wikibase:center ?momaCoord .
    bd:serviceParam wikibase:radius ""1"" .
  }
  FILTER(?museum != wd:Q188740)
  SERVICE wikibase:label { bd:serviceParam wikibase:language ""[AUTO_LANGUAGE],en"". }
}",False,0.0,
449,complex,List the siblings who have received the Israel Prize.,"SELECT ?person ?personLabel ?sibling ?siblingLabel WHERE {
  ?person wdt:P166 wd:Q166649.
  ?sibling wdt:P166 wd:Q166649.
  ?person wdt:P3373 ?sibling.
  FILTER(?person < ?sibling)
  SERVICE wikibase:label { bd:serviceParam wikibase:language ""[AUTO_LANGUAGE],en"". }
}",True,0.0,
450,complex,List the names of female activists from Latin America born between 1900 and 1999.,"SELECT ?personLabel WHERE {
  ?person wdt:P106 wd:Q1585819;
          wdt:P21 wd:Q6581072;
          wdt:P27 ?country.
  ?country wdt:P30 wd:Q12585.
  ?person wdt:P569 ?birthDate.
  FILTER(?birthDate >= ""1900-01-01T00:00:00Z""^^xsd:dateTime && ?birthDate <= ""1999-12-31T23:59:59Z""^^xsd:dateTime)
  SERVICE wikibase:label { bd:serviceParam wikibase:language ""[AUTO_LANGUAGE],en"". }
}",True,1.0,
451,complex,List the Twitter usernames of scientists working at Dutch universities.,"SELECT DISTINCT ?scientist ?scientistLabel ?twitterUsername WHERE {
  ?scientist wdt:P106 wd:Q901.
  ?scientist wdt:P108 ?employer.
  ?employer wdt:P17 wd:Q55.
  ?employer wdt:P31/wdt:P279* wd:Q3918.
  ?scientist wdt:P2002 ?twitterUsername.
  SERVICE wikibase:label { bd:serviceParam wikibase:language ""[AUTO_LANGUAGE],en"". }
}",True,0.0077,
452,complex,Find French occupation-related words with their grammatical gender.,"SELECT ?word ?wordLabel ?genderLabel WHERE {
  ?word wdt:P31 wd:Q101352.
  ?word wdt:P407 wd:Q150.
  ?word wdt:P279* wd:Q12737.
  ?word wdt:P5185 ?gender.
  SERVICE wikibase:label { bd:serviceParam wikibase:language ""fr"". }
}",True,0.0,
453,complex,"Find Swedish words with examples that show both a form and a sense, along with their sources.","SELECT ?lexeme ?lexemeLabel ?form ?sense ?source WHERE {
  ?lexeme dct:language wd:Q9027.
  ?lexeme ontolex:lexicalForm ?form.
  ?lexeme ontolex:sense ?sense.
  ?sense wdt:P248 ?source.
  SERVICE wikibase:label { bd:serviceParam wikibase:language ""[AUTO_LANGUAGE],sv,en"". }
}",True,0.0001,
454,complex,List all composers along with their most frequently used tonalities.,"SELECT ?composer ?composerLabel ?tonality ?tonalityLabel (COUNT(?work) AS ?count)
WHERE {
  ?work wdt:P86 ?composer .
  ?work wdt:P826 ?tonality .
  SERVICE wikibase:label { bd:serviceParam wikibase:language ""[AUTO_LANGUAGE],en"". }
}
GROUP BY ?composer ?composerLabel ?tonality ?tonalityLabel
HAVING (?count = (
  SELECT MAX(?c)
  WHERE {
    SELECT (COUNT(?w) AS ?c)
    WHERE {
      ?w wdt:P86 ?composer .
      ?w wdt:P826 ?t .
    }
    GROUP BY ?composer ?t
  }
))
ORDER BY ?composerLabel",False,0.0,
455,complex,"List all humans who died on August 25, 2001, according to the English Wikipedia.","SELECT ?human ?humanLabel WHERE {
  ?human wdt:P31 wd:Q5;
         wdt:P570 ""2001-08-25T00:00:00Z""^^xsd:dateTime.
  ?sitelink schema:about ?human;
            schema:isPartOf <https://en.wikipedia.org/>.
  SERVICE wikibase:label { bd:serviceParam wikibase:language ""en"". }
}",True,0.507,
456,complex,What are the historical monuments in Loire-Atlantique?,"SELECT ?item ?itemLabel WHERE {
  ?item wdt:P1435 wd:Q9259;
        wdt:P131 wd:Q12639.
  SERVICE wikibase:label { bd:serviceParam wikibase:language ""[AUTO_LANGUAGE],en"". }
}",True,1.0,
457,complex,List famous painters who died before 1800.,"SELECT ?painter ?painterLabel WHERE {
  ?painter wdt:P106 wd:Q102818.
  ?painter wdt:P570 ?deathDate.
  FILTER(?deathDate < ""1800-01-01T00:00:00Z""^^xsd:dateTime)
  SERVICE wikibase:label { bd:serviceParam wikibase:language ""[AUTO_LANGUAGE],en"". }
}",True,1.0,
458,complex,List all railway stations in the Netherlands with their connections.,"SELECT ?station ?stationLabel ?connection ?connectionLabel WHERE {
  ?station wdt:P31 wd:Q55488.
  ?station wdt:P17 wd:Q55.
  ?station wdt:P197 ?connection.
  SERVICE wikibase:label { bd:serviceParam wikibase:language ""[AUTO_LANGUAGE],en"". }
}",True,0.0851,
459,complex,Find the original creator of items with 'house cat' as an instance.,"SELECT ?creator ?creatorLabel WHERE {
  ?item wdt:P31 wd:Q146.
  ?item wdt:P170 ?creator.
  SERVICE wikibase:label { bd:serviceParam wikibase:language ""[AUTO_LANGUAGE],en"". }
}",True,0.0,
460,complex,Show me a map of railway stations in Wales.,"SELECT ?station ?stationLabel ?location WHERE {
  ?station wdt:P31 wd:Q55488.
  ?station wdt:P131* wd:Q25.
  ?station wdt:P625 ?location.
  SERVICE wikibase:label { bd:serviceParam wikibase:language ""[AUTO_LANGUAGE],en"". }
}",True,0.0,
461,complex,Find the publication dates for specific games.,"SELECT ?game ?gameLabel ?publicationDate WHERE {
  VALUES ?game { wd:Q1136611 wd:Q123705 }
  ?game wdt:P577 ?publicationDate.
  SERVICE wikibase:label { bd:serviceParam wikibase:language ""[AUTO_LANGUAGE],en"". }
}",True,0.0,
462,complex,What are some popular items with more than 20 site links?,"SELECT ?item ?itemLabel (COUNT(?sitelink) AS ?count) WHERE {
  ?item wikibase:sitelinks ?count .
  FILTER(?count > 20)
  SERVICE wikibase:label { bd:serviceParam wikibase:language ""[AUTO_LANGUAGE],en"". }
}
GROUP BY ?item ?itemLabel
ORDER BY DESC(?count)
LIMIT 100",False,0.0,
463,complex,List all natural numbers from 1 to 2000.,"SELECT ?number WHERE {
  BIND(1 AS ?start)
  BIND(2000 AS ?end)
  SERVICE wikibase:label { bd:serviceParam wikibase:language ""[AUTO_LANGUAGE],en"". }
  {
    SELECT (STR(?n) AS ?number) WHERE {
      BIND(IRI(CONCAT(""http://www.wikidata.org/entity/Q"", STR(?n))) AS ?item)
      FILTER(?n >= 1 && ?n <= 2000)
    }
  }
}
ORDER BY ?n",True,1.0,
464,complex,List all the departments in France.,"SELECT ?department ?departmentLabel WHERE {
  ?department wdt:P31 wd:Q6465 ;
              wdt:P131 wd:Q142 .
  SERVICE wikibase:label { bd:serviceParam wikibase:language ""[AUTO_LANGUAGE],en"". }
}",True,0.0155,
465,complex,List twins who were born in different places.,"SELECT ?person1 ?person1Label ?place1 ?person2 ?person2Label ?place2 WHERE {
  ?person1 wdt:P31 wd:Q5;
           wdt:P1542 ?birthEvent1.
  ?birthEvent1 wdt:P31 wd:Q754006.
  ?person2 wdt:P31 wd:Q5;
           wdt:P1542 ?birthEvent2.
  ?birthEvent2 wdt:P31 wd:Q754006.
  
  FILTER(?person1 < ?person2)
  
  ?person1 wdt:P19 ?place1.
  ?person2 wdt:P19 ?place2.
  
  FILTER(?place1 != ?place2)
  
  SERVICE wikibase:label { bd:serviceParam wikibase:language ""[AUTO_LANGUAGE],en"". }
}",True,1.0,
466,complex,List the common descendants of George Washington and George W. Bush.,"SELECT ?descendant ?descendantLabel WHERE {
  {
    SELECT ?descendant WHERE {
      ?descendant wdt:P40* wd:Q23.
      ?descendant wdt:P40* wd:Q207.
      FILTER(?descendant != wd:Q23 && ?descendant != wd:Q207)
    }
  }
  SERVICE wikibase:label { bd:serviceParam wikibase:language ""[AUTO_LANGUAGE],en"". }
}",False,0.0,
467,complex,List all places with an elevation of less than 10 meters above sea level.,"SELECT ?place ?placeLabel ?elevation WHERE {
  ?place wdt:P2044 ?elevation .
  FILTER(?elevation < 10)
  SERVICE wikibase:label { bd:serviceParam wikibase:language ""[AUTO_LANGUAGE],en"". }
}",False,0.0,
468,complex,What are the nearby places that have been written about?,"SELECT ?place ?placeLabel ?article ?articleLabel WHERE {
  SERVICE wikibase:around {
    ?place wdt:P625 ?location .
    bd:serviceParam wikibase:center ""Point(2.3522 48.8566)""^^geo:wktLiteral .
    bd:serviceParam wikibase:radius ""5"" .
  }
  ?article schema:about ?place ;
           schema:isPartOf <https://en.wikipedia.org/> .
  SERVICE wikibase:label { bd:serviceParam wikibase:language ""[AUTO_LANGUAGE],en"". }
}",True,0.0,
469,complex,List the ages of US presidents when they started their term.,"SELECT ?presidentLabel ?ageAtInauguration WHERE {
  ?president wdt:P39 wd:Q11696.
  ?president p:P39 ?statement.
  ?statement ps:P39 wd:Q11696.
  ?statement pq:P580 ?start_date.
  ?president wdt:P569 ?birth_date.
  
  BIND(year(?start_date) - year(?birth_date) - IF(month(?start_date) < month(?birth_date) || (month(?start_date) = month(?birth_date) && day(?start_date) < day(?birth_date)), 1, 0) AS ?ageAtInauguration)
  
  SERVICE wikibase:label { bd:serviceParam wikibase:language ""[AUTO_LANGUAGE],en"". }
}
ORDER BY ?start_date",True,0.1376,
470,complex,List all the awards and nominations received by Rafael Nadal.,"SELECT ?award ?awardLabel ?date WHERE {
  wd:Q10187 wdt:P166 ?awardStatement.
  ?awardStatement ps:P166 ?award.
  OPTIONAL { ?awardStatement pq:P585 ?date. }
  SERVICE wikibase:label { bd:serviceParam wikibase:language ""[AUTO_LANGUAGE],en"". }
}",True,0.0,
471,complex,List the ages of musicians at the time of their death.,"SELECT ?musician ?musicianLabel ?birthDate ?deathDate (YEAR(?deathDate) - YEAR(?birthDate) AS ?age)
WHERE {
  ?musician wdt:P106 wd:Q639669.
  ?musician wdt:P569 ?birthDate.
  ?musician wdt:P570 ?deathDate.
  SERVICE wikibase:label { bd:serviceParam wikibase:language ""[AUTO_LANGUAGE],en"". }
}
ORDER BY DESC(?age)",False,0.0,
472,complex,"List detention centers in Uruguay, Argentina, and Chile that were used for torture.","SELECT ?center ?centerLabel ?country ?countryLabel WHERE {
  ?center wdt:P31 wd:Q1201205.
  ?center wdt:P17 ?country.
  VALUES ?country { wd:Q77 /* Uruguay */ wd:Q414 /* Argentina */ wd:Q298 /* Chile */ }
  ?center wdt:P3661 wd:Q170568.
  SERVICE wikibase:label { bd:serviceParam wikibase:language ""[AUTO_LANGUAGE],en"". }
}",False,0.0,
473,complex,List countries named after a specific person.,"SELECT ?country ?countryLabel ?person ?personLabel WHERE {
  ?country wdt:P31 wd:Q6256.
  ?country wdt:P138 ?person.
  ?person wdt:P31 wd:Q5.
  SERVICE wikibase:label { bd:serviceParam wikibase:language ""[AUTO_LANGUAGE],en"". }
}",True,0.5862,
474,complex,List all the winners of the Erich Fried Prize along with their images.,"SELECT ?winner ?winnerLabel ?image WHERE {
  ?winner wdt:P166 wd:Q679666.
  OPTIONAL { ?winner wdt:P18 ?image. }
  SERVICE wikibase:label { bd:serviceParam wikibase:language ""[AUTO_LANGUAGE],en"". }
}",True,0.0,
475,complex,List all historical Chinese states with their corresponding artifacts and collections.,"SELECT ?state ?stateLabel ?artifact ?artifactLabel ?collection ?collectionLabel WHERE {
  ?state wdt:P31 wd:Q3024240.
  ?artifact wdt:P1705 ?state ;
            wdt:P195 ?collection.
  SERVICE wikibase:label { bd:serviceParam wikibase:language ""[AUTO_LANGUAGE],en"". }
}",True,1.0,
476,complex,List all European countries whose ISO 2-letter code contains a letter not present in their native language name.,"SELECT ?country ?countryLabel ?isoCode ?nativeName WHERE {
  ?country wdt:P31 wd:Q6256.
  ?country wdt:P30 wd:Q46.
  ?country wdt:P297 ?isoCode.
  ?country wdt:P1705 ?nativeName.
  
  BIND(LCASE(?isoCode) AS ?isoLower)
  BIND(LCASE(?nativeName) AS ?nativeLower)
  
  FILTER(
    (STRSTARTS(?isoLower, SUBSTR(?isoLower, 1, 1)) && 
     !CONTAINS(?nativeLower, SUBSTR(?isoLower, 1, 1))) ||
    (STRSTARTS(?isoLower, SUBSTR(?isoLower, 2, 1)) && 
     !CONTAINS(?nativeLower, SUBSTR(?isoLower, 2, 1)))
  )
  
  SERVICE wikibase:label { bd:serviceParam wikibase:language ""[AUTO_LANGUAGE],en"". }
}",True,0.4309,
477,complex,List all current US Supreme Court justices along with their date of birth.,"SELECT ?justice ?justiceLabel ?dob WHERE {
  ?justice wdt:P39 wd:Q11609 .
  FILTER NOT EXISTS { ?justice wdt:P570 ?dod }
  ?justice wdt:P569 ?dob .
  SERVICE wikibase:label { bd:serviceParam wikibase:language ""[AUTO_LANGUAGE],en"". }
}",True,0.0,
478,complex,What are the most common first names among people born in Auvergne?,"SELECT ?givenNameLabel (COUNT(?person) AS ?count) WHERE {
  ?person wdt:P31 wd:Q5;
          wdt:P19 ?birthPlace.
  ?birthPlace wdt:P131* wd:Q170048.
  ?person wdt:P735 ?givenName.
  SERVICE wikibase:label { bd:serviceParam wikibase:language ""[AUTO_LANGUAGE],en"". }
}
GROUP BY ?givenNameLabel
ORDER BY DESC(?count)
LIMIT 20",True,0.0,
479,complex,What materials were used in the most paintings?,"SELECT ?materialLabel (COUNT(?painting) AS ?count) WHERE {
  ?painting wdt:P31 wd:Q3305213;
            wdt:P186 ?material.
  SERVICE wikibase:label { bd:serviceParam wikibase:language ""[AUTO_LANGUAGE],en"". }
}
GROUP BY ?materialLabel
ORDER BY DESC(?count)",False,0.0,
480,complex,"What are the names of stars, galaxies, star clusters and nebulae inspired by?","SELECT ?item ?itemLabel ?namedAfter ?namedAfterLabel WHERE {
  ?item wdt:P31 ?class.
  VALUES ?class {
    wd:Q523    # star
    wd:Q318    # galaxy
    wd:Q16327  # star cluster
    wd:Q47168  # nebula
  }
  ?item wdt:P138 ?namedAfter.
  SERVICE wikibase:label { bd:serviceParam wikibase:language ""[AUTO_LANGUAGE],en"". }
}",False,0.0,
481,complex,What properties are most commonly qualified?,"SELECT ?property ?propertyLabel (COUNT(?statement) AS ?count) WHERE {
  ?item ?p ?statement .
  ?statement prov:wasDerivedFrom ?ref .
  ?property wikibase:claim ?p .
  SERVICE wikibase:label { bd:serviceParam wikibase:language ""[AUTO_LANGUAGE],en"". }
}
GROUP BY ?property ?propertyLabel
ORDER BY DESC(?count)
LIMIT 100",False,0.0,
482,complex,What are the most common election days in different countries?,"SELECT ?countryLabel ?dayOfWeek (COUNT(*) AS ?count) WHERE {
  ?election wdt:P31/wdt:P279* wd:Q40231;
            wdt:P17 ?country;
            wdt:P585 ?date.
  BIND(STR(DAYNAME(?date)) AS ?dayOfWeek)
  SERVICE wikibase:label { bd:serviceParam wikibase:language ""[AUTO_LANGUAGE],en"". }
}
GROUP BY ?countryLabel ?dayOfWeek
ORDER BY ?countryLabel DESC(?count)",False,0.0,
483,complex,List all pairs of churches in the UK that are almost adjacent to each other.,"SELECT ?church1 ?church1Label ?church2 ?church2Label ?dist WHERE {
  ?church1 wdt:P31 wd:Q16970;
           wdt:P17 wd:Q145;
           wdt:P625 ?loc1.
  ?church2 wdt:P31 wd:Q16970;
           wdt:P17 wd:Q145;
           wdt:P625 ?loc2.
  FILTER(?church1 < ?church2)
  SERVICE wikibase:around {
    ?church1 wdt:P625 ?loc1.
    bd:serviceParam wikibase:center ?loc2.
    bd:serviceParam wikibase:radius ""0.1"".
  }
  SERVICE wikibase:label { bd:serviceParam wikibase:language ""[AUTO_LANGUAGE],en"". }
  BIND(geof:distance(?loc1, ?loc2) AS ?dist)
}
ORDER BY ?dist
LIMIT 100",False,0.0,
484,complex,What are the most common Roman praenomina?,"SELECT ?praenomenLabel (COUNT(?person) AS ?count) WHERE {
  ?person wdt:P31 wd:Q5.
  ?person wdt:P1477 ?name.
  FILTER(REGEX(?name, ""^(Aulus|Appius|Gaius|Gnaeus|Decimus|Kaeso|Lucius|Manius|Marcus|Numerius|Publius|Quintus|Servius|Sextus|Spurius|Titus|Tiberius|Vibius)"", ""i""))
  BIND(STRBEFORE(?name, "" "") AS ?praenomen)
  FILTER(?praenomen IN (""Aulus"", ""Appius"", ""Gaius"", ""Gnaeus"", ""Decimus"", ""Kaeso"", ""Lucius"", ""Manius"", ""Marcus"", ""Numerius"", ""Publius"", ""Quintus"", ""Servius"", ""Sextus"", ""Spurius"", ""Titus"", ""Tiberius"", ""Vibius""))
  BIND(?praenomen AS ?praenomenLabel)
}
GROUP BY ?praenomenLabel
ORDER BY DESC(?count)",True,0.0,
485,complex,Find the artist born between 1880 and 1944 with a given name starting with 'D' and family name starting with 'K'.,"SELECT ?artist ?artistLabel ?givenName ?familyName WHERE {
  ?artist wdt:P106 wd:Q483501;
          wdt:P569 ?birthDate;
          wdt:P735 ?givenNameEntity;
          wdt:P734 ?familyNameEntity.
  
  ?givenNameEntity rdfs:label ?givenName.
  FILTER(LANG(?givenName) = ""en"")
  FILTER(STRSTARTS(?givenName, ""D""))
  
  ?familyNameEntity rdfs:label ?familyName.
  FILTER(LANG(?familyName) = ""en"")
  FILTER(STRSTARTS(?familyName, ""K""))
  
  FILTER(?birthDate >= ""1880-01-01T00:00:00Z""^^xsd:dateTime && ?birthDate <= ""1944-12-31T23:59:59Z""^^xsd:dateTime)
  
  SERVICE wikibase:label { bd:serviceParam wikibase:language ""[AUTO_LANGUAGE],en"". }
}",False,0.0,
486,complex,List all landlocked countries that share a border with a coastal country.,"SELECT DISTINCT ?country ?countryLabel WHERE {
  ?country wdt:P31 wd:Q6256.
  FILTER NOT EXISTS { ?country wdt:P47 ?neighbor. ?neighbor wdt:P31 wd:Q6256. ?neighbor wdt:P206 ?sea. }
  ?country wdt:P47 ?neighbor.
  ?neighbor wdt:P206 ?sea.
  SERVICE wikibase:label { bd:serviceParam wikibase:language ""[AUTO_LANGUAGE],en"". }
}",True,0.0238,
487,complex,Show me words that describe people from a certain place on the map.,"SELECT ?demonym ?place ?placeLabel WHERE {
  ?place wdt:P1549 ?demonym.
  SERVICE wikibase:label { bd:serviceParam wikibase:language ""[AUTO_LANGUAGE],en"". }
}",True,0.0,
488,complex,List the top drama schools by student population.,"SELECT ?school ?schoolLabel ?studentCount WHERE {
  ?school wdt:P31 wd:Q13224943;
          wdt:P2196 ?studentCount.
  SERVICE wikibase:label { bd:serviceParam wikibase:language ""[AUTO_LANGUAGE],en"". }
}
ORDER BY DESC(?studentCount)
LIMIT 20",True,0.0,
489,complex,List the members of scholarly societies who died before 1800.,"SELECT DISTINCT ?person ?personLabel WHERE {
  ?person wdt:P463 ?society .
  ?society wdt:P31 wd:Q3918 .
  ?person wdt:P570 ?deathDate .
  FILTER (?deathDate < ""1800-01-01T00:00:00Z""^^xsd:dateTime)
  SERVICE wikibase:label { bd:serviceParam wikibase:language ""[AUTO_LANGUAGE],en"". }
}",True,0.0,
490,complex,Find cemeteries in France that are close to churches.,"SELECT ?cemetery ?cemeteryLabel ?church ?churchLabel ?dist WHERE {
  ?cemetery wdt:P31 wd:Q39614;
            wdt:P17 wd:Q142;
            wdt:P625 ?cemLoc.
  ?church wdt:P31 wd:Q16970;
          wdt:P17 wd:Q142;
          wdt:P625 ?churchLoc.
  
  SERVICE wikibase:around {
    ?cemetery wdt:P625 ?cemLoc .
    bd:serviceParam wikibase:center ?churchLoc .
    bd:serviceParam wikibase:radius ""0.5"" .
  }
  
  SERVICE wikibase:label { bd:serviceParam wikibase:language ""[AUTO_LANGUAGE],en"". }
}",False,0.0,
491,complex,What are the screenwriting credits of Donald P. Bellisario?,"SELECT ?film ?filmLabel WHERE {
  wd:Q713657 wdt:P58 ?film.
  ?film wdt:P31/wdt:P279* wd:Q11424.
  SERVICE wikibase:label { bd:serviceParam wikibase:language ""[AUTO_LANGUAGE],en"". }
}",True,0.0,
492,complex,List all Twitter handles of current UK Members of Parliament.,"SELECT ?member ?memberLabel ?twitterHandle WHERE {
  ?member wdt:P39 wd:Q16707842.
  ?member p:P39 ?statement.
  ?statement ps:P39 wd:Q16707842.
  FILTER NOT EXISTS { ?statement pq:P582 ?endDate }
  ?member wdt:P2002 ?twitterHandle.
  SERVICE wikibase:label { bd:serviceParam wikibase:language ""[AUTO_LANGUAGE],en"". }
}",True,0.0,
493,complex,List all Tour de France stage winners by nationality from 1903 to 2022.,"SELECT ?winnerLabel ?nationalityLabel (COUNT(?stage) AS ?stageWins)
WHERE {
  ?stage wdt:P31 wd:Q1073625.
  ?stage wdt:P1705 ?stageName.
  ?stage wdt:P585 ?date.
  FILTER(YEAR(?date) >= 1903 && YEAR(?date) <= 2022)
  ?stage wdt:P1346 ?winner.
  ?winner wdt:P27 ?nationality.
  SERVICE wikibase:label { bd:serviceParam wikibase:language ""[AUTO_LANGUAGE],en"". }
}
GROUP BY ?winnerLabel ?nationalityLabel
ORDER BY DESC(?stageWins)",True,1.0,
494,complex,List US companies founded by people or their parents born outside the US.,"SELECT DISTINCT ?company ?companyLabel ?founder ?founderLabel WHERE {
  ?company wdt:P31 wd:Q4830453;
           wdt:P112 ?founder.
  ?founder wdt:P19 ?birthplace.
  ?birthplace wdt:P17 ?country.
  FILTER(?country != wd:Q30)
  
  SERVICE wikibase:label { bd:serviceParam wikibase:language ""[AUTO_LANGUAGE],en"". }
}",True,0.0095,
495,complex,List all railway incidents with their locations and number of injured people.,"SELECT ?incident ?incidentLabel ?location ?locationLabel ?injured
WHERE {
  ?incident wdt:P31 wd:Q1146534.
  ?incident wdt:P276 ?location.
  ?incident wdt:P1339 ?injured.
  SERVICE wikibase:label { bd:serviceParam wikibase:language ""[AUTO_LANGUAGE],en"". }
}",True,0.0,
496,complex,List all winners of the Theatre World Award with their pictures and a timeline.,"SELECT ?person ?personLabel ?image ?awardDate WHERE {
  ?person wdt:P166 wd:Q2415926.
  ?person wdt:P18 ?image.
  ?person p:P166 ?statement.
  ?statement ps:P166 wd:Q2415926.
  ?statement pq:P585 ?awardDate.
  SERVICE wikibase:label { bd:serviceParam wikibase:language ""[AUTO_LANGUAGE],en"". }
}
ORDER BY ?awardDate",True,0.0,
497,complex,What are the most common last names among humans?,"SELECT ?lastName (COUNT(?human) AS ?count) WHERE {
  ?human wdt:P31 wd:Q5.
  ?human wdt:P734 ?lastNameItem.
  ?lastNameItem rdfs:label ?lastName.
  FILTER(LANG(?lastName) = ""en"")
}
GROUP BY ?lastName
ORDER BY DESC(?count)
LIMIT 100",False,0.0,
498,complex,What are the key events in Robert Louis Stevenson's life?,"SELECT ?event ?eventLabel ?date WHERE {
  wd:Q150546 p:P3342 ?statement .
  ?statement ps:P3342 ?event .
  OPTIONAL { ?event wdt:P585 ?date }
  SERVICE wikibase:label { bd:serviceParam wikibase:language ""[AUTO_LANGUAGE],en"". }
} ORDER BY ?date",True,0.0,
499,complex,List all artworks with titles that have a rhyming pattern.,"SELECT ?artwork ?artworkLabel ?title WHERE {
  ?artwork wdt:P31 wd:Q838909.
  ?artwork rdfs:label ?title.
  FILTER(LANG(?title) = ""en"")
  FILTER(REGEX(?title, "".* (.*) .* \\1$"", ""i""))
}
LIMIT 100",True,1.0,
500,complex,List the names of film composers who have worked on more than 100 films.,"SELECT ?composerLabel (COUNT(?film) AS ?filmCount) WHERE {
  ?film wdt:P31 wd:Q11424;
        wdt:P86 ?composer.
  SERVICE wikibase:label { bd:serviceParam wikibase:language ""[AUTO_LANGUAGE],en"". }
}
GROUP BY ?composer ?composerLabel
HAVING (?filmCount > 100)",False,0.0,
501,complex,List the UK Parliament members with mythical ancestors.,"SELECT DISTINCT ?member ?memberLabel ?ancestor ?ancestorLabel WHERE {
  ?member wdt:P39 wd:Q16707842.
  ?member wdt:P40* ?ancestor.
  ?ancestor wdt:P31 wd:Q127307.
  SERVICE wikibase:label { bd:serviceParam wikibase:language ""[AUTO_LANGUAGE],en"". }
}",True,1.0,
502,complex,List the properties used to link preprints and articles.,"SELECT DISTINCT ?property ?propertyLabel WHERE {
  ?item wdt:P31 wd:Q5809224.
  ?item ?p ?target.
  ?target wdt:P31 wd:Q13442814.
  ?property wikibase:directClaim ?p.
  SERVICE wikibase:label { bd:serviceParam wikibase:language ""[AUTO_LANGUAGE],en"". }
}",True,1.0,
503,complex,List the top educational institutions attended by US senators.,"SELECT ?university ?universityLabel (COUNT(?senator) AS ?count) WHERE {
  ?senator wdt:P31 wd:Q5;
           wdt:P39 wd:Q13217721.
  ?senator wdt:P69 ?university.
  SERVICE wikibase:label { bd:serviceParam wikibase:language ""[AUTO_LANGUAGE],en"". }
}
GROUP BY ?university ?universityLabel
ORDER BY DESC(?count)
LIMIT 20",True,0.0,
504,complex,List all authors of academic papers connected to Paul Erdos.,"SELECT DISTINCT ?author ?authorLabel WHERE {
  ?paper wdt:P50 wd:Q125001.
  ?paper wdt:P50 ?author.
  FILTER(?author != wd:Q125001)
  SERVICE wikibase:label { bd:serviceParam wikibase:language ""[AUTO_LANGUAGE],en"". }
}",True,1.0,
505,complex,List female dancers and choreographers with an English Wikipedia article but not a French one.,"SELECT ?person ?personLabel WHERE {
  ?person wdt:P31 wd:Q5;
          wdt:P21 wd:Q6581072;
          wdt:P106/wdt:P279* wd:Q11634;
          wdt:P106/wdt:P279* wd:Q11023.
  
  ?enwiki schema:about ?person;
          schema:isPartOf <https://en.wikipedia.org/>.
  
  FILTER NOT EXISTS {
    ?frwiki schema:about ?person;
            schema:isPartOf <https://fr.wikipedia.org/>.
  }
  
  SERVICE wikibase:label { bd:serviceParam wikibase:language ""[AUTO_LANGUAGE],en"". }
}",False,0.0,
506,complex,List the universities attended by UK ambassadors.,"SELECT DISTINCT ?university ?universityLabel WHERE {
  ?person wdt:P39 wd:Q19339169;
          wdt:P69 ?university.
  SERVICE wikibase:label { bd:serviceParam wikibase:language ""[AUTO_LANGUAGE],en"". }
}",True,0.0,
507,complex,List all lighthouses in South America along with their coordinates.,"SELECT ?lighthouse ?lighthouseLabel ?coords WHERE {
  ?lighthouse wdt:P31 wd:Q39715.
  ?lighthouse wdt:P131 ?location.
  ?location wdt:P30 wd:Q18.
  ?lighthouse wdt:P625 ?coords.
  SERVICE wikibase:label { bd:serviceParam wikibase:language ""[AUTO_LANGUAGE],en"". }
}",True,0.0126,
508,complex,List languages with overlapping lexemes.,"SELECT ?lexeme1 ?lexeme2 ?language1 ?language2 WHERE {
  ?lexeme1 wdt:P31 wd:Q11033 ;
           wdt:P407 ?language1 ;
           wdt:P1889 ?lexeme2 .
  ?lexeme2 wdt:P31 wd:Q11033 ;
           wdt:P407 ?language2 .
  FILTER(?language1 != ?language2)
}
LIMIT 100",True,1.0,
509,complex,List the main subjects of each episode in The West Wing TV series.,"SELECT ?episode ?episodeLabel ?mainSubject ?mainSubjectLabel WHERE {
  ?series wdt:P31 wd:Q5398426;
          wdt:P179 wd:Q357703.
  ?episode wdt:P179 ?series;
           wdt:P921 ?mainSubject.
  SERVICE wikibase:label { bd:serviceParam wikibase:language ""[AUTO_LANGUAGE],en"". }
}",True,0.0,
510,complex,"List all people with their birth and death years, along with their places of birth and death.","SELECT ?person ?personLabel ?birthYear ?deathYear ?birthPlaceLabel ?deathPlaceLabel WHERE {
  ?person wdt:P31 wd:Q5.
  ?person wdt:P569 ?birthDate.
  ?person wdt:P570 ?deathDate.
  ?person wdt:P19 ?birthPlace.
  ?person wdt:P20 ?deathPlace.
  
  BIND(YEAR(?birthDate) AS ?birthYear)
  BIND(YEAR(?deathDate) AS ?deathYear)
  
  SERVICE wikibase:label { bd:serviceParam wikibase:language ""[AUTO_LANGUAGE],en"". }
}
LIMIT 100",False,0.0,
511,complex,Show me a map of French municipalities with homonymous names connected by lines based on their distance.,"SELECT ?item1 ?item1Label ?coord1 ?item2 ?item2Label ?coord2 WHERE {
  ?item1 wdt:P31 wd:Q484170;
         wdt:P17 wd:Q142;
         wdt:P625 ?coord1;
         rdfs:label ?name.
  FILTER(LANG(?name) = ""fr"")
  
  ?item2 wdt:P31 wd:Q484170;
         wdt:P17 wd:Q142;
         wdt:P625 ?coord2;
         rdfs:label ?name.
  FILTER(LANG(?name) = ""fr"")
  
  FILTER(?item1 < ?item2)
  
  BIND(geof:distance(?coord1, ?coord2) AS ?dist)
  FILTER(?dist < 100)
}
LIMIT 1000",False,0.0,
512,complex,Show me a map of places with their standard English and Welsh spellings.,"SELECT ?place ?placeLabel ?placeAltLabel WHERE {
  ?place wdt:P31/wdt:P279* wd:Q486972.
  ?place rdfs:label ?placeLabel.
  FILTER(LANG(?placeLabel) = ""en"")
  ?place skos:altLabel ?placeAltLabel.
  FILTER(LANG(?placeAltLabel) = ""cy"")
  SERVICE wikibase:label { bd:serviceParam wikibase:language ""en,cy"". }
}",False,0.0,
513,complex,What are the most common properties used in maps?,"SELECT ?property ?propertyLabel (COUNT(?item) AS ?count) WHERE {
  ?item wdt:P31 wd:Q4006.
  ?item ?p ?value.
  ?property wikibase:directClaim ?p.
  SERVICE wikibase:label { bd:serviceParam wikibase:language ""[AUTO_LANGUAGE],en"". }
}
GROUP BY ?property ?propertyLabel
ORDER BY DESC(?count)
LIMIT 50",True,0.0819,
514,complex,Find museums within a 20-kilometer radius from your current location.,"SELECT ?museum ?museumLabel ?location WHERE {
  SERVICE wikibase:around {
    ?museum wdt:P31 wd:Q33506 .
    ?museum wdt:P625 ?location .
    bd:serviceParam wikibase:center ""Point(2.3522 48.8566)""^^geo:wktLiteral .
    bd:serviceParam wikibase:radius ""20"" .
  }
  SERVICE wikibase:label { bd:serviceParam wikibase:language ""[AUTO_LANGUAGE],en"". }
}",False,0.0,
515,complex,Find people from Uppsala University with missing images in Wikidata.,"SELECT ?person ?personLabel WHERE {
  ?person wdt:P108 wd:Q219535.
  FILTER NOT EXISTS { ?person wdt:P18 ?image. }
  SERVICE wikibase:label { bd:serviceParam wikibase:language ""[AUTO_LANGUAGE],en"". }
}",True,1.0,
516,complex,What places are near the coordinates 48.87 latitude and 2.29 longitude?,"SELECT ?item ?itemLabel ?dist WHERE {
  SERVICE wikibase:around {
    ?item wdt:P625 ?location .
    bd:serviceParam wikibase:center ""Point(2.29 48.87)""^^geo:wktLiteral .
    bd:serviceParam wikibase:radius ""1"" .
  }
  SERVICE wikibase:label { bd:serviceParam wikibase:language ""[AUTO_LANGUAGE],en"". }
  BIND(geof:distance(?location, ""Point(2.29 48.87)""^^geo:wktLiteral) AS ?dist)
}
ORDER BY ?dist
LIMIT 20",True,0.0121,
517,complex,What languages are spoken in France?,"SELECT ?language ?languageLabel WHERE {
  wd:Q142 wdt:P2936 ?language .
  SERVICE wikibase:label { bd:serviceParam wikibase:language ""[AUTO_LANGUAGE],en"". }
}",True,0.0,
518,complex,Find hillforts with design plans in the UK and show their locations on a map.,"SELECT ?item ?itemLabel ?location ?coords WHERE {
  ?item wdt:P31 wd:Q11424.
  ?item wdt:P131 ?country.
  ?country wdt:P131* wd:Q145.
  ?item wdt:P333 ?plan.
  ?item wdt:P625 ?coords.
  SERVICE wikibase:label { bd:serviceParam wikibase:language ""[AUTO_LANGUAGE],en"". }
}",True,0.0,
519,complex,List countries with the most citizens whose first name starts with X or Q.,"SELECT ?countryLabel (COUNT(?person) AS ?count) WHERE {
  ?person wdt:P31 wd:Q5;
          wdt:P27 ?country;
          wdt:P735 ?givenName.
  ?givenName rdfs:label ?name.
  FILTER(LANG(?name) = ""en"")
  FILTER(REGEX(?name, ""^[XQ]"", ""i""))
  SERVICE wikibase:label { bd:serviceParam wikibase:language ""[AUTO_LANGUAGE],en"". }
}
GROUP BY ?countryLabel
ORDER BY DESC(?count)",False,0.0,
520,complex,List all women born in the United Kingdom.,"SELECT ?person ?personLabel WHERE {
  ?person wdt:P31 wd:Q5;
          wdt:P21 wd:Q6581072;
          wdt:P19 ?place.
  ?place wdt:P131* wd:Q145.
  SERVICE wikibase:label { bd:serviceParam wikibase:language ""[AUTO_LANGUAGE],en"". }
}",False,0.0,
521,complex,"Show me a map of medical facilities in Murshidabad district, India, with different colors for each type.","SELECT ?item ?itemLabel ?location ?type ?typeLabel WHERE {
  ?item wdt:P131 wd:Q1474645.
  ?item wdt:P31 ?type.
  VALUES ?type { wd:Q169172 wd:Q2339306 wd:Q1322534 }
  ?item wdt:P625 ?location.
  SERVICE wikibase:label { bd:serviceParam wikibase:language ""[AUTO_LANGUAGE],en"". }
}",True,0.0,
522,complex,List the graves of famous people in Pere Lachaise Cemetery who died between 1800 and 1849.,"SELECT ?person ?personLabel ?grave WHERE {
  ?person wdt:P119 wd:Q212543.
  ?person wdt:P570 ?deathDate.
  FILTER(?deathDate >= ""1800-01-01T00:00:00Z""^^xsd:dateTime && ?deathDate <= ""1849-12-31T23:59:59Z""^^xsd:dateTime)
  ?person wdt:P106 ?occupation.
  ?person wdt:P119 ?grave.
  SERVICE wikibase:label { bd:serviceParam wikibase:language ""[AUTO_LANGUAGE],en"". }
}
GROUP BY ?person ?personLabel ?grave",True,0.0,
523,complex,List all Italian politicians between 50 and 80 years old who have held ministerial positions.,"SELECT DISTINCT ?politician ?politicianLabel ?birthDate WHERE {
  ?politician wdt:P106 wd:Q82955;
              wdt:P27 wd:Q38;
              wdt:P569 ?birthDate;
              wdt:P39 ?position.
  
  ?position wdt:P279* wd:Q167734.
  
  FILTER(?birthDate > ""1944-05-22""^^xsd:dateTime && ?birthDate < ""1974-05-22""^^xsd:dateTime)
  
  SERVICE wikibase:label { bd:serviceParam wikibase:language ""[AUTO_LANGUAGE],en"". }
}",True,0.0,
524,complex,List all U.S. Presidents in chronological order.,"SELECT ?president ?presidentLabel ?start_date WHERE {
  ?president wdt:P39 wd:Q11696.
  ?president p:P39 ?statement.
  ?statement ps:P39 wd:Q11696;
             pq:P580 ?start_date.
  SERVICE wikibase:label { bd:serviceParam wikibase:language ""[AUTO_LANGUAGE],en"". }
}
ORDER BY ?start_date",True,0.2298,
525,complex,Show me the images related to Jean Fusoris and his astrolabe.,"SELECT ?image WHERE {
  ?item rdfs:label ""Jean Fusoris""@en.
  { ?item wdt:P18 ?image . }
  UNION
  { ?astrolabe wdt:P170 ?item ;
              wdt:P31 wd:Q193564 ;
              wdt:P18 ?image . }
}",True,0.0,
526,complex,List the number of men and women who have received art prizes.,"SELECT ?genderLabel (COUNT(?person) AS ?count) WHERE {
  ?person wdt:P166 ?prize .
  ?prize wdt:P31 wd:Q19020 .
  ?person wdt:P21 ?gender .
  FILTER(?gender IN (wd:Q6581097, wd:Q6581072))
  SERVICE wikibase:label { bd:serviceParam wikibase:language ""[AUTO_LANGUAGE],en"". }
} GROUP BY ?genderLabel",True,0.0,
527,complex,Show me a map of Wales with the percentage of Welsh speakers in each region.,"SELECT ?item ?itemLabel ?percentage ?location WHERE {
  ?item wdt:P31 wd:Q133446.
  ?item wdt:P131* wd:Q25.
  ?item p:P1538 ?statement.
  ?statement ps:P1538 ?count.
  ?statement pq:P585 ?date.
  FILTER(YEAR(?date) >= 2011)
  
  ?item wdt:P1082 ?totalPop.
  BIND((?count / ?totalPop) * 100 AS ?percentage)
  
  ?item wdt:P625 ?location.
  
  SERVICE wikibase:label { bd:serviceParam wikibase:language ""[AUTO_LANGUAGE],en"". }
}",True,0.0,
528,complex,List languages by their geographical usage.,"SELECT ?language ?languageLabel ?country ?countryLabel WHERE {
  ?language wdt:P31 wd:Q34770.
  ?language wdt:P17 ?country.
  SERVICE wikibase:label { bd:serviceParam wikibase:language ""[AUTO_LANGUAGE],en"". }
}
ORDER BY ?countryLabel ?languageLabel",True,0.0107,
529,complex,List all street names in Berlin that have multiple occurrences.,"SELECT ?streetName (COUNT(?street) AS ?count) WHERE {
  ?street wdt:P31 wd:Q79007 ;
          wdt:P131 wd:Q64 ;
          rdfs:label ?streetName .
  FILTER(LANG(?streetName) = ""de"")
}
GROUP BY ?streetName
HAVING (COUNT(?street) > 1)",True,1.0,
530,complex,List all famous people born in January of a leap year.,"SELECT ?person ?personLabel ?birthDate WHERE {
  ?person wdt:P31 wd:Q5;
          wdt:P569 ?birthDate.
  FILTER(MONTH(?birthDate) = 1)
  BIND(YEAR(?birthDate) AS ?year)
  FILTER((?year % 4 = 0 && ?year % 100 != 0) || (?year % 400 = 0))
  ?person wdt:P106 ?occupation.
  SERVICE wikibase:label { bd:serviceParam wikibase:language ""[AUTO_LANGUAGE],en"". }
}
LIMIT 100",False,0.0,
531,complex,List authors affiliated with Coventry University who need items.,"SELECT ?author ?authorLabel WHERE {
  ?author wdt:P1416 wd:Q1138366.
  ?author wdt:P106 wd:Q36180.
  ?author wdt:P366 ?item.
  SERVICE wikibase:label { bd:serviceParam wikibase:language ""[AUTO_LANGUAGE],en"". }
}",True,0.0,
532,complex,List the Danish monarchs along with their places and dates of death.,"SELECT ?monarch ?monarchLabel ?dateOfDeath ?placeOfDeathLabel WHERE {
  ?monarch wdt:P39 wd:Q12060123.
  ?monarch wdt:P570 ?dateOfDeath.
  ?monarch wdt:P20 ?placeOfDeath.
  SERVICE wikibase:label { bd:serviceParam wikibase:language ""[AUTO_LANGUAGE],en"". }
}",True,0.0,
533,complex,What is the most specific taxonomic group that includes both Alocasia cuprea and Codiaeum variegatum?,"SELECT ?taxon ?taxonLabel WHERE {
  wd:Q15633965 wdt:P171* ?taxon .
  wd:Q15633966 wdt:P171* ?taxon .
  FILTER NOT EXISTS {
    ?taxon wdt:P171 ?subtaxon .
    FILTER EXISTS { wd:Q15633965 wdt:P171* ?subtaxon }
    FILTER EXISTS { wd:Q15633966 wdt:P171* ?subtaxon }
  }
  SERVICE wikibase:label { bd:serviceParam wikibase:language ""[AUTO_LANGUAGE],en"". }
}",True,0.0,
534,complex,Find the Wikipathways pathway with ID WP28 and list its parts.,"SELECT ?part ?partLabel WHERE {
  ?pathway wdt:P2410 ""WP28"" .
  ?pathway wdt:P527 ?part .
  SERVICE wikibase:label { bd:serviceParam wikibase:language ""[AUTO_LANGUAGE],en"". }
}",True,0.0,
535,complex,List Rabindranath Tagore's poems written each month.,"SELECT ?poem ?poemLabel ?date WHERE {
  ?poem wdt:P170 wd:Q7243;
        wdt:P31 wd:Q811638;
        wdt:P577 ?date.
  BIND(MONTH(?date) AS ?month)
  SERVICE wikibase:label { bd:serviceParam wikibase:language ""[AUTO_LANGUAGE],en"". }
}
ORDER BY ?month ?date",True,1.0,
536,complex,Show me a map of restaurants in Switzerland that have received Michelin stars.,"SELECT ?restaurant ?restaurantLabel ?location ?coord WHERE {
  ?restaurant wdt:P31 wd:Q11707 .
  ?restaurant wdt:P17 wd:Q39 .
  ?restaurant wdt:P166 ?award .
  ?award wdt:P279* wd:Q1144173 .
  ?restaurant wdt:P625 ?coord .
  SERVICE wikibase:label { bd:serviceParam wikibase:language ""[AUTO_LANGUAGE],en"". }
}",True,0.0,
537,complex,List the birthplaces of famous economists.,"SELECT DISTINCT ?economist ?economistLabel ?place ?placeLabel WHERE {
  ?economist wdt:P106 wd:Q188094.
  ?economist wdt:P19 ?place.
  SERVICE wikibase:label { bd:serviceParam wikibase:language ""[AUTO_LANGUAGE],en"". }
}",False,0.0,
538,complex,List famous individuals who passed away between 1969 and 1970.,"SELECT ?person ?personLabel WHERE {
  ?person wdt:P570 ?deathDate.
  FILTER(?deathDate >= ""1969-01-01T00:00:00Z""^^xsd:dateTime && ?deathDate <= ""1970-12-31T23:59:59Z""^^xsd:dateTime)
  ?person wdt:P106 ?occupation.
  ?person wdt:P18 ?image.
  SERVICE wikibase:label { bd:serviceParam wikibase:language ""[AUTO_LANGUAGE],en"". }
}
GROUP BY ?person ?personLabel
HAVING (COUNT(?occupation) > 0)",False,0.0,
539,complex,List the longest-serving heads of government in France.,"SELECT ?person ?personLabel ?start_date ?end_date (xsd:integer(year(?end_date) - year(?start_date)) AS ?duration) WHERE {
  ?person wdt:P39 wd:Q142;
          p:P39 ?statement.
  ?statement ps:P39 wd:Q142;
             pq:P580 ?start_date.
  OPTIONAL { ?statement pq:P582 ?end_date. }
  BIND(IF(BOUND(?end_date), ?end_date, NOW()) AS ?effective_end)
  FILTER(xsd:integer(year(?effective_end) - year(?start_date)) >= 5)
  SERVICE wikibase:label { bd:serviceParam wikibase:language ""[AUTO_LANGUAGE],en"". }
}
ORDER BY DESC(?duration)",True,0.0,
540,complex,Show me the tramway routes in France on a map.,"SELECT ?item ?itemLabel ?coords WHERE {
  ?item wdt:P31 wd:Q11368 .
  ?item wdt:P17 wd:Q142 .
  ?item wdt:P625 ?coords .
  SERVICE wikibase:label { bd:serviceParam wikibase:language ""[AUTO_LANGUAGE],en"". }
}",True,0.0,
541,complex,What are the most popular chess openings based on their site links?,"SELECT ?opening ?openingLabel (COUNT(?site) AS ?count) WHERE {
  ?opening wdt:P31 wd:Q193537.
  ?opening wdt:P856 ?site.
  SERVICE wikibase:label { bd:serviceParam wikibase:language ""[AUTO_LANGUAGE],en"". }
}
GROUP BY ?opening ?openingLabel
ORDER BY DESC(?count)",True,0.0,
542,complex,List the most famous paintings from each country.,"SELECT ?countryLabel ?paintingLabel ?notability WHERE {
  {
    SELECT ?country (MAX(?sitelinks) AS ?maxSitelinks) WHERE {
      ?painting wdt:P31 wd:Q3305213.
      ?painting wdt:P17 ?country.
      ?painting wikibase:sitelinks ?sitelinks.
    }
    GROUP BY ?country
  }
  ?painting wdt:P31 wd:Q3305213.
  ?painting wdt:P17 ?country.
  ?painting wikibase:sitelinks ?maxSitelinks.
  SERVICE wikibase:label { bd:serviceParam wikibase:language ""[AUTO_LANGUAGE],en"". }
}
ORDER BY DESC(?maxSitelinks)",True,0.0,
543,complex,List South African women who have Wikipedia pages but not Wikiquote pages.,"SELECT ?person ?personLabel WHERE {
  ?person wdt:P31 wd:Q5;
          wdt:P27 wd:Q258;
          wdt:P21 wd:Q6581072.
  ?sitelink schema:about ?person;
            schema:isPartOf <https://en.wikipedia.org/>.
  FILTER NOT EXISTS {
    ?sitelinkQ schema:about ?person;
               schema:isPartOf <https://en.wikiquote.org/>.
  }
  SERVICE wikibase:label { bd:serviceParam wikibase:language ""[AUTO_LANGUAGE],en"". }
}",True,0.5261,
544,complex,Find public spaces with table tennis tables near my current location.,"SELECT ?item ?itemLabel ?coords WHERE {
  ?item wdt:P31 wd:Q1146646.
  ?item wdt:P180 wd:Q132366.
  ?item wdt:P625 ?coords.
  SERVICE wikibase:around {
    ?item wdt:P625 ?coords.
    bd:serviceParam wikibase:center ""Point(0 0)""^^geo:wktLiteral.
    bd:serviceParam wikibase:radius ""5"" .
  }
  SERVICE wikibase:label { bd:serviceParam wikibase:language ""[AUTO_LANGUAGE],en"". }
}",True,1.0,
545,complex,Find movies with video links on YouTube.,"SELECT ?movie ?movieLabel ?youtubeID WHERE {
  ?movie wdt:P31 wd:Q11424.
  ?movie wdt:P1651 ?youtubeID.
  SERVICE wikibase:label { bd:serviceParam wikibase:language ""[AUTO_LANGUAGE],en"". }
}",True,0.0,
546,complex,What are the top 100 most translated concepts in the Lexeme namespace?,"SELECT ?lexeme ?lexemeLabel (COUNT(?sitelink) AS ?translationCount) WHERE {
  ?lexeme wikibase:lexicalCategory wd:Q10855088 .
  ?sitelink schema:about ?lexeme .
}
GROUP BY ?lexeme ?lexemeLabel
ORDER BY DESC(?translationCount)
LIMIT 100",True,0.0,
547,complex,List the moons of planets in our solar system and their namesakes.,"SELECT ?moon ?moonLabel ?namesake ?namesakeLabel WHERE {
  ?moon wdt:P31 wd:Q2537;
        wdt:P361 ?planet.
  ?planet wdt:P31 wd:Q35347.
  ?moon wdt:P138 ?namesake.
  SERVICE wikibase:label { bd:serviceParam wikibase:language ""[AUTO_LANGUAGE],en"". }
}",True,0.0,
548,complex,List monuments named after a person without any other connection.,"SELECT ?monument ?monumentLabel ?person ?personLabel WHERE {
  ?monument wdt:P31/wdt:P279* wd:Q575663.
  ?monument wdt:P138 ?person.
  FILTER NOT EXISTS {
    ?monument ?p ?o.
    FILTER(?p != wdt:P31 && ?p != wdt:P279 && ?p != wdt:P138 && ?p != wdt:P17 && ?p != wdt:P131 && ?p != wdt:P18 && ?p != wdt:P373)
    FILTER(?o != ?person)
  }
  SERVICE wikibase:label { bd:serviceParam wikibase:language ""[AUTO_LANGUAGE],en"". }
}",True,0.0,
549,complex,What languages are spoken in the Netherlands?,"SELECT ?language ?languageLabel WHERE {
  wd:Q55 rdfs:label ?label .
  wd:Q55 p:P2936 ?statement .
  ?statement ps:P2936 ?language .
  SERVICE wikibase:label { bd:serviceParam wikibase:language ""[AUTO_LANGUAGE],en"". }
}",True,0.0,
550,complex,List all parties that had members elected in the February 1974 UK general election.,"SELECT DISTINCT ?party ?partyLabel WHERE {
  ?member p:P39 ?statement .
  ?statement ps:P39 wd:Q16956366 ;
             pq:P2715 wd:Q17006666 .
  ?statement pq:P4100 ?party .
  SERVICE wikibase:label { bd:serviceParam wikibase:language ""[AUTO_LANGUAGE],en"". }
}",True,0.0,
551,complex,What is the latest Twitter follower count for different programming languages?,"SELECT ?languageLabel ?followerCount ?date WHERE {
  ?language wdt:P31 wd:Q9143.
  ?language p:P8687 ?statement.
  ?statement ps:P8687 ?followerCount.
  ?statement pq:P585 ?date.
  SERVICE wikibase:label { bd:serviceParam wikibase:language ""[AUTO_LANGUAGE],en"". }
}
ORDER BY ?languageLabel DESC(?date)",True,0.26,
552,complex,List all languages with their corresponding unique language codes used in lemmas.,"SELECT DISTINCT ?language ?languageLabel ?code WHERE {
  ?lemma wikibase:lemma ?lemmaText ;
         dct:language ?language .
  ?language wdt:P218 ?code .
  SERVICE wikibase:label { bd:serviceParam wikibase:language ""[AUTO_LANGUAGE],en"". }
}",False,0.0,
553,complex,What types of items are exhibited at the Ashmolean Museum?,"SELECT DISTINCT ?typeLabel WHERE {
  ?item wdt:P195 wd:Q693481.
  ?item wdt:P31 ?type.
  SERVICE wikibase:label { bd:serviceParam wikibase:language ""[AUTO_LANGUAGE],en"". }
}",True,0.0,
554,complex,Show me a chart of astrolabes' diameters over time.,"SELECT ?item ?itemLabel ?diameter ?inception WHERE {
  ?item wdt:P31 wd:Q193567.
  ?item wdt:P2386 ?diameter.
  ?item wdt:P571 ?inception.
  BIND(YEAR(?inception) AS ?year)
  SERVICE wikibase:label { bd:serviceParam wikibase:language ""[AUTO_LANGUAGE],en"". }
}
ORDER BY ?inception",True,0.0,
555,complex,How many alphabets use a specific letter?,"SELECT ?letterLabel (COUNT(?writingSystem) AS ?count) WHERE {
  ?writingSystem wdt:P31 wd:Q820696.
  ?writingSystem wdt:P282 ?script.
  ?script wdt:P279* wd:Q8134.
  ?writingSystem wdt:P282 ?letter.
  ?letter wdt:P31 wd:Q107344.
  SERVICE wikibase:label { bd:serviceParam wikibase:language ""[AUTO_LANGUAGE],en"". }
}
GROUP BY ?letterLabel
ORDER BY DESC(?count)",True,1.0,
556,complex,List the modern-day descendants of the Achaemenid dynasty.,"SELECT ?descendant ?descendantLabel WHERE {
  ?descendant wdt:P40* wd:Q193505.
  SERVICE wikibase:label { bd:serviceParam wikibase:language ""[AUTO_LANGUAGE],en"". }
}",True,0.0,
557,complex,What are the most common first names of current French members of Parliament?,"SELECT ?firstName (COUNT(?person) AS ?count) WHERE {
  ?person wdt:P39 wd:Q1939586 ;
          wdt:P27 wd:Q142 .
  FILTER NOT EXISTS { ?person wdt:P570 ?deathDate }
  ?person wdt:P735 ?firstNameEntity .
  ?firstNameEntity rdfs:label ?firstName .
  FILTER(LANG(?firstName) = ""fr"")
}
GROUP BY ?firstName
ORDER BY DESC(?count)",True,0.0,
558,complex,"List all works written by Voltaire, including their publication dates.","SELECT ?work ?workLabel ?date WHERE {
  ?work wdt:P50 wd:Q9061.
  ?work wdt:P577 ?date.
  SERVICE wikibase:label { bd:serviceParam wikibase:language ""[AUTO_LANGUAGE],en"". }
}",True,0.0033,
559,complex,What are the key dates in Honoré de Balzac's life?,"SELECT ?date_type ?date WHERE {
  wd:Q7126 wdt:P569 ?birth_date .
  wd:Q7126 wdt:P570 ?death_date .
  VALUES (?date_type ?date) {
    (""date of birth"" ?birth_date)
    (""date of death"" ?death_date)
  }
}",False,0.0,
560,complex,What are the properties associated with file formats?,"SELECT ?property ?propertyLabel WHERE {
  ?property wdt:P31 wd:Q1860 ;
            wikibase:propertyType ?type .
  SERVICE wikibase:label { bd:serviceParam wikibase:language ""[AUTO_LANGUAGE],en"". }
}",True,1.0,
561,complex,List the top 10 Wikipedia language editions with the most articles about films.,"SELECT ?language ?languageLabel (COUNT(?film) AS ?count)
WHERE {
  ?film wdt:P31 wd:Q11424.
  ?sitelink schema:about ?film ;
            schema:isPartOf ?wiki .
  ?wiki wikibase:wikiGroup ""wikipedia"" .
  ?language wdt:P424 ?langCode .
  FILTER(STRSTARTS(STR(?wiki), CONCAT(""https://"", ?langCode, "".wikipedia.org/"")))
  SERVICE wikibase:label { bd:serviceParam wikibase:language ""[AUTO_LANGUAGE],en"". }
}
GROUP BY ?language ?languageLabel
ORDER BY DESC(?count)
LIMIT 10",False,0.0,
562,complex,What topics on English Wikipedia link to the University of Virginia?,"SELECT ?item ?itemLabel WHERE {
  ?item schema:about wd:Q214665;
        schema:isPartOf <https://en.wikipedia.org/>.
  SERVICE wikibase:label { bd:serviceParam wikibase:language ""[AUTO_LANGUAGE],en"". }
}",True,0.0,
563,complex,"List all German cities with a population of more than 50,000.","SELECT ?city ?cityLabel ?population WHERE {
  ?city wdt:P31 wd:Q515 ;
        wdt:P17 wd:Q183 ;
        wdt:P1082 ?population .
  FILTER(?population > 50000)
  SERVICE wikibase:label { bd:serviceParam wikibase:language ""[AUTO_LANGUAGE],en"". }
}",True,0.0555,
564,complex,"List countries with their ISO codes, flag features, and fertility rates.","SELECT ?country ?countryLabel ?isoCode ?flag ?fertilityRate WHERE {
  ?country wdt:P31 wd:Q6256.
  ?country wdt:P297 ?isoCode.
  ?country wdt:P41 ?flag.
  ?country wdt:P4801 ?fertilityRate.
  SERVICE wikibase:label { bd:serviceParam wikibase:language ""[AUTO_LANGUAGE],en"". }
}",True,0.0,
565,complex,List the types of literary works with their counts.,"SELECT ?typeLabel (COUNT(?work) AS ?count) WHERE {
  ?work wdt:P31/wdt:P279* wd:Q7725634.
  ?work wdt:P31 ?type.
  SERVICE wikibase:label { bd:serviceParam wikibase:language ""[AUTO_LANGUAGE],en"". }
}
GROUP BY ?typeLabel
ORDER BY DESC(?count)",False,0.0,
566,complex,List the places of birth for Nobel Prize winners grouped by decade.,"SELECT ?decade (SAMPLE(?placeLabel) AS ?place) (COUNT(?person) AS ?count)
WHERE {
  ?person wdt:P166 wd:Q7191.
  ?person wdt:P19 ?place.
  ?person wdt:P569 ?birthDate.
  BIND(STR(FLOOR(YEAR(?birthDate) / 10) * 10) AS ?decade)
  SERVICE wikibase:label { bd:serviceParam wikibase:language ""[AUTO_LANGUAGE],en"". }
}
GROUP BY ?decade ?place
ORDER BY ?decade ?count",True,1.0,
