index,complexity,instruction,labeled_query,linked_query,generated_ok,fully_linked,syntax,jaccard
0,simple,How many items on Wikidata have a coordinate location?,"SELECT (COUNT(?item) AS ?count) WHERE {
  ?item wdt:[property:coordinate location] ?location .
}","SELECT (COUNT(?item) AS ?count) WHERE {
  ?item wdt:P625 ?location .
}",True,True,False,0.0
1,simple,List all subproperties related to location.,"SELECT ?subproperty ?subpropertyLabel WHERE {
  ?subproperty wdt:[property:subproperty of] wdt:[property:location].
  SERVICE wikibase:label { bd:serviceParam wikibase:language ""en"". }
}","SELECT ?subproperty ?subpropertyLabel WHERE {
  ?subproperty wdt:P1647 wdt:P276.
  SERVICE wikibase:label { bd:serviceParam wikibase:language ""en"". }
}",True,True,True,0.0
2,simple,List all organisms named in honor of John Sibthorp.,"SELECT ?organism ?organismLabel WHERE {
  ?organism wdt:[property:named after] wd:[entity:John Sibthorp] .
  SERVICE wikibase:label { bd:serviceParam wikibase:language ""en"". }
}","SELECT ?organism ?organismLabel WHERE {
  ?organism wdt:P138 wd:Q936580 .
  SERVICE wikibase:label { bd:serviceParam wikibase:language ""en"". }
}",True,True,True,0.9469
3,simple,List politicians who have Mastodon accounts.,"SELECT DISTINCT ?politician ?politicianLabel ?mastodon WHERE {
  ?politician wdt:[property:occupation] wd:[entity:politician] .
  ?politician wdt:[property:Mastodon address] ?mastodon .
  SERVICE wikibase:label { bd:serviceParam wikibase:language ""en"" . }
}","SELECT DISTINCT ?politician ?politicianLabel ?mastodon WHERE {
  ?politician wdt:P106 wd:Q82955 .
  ?politician wdt:P4033 ?mastodon .
  SERVICE wikibase:label { bd:serviceParam wikibase:language ""en"" . }
}",True,True,True,0.6166
4,simple,List all phrases that are known as catchphrases.,"SELECT DISTINCT ?phrase ?phraseLabel WHERE {
  ?phrase wdt:[property:instance of] wd:[entity:catchphrase] .
  SERVICE wikibase:label { bd:serviceParam wikibase:language ""en"". }
}","SELECT DISTINCT ?phrase ?phraseLabel WHERE {
  ?phrase wdt:P31 wd:Q2708515 .
  SERVICE wikibase:label { bd:serviceParam wikibase:language ""en"". }
}",True,True,True,0.0043
5,simple,"List the children of Johann Sebastian Bach with his first wife, Maria Barbara Bach.","SELECT ?child ?childLabel WHERE {
  ?child wdt:[property:father] wd:[entity:Johann Sebastian Bach] .
  ?child wdt:[property:mother] wd:[entity:Maria Barbara Bach] .
  SERVICE wikibase:label { bd:serviceParam wikibase:language ""en"". }
}","SELECT ?child ?childLabel WHERE {
  ?child wdt:P22 wd:Q1339 .
  ?child wdt:P25 wd:Q57487 .
  SERVICE wikibase:label { bd:serviceParam wikibase:language ""en"". }
}",True,True,True,1.0
6,simple,List the Apple M series SoC models in chronological order of their announcement dates.,"SELECT ?soc ?socLabel ?announcementDate WHERE {
  ?soc wdt:[property:instance of] wd:[entity:system on a chip] .
  ?soc wdt:[property:manufacturer] wd:[entity:Apple] .
  ?soc wdt:[property:part of the series] wd:[entity:Apple silicon] .
  OPTIONAL { ?soc wdt:[property:time of discovery or invention] ?announcementDate . }
  SERVICE wikibase:label { bd:serviceParam wikibase:language ""en"". }
}
ORDER BY ?announcementDate","SELECT ?soc ?socLabel ?announcementDate WHERE {
  ?soc wdt:P31 wd:Q610398 .
  ?soc wdt:P176 wd:Q312 .
  ?soc wdt:P179 wd:Q406283 .
  OPTIONAL { ?soc wdt:P575 ?announcementDate . }
  SERVICE wikibase:label { bd:serviceParam wikibase:language ""en"". }
}
ORDER BY ?announcementDate",True,True,True,0.0
7,simple,Show me a map of the hometowns of people with Mastodon profiles.,"SELECT DISTINCT ?person ?personLabel ?hometown ?hometownLabel ?coord WHERE {
  ?person wdt:[property:Mastodon address] ?mastodon .
  ?person wdt:[property:residence] ?hometown .
  ?hometown wdt:[property:coordinate location] ?coord .
  SERVICE wikibase:label { bd:serviceParam wikibase:language ""en"". }
}","SELECT DISTINCT ?person ?personLabel ?hometown ?hometownLabel ?coord WHERE {
  ?person wdt:[property:Mastodon address] ?mastodon .
  ?person wdt:[property:residence] ?hometown .
  ?hometown wdt:[property:coordinate location] ?coord .
  SERVICE wikibase:label { bd:serviceParam wikibase:language ""en"". }
}",True,False,False,0.0
8,simple,List all literary works and their descriptions.,"SELECT ?work ?workLabel ?description WHERE {
  ?work wdt:[property:instance of] wd:[entity:literary work] .
  OPTIONAL {
    ?work schema:description ?description .
    FILTER(LANG(?description) = ""en"")
  }
  SERVICE wikibase:label { bd:serviceParam wikibase:language ""en"". }
}","SELECT ?work ?workLabel ?description WHERE {
  ?work wdt:P31 wd:Q7725634 .
  OPTIONAL {
    ?work schema:description ?description .
    FILTER(LANG(?description) = ""en"")
  }
  SERVICE wikibase:label { bd:serviceParam wikibase:language ""en"". }
}",True,True,False,0.0
9,simple,List botanists whose names start with the letter H.,"SELECT DISTINCT ?botanist ?botanistLabel WHERE {
  ?botanist wdt:[property:occupation] wd:[entity:botanist] .
  ?botanist rdfs:label ?botanistLabel .
  FILTER(LANG(?botanistLabel) = ""en"")
  FILTER(STRSTARTS(?botanistLabel, ""H""))
}
ORDER BY ?botanistLabel
LIMIT 100","SELECT DISTINCT ?botanist ?botanistLabel WHERE {
  ?botanist wdt:P106 wd:Q2374149 .
  ?botanist rdfs:label ?botanistLabel .
  FILTER(LANG(?botanistLabel) = ""en"")
  FILTER(STRSTARTS(?botanistLabel, ""H""))
}
ORDER BY ?botanistLabel
LIMIT 100",True,True,True,0.0053
10,simple,List the oldest subway systems in the world.,"SELECT ?metro ?metroLabel ?inception WHERE {
  ?metro wdt:[property:instance of] wd:[entity:rapid transit] .
  ?metro wdt:[property:inception] ?inception .
  SERVICE wikibase:label { bd:serviceParam wikibase:language ""en"". }
}
ORDER BY ASC(?inception)
LIMIT 20","SELECT ?metro ?metroLabel ?inception WHERE {
  ?metro wdt:P31 wd:Q5503 .
  ?metro wdt:P571 ?inception .
  SERVICE wikibase:label { bd:serviceParam wikibase:language ""en"". }
}
ORDER BY ASC(?inception)
LIMIT 20",True,True,True,0.3011
11,simple,Find 3D models of items from specific collections.,"SELECT DISTINCT ?item ?itemLabel ?collection ?collectionLabel ?model WHERE {
  ?item wdt:[property:collection] ?collection .
  ?item wdt:[property:3D model] ?model .
  SERVICE wikibase:label { bd:serviceParam wikibase:language ""en"". }
}
LIMIT 100","SELECT DISTINCT ?item ?itemLabel ?collection ?collectionLabel ?model WHERE {
  ?item wdt:P195 ?collection .
  ?item wdt:P4896 ?model .
  SERVICE wikibase:label { bd:serviceParam wikibase:language ""en"". }
}
LIMIT 100",True,True,True,0.3488
12,simple,List all books on Bengali Wikisource that have been validated.,"SELECT ?book ?bookLabel WHERE {
  ?book wdt:[property:instance of] wd:[entity:version, edition, or translation] .
  ?book wdt:[property:language of work or name] wd:[entity:Bengali] .
  ?book wdt:[property:Wikisource index page] ?index .
  SERVICE wikibase:label { bd:serviceParam wikibase:language ""en,bn"". }
}","SELECT ?book ?bookLabel WHERE {
  ?book wdt:P31 wd:Q3331189 .
  ?book wdt:P407 wd:Q9610 .
  ?book wdt:P1957 ?index .
  SERVICE wikibase:label { bd:serviceParam wikibase:language ""en,bn"". }
}",True,True,True,0.0054
13,simple,Show me all hackerspaces on a map.,"SELECT ?item ?itemLabel ?coord WHERE {
  ?item wdt:[property:instance of] wd:[entity:hackerspace] .
  ?item wdt:[property:coordinate location] ?coord .
  SERVICE wikibase:label { bd:serviceParam wikibase:language ""[AUTO_LANGUAGE],en"". }
}","SELECT ?item ?itemLabel ?coord WHERE {
  ?item wdt:P31 wd:Q1032372 .
  ?item wdt:P625 ?coord .
  SERVICE wikibase:label { bd:serviceParam wikibase:language ""[AUTO_LANGUAGE],en"". }
}",True,True,True,0.8151
14,simple,List the top 20 humans with the highest recorded weight.,"SELECT ?human ?humanLabel ?weight WHERE {
  ?human wdt:[property:instance of] wd:[entity:human] .
  ?human wdt:[property:mass] ?weight .
  SERVICE wikibase:label { bd:serviceParam wikibase:language ""en"". }
}
ORDER BY DESC(?weight)
LIMIT 20","SELECT ?human ?humanLabel ?weight WHERE {
  ?human wdt:P31 wd:Q5 .
  ?human wdt:P2067 ?weight .
  SERVICE wikibase:label { bd:serviceParam wikibase:language ""en"". }
}
ORDER BY DESC(?weight)
LIMIT 20",True,True,False,0.0
15,simple,Find authors with the full name 'Bill Thompson'.,"SELECT DISTINCT ?author ?authorLabel WHERE {
  ?author wdt:[property:instance of] wd:[entity:human] .
  ?author wdt:[property:occupation] wd:[entity:author] .
  ?author rdfs:label ""Bill Thompson""@en .
  SERVICE wikibase:label { bd:serviceParam wikibase:language ""en"". }
}","SELECT DISTINCT ?author ?authorLabel WHERE {
  ?author wdt:P31 wd:Q5 .
  ?author wdt:P106 wd:Q482980 .
  ?author rdfs:label ""Bill Thompson""@en .
  SERVICE wikibase:label { bd:serviceParam wikibase:language ""en"". }
}",True,True,True,1.0
16,simple,What species are commonly found at Fazenda Tamandua?,"SELECT DISTINCT ?species ?speciesLabel WHERE {
  wd:[entity:Fazenda Tamanduá] wdt:[property:commonly found species] ?species.
  SERVICE wikibase:label { bd:serviceParam wikibase:language ""en"". }
}","SELECT DISTINCT ?species ?speciesLabel WHERE {
  wd:Q96740175 wdt:[property:commonly found species] ?species.
  SERVICE wikibase:label { bd:serviceParam wikibase:language ""en"". }
}",True,False,False,0.0
17,simple,List all chemical elements along with their symbol and atomic number in ascending order of atomic number.,"SELECT ?element ?elementLabel ?symbol ?atomicNumber WHERE {
  ?element wdt:[property:instance of] wd:[entity:chemical element].
  ?element wdt:[property:symbol] ?symbol.
  ?element wdt:[property:atomic number] ?atomicNumber.
  SERVICE wikibase:label { bd:serviceParam wikibase:language ""en"". }
}
ORDER BY ASC(?atomicNumber)","SELECT ?element ?elementLabel ?symbol ?atomicNumber WHERE {
  ?element wdt:P31 wd:Q11344.
  ?element wdt:P913 ?symbol.
  ?element wdt:P1086 ?atomicNumber.
  SERVICE wikibase:label { bd:serviceParam wikibase:language ""en"". }
}
ORDER BY ASC(?atomicNumber)",True,True,True,0.0
18,simple,List all CDLI item IDs along with their corresponding labels in every language.,"SELECT ?item ?cdliId ?label WHERE {
  ?item wdt:[property:CDLI ID] ?cdliId .
  ?item rdfs:label ?label .
}","SELECT ?item ?cdliId ?label WHERE {
  ?item wdt:P2474 ?cdliId .
  ?item rdfs:label ?label .
}",True,True,True,0.6998
19,simple,Find the Wikipathways citation corpus with corresponding IDs and references.,"SELECT ?item ?itemLabel ?wikipathwaysID ?reference WHERE {
  ?item wdt:[property:Wikipathways ID] ?wikipathwaysID .
  OPTIONAL { ?item wdt:[property:cites work] ?reference . }
  SERVICE wikibase:label { bd:serviceParam wikibase:language ""en"". }
}","SELECT ?item ?itemLabel ?wikipathwaysID ?reference WHERE {
  ?item wdt:P2410 ?wikipathwaysID .
  OPTIONAL { ?item wdt:P2860 ?reference . }
  SERVICE wikibase:label { bd:serviceParam wikibase:language ""en"". }
}",True,True,True,0.0
20,simple,Find paintings depicting the Pentecost theme.,"SELECT ?painting ?paintingLabel WHERE {
  ?painting wdt:[property:instance of] wd:[entity:painting] .
  ?painting wdt:[property:depicts] wd:[entity:Pentecost] .
  SERVICE wikibase:label { bd:serviceParam wikibase:language ""en"". }
}","SELECT ?painting ?paintingLabel WHERE {
  ?painting wdt:P31 wd:Q3305213 .
  ?painting wdt:P180 wd:Q65560542 .
  SERVICE wikibase:label { bd:serviceParam wikibase:language ""en"". }
}",True,True,True,0.1078
21,simple,What are some common phrases related to Redewendung?,"SELECT ?phrase ?phraseLabel WHERE {
  ?phrase wdt:[property:instance of] wd:[entity:phraseme] .
  SERVICE wikibase:label { bd:serviceParam wikibase:language ""en,de"". }
}","SELECT ?phrase ?phraseLabel WHERE {
  ?phrase wdt:P31 wd:Q5551966 .
  SERVICE wikibase:label { bd:serviceParam wikibase:language ""en,de"". }
}",True,True,True,0.0
22,simple,List all type foundries and their corresponding typefaces.,"SELECT ?foundry ?foundryLabel ?typeface ?typefaceLabel WHERE {
  ?foundry wdt:[property:instance of] wd:[entity:type foundry] .
  ?typeface wdt:[property:foundry] ?foundry .
  SERVICE wikibase:label { bd:serviceParam wikibase:language ""en"". }
}","SELECT ?foundry ?foundryLabel ?typeface ?typefaceLabel WHERE {
  ?foundry wdt:P31 wd:Q377688 .
  ?typeface wdt:P4586 ?foundry .
  SERVICE wikibase:label { bd:serviceParam wikibase:language ""en"". }
}",True,True,True,0.2314
23,simple,List all hill forts in the Atlas with their names written in Irish.,"SELECT ?hillfort ?irishName WHERE {
  ?hillfort wdt:[property:instance of] wd:[entity:hill fort] .
  ?hillfort wdt:[property:Atlas ID] ?atlasId .
  ?hillfort rdfs:label ?irishName .
  FILTER(LANG(?irishName) = ""ga"")
}","SELECT ?hillfort ?irishName WHERE {
  ?hillfort wdt:P31 wd:Q744099 .
  ?hillfort wdt:P1212 ?atlasId .
  ?hillfort rdfs:label ?irishName .
  FILTER(LANG(?irishName) = ""ga"")
}",True,True,True,1.0
24,simple,Find all items with a 3D model property on Wikidata.,"SELECT ?item ?itemLabel ?model WHERE {
  ?item wdt:[property:3D model] ?model .
  SERVICE wikibase:label { bd:serviceParam wikibase:language ""en"". }
}","SELECT ?item ?itemLabel ?model WHERE {
  ?item wdt:P4896 ?model .
  SERVICE wikibase:label { bd:serviceParam wikibase:language ""en"". }
}",True,True,True,0.0313
25,simple,Rank countries by their average lifespan.,"SELECT ?country ?countryLabel (AVG(?lifespan) AS ?avgLifespan) WHERE {
  ?person wdt:[property:country of citizenship] ?country .
  ?person wdt:[property:date of birth] ?birth .
  ?person wdt:[property:date of death] ?death .
  BIND((YEAR(?death) - YEAR(?birth)) AS ?lifespan)
  FILTER(?lifespan > 0 && ?lifespan < 150)
  SERVICE wikibase:label { bd:serviceParam wikibase:language ""en"". }
}
GROUP BY ?country ?countryLabel
ORDER BY DESC(?avgLifespan)","SELECT ?country ?countryLabel (AVG(?lifespan) AS ?avgLifespan) WHERE {
  ?person wdt:P27 ?country .
  ?person wdt:P569 ?birth .
  ?person wdt:P570 ?death .
  BIND((YEAR(?death) - YEAR(?birth)) AS ?lifespan)
  FILTER(?lifespan > 0 && ?lifespan < 150)
  SERVICE wikibase:label { bd:serviceParam wikibase:language ""en"". }
}
GROUP BY ?country ?countryLabel
ORDER BY DESC(?avgLifespan)",True,True,False,0.0
26,simple,List the streets in Leiden named after famous people or things.,"SELECT DISTINCT ?street ?streetLabel ?namedAfter ?namedAfterLabel WHERE {
  ?street wdt:[property:instance of] wd:[entity:street] .
  ?street wdt:[property:located in the administrative territorial entity] wd:[entity:Leiden] .
  ?street wdt:[property:named after] ?namedAfter .
  SERVICE wikibase:label { bd:serviceParam wikibase:language ""en,nl"". }
}","SELECT DISTINCT ?street ?streetLabel ?namedAfter ?namedAfterLabel WHERE {
  ?street wdt:P31 wd:Q79007 .
  ?street wdt:P131 wd:Q43631 .
  ?street wdt:P138 ?namedAfter .
  SERVICE wikibase:label { bd:serviceParam wikibase:language ""en,nl"". }
}",True,True,True,0.6038
27,simple,List the grandchildren of Johann Sebastian Bach.,"SELECT DISTINCT ?grandchild ?grandchildLabel WHERE {
  wd:[entity:Johann Sebastian Bach] wdt:[property:child] ?child .
  ?child wdt:[property:child] ?grandchild .
  SERVICE wikibase:label { bd:serviceParam wikibase:language ""en"". }
}","SELECT DISTINCT ?grandchild ?grandchildLabel WHERE {
  wd:Q1339 wdt:P40 ?child .
  ?child wdt:P40 ?grandchild .
  SERVICE wikibase:label { bd:serviceParam wikibase:language ""en"". }
}",True,True,True,1.0
28,simple,List all individuals who studied at the University of Oxford.,"SELECT DISTINCT ?person ?personLabel WHERE {
  ?person wdt:[property:educated at] wd:[entity:University of Oxford] .
  SERVICE wikibase:label { bd:serviceParam wikibase:language ""en"". }
}","SELECT DISTINCT ?person ?personLabel WHERE {
  ?person wdt:P69 wd:Q34433 .
  SERVICE wikibase:label { bd:serviceParam wikibase:language ""en"". }
}",True,True,True,0.0
29,simple,List websites associated with projects in the Women's & Gender History DH list.,"SELECT DISTINCT ?project ?projectLabel ?website WHERE {
  ?project wdt:[property:part of the series] wd:[entity:Women's & Gender History DH list] .
  OPTIONAL { ?project wdt:[property:official website] ?website . }
  SERVICE wikibase:label { bd:serviceParam wikibase:language ""en"". }
}","SELECT DISTINCT ?project ?projectLabel ?website WHERE {
  ?project wdt:P179 wd:Q76510930 .
  OPTIONAL { ?project wdt:P856 ?website . }
  SERVICE wikibase:label { bd:serviceParam wikibase:language ""en"". }
}",True,True,True,0.0
30,simple,List all monuments in Berlin with their cultural heritage ID and geolocation.,"SELECT ?monument ?monumentLabel ?heritageID ?coordinates WHERE {
  ?monument wdt:[property:instance of] wd:[entity:monument] .
  ?monument wdt:[property:located in the administrative territorial entity] wd:[entity:Berlin] .
  OPTIONAL { ?monument wdt:[property:cultural heritage ID] ?heritageID . }
  OPTIONAL { ?monument wdt:[property:coordinate location] ?coordinates . }
  SERVICE wikibase:label { bd:serviceParam wikibase:language ""en"". }
}","SELECT ?monument ?monumentLabel ?heritageID ?coordinates WHERE {
  ?monument wdt:P31 wd:Q4989906 .
  ?monument wdt:P131 wd:Q64 .
  OPTIONAL { ?monument wdt:P14261 ?heritageID . }
  OPTIONAL { ?monument wdt:P625 ?coordinates . }
  SERVICE wikibase:label { bd:serviceParam wikibase:language ""en"". }
}",True,True,True,0.0002
31,simple,Find the UniProt IDs of proteins found in Homo sapiens.,"SELECT ?protein ?uniprotID WHERE {
  ?protein wdt:[property:instance of] wd:[entity:protein] .
  ?protein wdt:[property:found in taxon] wd:[entity:Homo sapiens] .
  ?protein wdt:[property:UniProt protein ID] ?uniprotID .
}","SELECT ?protein ?uniprotID WHERE {
  ?protein wdt:[property:instance of] wd:Q8054 .
  ?protein wdt:[property:found in taxon] wd:[entity:Homo sapiens] .
  ?protein wdt:[property:UniProt protein ID] ?uniprotID .
}",True,False,False,0.0
32,simple,What are the nodes and predicates related to 'Wikidata' in English?,"SELECT ?predicate ?node WHERE {
  wd:[entity:Wikidata] ?predicate ?node .
  FILTER(LANG(?node) = ""en"" || !isLiteral(?node))
}","SELECT ?predicate ?node WHERE {
  wd:Q2013 ?predicate ?node .
  FILTER(LANG(?node) = ""en"" || !isLiteral(?node))
}",True,True,True,0.0058
33,simple,Find the base form of the word 'bought' in English.,"SELECT ?lexeme ?lemma WHERE {
  ?lexeme wikibase:lemma ""bought""@en .
  ?lexeme ontolex:lexicalForm ?form .
  ?form ontolex:representation ""bought""@en .
  ?lexeme wikibase:lemma ?lemma .
}","SELECT ?lexeme ?lemma WHERE {
  ?lexeme wikibase:lemma ""bought""@en .
  ?lexeme ontolex:lexicalForm ?form .
  ?form ontolex:representation ""bought""@en .
  ?lexeme wikibase:lemma ?lemma .
}",True,True,True,0.0
34,simple,List all taxons and their eponyms.,"SELECT ?taxon ?taxonLabel ?eponym ?eponymLabel WHERE {
  ?taxon wdt:[property:instance of] wd:[entity:taxon] .
  ?taxon wdt:[property:named after] ?eponym .
  SERVICE wikibase:label { bd:serviceParam wikibase:language ""en"". }
}","SELECT ?taxon ?taxonLabel ?eponym ?eponymLabel WHERE {
  ?taxon wdt:P31 wd:Q16521 .
  ?taxon wdt:P138 ?eponym .
  SERVICE wikibase:label { bd:serviceParam wikibase:language ""en"". }
}",True,True,True,0.0
35,simple,List all items that are instances of goats.,"SELECT ?item ?itemLabel WHERE {
  ?item wdt:[property:instance of] wd:[entity:goat] .
  SERVICE wikibase:label { bd:serviceParam wikibase:language ""en"". }
}","SELECT ?item ?itemLabel WHERE {
  ?item wdt:P31 wd:Q2934 .
  SERVICE wikibase:label { bd:serviceParam wikibase:language ""en"". }
}",True,True,True,1.0
36,simple,List all the letters in the Swedish alphabet.,"SELECT ?letter ?letterLabel WHERE {
  ?letter wdt:[property:part of] wd:[entity:Swedish alphabet] .
  SERVICE wikibase:label { bd:serviceParam wikibase:language ""en,sv"". }
}","SELECT ?letter ?letterLabel WHERE {
  ?letter wdt:P361 wd:Q2352347 .
  SERVICE wikibase:label { bd:serviceParam wikibase:language ""en,sv"". }
}",True,True,True,0.0
37,simple,List all colors with their corresponding sRGB hex triplets.,"SELECT ?color ?colorLabel ?hex WHERE {
  ?color wdt:[property:instance of] wd:[entity:color] .
  ?color wdt:[property:sRGB color hex triplet] ?hex .
  SERVICE wikibase:label { bd:serviceParam wikibase:language ""en"" . }
}","SELECT ?color ?colorLabel ?hex WHERE {
  ?color wdt:P31 wd:Q1075 .
  ?color wdt:P465 ?hex .
  SERVICE wikibase:label { bd:serviceParam wikibase:language ""en"" . }
}",True,True,True,0.9994
38,medium,List all countries where a pride parade has taken place.,"SELECT DISTINCT ?country ?countryLabel WHERE {
  ?parade wdt:[property:instance of] wd:[entity:pride parade] .
  ?parade wdt:[property:country] ?country .
  SERVICE wikibase:label { bd:serviceParam wikibase:language ""en"". }
}","SELECT DISTINCT ?country ?countryLabel WHERE {
  ?parade wdt:P31 wd:Q51404 .
  ?parade wdt:P17 ?country .
  SERVICE wikibase:label { bd:serviceParam wikibase:language ""en"". }
}",True,True,True,0.7437
39,medium,What are the longest rivers in the world?,"SELECT ?river ?riverLabel ?length WHERE {
  ?river wdt:[property:instance of] wd:[entity:river] .
  ?river wdt:[property:length] ?length .
  SERVICE wikibase:label { bd:serviceParam wikibase:language ""en"". }
}
ORDER BY DESC(?length)
LIMIT 10","SELECT ?river ?riverLabel ?length WHERE {
  ?river wdt:P31 wd:Q4022 .
  ?river wdt:P2043 ?length .
  SERVICE wikibase:label { bd:serviceParam wikibase:language ""en"". }
}
ORDER BY DESC(?length)
LIMIT 10",True,True,True,0.0331
40,medium,Find properties that can have organizations as values.,"SELECT DISTINCT ?property WHERE {
  ?property wdt:[property:instance of] wd:[entity:Wikidata property] .
  ?property wdt:[property:Wikidata property example] ?statement .
  ?statement ?ps ?value .
  ?value wdt:[property:instance of]/wdt:[property:subclass of]* wd:[entity:organization] .
}","SELECT DISTINCT ?property WHERE {
  ?property wdt:P31 wd:Q18616576 .
  ?property wdt:P1855 ?statement .
  ?statement ?ps ?value .
  ?value wdt:P31/wdt:P279* wd:Q43229 .
}",True,True,False,0.0
41,medium,List all the materials used in paintings along with their labels.,"SELECT DISTINCT ?material ?materialLabel WHERE {
  ?painting wdt:[property:instance of] wd:[entity:painting] .
  ?painting wdt:[property:made from material] ?material .
  SERVICE wikibase:label { bd:serviceParam wikibase:language ""en"" . }
}","SELECT DISTINCT ?material ?materialLabel WHERE {
  ?painting wdt:P31 wd:Q3305213 .
  ?painting wdt:P186 ?material .
  SERVICE wikibase:label { bd:serviceParam wikibase:language ""en"" . }
}",True,True,False,0.0
42,medium,List all US presidents and their spouses in chronological order.,"SELECT ?president ?presidentLabel ?spouse ?spouseLabel ?start WHERE {
  ?president wdt:[property:position held] wd:[entity:President of the United States] .
  ?president p:[property:position held] ?statement .
  ?statement ps:[property:position held] wd:[entity:President of the United States] .
  OPTIONAL { ?statement pq:[property:start time] ?start . }
  OPTIONAL { ?president wdt:[property:spouse] ?spouse . }
  SERVICE wikibase:label { bd:serviceParam wikibase:language ""en"". }
}
ORDER BY ?start","SELECT ?president ?presidentLabel ?spouse ?spouseLabel ?start WHERE {
  ?president wdt:P39 wd:Q11696 .
  ?president p:P39 ?statement .
  ?statement ps:P39 wd:Q11696 .
  OPTIONAL { ?statement pq:P580 ?start . }
  OPTIONAL { ?president wdt:P26 ?spouse . }
  SERVICE wikibase:label { bd:serviceParam wikibase:language ""en"". }
}
ORDER BY ?start",True,True,True,0.6813
43,medium,List the birthplaces of artists whose works are part of the Europeana 280 project.,"SELECT DISTINCT ?birthplace ?birthplaceLabel WHERE {
  ?work wdt:[property:part of] wd:[entity:Europeana 280] .
  ?work wdt:[property:creator] ?artist .
  ?artist wdt:[property:place of birth] ?birthplace .
  SERVICE wikibase:label { bd:serviceParam wikibase:language ""en"". }
}","SELECT DISTINCT ?birthplace ?birthplaceLabel WHERE {
  ?work wdt:P361 wd:Q20980830 .
  ?work wdt:P170 ?artist .
  ?artist wdt:P19 ?birthplace .
  SERVICE wikibase:label { bd:serviceParam wikibase:language ""en"". }
}",True,True,True,1.0
44,medium,Find books published before 1830 with their places of publication.,"SELECT ?book ?bookLabel ?place ?placeLabel ?date WHERE {
  ?book wdt:[property:instance of] wd:[entity:book] .
  ?book wdt:[property:publication date] ?date .
  ?book wdt:[property:place of publication] ?place .
  FILTER(YEAR(?date) < 1830)
  SERVICE wikibase:label { bd:serviceParam wikibase:language ""en"". }
}","SELECT ?book ?bookLabel ?place ?placeLabel ?date WHERE {
  ?book wdt:P31 wd:Q571 .
  ?book wdt:P577 ?date .
  ?book wdt:P291 ?place .
  FILTER(YEAR(?date) < 1830)
  SERVICE wikibase:label { bd:serviceParam wikibase:language ""en"". }
}",True,True,True,0.007
45,medium,List the compositions that feature both organ and orchestra.,"SELECT DISTINCT ?composition ?compositionLabel WHERE {
  ?composition wdt:[property:instance of]/wdt:[property:subclass of]* wd:[entity:musical composition] .
  ?composition wdt:[property:instrumentation] wd:[entity:organ] .
  ?composition wdt:[property:instrumentation] wd:[entity:orchestra] .
  SERVICE wikibase:label { bd:serviceParam wikibase:language ""en"". }
}","SELECT DISTINCT ?composition ?compositionLabel WHERE {
  ?composition wdt:P31/wdt:P279* wd:Q207628 .
  ?composition wdt:P870 wd:Q1444 .
  ?composition wdt:P870 wd:Q42998 .
  SERVICE wikibase:label { bd:serviceParam wikibase:language ""en"". }
}",True,True,True,0.0
46,medium,List all masonic lodges with a Wikipedia article but no label.,"SELECT DISTINCT ?lodge WHERE {
  ?lodge wdt:[property:instance of] wd:[entity:Masonic lodge] .
  ?article schema:about ?lodge ;
           schema:isPartOf <https://en.wikipedia.org/> .
  FILTER NOT EXISTS { ?lodge rdfs:label ?label . }
}","SELECT DISTINCT ?lodge WHERE {
  ?lodge wdt:P31 wd:Q1454597 .
  ?article schema:about ?lodge ;
           schema:isPartOf <https://en.wikipedia.org/> .
  FILTER NOT EXISTS { ?lodge rdfs:label ?label . }
}",True,True,True,0.0
47,medium,List all countries that are part of a free trade area.,"SELECT DISTINCT ?country ?countryLabel WHERE {
  ?country wdt:[property:instance of] wd:[entity:country] .
  ?country wdt:[property:part of] ?fta .
  ?fta wdt:[property:instance of] wd:[entity:free trade area] .
  SERVICE wikibase:label { bd:serviceParam wikibase:language ""en"". }
}","SELECT DISTINCT ?country ?countryLabel WHERE {
  ?country wdt:P31 wd:Q6256 .
  ?country wdt:P361 ?fta .
  ?fta wdt:P31 wd:Q5335686 .
  SERVICE wikibase:label { bd:serviceParam wikibase:language ""en"". }
}",True,True,True,0.06
48,medium,What are the names of pyramids in Egypt?,"SELECT ?pyramid ?pyramidLabel WHERE {
  ?pyramid wdt:[property:instance of] wd:[entity:pyramid] .
  ?pyramid wdt:[property:country] wd:[entity:Egypt] .
  SERVICE wikibase:label { bd:serviceParam wikibase:language ""en"". }
}","SELECT ?pyramid ?pyramidLabel WHERE {
  ?pyramid wdt:P31 wd:Q12516 .
  ?pyramid wdt:P17 wd:Q79 .
  SERVICE wikibase:label { bd:serviceParam wikibase:language ""en"". }
}",True,True,True,0.0165
49,medium,Show me a map of national parks in Sweden.,"SELECT ?park ?parkLabel ?coord WHERE {
  ?park wdt:[property:instance of] wd:[entity:national park] .
  ?park wdt:[property:country] wd:[entity:Sweden] .
  ?park wdt:[property:coordinate location] ?coord .
  SERVICE wikibase:label { bd:serviceParam wikibase:language ""en"". }
}","SELECT ?park ?parkLabel ?coord WHERE {
  ?park wdt:P31 wd:Q46169 .
  ?park wdt:P17 wd:Q34 .
  ?park wdt:P625 ?coord .
  SERVICE wikibase:label { bd:serviceParam wikibase:language ""en"". }
}",True,True,True,0.1918
50,medium,List all UK cabinet ministers along with their positions and dates of death.,"SELECT DISTINCT ?minister ?ministerLabel ?position ?positionLabel ?dateOfDeath WHERE {
  ?minister wdt:[property:position held] ?position .
  ?position wdt:[property:part of] wd:[entity:Cabinet of the United Kingdom] .
  ?minister wdt:[property:date of death] ?dateOfDeath .
  SERVICE wikibase:label { bd:serviceParam wikibase:language ""en"". }
}","SELECT DISTINCT ?minister ?ministerLabel ?position ?positionLabel ?dateOfDeath WHERE {
  ?minister wdt:P39 ?position .
  ?position wdt:P361 wd:Q112014 .
  ?minister wdt:P570 ?dateOfDeath .
  SERVICE wikibase:label { bd:serviceParam wikibase:language ""en"". }
}",True,True,True,0.5957
51,medium,List all epic poems with their sitelink counts.,"SELECT ?epicPoem ?epicPoemLabel ?sitelinks WHERE {
  ?epicPoem wdt:[property:instance of] wd:[entity:epic poem] .
  ?epicPoem wikibase:sitelinks ?sitelinks .
  SERVICE wikibase:label { bd:serviceParam wikibase:language ""en"". }
}
ORDER BY DESC(?sitelinks)","SELECT ?epicPoem ?epicPoemLabel ?sitelinks WHERE {
  ?epicPoem wdt:P31 wd:Q37484 .
  ?epicPoem wikibase:sitelinks ?sitelinks .
  SERVICE wikibase:label { bd:serviceParam wikibase:language ""en"". }
}
ORDER BY DESC(?sitelinks)",True,True,True,1.0
52,medium,List all Western films released before 1925 along with their release dates and locations.,"SELECT ?film ?filmLabel ?releaseDate ?locationLabel WHERE {
  ?film wdt:[property:instance of] wd:[entity:film] .
  ?film wdt:[property:genre] wd:[entity:Western] .
  ?film wdt:[property:publication date] ?releaseDate .
  FILTER(YEAR(?releaseDate) < 1925)
  OPTIONAL { ?film wdt:[property:narrative location] ?location . }
  SERVICE wikibase:label { bd:serviceParam wikibase:language ""en"". }
}","SELECT ?film ?filmLabel ?releaseDate ?locationLabel WHERE {
  ?film wdt:P31 wd:Q11424 .
  ?film wdt:P136 wd:Q172980 .
  ?film wdt:P577 ?releaseDate .
  FILTER(YEAR(?releaseDate) < 1925)
  OPTIONAL { ?film wdt:P840 ?location . }
  SERVICE wikibase:label { bd:serviceParam wikibase:language ""en"". }
}",True,True,True,0.4741
53,medium,What are the names of buildings taller than the Eiffel Tower?,"SELECT ?building ?buildingLabel ?height WHERE {
  wd:[entity:Eiffel Tower] wdt:[property:height] ?eiffelHeight .
  ?building wdt:[property:instance of]/wdt:[property:subclass of]* wd:[entity:building] .
  ?building wdt:[property:height] ?height .
  FILTER(?height > ?eiffelHeight)
  SERVICE wikibase:label { bd:serviceParam wikibase:language ""en"". }
}
ORDER BY DESC(?height)","SELECT ?building ?buildingLabel ?height WHERE {
  wd:Q243 wdt:P2048 ?eiffelHeight .
  ?building wdt:P31/wdt:P279* wd:Q41176 .
  ?building wdt:P2048 ?height .
  FILTER(?height > ?eiffelHeight)
  SERVICE wikibase:label { bd:serviceParam wikibase:language ""en"". }
}
ORDER BY DESC(?height)",True,True,False,0.0
54,medium,Show me a map of countries with their respective sign languages.,"SELECT ?country ?countryLabel ?signLanguage ?signLanguageLabel ?coordinates WHERE {
  ?country wdt:[property:instance of] wd:[entity:sovereign state] .
  ?country wdt:[property:sign language] ?signLanguage .
  ?country wdt:[property:coordinate location] ?coordinates .
  SERVICE wikibase:label { bd:serviceParam wikibase:language ""en"". }
}","SELECT ?country ?countryLabel ?signLanguage ?signLanguageLabel ?coordinates WHERE {
  ?country wdt:P31 wd:Q3624078 .
  ?country wdt:P1412 ?signLanguage .
  ?country wdt:P625 ?coordinates .
  SERVICE wikibase:label { bd:serviceParam wikibase:language ""en"". }
}",True,True,True,0.0
55,medium,List all things that have a first line.,"SELECT DISTINCT ?item ?itemLabel WHERE {
  ?item wdt:[property:first line] ?firstLine .
  SERVICE wikibase:label { bd:serviceParam wikibase:language ""en"". }
}","SELECT DISTINCT ?item ?itemLabel WHERE {
  ?item wdt:P1922 ?firstLine .
  SERVICE wikibase:label { bd:serviceParam wikibase:language ""en"". }
}",True,True,True,0.0
56,medium,What are the areas of each state in Malaysia?,"SELECT ?state ?stateLabel ?area WHERE {
  ?state wdt:[property:instance of] wd:[entity:states of Malaysia] .
  OPTIONAL { ?state wdt:[property:area] ?area . }
  SERVICE wikibase:label { bd:serviceParam wikibase:language ""en"". }
}","SELECT ?state ?stateLabel ?area WHERE {
  ?state wdt:P31 wd:[entity:states of Malaysia] .
  OPTIONAL { ?state wdt:P2046 ?area . }
  SERVICE wikibase:label { bd:serviceParam wikibase:language ""en"". }
}",True,False,False,0.0
57,medium,List all racing car drivers who died in a crash.,"SELECT DISTINCT ?driver ?driverLabel WHERE {
  ?driver wdt:[property:occupation] wd:[entity:racing automobile driver] .
  ?driver wdt:[property:manner of death] wd:[entity:accident] .
  SERVICE wikibase:label { bd:serviceParam wikibase:language ""en"". }
}","SELECT DISTINCT ?driver ?driverLabel WHERE {
  ?driver wdt:P106 wd:Q10349745 .
  ?driver wdt:P1196 wd:Q9687 .
  SERVICE wikibase:label { bd:serviceParam wikibase:language ""en"". }
}",True,True,True,0.0
58,medium,List all movies featuring Bud Spencer as a cast member.,"SELECT ?movie ?movieLabel WHERE {
  ?movie wdt:[property:instance of] wd:[entity:film] .
  ?movie wdt:[property:cast member] wd:[entity:Bud Spencer] .
  SERVICE wikibase:label { bd:serviceParam wikibase:language ""en"". }
}","SELECT ?movie ?movieLabel WHERE {
  ?movie wdt:P31 wd:Q11424 .
  ?movie wdt:P161 wd:Q221074 .
  SERVICE wikibase:label { bd:serviceParam wikibase:language ""en"". }
}",True,True,True,0.5816
59,medium,What are the things named after characters from William Shakespeare's works?,"SELECT DISTINCT ?item ?itemLabel WHERE {
  ?character wdt:[property:present in work] ?work .
  ?work wdt:[property:author] wd:[entity:William Shakespeare] .
  ?item wdt:[property:named after] ?character .
  SERVICE wikibase:label { bd:serviceParam wikibase:language ""en"". }
}","SELECT DISTINCT ?item ?itemLabel WHERE {
  ?character wdt:P1441 ?work .
  ?work wdt:P50 wd:Q692 .
  ?item wdt:P138 ?character .
  SERVICE wikibase:label { bd:serviceParam wikibase:language ""en"". }
}",True,True,True,0.5292
60,medium,Find all children of Johann Sebastian Bach with his first wife Maria Barbara Bach.,"SELECT ?child ?childLabel WHERE {
  ?child wdt:[property:father] wd:[entity:Johann Sebastian Bach] .
  ?child wdt:[property:mother] wd:[entity:Maria Barbara Bach] .
  SERVICE wikibase:label { bd:serviceParam wikibase:language ""en"". }
}","SELECT ?child ?childLabel WHERE {
  ?child wdt:P22 wd:Q1339 .
  ?child wdt:P25 wd:Q57487 .
  SERVICE wikibase:label { bd:serviceParam wikibase:language ""en"". }
}",True,True,True,0.0714
61,medium,List all Church of Scotland synods with their corresponding geoshapes.,"SELECT ?synod ?synodLabel ?geoshape WHERE {
  ?synod wdt:[property:instance of] wd:[entity:Church of Scotland synod] .
  OPTIONAL { ?synod wdt:[property:geoshape] ?geoshape . }
  SERVICE wikibase:label { bd:serviceParam wikibase:language ""en"". }
}","SELECT ?synod ?synodLabel ?geoshape WHERE {
  ?synod wdt:P31 wd:[entity:Church of Scotland synod] .
  OPTIONAL { ?synod wdt:P3896 ?geoshape . }
  SERVICE wikibase:label { bd:serviceParam wikibase:language ""en"". }
}",True,False,False,0.0
62,medium,List all suburbs in New Zealand along with their coordinates.,"SELECT ?suburb ?suburbLabel ?coordinates WHERE {
  ?suburb wdt:[property:instance of] wd:[entity:suburb] .
  ?suburb wdt:[property:country] wd:[entity:New Zealand] .
  ?suburb wdt:[property:coordinate location] ?coordinates .
  SERVICE wikibase:label { bd:serviceParam wikibase:language ""en"". }
}","SELECT ?suburb ?suburbLabel ?coordinates WHERE {
  ?suburb wdt:[property:instance of] wd:[entity:suburb] .
  ?suburb wdt:P17 wd:[entity:New Zealand] .
  ?suburb wdt:P625 ?coordinates .
  SERVICE wikibase:label { bd:serviceParam wikibase:language ""en"". }
}",True,False,False,0.0
63,medium,List the birthplaces of actors from The Matrix movie.,"SELECT DISTINCT ?birthplace ?birthplaceLabel WHERE {
  wd:[entity:The Matrix] wdt:[property:cast member] ?actor .
  ?actor wdt:[property:place of birth] ?birthplace .
  SERVICE wikibase:label { bd:serviceParam wikibase:language ""en"". }
}","SELECT DISTINCT ?birthplace ?birthplaceLabel WHERE {
  wd:Q83495 wdt:P161 ?actor .
  ?actor wdt:P19 ?birthplace .
  SERVICE wikibase:label { bd:serviceParam wikibase:language ""en"". }
}",True,True,True,0.1682
64,medium,What places are within a 1 km radius of the Arc de Triomphe?,"SELECT ?place ?placeLabel ?location WHERE {
  wd:[entity:Arc de Triomphe] wdt:[property:coordinate location] ?center .
  SERVICE wikibase:around {
    ?place wdt:[property:coordinate location] ?location .
    bd:serviceParam wikibase:center ?center .
    bd:serviceParam wikibase:radius ""1"" .
  }
  SERVICE wikibase:label { bd:serviceParam wikibase:language ""en"" . }
}","SELECT ?place ?placeLabel ?location WHERE {
  wd:Q64436 wdt:P625 ?center .
  SERVICE wikibase:around {
    ?place wdt:P625 ?location .
    bd:serviceParam wikibase:center ?center .
    bd:serviceParam wikibase:radius ""1"" .
  }
  SERVICE wikibase:label { bd:serviceParam wikibase:language ""en"" . }
}",True,True,True,1.0
65,medium,List all software developed by the KDE community.,"SELECT ?software ?softwareLabel WHERE {
  ?software wdt:[property:developer] wd:[entity:KDE] .
  SERVICE wikibase:label { bd:serviceParam wikibase:language ""en"". }
}","SELECT ?software ?softwareLabel WHERE {
  ?software wdt:P178 wd:Q1431 .
  SERVICE wikibase:label { bd:serviceParam wikibase:language ""en"". }
}",True,True,True,0.0479
66,medium,List all places with the most public art installations.,"SELECT ?place ?placeLabel (COUNT(?artwork) AS ?count) WHERE {
  ?artwork wdt:[property:instance of] wd:[entity:public art].
  ?artwork wdt:[property:location] ?place.
  SERVICE wikibase:label { bd:serviceParam wikibase:language ""en"". }
}
GROUP BY ?place ?placeLabel
ORDER BY DESC(?count)","SELECT ?place ?placeLabel (COUNT(?artwork) AS ?count) WHERE {
  ?artwork wdt:P31 wd:Q557141.
  ?artwork wdt:P276 ?place.
  SERVICE wikibase:label { bd:serviceParam wikibase:language ""en"". }
}
GROUP BY ?place ?placeLabel
ORDER BY DESC(?count)",True,True,True,0.0004
67,medium,List all French municipalities with their corresponding banners.,"SELECT ?municipality ?municipalityLabel ?banner WHERE {
  ?municipality wdt:[property:instance of] wd:[entity:commune of France] .
  ?municipality wdt:[property:flag] ?banner .
  SERVICE wikibase:label { bd:serviceParam wikibase:language ""en"". }
}","SELECT ?municipality ?municipalityLabel ?banner WHERE {
  ?municipality wdt:P31 wd:Q484170 .
  ?municipality wdt:P163 ?banner .
  SERVICE wikibase:label { bd:serviceParam wikibase:language ""en"". }
}",True,True,True,0.0651
68,medium,"List all paintings by Ferdinand Georg Waldmüller in the Belvedere, Vienna.","SELECT ?painting ?paintingLabel WHERE {
  ?painting wdt:[property:instance of] wd:[entity:painting] .
  ?painting wdt:[property:creator] wd:[entity:Ferdinand Georg Waldmüller] .
  ?painting wdt:[property:collection] wd:[entity:Belvedere] .
  SERVICE wikibase:label { bd:serviceParam wikibase:language ""en"". }
}","SELECT ?painting ?paintingLabel WHERE {
  ?painting wdt:P31 wd:Q3305213 .
  ?painting wdt:P170 wd:Q186816 .
  ?painting wdt:P195 wd:Q303139 .
  SERVICE wikibase:label { bd:serviceParam wikibase:language ""en"". }
}",True,True,True,0.4309
69,medium,How many words are listed on Wikidata in languages spoken in India?,"SELECT (COUNT(DISTINCT ?word) AS ?count) WHERE {
  ?language wdt:[property:country] wd:[entity:India] .
  ?word wdt:[property:instance of] wd:[entity:word] .
  ?word wdt:[property:language of work or name] ?language .
}","SELECT (COUNT(DISTINCT ?word) AS ?count) WHERE {
  ?language wdt:P17 wd:Q668 .
  ?word wdt:P31 wd:Q8171 .
  ?word wdt:P407 ?language .
}",True,True,True,0.0
70,medium,List all images used in more than 10 items.,"SELECT ?image (COUNT(?item) AS ?count) WHERE {
  ?item wdt:[property:image] ?image .
}
GROUP BY ?image
HAVING (COUNT(?item) > 10)
ORDER BY DESC(?count)","SELECT ?image (COUNT(?item) AS ?count) WHERE {
  ?item wdt:P18 ?image .
}
GROUP BY ?image
HAVING (COUNT(?item) > 10)
ORDER BY DESC(?count)",True,True,False,0.0
71,medium,List all politicians who were members of the Whig party.,"SELECT DISTINCT ?politician ?politicianLabel WHERE {
  ?politician wdt:[property:instance of] wd:[entity:human] .
  ?politician wdt:[property:member of political party] wd:[entity:Whig Party] .
  ?politician wdt:[property:occupation] wd:[entity:politician] .
  SERVICE wikibase:label { bd:serviceParam wikibase:language ""en"". }
}","SELECT DISTINCT ?politician ?politicianLabel WHERE {
  ?politician wdt:P31 wd:Q5 .
  ?politician wdt:P102 wd:Q42183 .
  ?politician wdt:P106 wd:Q82955 .
  SERVICE wikibase:label { bd:serviceParam wikibase:language ""en"". }
}",True,True,True,0.0003
72,medium,"Find parks in Oslo, Norway that are missing images on Wikidata.","SELECT ?park ?parkLabel WHERE {
  ?park wdt:[property:instance of] wd:[entity:urban park] .
  ?park wdt:[property:located in the administrative territorial entity] wd:[entity:Oslo] .
  FILTER NOT EXISTS { ?park wdt:[property:image] ?image . }
  SERVICE wikibase:label { bd:serviceParam wikibase:language ""en"". }
}","SELECT ?park ?parkLabel WHERE {
  ?park wdt:P31 wd:Q22746 .
  ?park wdt:P131 wd:Q585 .
  FILTER NOT EXISTS { ?park wdt:P18 ?image . }
  SERVICE wikibase:label { bd:serviceParam wikibase:language ""en"". }
}",True,True,True,0.0
73,medium,"Show me a map of people's birthplaces, categorized by century.","SELECT ?person ?personLabel ?birthplace ?birthplaceLabel ?coord ?century WHERE {
  ?person wdt:[property:instance of] wd:[entity:human] .
  ?person wdt:[property:place of birth] ?birthplace .
  ?birthplace wdt:[property:coordinate location] ?coord .
  ?person wdt:[property:date of birth] ?dob .
  BIND(FLOOR((YEAR(?dob) - 1) / 100) + 1 AS ?century)
  SERVICE wikibase:label { bd:serviceParam wikibase:language ""en"". }
}
LIMIT 1000","SELECT ?person ?personLabel ?birthplace ?birthplaceLabel ?coord ?century WHERE {
  ?person wdt:P31 wd:Q5 .
  ?person wdt:P19 ?birthplace .
  ?birthplace wdt:P625 ?coord .
  ?person wdt:P569 ?dob .
  BIND(FLOOR((YEAR(?dob) - 1) / 100) + 1 AS ?century)
  SERVICE wikibase:label { bd:serviceParam wikibase:language ""en"". }
}
LIMIT 1000",True,True,False,0.0
74,medium,Find research papers on backward contact tracing and list their DOIs.,"SELECT ?paper ?paperLabel ?doi WHERE {
  ?paper wdt:[property:main subject] wd:[entity:backward contact tracing] .
  OPTIONAL { ?paper wdt:[property:DOI] ?doi . }
  SERVICE wikibase:label { bd:serviceParam wikibase:language ""en"". }
}","SELECT ?paper ?paperLabel ?doi WHERE {
  ?paper wdt:P921 wd:Q98969121 .
  OPTIONAL { ?paper wdt:P356 ?doi . }
  SERVICE wikibase:label { bd:serviceParam wikibase:language ""en"". }
}",True,True,True,0.6526
75,medium,List the notable alumni of University of Reading who have won awards.,"SELECT DISTINCT ?person ?personLabel ?awardLabel WHERE {
  ?person wdt:[property:educated at] wd:[entity:University of Reading] .
  ?person wdt:[property:award received] ?award .
  SERVICE wikibase:label { bd:serviceParam wikibase:language ""en"". }
}","SELECT DISTINCT ?person ?personLabel ?awardLabel WHERE {
  ?person wdt:P69 wd:Q1432632 .
  ?person wdt:P166 ?award .
  SERVICE wikibase:label { bd:serviceParam wikibase:language ""en"". }
}",True,True,True,1.0
76,medium,List all music genres.,"SELECT DISTINCT ?genre ?genreLabel WHERE {
  ?genre wdt:[property:instance of] wd:[entity:music genre].
  SERVICE wikibase:label { bd:serviceParam wikibase:language ""en"". }
}","SELECT DISTINCT ?genre ?genreLabel WHERE {
  ?genre wdt:P31 wd:Q188451.
  SERVICE wikibase:label { bd:serviceParam wikibase:language ""en"". }
}",True,True,True,0.8823
77,medium,List all museums in Tunisia along with their coordinates and images.,"SELECT ?museum ?museumLabel ?coordinates ?image WHERE {
  ?museum wdt:[property:instance of] wd:[entity:museum] .
  ?museum wdt:[property:country] wd:[entity:Tunisia] .
  OPTIONAL { ?museum wdt:[property:coordinate location] ?coordinates . }
  OPTIONAL { ?museum wdt:[property:image] ?image . }
  SERVICE wikibase:label { bd:serviceParam wikibase:language ""en"". }
}","SELECT ?museum ?museumLabel ?coordinates ?image WHERE {
  ?museum wdt:P31 wd:Q33506 .
  ?museum wdt:P17 wd:Q948 .
  OPTIONAL { ?museum wdt:P625 ?coordinates . }
  OPTIONAL { ?museum wdt:P18 ?image . }
  SERVICE wikibase:label { bd:serviceParam wikibase:language ""en"". }
}",True,True,True,0.881
78,medium,Show me a list of archives on Wikidata along with their coordinates.,"SELECT ?archive ?archiveLabel ?coordinates WHERE {
  ?archive wdt:[property:instance of] wd:[entity:archive] .
  ?archive wdt:[property:coordinate location] ?coordinates .
  SERVICE wikibase:label { bd:serviceParam wikibase:language ""en"". }
}","SELECT ?archive ?archiveLabel ?coordinates WHERE {
  ?archive wdt:P31 wd:Q166118 .
  ?archive wdt:P625 ?coordinates .
  SERVICE wikibase:label { bd:serviceParam wikibase:language ""en"". }
}",True,True,True,0.2575
79,medium,Find images of ancient Egyptian rulers.,"SELECT ?ruler ?rulerLabel ?image WHERE {
  ?ruler wdt:[property:position held] wd:[entity:pharaoh] .
  ?ruler wdt:[property:image] ?image .
  SERVICE wikibase:label { bd:serviceParam wikibase:language ""en"". }
}","SELECT ?ruler ?rulerLabel ?image WHERE {
  ?ruler wdt:P39 wd:Q37110 .
  ?ruler wdt:P18 ?image .
  SERVICE wikibase:label { bd:serviceParam wikibase:language ""en"". }
}",True,True,True,0.7063
80,medium,Find locations on iNaturalist and show them on a map.,"SELECT ?place ?placeLabel ?coord ?inatID WHERE {
  ?place wdt:[property:iNaturalist place ID] ?inatID .
  ?place wdt:[property:coordinate location] ?coord .
  SERVICE wikibase:label { bd:serviceParam wikibase:language ""en"". }
}","SELECT ?place ?placeLabel ?coord ?inatID WHERE {
  ?place wdt:P7471 ?inatID .
  ?place wdt:P625 ?coord .
  SERVICE wikibase:label { bd:serviceParam wikibase:language ""en"". }
}",True,True,True,0.0
81,medium,What are the cathedrals in Paris?,"SELECT ?cathedral ?cathedralLabel WHERE {
  ?cathedral wdt:[property:instance of] wd:[entity:cathedral] .
  ?cathedral wdt:[property:location] wd:[entity:Paris] .
  SERVICE wikibase:label { bd:serviceParam wikibase:language ""en"". }
}","SELECT ?cathedral ?cathedralLabel WHERE {
  ?cathedral wdt:P31 wd:Q2977 .
  ?cathedral wdt:P276 wd:Q90 .
  SERVICE wikibase:label { bd:serviceParam wikibase:language ""en"". }
}",True,True,True,0.0286
82,medium,"Show me a list of railway stations in France, sorted by the number of tracks they have.","SELECT ?station ?stationLabel ?tracks WHERE {
  ?station wdt:[property:instance of] wd:[entity:railway station] .
  ?station wdt:[property:country] wd:[entity:France] .
  ?station wdt:[property:number of platform tracks] ?tracks .
  SERVICE wikibase:label { bd:serviceParam wikibase:language ""en"". }
}
ORDER BY DESC(?tracks)","SELECT ?station ?stationLabel ?tracks WHERE {
  ?station wdt:P31 wd:Q55488 .
  ?station wdt:P17 wd:Q142 .
  ?station wdt:P1103 ?tracks .
  SERVICE wikibase:label { bd:serviceParam wikibase:language ""en"". }
}
ORDER BY DESC(?tracks)",True,True,True,0.4967
83,medium,List the birds that are native to a region in France.,"SELECT DISTINCT ?bird ?birdLabel WHERE {
  ?bird wdt:[property:instance of]/wdt:[property:subclass of]* wd:[entity:bird] .
  ?bird wdt:[property:endemic to] ?region .
  ?region wdt:[property:country] wd:[entity:France] .
  SERVICE wikibase:label { bd:serviceParam wikibase:language ""en"". }
}","SELECT DISTINCT ?bird ?birdLabel WHERE {
  ?bird wdt:P31/wdt:P279* wd:Q5113 .
  ?bird wdt:P183 ?region .
  ?region wdt:P17 wd:Q142 .
  SERVICE wikibase:label { bd:serviceParam wikibase:language ""en"". }
}",True,True,True,0.0
84,medium,List all universities in Mexico along with their founding dates.,"SELECT ?university ?universityLabel ?inception WHERE {
  ?university wdt:[property:instance of] wd:[entity:university] .
  ?university wdt:[property:country] wd:[entity:Mexico] .
  OPTIONAL { ?university wdt:[property:inception] ?inception . }
  SERVICE wikibase:label { bd:serviceParam wikibase:language ""en"". }
}","SELECT ?university ?universityLabel ?inception WHERE {
  ?university wdt:P31 wd:Q3918 .
  ?university wdt:P17 wd:Q96 .
  OPTIONAL { ?university wdt:P571 ?inception . }
  SERVICE wikibase:label { bd:serviceParam wikibase:language ""en"". }
}",True,True,True,0.5821
85,medium,Find the places where people named Michael or its variants were born.,"SELECT DISTINCT ?birthPlace ?birthPlaceLabel WHERE {
  ?person wdt:[property:given name] ?givenName .
  ?givenName wdt:[property:said to be the same as]* wd:[entity:Michael] .
  ?person wdt:[property:place of birth] ?birthPlace .
  SERVICE wikibase:label { bd:serviceParam wikibase:language ""en"". }
}","SELECT DISTINCT ?birthPlace ?birthPlaceLabel WHERE {
  ?person wdt:P735 ?givenName .
  ?givenName wdt:P460* wd:Q4927524 .
  ?person wdt:P19 ?birthPlace .
  SERVICE wikibase:label { bd:serviceParam wikibase:language ""en"". }
}",True,True,False,0.0
86,medium,Find properties with missing labels or descriptions in Spanish.,"SELECT ?property WHERE {
  ?property a wikibase:Property .
  FILTER NOT EXISTS {
    ?property rdfs:label ?label .
    FILTER(LANG(?label) = ""es"")
  }
}","SELECT ?property WHERE {
  ?property a wikibase:Property .
  FILTER NOT EXISTS {
    ?property rdfs:label ?label .
    FILTER(LANG(?label) = ""es"")
  }
}",True,True,True,0.2622
87,medium,How many statements are supported by a reference with a DOI?,"SELECT (COUNT(?statement) AS ?count) WHERE {
  ?statement prov:wasDerivedFrom ?ref .
  ?ref pr:[property:DOI] ?doi .
}","SELECT (COUNT(?statement) AS ?count) WHERE {
  ?statement prov:wasDerivedFrom ?ref .
  ?ref pr:P356 ?doi .
}",True,True,False,0.0
88,medium,Find images of architectural drawings depicting cathedrals in France.,"SELECT ?item ?itemLabel ?image WHERE {
  ?item wdt:[property:instance of] wd:[entity:architectural drawing] .
  ?item wdt:[property:depicts] ?cathedral .
  ?cathedral wdt:[property:instance of] wd:[entity:cathedral] .
  ?cathedral wdt:[property:country] wd:[entity:France] .
  ?item wdt:[property:image] ?image .
  SERVICE wikibase:label { bd:serviceParam wikibase:language ""en"". }
}","SELECT ?item ?itemLabel ?image WHERE {
  ?item wdt:P31 wd:Q184784 .
  ?item wdt:P180 ?cathedral .
  ?cathedral wdt:P31 wd:Q2977 .
  ?cathedral wdt:P17 wd:Q142 .
  ?item wdt:P18 ?image .
  SERVICE wikibase:label { bd:serviceParam wikibase:language ""en"". }
}",True,True,True,0.0
89,medium,What are the most common ingredients used in a sandwich?,"SELECT ?ingredient ?ingredientLabel (COUNT(?sandwich) AS ?count) WHERE {
  ?sandwich wdt:[property:subclass of]* wd:[entity:sandwich] .
  ?sandwich wdt:[property:has part(s)] ?ingredient .
  SERVICE wikibase:label { bd:serviceParam wikibase:language ""en"". }
}
GROUP BY ?ingredient ?ingredientLabel
ORDER BY DESC(?count)","SELECT ?ingredient ?ingredientLabel (COUNT(?sandwich) AS ?count) WHERE {
  ?sandwich wdt:P279* wd:Q28803 .
  ?sandwich wdt:P527 ?ingredient .
  SERVICE wikibase:label { bd:serviceParam wikibase:language ""en"". }
}
GROUP BY ?ingredient ?ingredientLabel
ORDER BY DESC(?count)",True,True,True,0.0515
90,medium,List all items with an inventory number but no collection.,"SELECT ?item ?inventoryNumber WHERE {
  ?item wdt:[property:inventory number] ?inventoryNumber .
  FILTER NOT EXISTS { ?item wdt:[property:collection] ?collection . }
}","SELECT ?item ?inventoryNumber WHERE {
  ?item wdt:P217 ?inventoryNumber .
  FILTER NOT EXISTS { ?item wdt:P195 ?collection . }
}",True,True,False,0.0
91,medium,Find the addresses of city halls in Spain.,"SELECT ?cityHall ?cityHallLabel ?address WHERE {
  ?cityHall wdt:[property:instance of] wd:[entity:city hall] .
  ?cityHall wdt:[property:country] wd:[entity:Spain] .
  ?cityHall wdt:[property:located at street address] ?address .
  SERVICE wikibase:label { bd:serviceParam wikibase:language ""en"". }
}","SELECT ?cityHall ?cityHallLabel ?address WHERE {
  ?cityHall wdt:P31 wd:Q25550691 .
  ?cityHall wdt:P17 wd:Q29 .
  ?cityHall wdt:P6375 ?address .
  SERVICE wikibase:label { bd:serviceParam wikibase:language ""en"". }
}",True,True,True,0.0
92,medium,List all cities and towns in Denmark along with their population and OSM relation IDs.,"SELECT ?place ?placeLabel ?population ?osmRelationID WHERE {
  ?place wdt:[property:country] wd:[entity:Denmark] .
  {
    ?place wdt:[property:instance of] wd:[entity:city] .
  } UNION {
    ?place wdt:[property:instance of] wd:[entity:town] .
  }
  OPTIONAL { ?place wdt:[property:population] ?population . }
  OPTIONAL { ?place wdt:[property:OpenStreetMap relation ID] ?osmRelationID . }
  SERVICE wikibase:label { bd:serviceParam wikibase:language ""en"". }
}","SELECT ?place ?placeLabel ?population ?osmRelationID WHERE {
  ?place wdt:P17 wd:Q35 .
  {
    ?place wdt:P31 wd:Q515 .
  } UNION {
    ?place wdt:P31 wd:Q3957 .
  }
  OPTIONAL { ?place wdt:P1082 ?population . }
  OPTIONAL { ?place wdt:P402 ?osmRelationID . }
  SERVICE wikibase:label { bd:serviceParam wikibase:language ""en"". }
}",True,True,True,0.0785
93,medium,What country shares a border with all municipalities in the Basque Country?,"SELECT ?country WHERE {
  ?municipality wdt:[property:located in the administrative territorial entity]* wd:[entity:Basque Country] .
  ?municipality wdt:[property:instance of] wd:[entity:municipality] .
  ?municipality wdt:[property:shares border with] ?country .
  ?country wdt:[property:instance of] wd:[entity:country] .
}","SELECT ?country WHERE {
  ?municipality wdt:P131* wd:Q3995 .
  ?municipality wdt:P31 wd:Q2074737 .
  ?municipality wdt:P47 ?country .
  ?country wdt:P31 wd:Q6256 .
}",True,True,True,0.0
94,medium,Find photographs of restoration works in French National Archives from the 19th century.,"SELECT ?photo ?photoLabel WHERE {
  ?photo wdt:[property:instance of] wd:[entity:photograph] .
  ?photo wdt:[property:collection] wd:[entity:Archives nationales] .
  ?photo wdt:[property:depicts] wd:[entity:restoration] .
  ?photo wdt:[property:inception] ?date .
  FILTER(YEAR(?date) >= 1800 && YEAR(?date) <= 1899)
  SERVICE wikibase:label { bd:serviceParam wikibase:language ""en,fr"". }
}","SELECT ?photo ?photoLabel WHERE {
  ?photo wdt:P31 wd:Q125191 .
  ?photo wdt:P195 wd:Q182542 .
  ?photo wdt:P180 wd:Q217102 .
  ?photo wdt:P571 ?date .
  FILTER(YEAR(?date) >= 1800 && YEAR(?date) <= 1899)
  SERVICE wikibase:label { bd:serviceParam wikibase:language ""en,fr"". }
}",True,True,True,0.0
95,medium,Show a line graph of COVID-19 cases over time for each state in India.,"SELECT ?date ?cases ?stateLabel WHERE {
  ?stateData wdt:[property:instance of] wd:[entity:COVID-19 pandemic in a geographic region] .
  ?stateData wdt:[property:located in the administrative territorial entity] ?state .
  ?state wdt:[property:country] wd:[entity:India] .
  ?stateData p:[property:number of cases] ?casesStatement .
  ?casesStatement ps:[property:number of cases] ?cases .
  ?casesStatement pq:[property:point in time] ?date .
  SERVICE wikibase:label { bd:serviceParam wikibase:language ""en"". }
}
ORDER BY ?date","SELECT ?date ?cases ?stateLabel WHERE {
  ?stateData wdt:P31 wd:[entity:COVID-19 pandemic in a geographic region] .
  ?stateData wdt:P131 ?state .
  ?state wdt:P17 wd:Q668 .
  ?stateData p:P1603 ?casesStatement .
  ?casesStatement ps:P1603 ?cases .
  ?casesStatement pq:P585 ?date .
  SERVICE wikibase:label { bd:serviceParam wikibase:language ""en"". }
}
ORDER BY ?date",True,False,False,0.0
96,medium,List all databases and digital libraries without an official URL.,"SELECT DISTINCT ?item ?itemLabel WHERE {
  VALUES ?type { wd:[entity:database] wd:[entity:digital library] }
  ?item wdt:[property:instance of] ?type .
  FILTER NOT EXISTS { ?item wdt:[property:official website] ?url . }
  SERVICE wikibase:label { bd:serviceParam wikibase:language ""en"". }
}","SELECT DISTINCT ?item ?itemLabel WHERE {
  VALUES ?type { wd:Q8513 wd:Q212805 }
  ?item wdt:P31 ?type .
  FILTER NOT EXISTS { ?item wdt:P856 ?url . }
  SERVICE wikibase:label { bd:serviceParam wikibase:language ""en"". }
}",True,True,True,0.0884
97,medium,Show me a map of Slovenian cultural monuments with different colours for each type.,"SELECT ?monument ?monumentLabel ?coord ?type ?typeLabel WHERE {
  ?monument wdt:[property:heritage designation] wd:[entity:cultural monument of Slovenia] .
  ?monument wdt:[property:coordinate location] ?coord .
  OPTIONAL { ?monument wdt:[property:instance of] ?type . }
  SERVICE wikibase:label { bd:serviceParam wikibase:language ""en"". }
}","SELECT ?monument ?monumentLabel ?coord ?type ?typeLabel WHERE {
  ?monument wdt:P1435 wd:Q12794452 .
  ?monument wdt:[property:coordinate location] ?coord .
  OPTIONAL { ?monument wdt:[property:instance of] ?type . }
  SERVICE wikibase:label { bd:serviceParam wikibase:language ""en"". }
}",True,False,False,0.0
98,medium,List French-speaking female writers with their signatures.,"SELECT DISTINCT ?writer ?writerLabel ?signature WHERE {
  ?writer wdt:[property:instance of] wd:[entity:human] .
  ?writer wdt:[property:occupation] wd:[entity:writer] .
  ?writer wdt:[property:sex or gender] wd:[entity:female] .
  ?writer wdt:[property:languages spoken, written or signed] wd:[entity:French] .
  ?writer wdt:[property:signature] ?signature .
  SERVICE wikibase:label { bd:serviceParam wikibase:language ""en"". }
}","SELECT DISTINCT ?writer ?writerLabel ?signature WHERE {
  ?writer wdt:[property:instance of] wd:[entity:human] .
  ?writer wdt:[property:occupation] wd:[entity:writer] .
  ?writer wdt:P21 wd:[entity:female] .
  ?writer wdt:P1412 wd:[entity:French] .
  ?writer wdt:P109 ?signature .
  SERVICE wikibase:label { bd:serviceParam wikibase:language ""en"". }
}",True,False,False,0.0
99,medium,List artworks that feature the Moon as a subject.,"SELECT DISTINCT ?artwork ?artworkLabel WHERE {
  ?artwork wdt:[property:instance of] wd:[entity:painting] .
  ?artwork wdt:[property:depicts] wd:[entity:Moon] .
  SERVICE wikibase:label { bd:serviceParam wikibase:language ""en"". }
}","SELECT DISTINCT ?artwork ?artworkLabel WHERE {
  ?artwork wdt:P31 wd:Q3305213 .
  ?artwork wdt:P180 wd:Q405 .
  SERVICE wikibase:label { bd:serviceParam wikibase:language ""en"". }
}",True,True,True,0.0
100,medium,"Find all grandchildren of Johann Sebastian Bach where the parent is his first wife, Maria Barbara Bach.","SELECT DISTINCT ?grandchild ?grandchildLabel WHERE {
  wd:[entity:Johann Sebastian Bach] wdt:[property:child] ?child .
  ?child wdt:[property:mother] wd:[entity:Maria Barbara Bach] .
  ?child wdt:[property:child] ?grandchild .
  SERVICE wikibase:label { bd:serviceParam wikibase:language ""en"". }
}","SELECT DISTINCT ?grandchild ?grandchildLabel WHERE {
  wd:Q1339 wdt:P40 ?child .
  ?child wdt:P25 wd:Q57487 .
  ?child wdt:P40 ?grandchild .
  SERVICE wikibase:label { bd:serviceParam wikibase:language ""en"". }
}",True,True,True,0.3158
101,medium,List all five-letter English words that start with the letter F.,"SELECT ?word ?wordLabel WHERE {
  ?word wdt:[property:instance of] wd:[entity:word] .
  ?word wdt:[property:language of work or name] wd:[entity:English] .
  ?word rdfs:label ?wordLabel .
  FILTER(LANG(?wordLabel) = ""en"")
  FILTER(STRLEN(?wordLabel) = 5)
  FILTER(STRSTARTS(?wordLabel, ""F""))
  SERVICE wikibase:label { bd:serviceParam wikibase:language ""en"". }
}","SELECT ?word ?wordLabel WHERE {
  ?word wdt:P31 wd:Q8171 .
  ?word wdt:P407 wd:Q1860 .
  ?word rdfs:label ?wordLabel .
  FILTER(LANG(?wordLabel) = ""en"")
  FILTER(STRLEN(?wordLabel) = 5)
  FILTER(STRSTARTS(?wordLabel, ""F""))
  SERVICE wikibase:label { bd:serviceParam wikibase:language ""en"". }
}",True,True,True,0.0
102,medium,Show me a map of remarkable trees in Bulgaria.,"SELECT ?tree ?treeLabel ?coord WHERE {
  ?tree wdt:[property:instance of] wd:[entity:remarkable tree] .
  ?tree wdt:[property:country] wd:[entity:Bulgaria] .
  ?tree wdt:[property:coordinate location] ?coord .
  SERVICE wikibase:label { bd:serviceParam wikibase:language ""en"". }
}","SELECT ?tree ?treeLabel ?coord WHERE {
  ?tree wdt:P31 wd:Q811534 .
  ?tree wdt:P17 wd:Q219 .
  ?tree wdt:P625 ?coord .
  SERVICE wikibase:label { bd:serviceParam wikibase:language ""en"". }
}",True,True,True,0.0
103,medium,List the inventors who are members of the Republican Party.,"SELECT DISTINCT ?inventor ?inventorLabel WHERE {
  ?inventor wdt:[property:occupation] wd:[entity:inventor] .
  ?inventor wdt:[property:member of political party] wd:[entity:Republican Party] .
  SERVICE wikibase:label { bd:serviceParam wikibase:language ""en"". }
}","SELECT DISTINCT ?inventor ?inventorLabel WHERE {
  ?inventor wdt:P106 wd:Q205375 .
  ?inventor wdt:P102 wd:Q29468 .
  SERVICE wikibase:label { bd:serviceParam wikibase:language ""en"". }
}",True,True,True,0.0459
104,medium,List all websites without an official webpage.,"SELECT ?website WHERE {
  ?website wdt:[property:instance of] wd:[entity:website] .
  FILTER NOT EXISTS { ?website wdt:[property:official website] ?url }
}","SELECT ?website WHERE {
  ?website wdt:P31 wd:Q35127 .
  FILTER NOT EXISTS { ?website wdt:P856 ?url }
}",True,True,True,0.2554
105,medium,List all external links mentioned in the Wikipedia article about Ashmolean Museum.,"SELECT ?reference WHERE {
  wd:[entity:Ashmolean Museum] wdt:[property:official website] ?reference .
}","SELECT ?reference WHERE {
  wd:Q636400 wdt:P856 ?reference .
}",True,True,True,0.0
106,medium,What organisms live in the vagina?,"SELECT DISTINCT ?organism ?organismLabel WHERE {
  ?organism wdt:[property:found in taxon] ?taxon .
  ?organism wdt:[property:habitat] wd:[entity:vagina] .
  SERVICE wikibase:label { bd:serviceParam wikibase:language ""en"". }
}

Note: A more reliable query uses the ""found in taxon"" or ""location"" property. Here's an alternative:

SELECT DISTINCT ?organism ?organismLabel WHERE {
  ?organism wdt:[property:habitat] wd:[entity:vagina] .
  SERVICE wikibase:label { bd:serviceParam wikibase:language ""en"". }
}","SELECT DISTINCT ?organism ?organismLabel WHERE {
  ?organism wdt:P703 ?taxon .
  ?organism wdt:P2974 wd:Q5880 .
  SERVICE wikibase:label { bd:serviceParam wikibase:language ""en"". }
}

Note: A more reliable query uses the ""found in taxon"" or ""location"" property. Here's an alternative:

SELECT DISTINCT ?organism ?organismLabel WHERE {
  ?organism wdt:P2974 wd:Q5880 .
  SERVICE wikibase:label { bd:serviceParam wikibase:language ""en"". }
}",True,True,False,0.0
107,medium,Find paintings with RKDimages links and display them in an ImageGrid.,"SELECT ?painting ?paintingLabel ?image ?rkd WHERE {
  ?painting wdt:[property:instance of] wd:[entity:painting] .
  ?painting wdt:[property:RKDimages ID] ?rkd .
  ?painting wdt:[property:image] ?image .
  SERVICE wikibase:label { bd:serviceParam wikibase:language ""en"". }
}","SELECT ?painting ?paintingLabel ?image ?rkd WHERE {
  ?painting wdt:P31 wd:Q3305213 .
  ?painting wdt:P350 ?rkd .
  ?painting wdt:P18 ?image .
  SERVICE wikibase:label { bd:serviceParam wikibase:language ""en"". }
}",True,True,True,0.0002
108,medium,Find film directors who have collaborated with Jean-François Stévenin the most.,"SELECT ?director ?directorLabel (COUNT(?film) AS ?count) WHERE {
  ?film wdt:[property:cast member] wd:[entity:Jean-François Stévenin].
  ?film wdt:[property:director] ?director.
  SERVICE wikibase:label { bd:serviceParam wikibase:language ""en"". }
}
GROUP BY ?director ?directorLabel
ORDER BY DESC(?count)
LIMIT 10","SELECT ?director ?directorLabel (COUNT(?film) AS ?count) WHERE {
  ?film wdt:P161 wd:Q1684856.
  ?film wdt:P57 ?director.
  SERVICE wikibase:label { bd:serviceParam wikibase:language ""en"". }
}
GROUP BY ?director ?directorLabel
ORDER BY DESC(?count)
LIMIT 10",True,True,True,0.1065
109,medium,List all Wikidata properties with their IDs and descriptions.,"SELECT ?property ?propertyLabel ?propertyDescription WHERE {
  ?property wikibase:propertyType ?propertyType .
  SERVICE wikibase:label { bd:serviceParam wikibase:language ""en"". }
}","SELECT ?property ?propertyLabel ?propertyDescription WHERE {
  ?property wikibase:propertyType ?propertyType .
  SERVICE wikibase:label { bd:serviceParam wikibase:language ""en"". }
}",True,True,True,0.0
110,medium,List all caves with prehistoric art and their coordinates.,"SELECT DISTINCT ?cave ?caveLabel ?coordinates WHERE {
  ?cave wdt:[property:instance of] wd:[entity:cave] .
  ?cave wdt:[property:heritage designation] ?designation .
  ?cave wdt:[property:has part(s)] ?part .
  ?cave wdt:[property:coordinate location] ?coordinates .
  {
    ?cave wdt:[property:depicts] wd:[entity:prehistoric art] .
  }
  UNION
  {
    ?cave wdt:[property:instance of] wd:[entity:rock art] .
  }
  SERVICE wikibase:label { bd:serviceParam wikibase:language ""en"". }
}","SELECT DISTINCT ?cave ?caveLabel ?coordinates WHERE {
  ?cave wdt:P31 wd:Q35509 .
  ?cave wdt:P1435 ?designation .
  ?cave wdt:P527 ?part .
  ?cave wdt:P625 ?coordinates .
  {
    ?cave wdt:P180 wd:Q1842924 .
  }
  UNION
  {
    ?cave wdt:P31 wd:Q1211146 .
  }
  SERVICE wikibase:label { bd:serviceParam wikibase:language ""en"". }
}",True,True,True,0.0
111,medium,Find a list of women who are computational biologists or bioinformaticians.,"SELECT DISTINCT ?person ?personLabel WHERE {
  ?person wdt:[property:sex or gender] wd:[entity:female] .
  ?person wdt:[property:occupation] ?occupation .
  VALUES ?occupation { wd:[entity:computational biologist] wd:[entity:bioinformatician] }
  SERVICE wikibase:label { bd:serviceParam wikibase:language ""en"". }
}","SELECT DISTINCT ?person ?personLabel WHERE {
  ?person wdt:P21 wd:Q6581072 .
  ?person wdt:P106 ?occupation .
  VALUES ?occupation { wd:Q15709480 wd:Q2904006 }
  SERVICE wikibase:label { bd:serviceParam wikibase:language ""en"". }
}",True,True,True,0.2133
112,medium,List all US states with the letter A in their name.,"SELECT ?state ?stateLabel WHERE {
  ?state wdt:[property:instance of] wd:[entity:state of the United States] .
  ?state rdfs:label ?stateLabel .
  FILTER(LANG(?stateLabel) = ""en"")
  FILTER(CONTAINS(LCASE(?stateLabel), ""a""))
}","SELECT ?state ?stateLabel WHERE {
  ?state wdt:P31 wd:Q35657 .
  ?state rdfs:label ?stateLabel .
  FILTER(LANG(?stateLabel) = ""en"")
  FILTER(CONTAINS(LCASE(?stateLabel), ""a""))
}",True,True,True,0.6667
113,medium,"List all people in the Dictionary of Welsh Biography, categorized by their birthplace and gender.","SELECT ?person ?personLabel ?birthplace ?birthplaceLabel ?gender ?genderLabel WHERE {
  ?person wdt:[property:Dictionary of Welsh Biography ID] ?dwbId .
  OPTIONAL { ?person wdt:[property:place of birth] ?birthplace . }
  OPTIONAL { ?person wdt:[property:sex or gender] ?gender . }
  SERVICE wikibase:label { bd:serviceParam wikibase:language ""en"". }
}
ORDER BY ?birthplaceLabel ?genderLabel","SELECT ?person ?personLabel ?birthplace ?birthplaceLabel ?gender ?genderLabel WHERE {
  ?person wdt:P1648 ?dwbId .
  OPTIONAL { ?person wdt:P19 ?birthplace . }
  OPTIONAL { ?person wdt:P21 ?gender . }
  SERVICE wikibase:label { bd:serviceParam wikibase:language ""en"". }
}
ORDER BY ?birthplaceLabel ?genderLabel",True,True,True,0.4064
114,medium,List all weather satellites with their launch dates.,"SELECT ?satellite ?satelliteLabel ?launchDate WHERE {
  ?satellite wdt:[property:instance of] wd:[entity:weather satellite] .
  OPTIONAL { ?satellite wdt:[property:time of spacecraft launch] ?launchDate . }
  SERVICE wikibase:label { bd:serviceParam wikibase:language ""en"". }
}
ORDER BY ?launchDate","SELECT ?satellite ?satelliteLabel ?launchDate WHERE {
  ?satellite wdt:P31 wd:Q209363 .
  OPTIONAL { ?satellite wdt:P619 ?launchDate . }
  SERVICE wikibase:label { bd:serviceParam wikibase:language ""en"". }
}
ORDER BY ?launchDate",True,True,True,0.7937
115,medium,Show me hillforts with their protection status on a map.,"SELECT ?hillfort ?hillfortLabel ?protectionStatus ?protectionStatusLabel ?coord WHERE {
  ?hillfort wdt:[property:instance of] wd:[entity:hillfort] .
  ?hillfort wdt:[property:coordinate location] ?coord .
  OPTIONAL { ?hillfort wdt:[property:heritage designation] ?protectionStatus . }
  SERVICE wikibase:label { bd:serviceParam wikibase:language ""[AUTO_LANGUAGE],en"". }
}","SELECT ?hillfort ?hillfortLabel ?protectionStatus ?protectionStatusLabel ?coord WHERE {
  ?hillfort wdt:P31 wd:Q744099 .
  ?hillfort wdt:P625 ?coord .
  OPTIONAL { ?hillfort wdt:P1435 ?protectionStatus . }
  SERVICE wikibase:label { bd:serviceParam wikibase:language ""[AUTO_LANGUAGE],en"". }
}",True,True,True,0.3111
116,medium,List all viaducts in the UK with their heritage designations.,"SELECT DISTINCT ?viaduct ?viaductLabel ?designation ?designationLabel WHERE {
  ?viaduct wdt:[property:instance of] wd:[entity:viaduct] .
  ?viaduct wdt:[property:country] wd:[entity:United Kingdom] .
  ?viaduct wdt:[property:heritage designation] ?designation .
  SERVICE wikibase:label { bd:serviceParam wikibase:language ""en"". }
}","SELECT DISTINCT ?viaduct ?viaductLabel ?designation ?designationLabel WHERE {
  ?viaduct wdt:P31 wd:Q181348 .
  ?viaduct wdt:P17 wd:Q145 .
  ?viaduct wdt:P1435 ?designation .
  SERVICE wikibase:label { bd:serviceParam wikibase:language ""en"". }
}",True,True,True,0.0216
117,medium,List all humans who received the Theatre World Award in 2016.,"SELECT DISTINCT ?human ?humanLabel WHERE {
  ?human wdt:[property:instance of] wd:[entity:human] .
  ?human p:[property:award received] ?statement .
  ?statement ps:[property:award received] wd:[entity:Theatre World Award] .
  ?statement pq:[property:point in time] ?date .
  FILTER(YEAR(?date) = 2016)
  SERVICE wikibase:label { bd:serviceParam wikibase:language ""en"". }
}","SELECT DISTINCT ?human ?humanLabel WHERE {
  ?human wdt:P31 wd:Q5 .
  ?human p:P166 ?statement .
  ?statement ps:P166 wd:Q1131356 .
  ?statement pq:P585 ?date .
  FILTER(YEAR(?date) = 2016)
  SERVICE wikibase:label { bd:serviceParam wikibase:language ""en"". }
}",True,True,True,0.0133
118,medium,"List all synthesizers manufactured by ARP Instruments, Inc.","SELECT ?synth ?synthLabel WHERE {
  ?synth wdt:[property:manufacturer] wd:[entity:ARP Instruments].
  ?synth wdt:[property:instance of] wd:[entity:synthesizer].
  SERVICE wikibase:label { bd:serviceParam wikibase:language ""en"". }
}","SELECT ?synth ?synthLabel WHERE {
  ?synth wdt:[property:manufacturer] wd:Q296878.
  ?synth wdt:P31 wd:[entity:synthesizer].
  SERVICE wikibase:label { bd:serviceParam wikibase:language ""en"". }
}",True,False,False,0.0
119,medium,List all libraries in Austria along with their coordinates.,"SELECT ?library ?libraryLabel ?coordinates WHERE {
  ?library wdt:[property:instance of] wd:[entity:library] .
  ?library wdt:[property:country] wd:[entity:Austria] .
  ?library wdt:[property:coordinate location] ?coordinates .
  SERVICE wikibase:label { bd:serviceParam wikibase:language ""en"". }
}","SELECT ?library ?libraryLabel ?coordinates WHERE {
  ?library wdt:P31 wd:Q7075 .
  ?library wdt:P17 wd:Q40 .
  ?library wdt:P625 ?coordinates .
  SERVICE wikibase:label { bd:serviceParam wikibase:language ""en"". }
}",True,True,True,0.0423
120,medium,List all places where people named Desiree were born.,"SELECT DISTINCT ?placeLabel WHERE {
  ?person wdt:[property:given name] wd:[entity:Desiree] .
  ?person wdt:[property:place of birth] ?place .
  SERVICE wikibase:label { bd:serviceParam wikibase:language ""en"". }
}","SELECT DISTINCT ?placeLabel WHERE {
  ?person wdt:P735 wd:Q16275504 .
  ?person wdt:P19 ?place .
  SERVICE wikibase:label { bd:serviceParam wikibase:language ""en"". }
}",True,True,True,0.0142
121,medium,List all the house cats that held the position of Chief Mouser to the Cabinet Office.,"SELECT ?cat ?catLabel WHERE {
  ?cat wdt:[property:position held] wd:[entity:Chief Mouser to the Cabinet Office] .
  ?cat wdt:[property:instance of] wd:[entity:house cat] .
  SERVICE wikibase:label { bd:serviceParam wikibase:language ""en"". }
}","SELECT ?cat ?catLabel WHERE {
  ?cat wdt:P39 wd:Q198641 .
  ?cat wdt:P31 wd:Q146 .
  SERVICE wikibase:label { bd:serviceParam wikibase:language ""en"". }
}",True,True,True,0.6
122,medium,Find items published in A Compendium of Irish Biography without page numbers.,"SELECT ?item WHERE {
  ?statement wdt:[property:imported from Wikimedia project] ?x .
  ?item p:[property:described by source] ?statement .
  ?statement ps:[property:described by source] wd:[entity:A Compendium of Irish Biography] .
  FILTER NOT EXISTS { ?statement pq:[property:page(s)] ?page . }
}","SELECT ?item WHERE {
  ?statement wdt:P143 ?x .
  ?item p:P1343 ?statement .
  ?statement ps:P1343 wd:Q19020593 .
  FILTER NOT EXISTS { ?statement pq:P304 ?page . }
}",True,True,True,0.0
123,medium,What are the most popular literary works written in German?,"SELECT ?work ?workLabel (COUNT(?sitelink) AS ?count) WHERE {
  ?work wdt:[property:instance of] wd:[entity:literary work] .
  ?work wdt:[property:language of work or name] wd:[entity:German] .
  ?sitelink schema:about ?work .
  SERVICE wikibase:label { bd:serviceParam wikibase:language ""en"". }
}
GROUP BY ?work ?workLabel
ORDER BY DESC(?count)
LIMIT 100","SELECT ?work ?workLabel (COUNT(?sitelink) AS ?count) WHERE {
  ?work wdt:P31 wd:Q7725634 .
  ?work wdt:P407 wd:Q188 .
  ?sitelink schema:about ?work .
  SERVICE wikibase:label { bd:serviceParam wikibase:language ""en"". }
}
GROUP BY ?work ?workLabel
ORDER BY DESC(?count)
LIMIT 100",True,True,True,0.0128
124,medium,Show me the latest heatwaves that have occurred.,"SELECT ?heatwave ?heatwaveLabel ?startTime WHERE {
  ?heatwave wdt:[property:instance of] wd:[entity:heat wave] .
  OPTIONAL { ?heatwave wdt:[property:start time] ?startTime . }
  SERVICE wikibase:label { bd:serviceParam wikibase:language ""en"". }
}
ORDER BY DESC(?startTime)
LIMIT 10","SELECT ?heatwave ?heatwaveLabel ?startTime WHERE {
  ?heatwave wdt:P31 wd:Q215864 .
  OPTIONAL { ?heatwave wdt:P580 ?startTime . }
  SERVICE wikibase:label { bd:serviceParam wikibase:language ""en"". }
}
ORDER BY DESC(?startTime)
LIMIT 10",True,True,True,0.0621
125,medium,Show me the list of countries with multiple official languages.,"SELECT ?country ?countryLabel (COUNT(?language) AS ?languageCount) WHERE {
  ?country wdt:[property:instance of] wd:[entity:country] .
  ?country wdt:[property:official language] ?language .
  SERVICE wikibase:label { bd:serviceParam wikibase:language ""en"". }
}
GROUP BY ?country ?countryLabel
HAVING (COUNT(?language) > 1)
ORDER BY DESC(?languageCount)","SELECT ?country ?countryLabel (COUNT(?language) AS ?languageCount) WHERE {
  ?country wdt:P31 wd:Q6256 .
  ?country wdt:P37 ?language .
  SERVICE wikibase:label { bd:serviceParam wikibase:language ""en"". }
}
GROUP BY ?country ?countryLabel
HAVING (COUNT(?language) > 1)
ORDER BY DESC(?languageCount)",True,True,True,0.875
126,medium,List Czech buildings that serve as both a place of worship and a fire station.,"SELECT DISTINCT ?building ?buildingLabel WHERE {
  ?building wdt:[property:country] wd:[entity:Czech Republic] .
  ?building wdt:[property:instance of] wd:[entity:place of worship] .
  ?building wdt:[property:instance of] wd:[entity:fire station] .
  SERVICE wikibase:label { bd:serviceParam wikibase:language ""en"". }
}","SELECT DISTINCT ?building ?buildingLabel WHERE {
  ?building wdt:P17 wd:Q213 .
  ?building wdt:P31 wd:Q1370598 .
  ?building wdt:P31 wd:Q1195942 .
  SERVICE wikibase:label { bd:serviceParam wikibase:language ""en"". }
}",True,True,True,0.0
127,medium,List all Mexican presidents with their signature images on Wikidata.,"SELECT DISTINCT ?president ?presidentLabel ?signature WHERE {
  ?president wdt:[property:position held] wd:[entity:President of Mexico] .
  ?president wdt:[property:signature] ?signature .
  SERVICE wikibase:label { bd:serviceParam wikibase:language ""en"". }
}","SELECT DISTINCT ?president ?presidentLabel ?signature WHERE {
  ?president wdt:P39 wd:Q628004 .
  ?president wdt:P109 ?signature .
  SERVICE wikibase:label { bd:serviceParam wikibase:language ""en"". }
}",True,True,True,0.9778
128,medium,List all megaliths in the Basque Country with their coordinates.,"SELECT ?megalith ?megalithLabel ?coordinates WHERE {
  ?megalith wdt:[property:instance of]/wdt:[property:subclass of]* wd:[entity:megalith] .
  ?megalith wdt:[property:located in the administrative territorial entity]* wd:[entity:Basque Country] .
  ?megalith wdt:[property:coordinate location] ?coordinates .
  SERVICE wikibase:label { bd:serviceParam wikibase:language ""en,eu"" . }
}","SELECT ?megalith ?megalithLabel ?coordinates WHERE {
  ?megalith wdt:P31/wdt:P279* wd:Q164240 .
  ?megalith wdt:P131* wd:Q47588 .
  ?megalith wdt:P625 ?coordinates .
  SERVICE wikibase:label { bd:serviceParam wikibase:language ""en,eu"" . }
}",True,True,True,0.0
129,medium,What are the names of spacecraft and their inspirations?,"SELECT ?spacecraftLabel ?inspirationLabel WHERE {
  ?spacecraft wdt:[property:instance of] wd:[entity:spacecraft] .
  ?spacecraft wdt:[property:inspired by] ?inspiration .
  SERVICE wikibase:label { bd:serviceParam wikibase:language ""en"". }
}","SELECT ?spacecraftLabel ?inspirationLabel WHERE {
  ?spacecraft wdt:P31 wd:Q40218 .
  ?spacecraft wdt:P941 ?inspiration .
  SERVICE wikibase:label { bd:serviceParam wikibase:language ""en"". }
}",True,True,True,0.0
130,medium,List all National Trust properties in the UK along with their coordinates.,"SELECT ?property ?propertyLabel ?coordinates WHERE {
  ?property wdt:[property:owned by] wd:[entity:National Trust] .
  ?property wdt:[property:coordinate location] ?coordinates .
  SERVICE wikibase:label { bd:serviceParam wikibase:language ""en"". }
}","SELECT ?property ?propertyLabel ?coordinates WHERE {
  ?property wdt:P127 wd:Q333515 .
  ?property wdt:P625 ?coordinates .
  SERVICE wikibase:label { bd:serviceParam wikibase:language ""en"". }
}",True,True,True,0.5993
131,medium,Show me the top 50 longest cars in the world.,"SELECT DISTINCT ?car ?carLabel ?length WHERE {
  ?car wdt:[property:instance of] wd:[entity:automobile model] .
  ?car wdt:[property:length] ?length .
  SERVICE wikibase:label { bd:serviceParam wikibase:language ""en"". }
}
ORDER BY DESC(?length)
LIMIT 50","SELECT DISTINCT ?car ?carLabel ?length WHERE {
  ?car wdt:P31 wd:Q3231690 .
  ?car wdt:P2043 ?length .
  SERVICE wikibase:label { bd:serviceParam wikibase:language ""en"". }
}
ORDER BY DESC(?length)
LIMIT 50",True,True,True,0.0303
132,medium,Find paintings that are taller than they are wide and show me the images.,"SELECT ?painting ?paintingLabel ?image ?height ?width WHERE {
  ?painting wdt:[property:instance of] wd:[entity:painting] .
  ?painting wdt:[property:height] ?height .
  ?painting wdt:[property:width] ?width .
  ?painting wdt:[property:image] ?image .
  FILTER(?height > ?width)
  SERVICE wikibase:label { bd:serviceParam wikibase:language ""[AUTO_LANGUAGE],en"". }
}
LIMIT 100","SELECT ?painting ?paintingLabel ?image ?height ?width WHERE {
  ?painting wdt:P31 wd:Q3305213 .
  ?painting wdt:P2048 ?height .
  ?painting wdt:P2049 ?width .
  ?painting wdt:P18 ?image .
  FILTER(?height > ?width)
  SERVICE wikibase:label { bd:serviceParam wikibase:language ""[AUTO_LANGUAGE],en"". }
}
LIMIT 100",True,True,False,0.0
133,medium,List the hometowns of all current US Senators.,"SELECT DISTINCT ?senator ?senatorLabel ?hometown ?hometownLabel WHERE {
  ?senator wdt:[property:position held] wd:[entity:United States senator] .
  ?senator p:[property:position held] ?statement .
  ?statement ps:[property:position held] wd:[entity:United States senator] .
  FILTER NOT EXISTS { ?statement pq:[property:end time] ?endTime . }
  ?senator wdt:[property:residence] ?hometown .
  SERVICE wikibase:label { bd:serviceParam wikibase:language ""en"". }
}","SELECT DISTINCT ?senator ?senatorLabel ?hometown ?hometownLabel WHERE {
  ?senator wdt:P39 wd:Q4416090 .
  ?senator p:P39 ?statement .
  ?statement ps:P39 wd:Q4416090 .
  FILTER NOT EXISTS { ?statement pq:P582 ?endTime . }
  ?senator wdt:P551 ?hometown .
  SERVICE wikibase:label { bd:serviceParam wikibase:language ""en"". }
}",True,True,True,0.0
134,medium,List all the settlements along the Way of Saint James in Basque Country.,"SELECT ?settlement ?settlementLabel WHERE {
  ?settlement wdt:[property:instance of] wd:[entity:settlement] .
  ?settlement wdt:[property:located on linear feature] wd:[entity:Way of Saint James] .
  ?settlement wdt:[property:located in the administrative territorial entity] wd:[entity:Basque Country] .
  SERVICE wikibase:label { bd:serviceParam wikibase:language ""en"". }
}","SELECT ?settlement ?settlementLabel WHERE {
  ?settlement wdt:P31 wd:Q486972 .
  ?settlement wdt:P795 wd:Q5742377 .
  ?settlement wdt:P131 wd:Q3995 .
  SERVICE wikibase:label { bd:serviceParam wikibase:language ""en"". }
}",True,True,True,1.0
135,medium,"What are the English, Welsh and Scottish counties that share borders?","SELECT DISTINCT ?county1 ?county1Label ?county2 ?county2Label WHERE {
  ?county1 wdt:[property:instance of] ?type1 .
  ?county2 wdt:[property:instance of] ?type2 .
  ?county1 wdt:[property:shares border with] ?county2 .
  VALUES ?type1 { wd:[entity:county of England] wd:[entity:county of Wales] wd:[entity:county of Scotland] wd:[entity:preserved county of Wales] wd:[entity:historic county of Scotland] }
  VALUES ?type2 { wd:[entity:county of England] wd:[entity:county of Wales] wd:[entity:county of Scotland] wd:[entity:preserved county of Wales] wd:[entity:historic county of Scotland] }
  SERVICE wikibase:label { bd:serviceParam wikibase:language ""en"". }
}","SELECT DISTINCT ?county1 ?county1Label ?county2 ?county2Label WHERE {
  ?county1 wdt:P31 ?type1 .
  ?county2 wdt:P31 ?type2 .
  ?county1 wdt:P47 ?county2 .
  VALUES ?type1 { wd:Q171809 wd:[entity:county of Wales] wd:Q1350181 wd:Q630638 wd:[entity:historic county of Scotland] }
  VALUES ?type2 { wd:Q171809 wd:[entity:county of Wales] wd:Q1350181 wd:Q630638 wd:[entity:historic county of Scotland] }
  SERVICE wikibase:label { bd:serviceParam wikibase:language ""en"". }
}",True,False,False,0.0
136,medium,List Indian people who died in 1959 and whose work is now public domain.,"SELECT DISTINCT ?person ?personLabel WHERE {
  ?person wdt:[property:instance of] wd:[entity:human] .
  ?person wdt:[property:country of citizenship] wd:[entity:India] .
  ?person wdt:[property:date of death] ?death .
  FILTER(YEAR(?death) = 1959)
  ?person wdt:[property:copyright status as a creator] wd:[entity:works are in the public domain in countries with 60 years pma or shorter] .
  SERVICE wikibase:label { bd:serviceParam wikibase:language ""en"". }
}","SELECT DISTINCT ?person ?personLabel WHERE {
  ?person wdt:[property:instance of] wd:Q5 .
  ?person wdt:[property:country of citizenship] wd:Q668 .
  ?person wdt:[property:date of death] ?death .
  FILTER(YEAR(?death) = 1959)
  ?person wdt:[property:copyright status as a creator] wd:[entity:works are in the public domain in countries with 60 years pma or shorter] .
  SERVICE wikibase:label { bd:serviceParam wikibase:language ""en"". }
}",True,False,False,0.0
137,medium,"List the top 100 lexemes with their corresponding lemmas, ordered by frequency of compound parts.","SELECT ?lexeme ?lemma (COUNT(?part) AS ?count) WHERE {
  ?lexeme wikibase:lemma ?lemma .
  ?lexeme wdt:[property:combines] ?part .
}
GROUP BY ?lexeme ?lemma
ORDER BY DESC(?count)
LIMIT 100","SELECT ?lexeme ?lemma (COUNT(?part) AS ?count) WHERE {
  ?lexeme wikibase:lemma ?lemma .
  ?lexeme wdt:P5238 ?part .
}
GROUP BY ?lexeme ?lemma
ORDER BY DESC(?count)
LIMIT 100",True,True,True,0.0503
138,medium,List all humans without children.,"SELECT ?human ?humanLabel WHERE {
  ?human wdt:[property:instance of] wd:[entity:human] .
  FILTER NOT EXISTS { ?human wdt:[property:child] ?child . }
  SERVICE wikibase:label { bd:serviceParam wikibase:language ""en"". }
}","SELECT ?human ?humanLabel WHERE {
  ?human wdt:P31 wd:Q5 .
  FILTER NOT EXISTS { ?human wdt:P40 ?child . }
  SERVICE wikibase:label { bd:serviceParam wikibase:language ""en"". }
}",True,True,False,0.0
139,medium,List all rivers in Antarctica.,"SELECT DISTINCT ?river ?riverLabel WHERE {
  ?river wdt:[property:instance of] wd:[entity:river] .
  ?river wdt:[property:continent] wd:[entity:Antarctica] .
  SERVICE wikibase:label { bd:serviceParam wikibase:language ""en"". }
}","SELECT DISTINCT ?river ?riverLabel WHERE {
  ?river wdt:P31 wd:Q4022 .
  ?river wdt:P30 wd:Q51 .
  SERVICE wikibase:label { bd:serviceParam wikibase:language ""en"". }
}",True,True,True,0.2443
140,medium,Show me a map of libraries located in Austria.,"SELECT ?library ?libraryLabel ?coord WHERE {
  ?library wdt:[property:instance of] wd:[entity:library] .
  ?library wdt:[property:country] wd:[entity:Austria] .
  ?library wdt:[property:coordinate location] ?coord .
  SERVICE wikibase:label { bd:serviceParam wikibase:language ""en"". }
}","SELECT ?library ?libraryLabel ?coord WHERE {
  ?library wdt:P31 wd:Q7075 .
  ?library wdt:P17 wd:Q40 .
  ?library wdt:P625 ?coord .
  SERVICE wikibase:label { bd:serviceParam wikibase:language ""en"". }
}",True,True,True,0.0226
141,medium,List all politicians who died from cancer.,"SELECT DISTINCT ?politician ?politicianLabel WHERE {
  ?politician wdt:[property:occupation] wd:[entity:politician] .
  ?politician wdt:[property:cause of death] ?cause .
  ?cause (wdt:[property:subclass of]*) wd:[entity:cancer] .
  SERVICE wikibase:label { bd:serviceParam wikibase:language ""en"". }
}","SELECT DISTINCT ?politician ?politicianLabel WHERE {
  ?politician wdt:P106 wd:Q82955 .
  ?politician wdt:P509 ?cause .
  ?cause (wdt:P279*) wd:Q12078 .
  SERVICE wikibase:label { bd:serviceParam wikibase:language ""en"". }
}",True,True,True,0.9794
142,medium,List the most popular heritage sites based on their sitelinks.,"SELECT ?site ?siteLabel ?sitelinks WHERE {
  ?site wdt:[property:instance of] wd:[entity:World Heritage Site].
  ?site wikibase:sitelinks ?sitelinks.
  SERVICE wikibase:label { bd:serviceParam wikibase:language ""en"". }
}
ORDER BY DESC(?sitelinks)
LIMIT 100","SELECT ?site ?siteLabel ?sitelinks WHERE {
  ?site wdt:P31 wd:Q9259.
  ?site wikibase:sitelinks ?sitelinks.
  SERVICE wikibase:label { bd:serviceParam wikibase:language ""en"". }
}
ORDER BY DESC(?sitelinks)
LIMIT 100",True,True,True,0.016
143,medium,List Belgian artists who died in 1949 and will have their work enter the public domain in 2020.,"SELECT DISTINCT ?artist ?artistLabel WHERE {
  ?artist wdt:[property:instance of] wd:[entity:human] .
  ?artist wdt:[property:occupation] wd:[entity:artist] .
  ?artist wdt:[property:country of citizenship] wd:[entity:Belgium] .
  ?artist wdt:[property:date of death] ?death .
  FILTER(YEAR(?death) = 1949)
  SERVICE wikibase:label { bd:serviceParam wikibase:language ""en"". }
}","SELECT DISTINCT ?artist ?artistLabel WHERE {
  ?artist wdt:P31 wd:Q5 .
  ?artist wdt:P106 wd:Q483501 .
  ?artist wdt:P27 wd:Q31 .
  ?artist wdt:P570 ?death .
  FILTER(YEAR(?death) = 1949)
  SERVICE wikibase:label { bd:serviceParam wikibase:language ""en"". }
}",True,True,True,0.0138
144,medium,List the top magic schools by student enrollment.,"SELECT ?school ?schoolLabel ?enrollment WHERE {
  ?school wdt:[property:instance of] wd:[entity:magic school] .
  ?school wdt:[property:students count] ?enrollment .
  SERVICE wikibase:label { bd:serviceParam wikibase:language ""en"". }
}
ORDER BY DESC(?enrollment)
LIMIT 10","SELECT ?school ?schoolLabel ?enrollment WHERE {
  ?school wdt:P31 wd:Q54857444 .
  ?school wdt:P2196 ?enrollment .
  SERVICE wikibase:label { bd:serviceParam wikibase:language ""en"". }
}
ORDER BY DESC(?enrollment)
LIMIT 10",True,True,True,0.0
145,medium,List the countries of origin for people affiliated with Ghana's top 3 traditional universities.,"SELECT DISTINCT ?country ?countryLabel WHERE {
  ?university wdt:[property:country] wd:[entity:Ghana] .
  ?university wdt:[property:instance of] wd:[entity:university] .
  ?person wdt:[property:educated at] ?university .
  ?person wdt:[property:country of citizenship] ?country .
  SERVICE wikibase:label { bd:serviceParam wikibase:language ""en"". }
}
LIMIT 3","SELECT DISTINCT ?country ?countryLabel WHERE {
  ?university wdt:P27 wd:Q117 .
  ?university wdt:P31 wd:Q3918 .
  ?person wdt:P69 ?university .
  ?person wdt:P27 ?country .
  SERVICE wikibase:label { bd:serviceParam wikibase:language ""en"". }
}
LIMIT 3",True,True,True,0.0
146,medium,List all male Americans born between 1875 and 1930 with exact dates of death but only year-specific birthdates.,"SELECT DISTINCT ?person ?personLabel ?birthDate ?deathDate WHERE {
  ?person wdt:[property:instance of] wd:[entity:human] .
  ?person wdt:[property:sex or gender] wd:[entity:male] .
  ?person wdt:[property:country of citizenship] wd:[entity:United States of America] .

  ?person p:[property:date of birth] ?birthStatement .
  ?birthStatement psv:[property:date of birth] ?birthValue .
  ?birthValue wikibase:timeValue ?birthDate .
  ?birthValue wikibase:timePrecision ?birthPrecision .
  FILTER(?birthPrecision = 9)

  ?person p:[property:date of death] ?deathStatement .
  ?deathStatement psv:[property:date of death] ?deathValue .
  ?deathValue wikibase:timeValue ?deathDate .
  ?deathValue wikibase:timePrecision ?deathPrecision .
  FILTER(?deathPrecision = 11)

  FILTER(YEAR(?birthDate) >= 1875 && YEAR(?birthDate) <= 1930)

  SERVICE wikibase:label { bd:serviceParam wikibase:language ""en"". }
}","SELECT DISTINCT ?person ?personLabel ?birthDate ?deathDate WHERE {
  ?person wdt:P31 wd:Q5 .
  ?person wdt:P21 wd:Q6581097 .
  ?person wdt:[property:country of citizenship] wd:Q30 .

  ?person p:[property:date of birth] ?birthStatement .
  ?birthStatement psv:[property:date of birth] ?birthValue .
  ?birthValue wikibase:timeValue ?birthDate .
  ?birthValue wikibase:timePrecision ?birthPrecision .
  FILTER(?birthPrecision = 9)

  ?person p:[property:date of death] ?deathStatement .
  ?deathStatement psv:[property:date of death] ?deathValue .
  ?deathValue wikibase:timeValue ?deathDate .
  ?deathValue wikibase:timePrecision ?deathPrecision .
  FILTER(?deathPrecision = 11)

  FILTER(YEAR(?birthDate) >= 1875 && YEAR(?birthDate) <= 1930)

  SERVICE wikibase:label { bd:serviceParam wikibase:language ""en"". }
}",True,False,False,0.0
147,medium,List the French towns that have a street in Paris named after them.,"SELECT DISTINCT ?town ?townLabel WHERE {
  ?street wdt:[property:instance of] wd:[entity:street] ;
          wdt:[property:located in the administrative territorial entity] wd:[entity:Paris] ;
          wdt:[property:named after] ?town .
  ?town wdt:[property:instance of]/wdt:[property:subclass of]* wd:[entity:commune of France] .
  SERVICE wikibase:label { bd:serviceParam wikibase:language ""en,fr"". }
}","SELECT DISTINCT ?town ?townLabel WHERE {
  ?street wdt:P31 wd:Q79007 ;
          wdt:P131 wd:Q90 ;
          wdt:P138 ?town .
  ?town wdt:P31/wdt:P279* wd:Q484170 .
  SERVICE wikibase:label { bd:serviceParam wikibase:language ""en,fr"". }
}",True,True,True,0.1348
148,medium,Show me a map of German states with links to iNaturalist observations.,"SELECT ?state ?stateLabel ?coord ?inaturalist WHERE {
  ?state wdt:[property:instance of] wd:[entity:state of Germany] .
  ?state wdt:[property:coordinate location] ?coord .
  OPTIONAL { ?state wdt:[property:iNaturalist place ID] ?inaturalist . }
  SERVICE wikibase:label { bd:serviceParam wikibase:language ""en"". }
}","SELECT ?state ?stateLabel ?coord ?inaturalist WHERE {
  ?state wdt:P31 wd:Q1221156 .
  ?state wdt:P625 ?coord .
  OPTIONAL { ?state wdt:[property:iNaturalist place ID] ?inaturalist . }
  SERVICE wikibase:label { bd:serviceParam wikibase:language ""en"". }
}",True,False,False,0.0
149,medium,What are the Alpine peaks with an elevation above 1500 meters?,"SELECT ?peak ?peakLabel ?elevation WHERE {
  ?peak wdt:[property:instance of] wd:[entity:mountain] .
  ?peak wdt:[property:mountain range] wd:[entity:Alps] .
  ?peak wdt:[property:elevation above sea level] ?elevation .
  FILTER(?elevation > 1500)
  SERVICE wikibase:label { bd:serviceParam wikibase:language ""en"". }
}","SELECT ?peak ?peakLabel ?elevation WHERE {
  ?peak wdt:P31 wd:Q8502 .
  ?peak wdt:P4552 wd:Q1286 .
  ?peak wdt:P2044 ?elevation .
  FILTER(?elevation > 1500)
  SERVICE wikibase:label { bd:serviceParam wikibase:language ""en"". }
}",True,True,True,0.0
150,medium,Show me the locations of Pablo Picasso's artworks on a map.,"SELECT ?artwork ?artworkLabel ?location ?locationLabel ?coordinates WHERE {
  ?artwork wdt:[property:creator] wd:[entity:Pablo Picasso] .
  ?artwork wdt:[property:location] ?location .
  ?location wdt:[property:coordinate location] ?coordinates .
  SERVICE wikibase:label { bd:serviceParam wikibase:language ""en"". }
}","SELECT ?artwork ?artworkLabel ?location ?locationLabel ?coordinates WHERE {
  ?artwork wdt:P170 wd:Q5593 .
  ?artwork wdt:P276 ?location .
  ?location wdt:P625 ?coordinates .
  SERVICE wikibase:label { bd:serviceParam wikibase:language ""en"". }
}",True,True,True,0.7419
151,medium,Find scientific statements related to the DOI 10.10.21/JA01577A030.,"SELECT ?statement WHERE {
  ?statement wdt:[property:DOI] ""10.10.21/JA01577A030"" .
}","SELECT ?statement WHERE {
  ?statement wdt:P356 ""10.10.21/JA01577A030"" .
}",True,True,True,1.0
152,medium,List all Hebrew nouns that can be both masculine and feminine.,"SELECT DISTINCT ?lexeme ?lemma WHERE {
  ?lexeme dct:language wd:[entity:Hebrew] ;
          wikibase:lexicalCategory wd:[entity:noun] ;
          wikibase:lemma ?lemma ;
          wdt:[property:grammatical gender] wd:[entity:masculine] ;
          wdt:[property:grammatical gender] wd:[entity:feminine] .
}","SELECT DISTINCT ?lexeme ?lemma WHERE {
  ?lexeme dct:language wd:Q9288 ;
          wikibase:lexicalCategory wd:Q1084 ;
          wikibase:lemma ?lemma ;
          wdt:P5185 wd:Q499327 ;
          wdt:P5185 wd:Q1775415 .
}",True,True,True,0.0
153,medium,List all winners of the FSF Award for the Advancement of Free Software along with their images.,"SELECT ?winner ?winnerLabel ?image WHERE {
  ?winner wdt:[property:award received] wd:[entity:FSF Award for the Advancement of Free Software] .
  OPTIONAL { ?winner wdt:[property:image] ?image . }
  SERVICE wikibase:label { bd:serviceParam wikibase:language ""en"". }
}","SELECT ?winner ?winnerLabel ?image WHERE {
  ?winner wdt:P166 wd:Q1389573 .
  OPTIONAL { ?winner wdt:P18 ?image . }
  SERVICE wikibase:label { bd:serviceParam wikibase:language ""en"". }
}",True,True,True,0.6623
154,medium,Find images of languages and their dialects.,"SELECT ?language ?languageLabel ?dialect ?dialectLabel ?image ?dialectImage WHERE {
  ?language wdt:[property:instance of] wd:[entity:language] .
  ?dialect wdt:[property:dialect of] ?language .
  OPTIONAL { ?language wdt:[property:image] ?image . }
  OPTIONAL { ?dialect wdt:[property:image] ?dialectImage . }
  SERVICE wikibase:label { bd:serviceParam wikibase:language ""en"". }
}","SELECT ?language ?languageLabel ?dialect ?dialectLabel ?image ?dialectImage WHERE {
  ?language wdt:P31 wd:Q34770 .
  ?dialect wdt:P4913 ?language .
  OPTIONAL { ?language wdt:P18 ?image . }
  OPTIONAL { ?dialect wdt:P18 ?dialectImage . }
  SERVICE wikibase:label { bd:serviceParam wikibase:language ""en"". }
}",True,True,True,0.0412
155,medium,"Show me a map of parishes in New South Wales, Australia, organized by county.","SELECT ?parish ?parishLabel ?county ?countyLabel ?coord WHERE {
  ?parish wdt:[property:instance of] wd:[entity:cadastral division of New South Wales] .
  ?parish wdt:[property:located in the administrative territorial entity] ?county .
  ?county wdt:[property:instance of] wd:[entity:Cadastral divisions of New South Wales] .
  OPTIONAL { ?parish wdt:[property:coordinate location] ?coord . }
  SERVICE wikibase:label { bd:serviceParam wikibase:language ""en"". }
}
ORDER BY ?countyLabel ?parishLabel","SELECT ?parish ?parishLabel ?county ?countyLabel ?coord WHERE {
  ?parish wdt:P31 wd:[entity:cadastral division of New South Wales] .
  ?parish wdt:P131 ?county .
  ?county wdt:P31 wd:[entity:Cadastral divisions of New South Wales] .
  OPTIONAL { ?parish wdt:P625 ?coord . }
  SERVICE wikibase:label { bd:serviceParam wikibase:language ""en"". }
}
ORDER BY ?countyLabel ?parishLabel",True,False,False,0.0
156,medium,List all organizations with their geographic locations.,"SELECT ?org ?orgLabel ?location ?locationLabel WHERE {
  ?org wdt:[property:instance of] wd:[entity:organization] .
  ?org wdt:[property:headquarters location] ?location .
  SERVICE wikibase:label { bd:serviceParam wikibase:language ""en"". }
}","SELECT ?org ?orgLabel ?location ?locationLabel WHERE {
  ?org wdt:P31 wd:Q43229 .
  ?org wdt:P159 ?location .
  SERVICE wikibase:label { bd:serviceParam wikibase:language ""en"". }
}",True,True,False,0.0
157,medium,List all French watercraft whose name begins with the letter A.,"SELECT DISTINCT ?watercraft ?watercraftLabel WHERE {
  ?watercraft wdt:[property:instance of]/wdt:[property:subclass of]* wd:[entity:watercraft] .
  ?watercraft wdt:[property:country] wd:[entity:France] .
  ?watercraft rdfs:label ?watercraftLabel .
  FILTER(LANG(?watercraftLabel) = ""en"")
  FILTER(STRSTARTS(?watercraftLabel, ""A""))
}","SELECT DISTINCT ?watercraft ?watercraftLabel WHERE {
  ?watercraft wdt:P31/wdt:P279* wd:Q1229765 .
  ?watercraft wdt:P17 wd:Q142 .
  ?watercraft rdfs:label ?watercraftLabel .
  FILTER(LANG(?watercraftLabel) = ""en"")
  FILTER(STRSTARTS(?watercraftLabel, ""A""))
}",True,True,True,0.3478
158,medium,List Indian films that are remakes of other Indian movies.,"SELECT DISTINCT ?film ?filmLabel ?original ?originalLabel WHERE {
  ?film wdt:[property:instance of] wd:[entity:film] .
  ?film wdt:[property:country of origin] wd:[entity:India] .
  ?film wdt:[property:based on] ?original .
  ?original wdt:[property:instance of] wd:[entity:film] .
  ?original wdt:[property:country of origin] wd:[entity:India] .
  SERVICE wikibase:label { bd:serviceParam wikibase:language ""en"". }
}","SELECT DISTINCT ?film ?filmLabel ?original ?originalLabel WHERE {
  ?film wdt:P31 wd:Q11424 .
  ?film wdt:P495 wd:Q668 .
  ?film wdt:P144 ?original .
  ?original wdt:P31 wd:Q11424 .
  ?original wdt:P495 wd:Q668 .
  SERVICE wikibase:label { bd:serviceParam wikibase:language ""en"". }
}",True,True,True,1.0
159,medium,List the countries with the most metal bands.,"SELECT ?country ?countryLabel (COUNT(DISTINCT ?band) AS ?count) WHERE {
  ?band wdt:[property:instance of] wd:[entity:band] ;
        wdt:[property:genre] ?genre ;
        wdt:[property:country of origin] ?country .
  ?genre wdt:[property:subclass of]* wd:[entity:heavy metal] .
  SERVICE wikibase:label { bd:serviceParam wikibase:language ""en"". }
}
GROUP BY ?country ?countryLabel
ORDER BY DESC(?count)
LIMIT 20","SELECT ?country ?countryLabel (COUNT(DISTINCT ?band) AS ?count) WHERE {
  ?band wdt:P31 wd:Q215380 ;
        wdt:P136 ?genre ;
        wdt:P495 ?country .
  ?genre wdt:[property:subclass of]* wd:Q38848 .
  SERVICE wikibase:label { bd:serviceParam wikibase:language ""en"". }
}
GROUP BY ?country ?countryLabel
ORDER BY DESC(?count)
LIMIT 20",True,False,False,0.0
160,medium,List all popes who had a parent that was also a pope.,"SELECT DISTINCT ?pope ?popeLabel ?parent ?parentLabel WHERE {
  ?pope wdt:[property:position held] wd:[entity:pope] .
  ?pope wdt:[property:father] ?parent .
  ?parent wdt:[property:position held] wd:[entity:pope] .
  SERVICE wikibase:label { bd:serviceParam wikibase:language ""en"". }
}","SELECT DISTINCT ?pope ?popeLabel ?parent ?parentLabel WHERE {
  ?pope wdt:P39 wd:[entity:pope] .
  ?pope wdt:P22 ?parent .
  ?parent wdt:P39 wd:[entity:pope] .
  SERVICE wikibase:label { bd:serviceParam wikibase:language ""en"". }
}",True,False,False,0.0
161,medium,List all locations with the name 'Earth' in any language.,"SELECT DISTINCT ?location ?label WHERE {
  ?location wdt:[property:instance of]/wdt:[property:subclass of]* wd:[entity:location] .
  ?location rdfs:label ?label .
  FILTER(LCASE(STR(?label)) = ""earth"")
}","SELECT DISTINCT ?location ?label WHERE {
  ?location wdt:P31/wdt:P279* wd:Q2221906 .
  ?location rdfs:label ?label .
  FILTER(LCASE(STR(?label)) = ""earth"")
}",True,True,False,0.0
162,medium,List scientific papers where an animal is credited as a co-author.,"SELECT DISTINCT ?paper ?paperLabel ?author ?authorLabel WHERE {
  ?paper wdt:[property:instance of] wd:[entity:scholarly article] .
  ?paper wdt:[property:author] ?author .
  ?author wdt:[property:instance of] ?type .
  ?type wdt:[property:subclass of]* wd:[entity:animal] .
  SERVICE wikibase:label { bd:serviceParam wikibase:language ""en"". }
}","SELECT DISTINCT ?paper ?paperLabel ?author ?authorLabel WHERE {
  ?paper wdt:P31 wd:Q13442814 .
  ?paper wdt:P50 ?author .
  ?author wdt:P31 ?type .
  ?type wdt:P279* wd:Q729 .
  SERVICE wikibase:label { bd:serviceParam wikibase:language ""en"". }
}",True,True,True,1.0
163,medium,List all archaeological sites without coordinates.,"SELECT ?site ?siteLabel WHERE {
  ?site wdt:[property:instance of] wd:[entity:archaeological site] .
  FILTER NOT EXISTS { ?site wdt:[property:coordinate location] ?coord . }
  SERVICE wikibase:label { bd:serviceParam wikibase:language ""en"". }
}","SELECT ?site ?siteLabel WHERE {
  ?site wdt:P31 wd:Q839954 .
  FILTER NOT EXISTS { ?site wdt:P625 ?coord . }
  SERVICE wikibase:label { bd:serviceParam wikibase:language ""en"". }
}",True,True,True,0.6746
164,medium,List national flags that have inscriptions on them.,"SELECT DISTINCT ?flag ?flagLabel WHERE {
  ?flag wdt:[property:instance of] wd:[entity:national flag] .
  ?flag wdt:[property:depicts] wd:[entity:inscription] .
  SERVICE wikibase:label { bd:serviceParam wikibase:language ""en"". }
}","SELECT DISTINCT ?flag ?flagLabel WHERE {
  ?flag wdt:P31 wd:Q186516 .
  ?flag wdt:P180 wd:Q1640824 .
  SERVICE wikibase:label { bd:serviceParam wikibase:language ""en"". }
}",True,True,True,0.0
165,medium,Find individuals with both UK National Archives and US NARA IDs.,"SELECT DISTINCT ?person ?personLabel ?ukNationalArchivesID ?naraID WHERE {
  ?person wdt:[property:instance of] wd:[entity:human] .
  ?person wdt:[property:UK National Archives ID] ?ukNationalArchivesID .
  ?person wdt:[property:NARA record group number] ?naraID .
  SERVICE wikibase:label { bd:serviceParam wikibase:language ""en"". }
}","SELECT DISTINCT ?person ?personLabel ?ukNationalArchivesID ?naraID WHERE {
  ?person wdt:P31 wd:Q5 .
  ?person wdt:P3029 ?ukNationalArchivesID .
  ?person wdt:P6759 ?naraID .
  SERVICE wikibase:label { bd:serviceParam wikibase:language ""en"". }
}",True,True,True,0.0
166,medium,List countries with featured articles on Russian Wikipedia.,"SELECT DISTINCT ?country WHERE {
  ?country wdt:[property:instance of] wd:[entity:country] .
  ?article schema:about ?country ;
           schema:isPartOf <https://ru.wikipedia.org/> ;
           wikibase:badge wd:[entity:Featured article badge] .
}","SELECT DISTINCT ?country WHERE {
  ?country wdt:P31 wd:Q6256 .
  ?article schema:about ?country ;
           schema:isPartOf <https://ru.wikipedia.org/> ;
           wikibase:badge wd:Q17437796 .
}",True,True,True,0.0
167,medium,List all fortifications related to the Dutch East India Company (VOC) and the Dutch West India Company (WIC).,"SELECT DISTINCT ?fortification ?fortificationLabel WHERE {
  ?fortification wdt:[property:instance of]/wdt:[property:subclass of]* wd:[entity:fortification] .
  {
    ?fortification wdt:[property:operator] wd:[entity:Dutch East India Company] .
  }
  UNION
  {
    ?fortification wdt:[property:operator] wd:[entity:Dutch West India Company] .
  }
  SERVICE wikibase:label { bd:serviceParam wikibase:language ""en"". }
}","SELECT DISTINCT ?fortification ?fortificationLabel WHERE {
  ?fortification wdt:P31/wdt:P279* wd:Q57821 .
  {
    ?fortification wdt:P137 wd:Q159766 .
  }
  UNION
  {
    ?fortification wdt:P137 wd:Q617066 .
  }
  SERVICE wikibase:label { bd:serviceParam wikibase:language ""en"". }
}",True,True,True,0.0
168,medium,List all movies directed by Jean-Luc Godard in chronological order.,"SELECT ?film ?filmLabel ?date WHERE {
  ?film wdt:[property:instance of] wd:[entity:film] .
  ?film wdt:[property:director] wd:[entity:Jean-Luc Godard] .
  OPTIONAL { ?film wdt:[property:publication date] ?date . }
  SERVICE wikibase:label { bd:serviceParam wikibase:language ""en"". }
}
ORDER BY ?date","SELECT ?film ?filmLabel ?date WHERE {
  ?film wdt:P31 wd:Q11424 .
  ?film wdt:P57 wd:Q53001 .
  OPTIONAL { ?film wdt:P577 ?date . }
  SERVICE wikibase:label { bd:serviceParam wikibase:language ""en"". }
}
ORDER BY ?date",True,True,True,0.5761
169,medium,Show me a map of the birthplaces of artists featured in Europeana 280.,"SELECT ?artist ?artistLabel ?birthplace ?birthplaceLabel ?coord WHERE {
  ?artist wdt:[property:represented by]* wd:[entity:Europeana 280] .
  ?artist wdt:[property:place of birth] ?birthplace .
  ?birthplace wdt:[property:coordinate location] ?coord .
  SERVICE wikibase:label { bd:serviceParam wikibase:language ""en"". }
}

Note: ""Europeana 280"" artists are typically linked via a participant/featured-in relationship. A more accurate query:

SELECT ?artist ?artistLabel ?birthplace ?birthplaceLabel ?coord WHERE {
  ?artist wdt:[property:part of] wd:[entity:Europeana 280] .
  ?artist wdt:[property:place of birth] ?birthplace .
  ?birthplace wdt:[property:coordinate location] ?coord .
  SERVICE wikibase:label { bd:serviceParam wikibase:language ""en"". }
}","SELECT ?artist ?artistLabel ?birthplace ?birthplaceLabel ?coord WHERE {
  ?artist wdt:P1875* wd:Q20980830 .
  ?artist wdt:P19 ?birthplace .
  ?birthplace wdt:P625 ?coord .
  SERVICE wikibase:label { bd:serviceParam wikibase:language ""en"". }
}

Note: ""Europeana 280"" artists are typically linked via a participant/featured-in relationship. A more accurate query:

SELECT ?artist ?artistLabel ?birthplace ?birthplaceLabel ?coord WHERE {
  ?artist wdt:P361 wd:Q20980830 .
  ?artist wdt:P19 ?birthplace .
  ?birthplace wdt:P625 ?coord .
  SERVICE wikibase:label { bd:serviceParam wikibase:language ""en"". }
}",True,True,False,0.0
170,medium,List the people who have both a warship and a microarchitecture named after them.,"SELECT DISTINCT ?person ?personLabel WHERE {
  ?warship wdt:[property:instance of]/wdt:[property:subclass of]* wd:[entity:warship] ;
           wdt:[property:named after] ?person .
  ?microarch wdt:[property:instance of] wd:[entity:microarchitecture] ;
             wdt:[property:named after] ?person .
  ?person wdt:[property:instance of] wd:[entity:human] .
  SERVICE wikibase:label { bd:serviceParam wikibase:language ""en"". }
}","SELECT DISTINCT ?person ?personLabel WHERE {
  ?warship wdt:P31/wdt:P279* wd:Q2031121 ;
           wdt:[property:named after] ?person .
  ?microarch wdt:P31 wd:Q259864 ;
             wdt:[property:named after] ?person .
  ?person wdt:P31 wd:Q5 .
  SERVICE wikibase:label { bd:serviceParam wikibase:language ""en"". }
}",True,False,False,0.0
171,medium,List all types of food in English.,"SELECT DISTINCT ?food ?foodLabel WHERE {
  ?food wdt:[property:instance of] wd:[entity:type of food] .
  SERVICE wikibase:label { bd:serviceParam wikibase:language ""en"" . }
}","SELECT DISTINCT ?food ?foodLabel WHERE {
  ?food wdt:[property:instance of] wd:[entity:type of food] .
  SERVICE wikibase:label { bd:serviceParam wikibase:language ""en"" . }
}",True,False,False,0.0
172,medium,List all female artists.,"SELECT DISTINCT ?artist ?artistLabel WHERE {
  ?artist wdt:[property:occupation] wd:[entity:artist] .
  ?artist wdt:[property:sex or gender] wd:[entity:female] .
  SERVICE wikibase:label { bd:serviceParam wikibase:language ""en"". }
}","SELECT DISTINCT ?artist ?artistLabel WHERE {
  ?artist wdt:P106 wd:Q483501 .
  ?artist wdt:P21 wd:Q6581072 .
  SERVICE wikibase:label { bd:serviceParam wikibase:language ""en"". }
}",True,True,True,0.0
173,medium,List all paintings that are classified as still life and were created by female artists.,"SELECT DISTINCT ?painting ?paintingLabel ?artist ?artistLabel WHERE {
  ?painting wdt:[property:instance of] wd:[entity:painting] .
  ?painting wdt:[property:genre] wd:[entity:still life] .
  ?painting wdt:[property:creator] ?artist .
  ?artist wdt:[property:sex or gender] wd:[entity:female] .
  SERVICE wikibase:label { bd:serviceParam wikibase:language ""en"". }
}","SELECT DISTINCT ?painting ?paintingLabel ?artist ?artistLabel WHERE {
  ?painting wdt:P31 wd:Q3305213 .
  ?painting wdt:P136 wd:Q170571 .
  ?painting wdt:P170 ?artist .
  ?artist wdt:P21 wd:Q6581072 .
  SERVICE wikibase:label { bd:serviceParam wikibase:language ""en"". }
}",True,True,True,0.225
174,medium,List all articles about Wikidata instances.,"SELECT ?article WHERE {
  ?article wdt:[property:main subject] wd:[entity:Wikidata] .
}","SELECT ?article WHERE {
  ?article wdt:P921 wd:Q2013 .
}",True,True,True,0.1975
175,medium,Find statements with a specific value assigned to property P1343 and retrieve their references.,"SELECT ?statement ?value ?reference WHERE {
  ?statement ps:[property:described by source] ?value .
  ?statement prov:wasDerivedFrom ?reference .
}","SELECT ?statement ?value ?reference WHERE {
  ?statement ps:P1343 ?value .
  ?statement prov:wasDerivedFrom ?reference .
}",True,True,False,0.0
176,medium,Show me a map of lakes and rivers in France.,"SELECT ?item ?itemLabel ?coord WHERE {
  ?item wdt:[property:country] wd:[entity:France] .
  ?item wdt:[property:instance of] ?type .
  VALUES ?type { wd:[entity:lake] wd:[entity:river] }
  ?item wdt:[property:coordinate location] ?coord .
  SERVICE wikibase:label { bd:serviceParam wikibase:language ""en"". }
}","SELECT ?item ?itemLabel ?coord WHERE {
  ?item wdt:P17 wd:Q142 .
  ?item wdt:P31 ?type .
  VALUES ?type { wd:Q23397 wd:Q4022 }
  ?item wdt:P625 ?coord .
  SERVICE wikibase:label { bd:serviceParam wikibase:language ""en"". }
}",True,True,False,0.0
177,medium,Find paintings of ships created by Charles Heaphy.,"SELECT ?painting ?paintingLabel WHERE {
  ?painting wdt:[property:creator] wd:[entity:Charles Heaphy] .
  ?painting wdt:[property:instance of] wd:[entity:painting] .
  ?painting wdt:[property:depicts] wd:[entity:ship] .
  SERVICE wikibase:label { bd:serviceParam wikibase:language ""en"". }
}","SELECT ?painting ?paintingLabel WHERE {
  ?painting wdt:P170 wd:Q1064767 .
  ?painting wdt:P31 wd:Q3305213 .
  ?painting wdt:P180 wd:Q11446 .
  SERVICE wikibase:label { bd:serviceParam wikibase:language ""en"". }
}",True,True,True,0.0
178,medium,Show me a map of images from the Wicipics project in Wales.,"SELECT ?item ?itemLabel ?image ?coord WHERE {
  ?item wdt:[property:on focus list of Wikimedia project] wd:[entity:Wicipics] .
  OPTIONAL { ?item wdt:[property:image] ?image . }
  ?item wdt:[property:coordinate location] ?coord .
  SERVICE wikibase:label { bd:serviceParam wikibase:language ""en,cy"". }
}","SELECT ?item ?itemLabel ?image ?coord WHERE {
  ?item wdt:P5008 wd:Q101553389 .
  OPTIONAL { ?item wdt:P18 ?image . }
  ?item wdt:P625 ?coord .
  SERVICE wikibase:label { bd:serviceParam wikibase:language ""en,cy"". }
}",True,True,True,0.6012
179,medium,List all poets from the Kingdom of Great Britain with known birth and death years.,"SELECT DISTINCT ?poet ?poetLabel ?birthYear ?deathYear WHERE {
  ?poet wdt:[property:occupation] wd:[entity:poet] .
  ?poet wdt:[property:country of citizenship] wd:[entity:Kingdom of Great Britain] .
  ?poet wdt:[property:date of birth] ?birth .
  ?poet wdt:[property:date of death] ?death .
  BIND(YEAR(?birth) AS ?birthYear)
  BIND(YEAR(?death) AS ?deathYear)
  SERVICE wikibase:label { bd:serviceParam wikibase:language ""en"". }
}","SELECT DISTINCT ?poet ?poetLabel ?birthYear ?deathYear WHERE {
  ?poet wdt:P106 wd:Q49757 .
  ?poet wdt:P27 wd:Q161885 .
  ?poet wdt:P569 ?birth .
  ?poet wdt:P570 ?death .
  BIND(YEAR(?birth) AS ?birthYear)
  BIND(YEAR(?death) AS ?deathYear)
  SERVICE wikibase:label { bd:serviceParam wikibase:language ""en"". }
}",True,True,True,0.7324
180,medium,List all coups d'etat that occurred in the 21st century.,"SELECT DISTINCT ?coup ?coupLabel ?date WHERE {
  ?coup wdt:[property:instance of] wd:[entity:coup d'état] .
  OPTIONAL { ?coup wdt:[property:point in time] ?date . }
  FILTER(?date >= ""2001-01-01T00:00:00Z""^^xsd:dateTime)
  SERVICE wikibase:label { bd:serviceParam wikibase:language ""en"". }
}
ORDER BY ?date","SELECT DISTINCT ?coup ?coupLabel ?date WHERE {
  ?coup wdt:[property:instance of] wd:[entity:coup d'état] .
  OPTIONAL { ?coup wdt:[property:point in time] ?date . }
  FILTER(?date >= ""2001-01-01T00:00:00Z""^^xsd:dateTime)
  SERVICE wikibase:label { bd:serviceParam wikibase:language ""en"". }
}
ORDER BY ?date",True,False,False,0.0
181,medium,List all Wikidata entities with multiple Electronic Enlightenment IDs.,"SELECT ?entity WHERE {
  ?entity wdt:[property:Electronic Enlightenment ID] ?id .
}
GROUP BY ?entity
HAVING (COUNT(?id) > 1)","SELECT ?entity WHERE {
  ?entity wdt:[property:Electronic Enlightenment ID] ?id .
}
GROUP BY ?entity
HAVING (COUNT(?id) > 1)",True,False,False,0.0
182,medium,List German movie titles that imply someone or something doesn't answer.,"SELECT DISTINCT ?film ?filmLabel WHERE {
  ?film wdt:[property:instance of] wd:[entity:film] .
  ?film wdt:[property:original language of film or TV show] wd:[entity:German] .
  ?film rdfs:label ?filmLabel .
  FILTER(LANG(?filmLabel) = ""de"")
  FILTER(CONTAINS(LCASE(?filmLabel), ""antwortet nicht""))
}","SELECT DISTINCT ?film ?filmLabel WHERE {
  ?film wdt:P31 wd:Q11424 .
  ?film wdt:P364 wd:Q188 .
  ?film rdfs:label ?filmLabel .
  FILTER(LANG(?filmLabel) = ""de"")
  FILTER(CONTAINS(LCASE(?filmLabel), ""antwortet nicht""))
}",True,True,True,0.1143
183,medium,List all female artists.,"SELECT ?artist ?artistLabel WHERE {
  ?artist wdt:[property:instance of] wd:[entity:human] .
  ?artist wdt:[property:occupation] wd:[entity:artist] .
  ?artist wdt:[property:sex or gender] wd:[entity:female] .
  SERVICE wikibase:label { bd:serviceParam wikibase:language ""en"". }
}","SELECT ?artist ?artistLabel WHERE {
  ?artist wdt:P31 wd:Q5 .
  ?artist wdt:P106 wd:Q483501 .
  ?artist wdt:P21 wd:Q6581072 .
  SERVICE wikibase:label { bd:serviceParam wikibase:language ""en"". }
}",True,True,True,0.0001
184,medium,List all biological taxa named after metal music bands.,"SELECT DISTINCT ?taxon ?taxonLabel ?band ?bandLabel WHERE {
  ?taxon wdt:[property:named after] ?band .
  ?band wdt:[property:instance of] wd:[entity:musical group] .
  ?band wdt:[property:genre] ?genre .
  ?genre wdt:[property:subclass of]* wd:[entity:heavy metal] .
  ?taxon wdt:[property:instance of] wd:[entity:taxon] .
  SERVICE wikibase:label { bd:serviceParam wikibase:language ""en"". }
}","SELECT DISTINCT ?taxon ?taxonLabel ?band ?bandLabel WHERE {
  ?taxon wdt:P138 ?band .
  ?band wdt:P31 wd:Q215380 .
  ?band wdt:P136 ?genre .
  ?genre wdt:P279* wd:Q38848 .
  ?taxon wdt:P31 wd:Q16521 .
  SERVICE wikibase:label { bd:serviceParam wikibase:language ""en"". }
}",True,True,True,0.1237
185,medium,List authors with their Project Gutenberg IDs and Electronic Enlightenment IDs.,"SELECT ?author ?authorLabel ?gutenbergID ?eeID WHERE {
  ?author wdt:[property:Project Gutenberg author ID] ?gutenbergID.
  ?author wdt:[property:Electronic Enlightenment ID] ?eeID.
  SERVICE wikibase:label { bd:serviceParam wikibase:language ""[AUTO_LANGUAGE],en"". }
}","SELECT ?author ?authorLabel ?gutenbergID ?eeID WHERE {
  ?author wdt:P1938 ?gutenbergID.
  ?author wdt:P3429 ?eeID.
  SERVICE wikibase:label { bd:serviceParam wikibase:language ""[AUTO_LANGUAGE],en"". }
}",True,True,True,0.5987
186,medium,List all artworks created by Ferdinand Bauer that do not have a 'depicts' property.,"SELECT ?artwork ?artworkLabel WHERE {
  ?artwork wdt:[property:creator] wd:[entity:Ferdinand Bauer] .
  FILTER NOT EXISTS { ?artwork wdt:[property:depicts] ?depicts . }
  SERVICE wikibase:label { bd:serviceParam wikibase:language ""en"". }
}","SELECT ?artwork ?artworkLabel WHERE {
  ?artwork wdt:P170 wd:Q79012 .
  FILTER NOT EXISTS { ?artwork wdt:P180 ?depicts . }
  SERVICE wikibase:label { bd:serviceParam wikibase:language ""en"". }
}",True,True,True,0.995
187,medium,List the notable people whose doctoral advisor was a University of Bristol alum.,"SELECT DISTINCT ?person ?personLabel WHERE {
  ?advisor wdt:[property:educated at] wd:[entity:University of Bristol] .
  ?person wdt:[property:doctoral advisor] ?advisor .
  SERVICE wikibase:label { bd:serviceParam wikibase:language ""en"". }
}","SELECT DISTINCT ?person ?personLabel WHERE {
  ?advisor wdt:P69 wd:Q459506 .
  ?person wdt:P184 ?advisor .
  SERVICE wikibase:label { bd:serviceParam wikibase:language ""en"". }
}",True,True,True,0.7435
188,medium,List the top software titles with their dependency counts.,"SELECT ?software ?softwareLabel (COUNT(?dependency) AS ?dependencyCount) WHERE {
  ?software wdt:[property:instance of] wd:[entity:software] .
  ?software wdt:[property:depends on software] ?dependency .
  SERVICE wikibase:label { bd:serviceParam wikibase:language ""en"". }
}
GROUP BY ?software ?softwareLabel
ORDER BY DESC(?dependencyCount)
LIMIT 100","SELECT ?software ?softwareLabel (COUNT(?dependency) AS ?dependencyCount) WHERE {
  ?software wdt:P31 wd:Q7397 .
  ?software wdt:P1547 ?dependency .
  SERVICE wikibase:label { bd:serviceParam wikibase:language ""en"". }
}
GROUP BY ?software ?softwareLabel
ORDER BY DESC(?dependencyCount)
LIMIT 100",True,True,True,0.0
189,medium,List all tram bridges located in France.,"SELECT ?bridge ?bridgeLabel WHERE {
  ?bridge wdt:[property:instance of] wd:[entity:tram bridge] .
  ?bridge wdt:[property:country] wd:[entity:France] .
  SERVICE wikibase:label { bd:serviceParam wikibase:language ""en"". }
}","SELECT ?bridge ?bridgeLabel WHERE {
  ?bridge wdt:P31 wd:Q18615527 .
  ?bridge wdt:P17 wd:Q142 .
  SERVICE wikibase:label { bd:serviceParam wikibase:language ""en"". }
}",True,True,True,0.2362
190,medium,List all works with languages spoken in a specific country.,"SELECT DISTINCT ?work ?workLabel WHERE {
  ?work wdt:[property:language of work or name] ?language .
  ?language wdt:[property:indigenous to] wd:[entity:specific country] .
  SERVICE wikibase:label { bd:serviceParam wikibase:language ""en"". }
}","SELECT DISTINCT ?work ?workLabel WHERE {
  ?work wdt:P407 ?language .
  ?language wdt:P2341 wd:[entity:specific country] .
  SERVICE wikibase:label { bd:serviceParam wikibase:language ""en"". }
}",True,False,False,0.0
191,medium,"List the children of Johann Sebastian Bach with his first wife, Maria Barbara Bach.","SELECT ?child ?childLabel WHERE {
  ?child wdt:[property:father] wd:[entity:Johann Sebastian Bach] .
  ?child wdt:[property:mother] wd:[entity:Maria Barbara Bach] .
  SERVICE wikibase:label { bd:serviceParam wikibase:language ""en"". }
}","SELECT ?child ?childLabel WHERE {
  ?child wdt:P22 wd:Q1339 .
  ?child wdt:P25 wd:Q57487 .
  SERVICE wikibase:label { bd:serviceParam wikibase:language ""en"". }
}",True,True,True,1.0
192,medium,List all lexemes that describe a color.,"SELECT ?lexeme ?lemma WHERE {
  ?lexeme wdt:[property:described by source] ?source .
  ?lexeme wikibase:lemma ?lemma .
}

Let me reconsider. The proper way to find lexemes describing a color:

SELECT ?lexeme ?lemma WHERE {
  ?lexeme a ontolex:LexicalEntry .
  ?lexeme wikibase:lemma ?lemma .
  ?lexeme ontolex:sense ?sense .
  ?sense wdt:[property:color] ?color .
}","SELECT ?lexeme ?lemma WHERE {
  ?lexeme wdt:P1343 ?source .
  ?lexeme wikibase:lemma ?lemma .
}

Let me reconsider. The proper way to find lexemes describing a color:

SELECT ?lexeme ?lemma WHERE {
  ?lexeme a ontolex:LexicalEntry .
  ?lexeme wikibase:lemma ?lemma .
  ?lexeme ontolex:sense ?sense .
  ?sense wdt:P462 ?color .
}",True,True,False,0.0
193,medium,List all individuals buried in Pere-Lachaise cemetery who were born in a Ukrainian city.,"SELECT DISTINCT ?person ?personLabel ?birthplaceLabel WHERE {
  ?person wdt:[property:place of burial] wd:[entity:Père Lachaise Cemetery] .
  ?person wdt:[property:place of birth] ?birthplace .
  ?birthplace wdt:[property:country] wd:[entity:Ukraine] .
  SERVICE wikibase:label { bd:serviceParam wikibase:language ""en"". }
}","SELECT DISTINCT ?person ?personLabel ?birthplaceLabel WHERE {
  ?person wdt:P119 wd:Q311 .
  ?person wdt:P19 ?birthplace .
  ?birthplace wdt:[property:country] wd:Q212 .
  SERVICE wikibase:label { bd:serviceParam wikibase:language ""en"". }
}",True,False,False,0.0
194,medium,List all films shot in Austria.,"SELECT DISTINCT ?film ?filmLabel WHERE {
  ?film wdt:[property:instance of] wd:[entity:film] .
  ?film wdt:[property:filming location] ?location .
  ?location wdt:[property:country] wd:[entity:Austria] .
  SERVICE wikibase:label { bd:serviceParam wikibase:language ""en"". }
}","SELECT DISTINCT ?film ?filmLabel WHERE {
  ?film wdt:P31 wd:Q11424 .
  ?film wdt:P915 ?location .
  ?location wdt:P17 wd:Q40 .
  SERVICE wikibase:label { bd:serviceParam wikibase:language ""en"". }
}",True,True,True,0.3417
195,medium,List all entities that have received the Commander of the Legion of Honour award without any references.,"SELECT DISTINCT ?entity ?entityLabel WHERE {
  ?entity p:[property:award received] ?statement .
  ?statement ps:[property:award received] wd:[entity:Commander of the Legion of Honour] .
  FILTER NOT EXISTS { ?statement prov:wasDerivedFrom ?ref . }
  SERVICE wikibase:label { bd:serviceParam wikibase:language ""en"". }
}","SELECT DISTINCT ?entity ?entityLabel WHERE {
  ?entity p:P166 ?statement .
  ?statement ps:P166 wd:Q10855212 .
  FILTER NOT EXISTS { ?statement prov:wasDerivedFrom ?ref . }
  SERVICE wikibase:label { bd:serviceParam wikibase:language ""en"". }
}",True,True,True,1.0
196,medium,"List the Jameel items in Ashmolean Museum with their URLs, ordered by the number of statements.","SELECT ?item ?url ?statements WHERE {
  ?item wdt:[property:collection] wd:[entity:Ashmolean Museum] .
  ?item wdt:[property:Jameel Centre at the Ashmolean Museum ID] ?id .
  ?item wikibase:statements ?statements .
  BIND(IRI(CONCAT(""https://jameelcentre.ashmolean.org/collection/"", ?id)) AS ?url)
}
ORDER BY DESC(?statements)","SELECT ?item ?url ?statements WHERE {
  ?item wdt:P195 wd:Q636400 .
  ?item wdt:[property:Jameel Centre at the Ashmolean Museum ID] ?id .
  ?item wikibase:statements ?statements .
  BIND(IRI(CONCAT(""https://jameelcentre.ashmolean.org/collection/"", ?id)) AS ?url)
}
ORDER BY DESC(?statements)",True,False,False,0.0
197,medium,List all album covers that show a specific location.,"SELECT ?album ?albumLabel ?location ?locationLabel WHERE {
  ?album wdt:[property:instance of] wd:[entity:album] .
  ?album wdt:[property:depicts] ?location .
  ?location wdt:[property:instance of]/wdt:[property:subclass of]* wd:[entity:location] .
  SERVICE wikibase:label { bd:serviceParam wikibase:language ""en"". }
}","SELECT ?album ?albumLabel ?location ?locationLabel WHERE {
  ?album wdt:P31 wd:Q482994 .
  ?album wdt:P180 ?location .
  ?location wdt:P31/wdt:P279* wd:Q2221906 .
  SERVICE wikibase:label { bd:serviceParam wikibase:language ""en"". }
}",True,True,False,0.0
198,medium,Find locations that have something named after them.,"SELECT DISTINCT ?location ?locationLabel WHERE {
  ?something wdt:[property:named after] ?location .
  ?location wdt:[property:instance of]/wdt:[property:subclass of]* wd:[entity:geographic location] .
  SERVICE wikibase:label { bd:serviceParam wikibase:language ""en"". }
}","SELECT DISTINCT ?location ?locationLabel WHERE {
  ?something wdt:P138 ?location .
  ?location wdt:P31/wdt:P279* wd:Q2221906 .
  SERVICE wikibase:label { bd:serviceParam wikibase:language ""en"". }
}",True,True,False,0.0
199,medium,Show a bubble chart of occupations held by people affiliated with the University of Clermont.,"SELECT ?occupation ?occupationLabel (COUNT(?person) AS ?count) WHERE {
  ?person wdt:[property:employer] wd:[entity:University of Clermont] .
  ?person wdt:[property:occupation] ?occupation .
  SERVICE wikibase:label { bd:serviceParam wikibase:language ""en"". }
}
GROUP BY ?occupation ?occupationLabel
ORDER BY DESC(?count)","SELECT ?occupation ?occupationLabel (COUNT(?person) AS ?count) WHERE {
  ?person wdt:P108 wd:Q3551576 .
  ?person wdt:P106 ?occupation .
  SERVICE wikibase:label { bd:serviceParam wikibase:language ""en"". }
}
GROUP BY ?occupation ?occupationLabel
ORDER BY DESC(?count)",True,True,True,0.3056
200,medium,Show me a list of nuclear weapons tests with their coordinates.,"SELECT ?test ?testLabel ?coordinates WHERE {
  ?test wdt:[property:instance of] wd:[entity:nuclear weapons test] .
  ?test wdt:[property:coordinate location] ?coordinates .
  SERVICE wikibase:label { bd:serviceParam wikibase:language ""en"". }
}","SELECT ?test ?testLabel ?coordinates WHERE {
  ?test wdt:P31 wd:Q210112 .
  ?test wdt:P625 ?coordinates .
  SERVICE wikibase:label { bd:serviceParam wikibase:language ""en"". }
}",True,True,True,0.9839
201,medium,List the number of UK parliament seats where members switched to other seats each year from 1830 to 1910.,"SELECT ?year (COUNT(DISTINCT ?seat) AS ?count) WHERE {
  ?statement pq:[qualifier:replaces] ?seat .
  ?member p:[property:position held] ?statement .
  ?statement ps:[property:position held] wd:[entity:Member of Parliament of the United Kingdom] .
  ?statement pq:[qualifier:start time] ?start .
  BIND(YEAR(?start) AS ?year)
  FILTER(?year >= 1830 && ?year <= 1910)
}
GROUP BY ?year
ORDER BY ?year","SELECT ?year (COUNT(DISTINCT ?seat) AS ?count) WHERE {
  ?statement pq:[qualifier:replaces] ?seat .
  ?member p:P39 ?statement .
  ?statement ps:P39 wd:Q18952564 .
  ?statement pq:[qualifier:start time] ?start .
  BIND(YEAR(?start) AS ?year)
  FILTER(?year >= 1830 && ?year <= 1910)
}
GROUP BY ?year
ORDER BY ?year",True,True,False,0.0
202,medium,List the paintings in the Louvre's Paintings Department created by female artists.,"SELECT DISTINCT ?painting ?paintingLabel WHERE {
  ?painting wdt:[property:instance of] wd:[entity:painting] .
  ?painting wdt:[property:collection] wd:[entity:Department of Paintings of the Louvre] .
  ?painting wdt:[property:creator] ?artist .
  ?artist wdt:[property:sex or gender] wd:[entity:female] .
  SERVICE wikibase:label { bd:serviceParam wikibase:language ""en"". }
}","SELECT DISTINCT ?painting ?paintingLabel WHERE {
  ?painting wdt:P31 wd:Q3305213 .
  ?painting wdt:P195 wd:Q3044768 .
  ?painting wdt:P170 ?artist .
  ?artist wdt:P21 wd:Q6581072 .
  SERVICE wikibase:label { bd:serviceParam wikibase:language ""en"". }
}",True,True,True,0.2825
203,medium,Find the GADM ID of a specific administrative area and get its corresponding GBIF dataset link.,"SELECT ?gadmID ?gbifLink WHERE {
  ?area wdt:[property:GADM ID] ?gadmID .
  ?area wdt:[property:GBIF dataset ID] ?gbifLink .
}","SELECT ?gadmID ?gbifLink WHERE {
  ?area wdt:P8714 ?gadmID .
  ?area wdt:[property:GBIF dataset ID] ?gbifLink .
}",True,False,False,0.0
204,medium,What is the maximum population of cities in each country?,"SELECT ?country ?countryLabel (MAX(?population) AS ?maxPopulation) WHERE {
  ?city wdt:[property:instance of] wd:[entity:city] .
  ?city wdt:[property:population] ?population .
  ?city wdt:[property:country] ?country .
  SERVICE wikibase:label { bd:serviceParam wikibase:language ""en"". }
}
GROUP BY ?country ?countryLabel","SELECT ?country ?countryLabel (MAX(?population) AS ?maxPopulation) WHERE {
  ?city wdt:[property:instance of] wd:Q515 .
  ?city wdt:[property:population] ?population .
  ?city wdt:P17 ?country .
  SERVICE wikibase:label { bd:serviceParam wikibase:language ""en"". }
}
GROUP BY ?country ?countryLabel",True,False,False,0.0
205,medium,List all the birthplaces of Liverpool football players on a map.,"SELECT DISTINCT ?birthplace ?birthplaceLabel ?coord WHERE {
  ?player wdt:[property:member of sports team] wd:[entity:Liverpool F.C.] .
  ?player wdt:[property:place of birth] ?birthplace .
  ?birthplace wdt:[property:coordinate location] ?coord .
  SERVICE wikibase:label { bd:serviceParam wikibase:language ""en"". }
}","SELECT DISTINCT ?birthplace ?birthplaceLabel ?coord WHERE {
  ?player wdt:P54 wd:Q1130849 .
  ?player wdt:P19 ?birthplace .
  ?birthplace wdt:P625 ?coord .
  SERVICE wikibase:label { bd:serviceParam wikibase:language ""en"". }
}",True,True,True,0.2456
206,medium,Show me a list of parliament buildings from each country with their corresponding images.,"SELECT ?country ?countryLabel ?building ?buildingLabel ?image WHERE {
  ?building wdt:[property:instance of] wd:[entity:seat of a legislature] .
  ?building wdt:[property:country] ?country .
  OPTIONAL { ?building wdt:[property:image] ?image . }
  SERVICE wikibase:label { bd:serviceParam wikibase:language ""en"". }
}
ORDER BY ?countryLabel","SELECT ?country ?countryLabel ?building ?buildingLabel ?image WHERE {
  ?building wdt:P31 wd:[entity:seat of a legislature] .
  ?building wdt:P17 ?country .
  OPTIONAL { ?building wdt:P18 ?image . }
  SERVICE wikibase:label { bd:serviceParam wikibase:language ""en"". }
}
ORDER BY ?countryLabel",True,False,False,0.0
207,medium,"List the children of Johann Sebastian Bach with his first wife, Maria Barbara Bach.","SELECT ?child ?childLabel WHERE {
  ?child wdt:[property:father] wd:[entity:Johann Sebastian Bach] .
  ?child wdt:[property:mother] wd:[entity:Maria Barbara Bach] .
  SERVICE wikibase:label { bd:serviceParam wikibase:language ""en"". }
}","SELECT ?child ?childLabel WHERE {
  ?child wdt:P22 wd:Q1339 .
  ?child wdt:P25 wd:Q57487 .
  SERVICE wikibase:label { bd:serviceParam wikibase:language ""en"". }
}",True,True,True,0.1429
208,medium,List scientists who died by burning.,"SELECT DISTINCT ?scientist ?scientistLabel WHERE {
  ?scientist wdt:[property:occupation] wd:[entity:scientist] .
  ?scientist wdt:[property:manner of death] wd:[entity:burning] .
  SERVICE wikibase:label { bd:serviceParam wikibase:language ""en"". }
}","SELECT DISTINCT ?scientist ?scientistLabel WHERE {
  ?scientist wdt:P106 wd:Q901 .
  ?scientist wdt:P1196 wd:Q468455 .
  SERVICE wikibase:label { bd:serviceParam wikibase:language ""en"". }
}",True,True,True,1.0
209,medium,List the institutions where UNR faculty members earned their degrees.,"SELECT DISTINCT ?institution ?institutionLabel WHERE {
  ?person wdt:[property:employer] wd:[entity:University of Nevada, Reno] .
  ?person wdt:[property:educated at] ?institution .
  SERVICE wikibase:label { bd:serviceParam wikibase:language ""en"". }
}","SELECT DISTINCT ?institution ?institutionLabel WHERE {
  ?person wdt:P108 wd:Q1185955 .
  ?person wdt:P69 ?institution .
  SERVICE wikibase:label { bd:serviceParam wikibase:language ""en"". }
}",True,True,True,0.0
210,medium,"List all places in Ghana with names ending in 'li', 'ti', or 'om'.","SELECT DISTINCT ?place ?placeLabel WHERE {
  ?place wdt:[property:country] wd:[entity:Ghana] .
  ?place wdt:[property:instance of]/wdt:[property:subclass of]* wd:[entity:human settlement] .
  ?place rdfs:label ?placeLabel .
  FILTER(LANG(?placeLabel) = ""en"")
  FILTER(REGEX(?placeLabel, ""(li|ti|om)$""))
  SERVICE wikibase:label { bd:serviceParam wikibase:language ""en"". }
}","SELECT DISTINCT ?place ?placeLabel WHERE {
  ?place wdt:P17 wd:Q117 .
  ?place wdt:P31/wdt:P279* wd:Q486972 .
  ?place rdfs:label ?placeLabel .
  FILTER(LANG(?placeLabel) = ""en"")
  FILTER(REGEX(?placeLabel, ""(li|ti|om)$""))
  SERVICE wikibase:label { bd:serviceParam wikibase:language ""en"". }
}",True,True,False,0.0
211,medium,Find people who have been infected with COVID-19.,"SELECT DISTINCT ?person ?personLabel WHERE {
  ?person wdt:[property:instance of] wd:[entity:human] .
  ?person wdt:[property:medical condition] wd:[entity:COVID-19] .
  SERVICE wikibase:label { bd:serviceParam wikibase:language ""en"". }
}","SELECT DISTINCT ?person ?personLabel WHERE {
  ?person wdt:P31 wd:Q5 .
  ?person wdt:P1050 wd:Q84263196 .
  SERVICE wikibase:label { bd:serviceParam wikibase:language ""en"". }
}",True,True,True,0.8291
212,medium,List all French National Assembly members born outside of France.,"SELECT DISTINCT ?member ?memberLabel ?birthPlace ?birthPlaceLabel WHERE {
  ?member wdt:[property:position held] wd:[entity:member of the French National Assembly] .
  ?member wdt:[property:place of birth] ?birthPlace .
  ?birthPlace wdt:[property:country] ?country .
  FILTER(?country != wd:[entity:France])
  SERVICE wikibase:label { bd:serviceParam wikibase:language ""en"". }
}","SELECT DISTINCT ?member ?memberLabel ?birthPlace ?birthPlaceLabel WHERE {
  ?member wdt:P39 wd:Q3044918 .
  ?member wdt:P19 ?birthPlace .
  ?birthPlace wdt:P27 ?country .
  FILTER(?country != wd:Q142)
  SERVICE wikibase:label { bd:serviceParam wikibase:language ""en"". }
}",True,True,True,0.0
213,medium,List all the suffragettes around the world along with their birthplaces and coordinates.,"SELECT ?suffragette ?suffragetteLabel ?birthplace ?birthplaceLabel ?coordinates WHERE {
  ?suffragette wdt:[property:occupation] wd:[entity:suffragette] .
  OPTIONAL {
    ?suffragette wdt:[property:place of birth] ?birthplace .
    OPTIONAL { ?birthplace wdt:[property:coordinate location] ?coordinates . }
  }
  SERVICE wikibase:label { bd:serviceParam wikibase:language ""en"". }
}","SELECT ?suffragette ?suffragetteLabel ?birthplace ?birthplaceLabel ?coordinates WHERE {
  ?suffragette wdt:P106 wd:Q322170 .
  OPTIONAL {
    ?suffragette wdt:P19 ?birthplace .
    OPTIONAL { ?birthplace wdt:P625 ?coordinates . }
  }
  SERVICE wikibase:label { bd:serviceParam wikibase:language ""en"". }
}",True,True,True,0.4124
214,medium,List the top 10 botanists who have authored the most taxons.,"SELECT ?botanist ?botanistLabel (COUNT(?taxon) AS ?count) WHERE {
  ?taxon wdt:[property:taxon author] ?botanist.
  SERVICE wikibase:label { bd:serviceParam wikibase:language ""en"". }
}
GROUP BY ?botanist ?botanistLabel
ORDER BY DESC(?count)
LIMIT 10","SELECT ?botanist ?botanistLabel (COUNT(?taxon) AS ?count) WHERE {
  ?taxon wdt:P405 ?botanist.
  SERVICE wikibase:label { bd:serviceParam wikibase:language ""en"". }
}
GROUP BY ?botanist ?botanistLabel
ORDER BY DESC(?count)
LIMIT 10",True,True,True,0.0
215,medium,List the years when pride parades started.,"SELECT ?event ?eventLabel ?startYear WHERE {
  ?event wdt:[property:instance of] wd:[entity:pride parade] .
  ?event wdt:[property:inception] ?inception .
  BIND(YEAR(?inception) AS ?startYear)
  SERVICE wikibase:label { bd:serviceParam wikibase:language ""en"". }
}
ORDER BY ?startYear","SELECT ?event ?eventLabel ?startYear WHERE {
  ?event wdt:P31 wd:Q51404 .
  ?event wdt:P571 ?inception .
  BIND(YEAR(?inception) AS ?startYear)
  SERVICE wikibase:label { bd:serviceParam wikibase:language ""en"". }
}
ORDER BY ?startYear",True,True,True,0.3042
216,medium,What are the key initiatives promoting open access to research in Japan?,"SELECT ?initiative ?initiativeLabel WHERE {
  ?initiative wdt:[property:instance of] wd:[entity:open access] .
  ?initiative wdt:[property:country] wd:[entity:Japan] .
  SERVICE wikibase:label { bd:serviceParam wikibase:language ""en"". }
}","SELECT ?initiative ?initiativeLabel WHERE {
  ?initiative wdt:P31 wd:Q232932 .
  ?initiative wdt:P17 wd:Q17 .
  SERVICE wikibase:label { bd:serviceParam wikibase:language ""en"". }
}",True,True,True,0.0
217,medium,List museums named after a specific person or thing.,"SELECT DISTINCT ?museum ?museumLabel ?namedAfter ?namedAfterLabel WHERE {
  ?museum wdt:[property:instance of] wd:[entity:museum] .
  ?museum wdt:[property:named after] ?namedAfter .
  SERVICE wikibase:label { bd:serviceParam wikibase:language ""en"". }
}","SELECT DISTINCT ?museum ?museumLabel ?namedAfter ?namedAfterLabel WHERE {
  ?museum wdt:P31 wd:Q33506 .
  ?museum wdt:P138 ?namedAfter .
  SERVICE wikibase:label { bd:serviceParam wikibase:language ""en"". }
}",True,True,True,0.3803
218,medium,List all movie titles that contain the word 'it'.,"SELECT DISTINCT ?film ?filmLabel WHERE {
  ?film wdt:[property:instance of] wd:[entity:film] .
  ?film rdfs:label ?filmLabel .
  FILTER(LANG(?filmLabel) = ""en"")
  FILTER(CONTAINS(LCASE(?filmLabel), ""it""))
}","SELECT DISTINCT ?film ?filmLabel WHERE {
  ?film wdt:P31 wd:Q11424 .
  ?film rdfs:label ?filmLabel .
  FILTER(LANG(?filmLabel) = ""en"")
  FILTER(CONTAINS(LCASE(?filmLabel), ""it""))
}",True,True,False,0.0
219,medium,List all the songs composed by Charlie Parker.,"SELECT ?song ?songLabel WHERE {
  ?song wdt:[property:instance of] wd:[entity:musical work] ;
        wdt:[property:composer] wd:[entity:Charlie Parker] .
  SERVICE wikibase:label { bd:serviceParam wikibase:language ""en"". }
}","SELECT ?song ?songLabel WHERE {
  ?song wdt:P31 wd:Q207628 ;
        wdt:P86 wd:Q103767 .
  SERVICE wikibase:label { bd:serviceParam wikibase:language ""en"". }
}",True,True,True,0.0
220,medium,"List all books written by Arthur Conan Doyle, including their titles, illustrators, publishers, and publication dates if available.","SELECT ?book ?bookLabel ?illustratorLabel ?publisherLabel ?publicationDate WHERE {
  ?book wdt:[property:author] wd:[entity:Arthur Conan Doyle] .
  ?book wdt:[property:instance of] wd:[entity:book] .
  OPTIONAL { ?book wdt:[property:illustrator] ?illustrator . }
  OPTIONAL { ?book wdt:[property:publisher] ?publisher . }
  OPTIONAL { ?book wdt:[property:publication date] ?publicationDate . }
  SERVICE wikibase:label { bd:serviceParam wikibase:language ""en"". }
}","SELECT ?book ?bookLabel ?illustratorLabel ?publisherLabel ?publicationDate WHERE {
  ?book wdt:P50 wd:Q35610 .
  ?book wdt:P31 wd:Q571 .
  OPTIONAL { ?book wdt:P110 ?illustrator . }
  OPTIONAL { ?book wdt:P123 ?publisher . }
  OPTIONAL { ?book wdt:P577 ?publicationDate . }
  SERVICE wikibase:label { bd:serviceParam wikibase:language ""en"". }
}",True,True,True,0.0
221,medium,List bodies of water with the most rivers flowing into them.,"SELECT ?body ?bodyLabel (COUNT(?river) AS ?riverCount) WHERE {
  ?river wdt:[property:instance of] wd:[entity:river] .
  ?river wdt:[property:mouth of the watercourse] ?body .
  SERVICE wikibase:label { bd:serviceParam wikibase:language ""en"". }
}
GROUP BY ?body ?bodyLabel
ORDER BY DESC(?riverCount)
LIMIT 50","SELECT ?body ?bodyLabel (COUNT(?river) AS ?riverCount) WHERE {
  ?river wdt:P31 wd:Q4022 .
  ?river wdt:P403 ?body .
  SERVICE wikibase:label { bd:serviceParam wikibase:language ""en"". }
}
GROUP BY ?body ?bodyLabel
ORDER BY DESC(?riverCount)
LIMIT 50",True,True,False,0.0
222,medium,List all the paintings in the Suter Art Gallery.,"SELECT ?painting ?paintingLabel WHERE {
  ?painting wdt:[property:instance of] wd:[entity:painting] .
  ?painting wdt:[property:collection] wd:[entity:Suter Art Gallery] .
  SERVICE wikibase:label { bd:serviceParam wikibase:language ""en"". }
}","SELECT ?painting ?paintingLabel WHERE {
  ?painting wdt:P31 wd:Q3305213 .
  ?painting wdt:P195 wd:Q61797555 .
  SERVICE wikibase:label { bd:serviceParam wikibase:language ""en"". }
}",True,True,True,0.3634
223,medium,List all Indian districts that share a border with another district.,"SELECT DISTINCT ?district ?districtLabel WHERE {
  ?district wdt:[property:instance of] wd:[entity:district of India] .
  ?district wdt:[property:shares border with] ?neighbor .
  ?neighbor wdt:[property:instance of] wd:[entity:district of India] .
  SERVICE wikibase:label { bd:serviceParam wikibase:language ""en"". }
}","SELECT DISTINCT ?district ?districtLabel WHERE {
  ?district wdt:P31 wd:Q1149652 .
  ?district wdt:P47 ?neighbor .
  ?neighbor wdt:P31 wd:Q1149652 .
  SERVICE wikibase:label { bd:serviceParam wikibase:language ""en"". }
}",True,True,True,0.9575
224,medium,List the inventors who died as a result of their own creations.,"SELECT DISTINCT ?inventor ?inventorLabel ?invention ?inventionLabel WHERE {
  ?inventor wdt:[property:instance of] wd:[entity:human] .
  ?invention wdt:[property:discoverer or inventor] ?inventor .
  ?inventor wdt:[property:cause of death] ?cause .
  ?cause (wdt:[property:subclass of]|wdt:[property:instance of])* ?invention .
  SERVICE wikibase:label { bd:serviceParam wikibase:language ""en"". }
}","SELECT DISTINCT ?inventor ?inventorLabel ?invention ?inventionLabel WHERE {
  ?inventor wdt:P31 wd:Q5 .
  ?invention wdt:P61 ?inventor .
  ?inventor wdt:P509 ?cause .
  ?cause (wdt:P279|wdt:P31)* ?invention .
  SERVICE wikibase:label { bd:serviceParam wikibase:language ""en"". }
}",True,True,True,0.0
225,medium,Find war memorials with their geographical coordinates.,"SELECT ?memorial ?memorialLabel ?coordinates WHERE {
  ?memorial wdt:[property:instance of] wd:[entity:war memorial] .
  ?memorial wdt:[property:coordinate location] ?coordinates .
  SERVICE wikibase:label { bd:serviceParam wikibase:language ""en"". }
}","SELECT ?memorial ?memorialLabel ?coordinates WHERE {
  ?memorial wdt:P31 wd:Q575759 .
  ?memorial wdt:P625 ?coordinates .
  SERVICE wikibase:label { bd:serviceParam wikibase:language ""en"". }
}",True,True,True,0.9266
226,medium,List items that have Toki Pona as a language of work or name.,"SELECT ?item ?itemLabel WHERE {
  ?item wdt:[property:language of work or name] wd:[entity:Toki Pona] .
  SERVICE wikibase:label { bd:serviceParam wikibase:language ""en"". }
}","SELECT ?item ?itemLabel WHERE {
  ?item wdt:P407 wd:Q36846 .
  SERVICE wikibase:label { bd:serviceParam wikibase:language ""en"". }
}",True,True,True,0.0763
227,medium,List the number of musical compositions on Wikidata by language in descending order.,"SELECT ?language ?languageLabel (COUNT(?composition) AS ?count) WHERE {
  ?composition wdt:[property:instance of] wd:[entity:musical composition] .
  ?composition wdt:[property:language of work or name] ?language .
  SERVICE wikibase:label { bd:serviceParam wikibase:language ""en"". }
}
GROUP BY ?language ?languageLabel
ORDER BY DESC(?count)","SELECT ?language ?languageLabel (COUNT(?composition) AS ?count) WHERE {
  ?composition wdt:P31 wd:Q207628 .
  ?composition wdt:P407 ?language .
  SERVICE wikibase:label { bd:serviceParam wikibase:language ""en"". }
}
GROUP BY ?language ?languageLabel
ORDER BY DESC(?count)",True,True,True,0.0
228,medium,How many musicians are there in each country according to Wikidata?,"SELECT ?country ?countryLabel (COUNT(DISTINCT ?musician) AS ?count) WHERE {
  ?musician wdt:[property:occupation] wd:[entity:musician] .
  ?musician wdt:[property:country of citizenship] ?country .
  SERVICE wikibase:label { bd:serviceParam wikibase:language ""en"". }
}
GROUP BY ?country ?countryLabel
ORDER BY DESC(?count)","SELECT ?country ?countryLabel (COUNT(DISTINCT ?musician) AS ?count) WHERE {
  ?musician wdt:P106 wd:Q639669 .
  ?musician wdt:P27 ?country .
  SERVICE wikibase:label { bd:serviceParam wikibase:language ""en"". }
}
GROUP BY ?country ?countryLabel
ORDER BY DESC(?count)",True,True,True,0.0
229,medium,List the influential people born between 1590 and 1750 who were influenced by other humans.,"SELECT DISTINCT ?person ?personLabel WHERE {
  ?person wdt:[property:instance of] wd:[entity:human] .
  ?person wdt:[property:date of birth] ?dob .
  ?influencer wdt:[property:influenced by] ?person .
  ?influencer wdt:[property:instance of] wd:[entity:human] .
  FILTER(YEAR(?dob) >= 1590 && YEAR(?dob) <= 1750)
  SERVICE wikibase:label { bd:serviceParam wikibase:language ""en"". }
}","SELECT DISTINCT ?person ?personLabel WHERE {
  ?person wdt:P31 wd:Q5 .
  ?person wdt:P569 ?dob .
  ?influencer wdt:P737 ?person .
  ?influencer wdt:P31 wd:Q5 .
  FILTER(YEAR(?dob) >= 1590 && YEAR(?dob) <= 1750)
  SERVICE wikibase:label { bd:serviceParam wikibase:language ""en"". }
}",True,True,True,0.3573
230,medium,How many items are not linked to any statements?,"SELECT (COUNT(?item) AS ?count) WHERE {
  ?item wikibase:statements 0 .
}","SELECT (COUNT(?item) AS ?count) WHERE {
  ?item wikibase:statements 0 .
}",True,True,True,0.0
231,medium,What nationalities are represented among authors who have published papers related to Australian fauna?,"SELECT DISTINCT ?nationality ?nationalityLabel WHERE {
  ?paper wdt:[property:main subject] ?subject .
  ?subject wdt:[property:subclass of]* wd:[entity:fauna of Australia] .
  ?paper wdt:[property:author] ?author .
  ?author wdt:[property:country of citizenship] ?nationality .
  SERVICE wikibase:label { bd:serviceParam wikibase:language ""en"". }
}","SELECT DISTINCT ?nationality ?nationalityLabel WHERE {
  ?paper wdt:P921 ?subject .
  ?subject wdt:P279* wd:Q826274 .
  ?paper wdt:P50 ?author .
  ?author wdt:P27 ?nationality .
  SERVICE wikibase:label { bd:serviceParam wikibase:language ""en"". }
}",True,True,True,0.0
232,medium,List all the collections that have photos taken by Carleton Watkins.,"SELECT DISTINCT ?collection ?collectionLabel WHERE {
  ?photo wdt:[property:creator] wd:[entity:Carleton Watkins] .
  ?photo wdt:[property:collection] ?collection .
  SERVICE wikibase:label { bd:serviceParam wikibase:language ""en"". }
}","SELECT DISTINCT ?collection ?collectionLabel WHERE {
  ?photo wdt:P170 wd:Q2939083 .
  ?photo wdt:P195 ?collection .
  SERVICE wikibase:label { bd:serviceParam wikibase:language ""en"". }
}",True,True,True,0.061
233,medium,Find the coordinates of places where people named Antoine were born.,"SELECT DISTINCT ?place ?placeLabel ?coordinates WHERE {
  ?person wdt:[property:given name] wd:[entity:Antoine] .
  ?person wdt:[property:place of birth] ?place .
  ?place wdt:[property:coordinate location] ?coordinates .
  SERVICE wikibase:label { bd:serviceParam wikibase:language ""en"". }
}","SELECT DISTINCT ?place ?placeLabel ?coordinates WHERE {
  ?person wdt:P735 wd:Q15235674 .
  ?person wdt:P19 ?place .
  ?place wdt:P625 ?coordinates .
  SERVICE wikibase:label { bd:serviceParam wikibase:language ""en"". }
}",True,True,True,0.1405
234,medium,List the birthplaces of famous art historians.,"SELECT DISTINCT ?birthplace ?birthplaceLabel WHERE {
  ?person wdt:[property:occupation] wd:[entity:art historian] .
  ?person wdt:[property:place of birth] ?birthplace .
  SERVICE wikibase:label { bd:serviceParam wikibase:language ""en"". }
}","SELECT DISTINCT ?birthplace ?birthplaceLabel WHERE {
  ?person wdt:P106 wd:Q1792450 .
  ?person wdt:P19 ?birthplace .
  SERVICE wikibase:label { bd:serviceParam wikibase:language ""en"". }
}",True,True,True,0.0
235,medium,List all items with official names containing a slash.,"SELECT DISTINCT ?item ?officialName WHERE {
  ?item wdt:[property:official name] ?officialName .
  FILTER(CONTAINS(?officialName, ""/""))
}","SELECT DISTINCT ?item ?officialName WHERE {
  ?item wdt:P1448 ?officialName .
  FILTER(CONTAINS(?officialName, ""/""))
}",True,True,True,0.0
236,medium,List mathematicians who have siblings that are actors or musicians.,"SELECT DISTINCT ?mathematician ?mathematicianLabel WHERE {
  ?mathematician wdt:[property:occupation] wd:[entity:mathematician] .
  ?mathematician wdt:[property:sibling] ?sibling .
  ?sibling wdt:[property:occupation] ?occupation .
  VALUES ?occupation { wd:[entity:actor] wd:[entity:musician] }
  SERVICE wikibase:label { bd:serviceParam wikibase:language ""en"". }
}","SELECT DISTINCT ?mathematician ?mathematicianLabel WHERE {
  ?mathematician wdt:P106 wd:Q170790 .
  ?mathematician wdt:P3373 ?sibling .
  ?sibling wdt:P106 ?occupation .
  VALUES ?occupation { wd:Q33999 wd:Q639669 }
  SERVICE wikibase:label { bd:serviceParam wikibase:language ""en"". }
}",True,True,True,0.2199
237,medium,List the women who have received awards from Women in Technology International.,"SELECT DISTINCT ?woman ?womanLabel WHERE {
  ?woman wdt:[property:award received] ?award .
  ?award wdt:[property:conferred by] wd:[entity:Women in Technology International] .
  ?woman wdt:[property:sex or gender] wd:[entity:female] .
  SERVICE wikibase:label { bd:serviceParam wikibase:language ""en"". }
}","SELECT DISTINCT ?woman ?womanLabel WHERE {
  ?woman wdt:P166 ?award .
  ?award wdt:P1027 wd:Q55200 .
  ?woman wdt:P21 wd:Q6581072 .
  SERVICE wikibase:label { bd:serviceParam wikibase:language ""en"". }
}",True,True,True,0.0
238,medium,List the actors who have worked with Shah Rukh Khan in multiple films.,"SELECT ?actor ?actorLabel (COUNT(DISTINCT ?film) AS ?filmCount) WHERE {
  ?film wdt:[property:cast member] wd:[entity:Shah Rukh Khan].
  ?film wdt:[property:cast member] ?actor.
  FILTER(?actor != wd:[entity:Shah Rukh Khan])
  SERVICE wikibase:label { bd:serviceParam wikibase:language ""en"". }
}
GROUP BY ?actor ?actorLabel
HAVING (COUNT(DISTINCT ?film) > 1)
ORDER BY DESC(?filmCount)","SELECT ?actor ?actorLabel (COUNT(DISTINCT ?film) AS ?filmCount) WHERE {
  ?film wdt:P161 wd:Q9535.
  ?film wdt:P161 ?actor.
  FILTER(?actor != wd:Q9535)
  SERVICE wikibase:label { bd:serviceParam wikibase:language ""en"". }
}
GROUP BY ?actor ?actorLabel
HAVING (COUNT(DISTINCT ?film) > 1)
ORDER BY DESC(?filmCount)",True,True,True,0.2483
239,medium,List all 355 municipalities in the Netherlands along with their geo coordinates and provinces.,"SELECT ?municipality ?municipalityLabel ?coordinates ?province ?provinceLabel WHERE {
  ?municipality wdt:[property:instance of] wd:[entity:municipality of the Netherlands] .
  OPTIONAL { ?municipality wdt:[property:coordinate location] ?coordinates . }
  OPTIONAL { ?municipality wdt:[property:located in the administrative territorial entity] ?province . }
  SERVICE wikibase:label { bd:serviceParam wikibase:language ""en"". }
}","SELECT ?municipality ?municipalityLabel ?coordinates ?province ?provinceLabel WHERE {
  ?municipality wdt:P31 wd:Q2039348 .
  OPTIONAL { ?municipality wdt:P625 ?coordinates . }
  OPTIONAL { ?municipality wdt:[property:located in the administrative territorial entity] ?province . }
  SERVICE wikibase:label { bd:serviceParam wikibase:language ""en"". }
}",True,False,False,0.0
240,medium,What language do the labels of Q137 and Q12518 have in common?,"SELECT DISTINCT ?lang WHERE {
  wd:[entity:Q137] rdfs:label ?label1 .
  wd:[entity:Q12518] rdfs:label ?label2 .
  BIND(LANG(?label1) AS ?lang1)
  BIND(LANG(?label2) AS ?lang2)
  FILTER(?lang1 = ?lang2)
  BIND(?lang1 AS ?lang)
}","SELECT DISTINCT ?lang WHERE {
  wd:[entity:Q137] rdfs:label ?label1 .
  wd:[entity:Q12518] rdfs:label ?label2 .
  BIND(LANG(?label1) AS ?lang1)
  BIND(LANG(?label2) AS ?lang2)
  FILTER(?lang1 = ?lang2)
  BIND(?lang1 AS ?lang)
}",True,False,False,0.0
241,medium,What are the UK parliamentary constituencies that share a border with each other?,"SELECT DISTINCT ?constituency1 ?constituency1Label ?constituency2 ?constituency2Label WHERE {
  ?constituency1 wdt:[property:instance of] wd:[entity:constituency of the Parliament of the United Kingdom] .
  ?constituency2 wdt:[property:instance of] wd:[entity:constituency of the Parliament of the United Kingdom] .
  ?constituency1 wdt:[property:shares border with] ?constituency2 .
  SERVICE wikibase:label { bd:serviceParam wikibase:language ""en"". }
}","SELECT DISTINCT ?constituency1 ?constituency1Label ?constituency2 ?constituency2Label WHERE {
  ?constituency1 wdt:[property:instance of] wd:[entity:constituency of the Parliament of the United Kingdom] .
  ?constituency2 wdt:[property:instance of] wd:[entity:constituency of the Parliament of the United Kingdom] .
  ?constituency1 wdt:[property:shares border with] ?constituency2 .
  SERVICE wikibase:label { bd:serviceParam wikibase:language ""en"". }
}",True,False,False,0.0
242,medium,List all groups of fictional characters from the Marvel universe.,"SELECT DISTINCT ?group ?groupLabel WHERE {
  ?group wdt:[property:instance of] wd:[entity:group of fictional characters] .
  ?group wdt:[property:from fictional universe] wd:[entity:Marvel Universe] .
  SERVICE wikibase:label { bd:serviceParam wikibase:language ""en"". }
}","SELECT DISTINCT ?group ?groupLabel WHERE {
  ?group wdt:P31 wd:Q14514600 .
  ?group wdt:P1080 wd:Q931597 .
  SERVICE wikibase:label { bd:serviceParam wikibase:language ""en"". }
}",True,True,True,1.0
243,medium,Show me the locations of libraries in India on a map.,"SELECT ?library ?libraryLabel ?coord WHERE {
  ?library wdt:[property:instance of] wd:[entity:library] .
  ?library wdt:[property:country] wd:[entity:India] .
  ?library wdt:[property:coordinate location] ?coord .
  SERVICE wikibase:label { bd:serviceParam wikibase:language ""en"". }
}","SELECT ?library ?libraryLabel ?coord WHERE {
  ?library wdt:P31 wd:Q7075 .
  ?library wdt:P17 wd:Q668 .
  ?library wdt:P625 ?coord .
  SERVICE wikibase:label { bd:serviceParam wikibase:language ""en"". }
}",True,True,True,0.6667
244,medium,Show me the tram lines in Vienna.,"SELECT ?tramLine ?tramLineLabel WHERE {
  ?tramLine wdt:[property:instance of] wd:[entity:tram line] .
  ?tramLine wdt:[property:located in the administrative territorial entity] wd:[entity:Vienna] .
  SERVICE wikibase:label { bd:serviceParam wikibase:language ""en"". }
}","SELECT ?tramLine ?tramLineLabel WHERE {
  ?tramLine wdt:P31 wd:Q27997185 .
  ?tramLine wdt:P131 wd:[entity:Vienna] .
  SERVICE wikibase:label { bd:serviceParam wikibase:language ""en"". }
}",True,False,False,0.0
245,medium,List Mexican writers born between 1800 and 1900.,"SELECT DISTINCT ?writer ?writerLabel WHERE {
  ?writer wdt:[property:instance of] wd:[entity:human] .
  ?writer wdt:[property:occupation] wd:[entity:writer] .
  ?writer wdt:[property:country of citizenship] wd:[entity:Mexico] .
  ?writer wdt:[property:date of birth] ?dob .
  FILTER(YEAR(?dob) >= 1800 && YEAR(?dob) <= 1900)
  SERVICE wikibase:label { bd:serviceParam wikibase:language ""en"". }
}","SELECT DISTINCT ?writer ?writerLabel WHERE {
  ?writer wdt:P31 wd:Q5 .
  ?writer wdt:P106 wd:Q36180 .
  ?writer wdt:P27 wd:Q96 .
  ?writer wdt:P569 ?dob .
  FILTER(YEAR(?dob) >= 1800 && YEAR(?dob) <= 1900)
  SERVICE wikibase:label { bd:serviceParam wikibase:language ""en"". }
}",True,True,True,0.5418
246,medium,"List all National Film Award winners from the 1990s, organized by award category.","SELECT ?award ?awardLabel ?winner ?winnerLabel ?date WHERE {
  ?winner wdt:[property:award received] ?award .
  ?award wdt:[property:subclass of]* wd:[entity:National Film Award] .
  ?winner p:[property:award received] ?statement .
  ?statement ps:[property:award received] ?award .
  ?statement pq:[property:point in time] ?date .
  FILTER(YEAR(?date) >= 1990 && YEAR(?date) <= 1999)
  SERVICE wikibase:label { bd:serviceParam wikibase:language ""en"". }
}
ORDER BY ?awardLabel ?date","SELECT ?award ?awardLabel ?winner ?winnerLabel ?date WHERE {
  ?winner wdt:P166 ?award .
  ?award wdt:P279* wd:Q1350697 .
  ?winner p:P166 ?statement .
  ?statement ps:P166 ?award .
  ?statement pq:P585 ?date .
  FILTER(YEAR(?date) >= 1990 && YEAR(?date) <= 1999)
  SERVICE wikibase:label { bd:serviceParam wikibase:language ""en"". }
}
ORDER BY ?awardLabel ?date",True,True,True,0.0
247,medium,Find hills in the UK with horse figures drawn on them.,"SELECT DISTINCT ?hill ?hillLabel WHERE {
  ?hill wdt:[property:instance of] wd:[entity:hill] .
  ?hill wdt:[property:country] wd:[entity:United Kingdom] .
  ?hill wdt:[property:depicts] wd:[entity:horse] .
  SERVICE wikibase:label { bd:serviceParam wikibase:language ""en"". }
}","SELECT DISTINCT ?hill ?hillLabel WHERE {
  ?hill wdt:P31 wd:Q54050 .
  ?hill wdt:P17 wd:Q145 .
  ?hill wdt:P180 wd:Q726 .
  SERVICE wikibase:label { bd:serviceParam wikibase:language ""en"". }
}",True,True,True,0.0
248,medium,List Tex-Mex singers who are also musicians.,"SELECT DISTINCT ?person ?personLabel WHERE {
  ?person wdt:[property:instance of] wd:[entity:human] .
  ?person wdt:[property:occupation] wd:[entity:singer] .
  ?person wdt:[property:occupation] wd:[entity:musician] .
  ?person wdt:[property:genre] wd:[entity:Tejano music] .
  SERVICE wikibase:label { bd:serviceParam wikibase:language ""en"". }
}","SELECT DISTINCT ?person ?personLabel WHERE {
  ?person wdt:P31 wd:Q5 .
  ?person wdt:P106 wd:Q177220 .
  ?person wdt:P106 wd:Q639669 .
  ?person wdt:P136 wd:Q431415 .
  SERVICE wikibase:label { bd:serviceParam wikibase:language ""en"". }
}",True,True,True,0.1333
249,medium,List all athletes born in a specific location who play for Real Sociedad.,"SELECT DISTINCT ?athlete ?athleteLabel ?birthPlace ?birthPlaceLabel WHERE {
  ?athlete wdt:[property:member of sports team] wd:[entity:Real Sociedad] .
  ?athlete wdt:[property:place of birth] ?birthPlace .
  SERVICE wikibase:label { bd:serviceParam wikibase:language ""en"". }
}","SELECT DISTINCT ?athlete ?athleteLabel ?birthPlace ?birthPlaceLabel WHERE {
  ?athlete wdt:P54 wd:Q10315 .
  ?athlete wdt:P19 ?birthPlace .
  SERVICE wikibase:label { bd:serviceParam wikibase:language ""en"". }
}",True,True,True,0.8676
250,medium,List all individuals born on a river.,"SELECT DISTINCT ?person ?personLabel WHERE {
  ?person wdt:[property:instance of] wd:[entity:human] .
  ?person wdt:[property:place of birth] ?place .
  ?place wdt:[property:instance of] wd:[entity:river] .
  SERVICE wikibase:label { bd:serviceParam wikibase:language ""en"". }
}","SELECT DISTINCT ?person ?personLabel WHERE {
  ?person wdt:P31 wd:Q5 .
  ?person wdt:P19 ?place .
  ?place wdt:P31 wd:Q4022 .
  SERVICE wikibase:label { bd:serviceParam wikibase:language ""en"". }
}",True,True,True,0.5327
251,medium,Find the locations of boundary stones near Radibor.,"SELECT ?stone ?stoneLabel ?location WHERE {
  ?stone wdt:[property:instance of] wd:[entity:boundary stone] .
  ?stone wdt:[property:coordinate location] ?location .
  SERVICE wikibase:label { bd:serviceParam wikibase:language ""en"". }
}","SELECT ?stone ?stoneLabel ?location WHERE {
  ?stone wdt:P31 wd:Q921099 .
  ?stone wdt:P625 ?location .
  SERVICE wikibase:label { bd:serviceParam wikibase:language ""en"". }
}",True,True,True,0.0137
252,medium,List all paintings by Rembrandt in the Louvre or Rijksmuseum.,"SELECT DISTINCT ?painting ?paintingLabel WHERE {
  ?painting wdt:[property:instance of] wd:[entity:painting] .
  ?painting wdt:[property:creator] wd:[entity:Rembrandt] .
  ?painting wdt:[property:collection] ?collection .
  VALUES ?collection { wd:[entity:Louvre] wd:[entity:Rijksmuseum] }
  SERVICE wikibase:label { bd:serviceParam wikibase:language ""en"". }
}","SELECT DISTINCT ?painting ?paintingLabel WHERE {
  ?painting wdt:P31 wd:Q3305213 .
  ?painting wdt:P170 wd:Q5598 .
  ?painting wdt:P195 ?collection .
  VALUES ?collection { wd:Q19675 wd:Q190804 }
  SERVICE wikibase:label { bd:serviceParam wikibase:language ""en"". }
}",True,True,True,0.2482
253,medium,Show a map of countries by the year they joined the United Nations.,"SELECT ?country ?countryLabel ?coord ?date WHERE {
  ?country wdt:[property:member of] wd:[entity:United Nations] .
  ?country p:[property:member of] ?statement .
  ?statement ps:[property:member of] wd:[entity:United Nations] .
  ?statement pq:[property:start time] ?date .
  ?country wdt:[property:coordinate location] ?coord .
  SERVICE wikibase:label { bd:serviceParam wikibase:language ""[AUTO_LANGUAGE],en"". }
}","SELECT ?country ?countryLabel ?coord ?date WHERE {
  ?country wdt:P463 wd:Q1065 .
  ?country p:P463 ?statement .
  ?statement ps:P463 wd:Q1065 .
  ?statement pq:P580 ?date .
  ?country wdt:P625 ?coord .
  SERVICE wikibase:label { bd:serviceParam wikibase:language ""[AUTO_LANGUAGE],en"". }
}",True,True,True,0.004
254,medium,What jobs did UK Prime Ministers have before becoming politicians?,"SELECT DISTINCT ?occupation ?occupationLabel WHERE {
  ?pm wdt:[property:position held] wd:[entity:Prime Minister of the United Kingdom] .
  ?pm wdt:[property:occupation] ?occupation .
  FILTER(?occupation != wd:[entity:politician])
  SERVICE wikibase:label { bd:serviceParam wikibase:language ""en"". }
}","SELECT DISTINCT ?occupation ?occupationLabel WHERE {
  ?pm wdt:P39 wd:Q14211 .
  ?pm wdt:P106 ?occupation .
  FILTER(?occupation != wd:Q82955)
  SERVICE wikibase:label { bd:serviceParam wikibase:language ""en"". }
}",True,True,True,0.0
255,medium,What are the laws in Indonesia that apply to indigenous people?,"SELECT ?law ?lawLabel WHERE {
  ?law wdt:[property:country] wd:[entity:Indonesia] .
  ?law wdt:[property:applies to jurisdiction] wd:[entity:Indonesia] .
  ?law wdt:[property:instance of] wd:[entity:law] .
  ?law wdt:[property:facet of] wd:[entity:indigenous peoples] .
  SERVICE wikibase:label { bd:serviceParam wikibase:language ""en"". }
}","SELECT ?law ?lawLabel WHERE {
  ?law wdt:P1001 wd:Q252 .
  ?law wdt:P1001 wd:Q252 .
  ?law wdt:P31 wd:Q7748 .
  ?law wdt:P1269 wd:Q103817 .
  SERVICE wikibase:label { bd:serviceParam wikibase:language ""en"". }
}",True,True,True,0.0
256,medium,List all the authors who have received a Nobel Prize and cited Egon Willighagen's work.,"SELECT DISTINCT ?author ?authorLabel WHERE {
  ?work wdt:[property:cites work] ?citedWork .
  ?citedWork wdt:[property:author] wd:[entity:Egon Willighagen] .
  ?work wdt:[property:author] ?author .
  ?author wdt:[property:award received] ?award .
  ?award wdt:[property:subclass of]* wd:[entity:Nobel Prize] .
  SERVICE wikibase:label { bd:serviceParam wikibase:language ""en"". }
}","SELECT DISTINCT ?author ?authorLabel WHERE {
  ?work wdt:P2860 ?citedWork .
  ?citedWork wdt:P50 wd:Q20895241 .
  ?work wdt:P50 ?author .
  ?author wdt:P166 ?award .
  ?award wdt:P279* wd:Q7191 .
  SERVICE wikibase:label { bd:serviceParam wikibase:language ""en"". }
}",True,True,True,1.0
257,medium,List documents from the Boyer collection organized by decade.,"SELECT ?decade (COUNT(?document) AS ?count) (GROUP_CONCAT(?documentLabel; separator="", "") AS ?documents) WHERE {
  ?document wdt:[property:collection] wd:[entity:Boyer collection] .
  ?document wdt:[property:inception] ?date .
  BIND(FLOOR(YEAR(?date) / 10) * 10 AS ?decade)
  SERVICE wikibase:label {
    bd:serviceParam wikibase:language ""en"" .
    ?document rdfs:label ?documentLabel .
  }
}
GROUP BY ?decade
ORDER BY ?decade","SELECT ?decade (COUNT(?document) AS ?count) (GROUP_CONCAT(?documentLabel; separator="", "") AS ?documents) WHERE {
  ?document wdt:P195 wd:Q108427678 .
  ?document wdt:P571 ?date .
  BIND(FLOOR(YEAR(?date) / 10) * 10 AS ?decade)
  SERVICE wikibase:label {
    bd:serviceParam wikibase:language ""en"" .
    ?document rdfs:label ?documentLabel .
  }
}
GROUP BY ?decade
ORDER BY ?decade",True,True,True,0.0189
258,medium,List all items in the History of Science Museum with their descriptions.,"SELECT ?item ?itemLabel ?description WHERE {
  ?item wdt:[property:collection] wd:[entity:History of Science Museum] .
  OPTIONAL {
    ?item schema:description ?description .
    FILTER(LANG(?description) = ""en"")
  }
  SERVICE wikibase:label { bd:serviceParam wikibase:language ""en"". }
}","SELECT ?item ?itemLabel ?description WHERE {
  ?item wdt:P195 wd:Q6941088 .
  OPTIONAL {
    ?item schema:description ?description .
    FILTER(LANG(?description) = ""en"")
  }
  SERVICE wikibase:label { bd:serviceParam wikibase:language ""en"". }
}",True,True,True,0.8123
259,medium,List all items with their CBDB and VIAF IDs.,"SELECT ?item ?cbdbID ?viafID WHERE {
  ?item wdt:[property:CBDB ID] ?cbdbID .
  ?item wdt:[property:VIAF ID] ?viafID .
}","SELECT ?item ?cbdbID ?viafID WHERE {
  ?item wdt:P497 ?cbdbID .
  ?item wdt:P214 ?viafID .
}",True,True,True,0.6144
260,complex,List the top film directors by their number of films and sitelinks.,"SELECT ?director ?directorLabel (COUNT(DISTINCT ?film) AS ?filmCount) ?sitelinks WHERE {
  ?film wdt:[property:instance of] wd:[entity:film] .
  ?film wdt:[property:director] ?director .
  ?director wikibase:sitelinks ?sitelinks .
  SERVICE wikibase:label { bd:serviceParam wikibase:language ""en"". }
}
GROUP BY ?director ?directorLabel ?sitelinks
ORDER BY DESC(?filmCount) DESC(?sitelinks)
LIMIT 100","SELECT ?director ?directorLabel (COUNT(DISTINCT ?film) AS ?filmCount) ?sitelinks WHERE {
  ?film wdt:P31 wd:Q11424 .
  ?film wdt:P57 ?director .
  ?director wikibase:sitelinks ?sitelinks .
  SERVICE wikibase:label { bd:serviceParam wikibase:language ""en"". }
}
GROUP BY ?director ?directorLabel ?sitelinks
ORDER BY DESC(?filmCount) DESC(?sitelinks)
LIMIT 100",True,True,False,0.0
261,complex,List the countries with their corresponding number of coronavirus cases.,"SELECT ?country ?countryLabel ?cases WHERE {
  ?country wdt:[property:instance of] wd:[entity:sovereign state] .
  ?country p:[property:number of cases] ?statement .
  ?statement ps:[property:number of cases] ?cases .
  ?statement pq:[property:of] wd:[entity:COVID-19 pandemic] .
  SERVICE wikibase:label { bd:serviceParam wikibase:language ""en"". }
}
ORDER BY DESC(?cases)","SELECT ?country ?countryLabel ?cases WHERE {
  ?country wdt:P31 wd:Q3624078 .
  ?country p:P1603 ?statement .
  ?statement ps:P1603 ?cases .
  ?statement pq:P2210 wd:Q83741704 .
  SERVICE wikibase:label { bd:serviceParam wikibase:language ""en"". }
}
ORDER BY DESC(?cases)",True,True,True,0.0
262,complex,List all doctoral theses with their authors and institutions.,"SELECT ?thesis ?thesisLabel ?author ?authorLabel ?institution ?institutionLabel WHERE {
  ?thesis wdt:[property:instance of] wd:[entity:doctoral thesis] .
  OPTIONAL { ?thesis wdt:[property:author] ?author . }
  OPTIONAL { ?thesis wdt:[property:publisher] ?institution . }
  SERVICE wikibase:label { bd:serviceParam wikibase:language ""en"". }
}","SELECT ?thesis ?thesisLabel ?author ?authorLabel ?institution ?institutionLabel WHERE {
  ?thesis wdt:P31 wd:Q187685 .
  OPTIONAL { ?thesis wdt:P50 ?author . }
  OPTIONAL { ?thesis wdt:P123 ?institution . }
  SERVICE wikibase:label { bd:serviceParam wikibase:language ""en"". }
}",True,True,True,1.0
263,complex,What are the parent taxa of Asterophryinae?,"SELECT ?parentTaxon ?parentTaxonLabel WHERE {
  wd:[entity:Asterophryinae] wdt:[property:parent taxon] ?parentTaxon .
  SERVICE wikibase:label { bd:serviceParam wikibase:language ""en"". }
}","SELECT ?parentTaxon ?parentTaxonLabel WHERE {
  wd:Q1968598 wdt:P171 ?parentTaxon .
  SERVICE wikibase:label { bd:serviceParam wikibase:language ""en"". }
}",True,True,True,0.001
264,complex,Find the CIViC citation corpus and extract PubMed IDs.,"SELECT ?item ?itemLabel ?pubmedID WHERE {
  ?item wdt:[property:PubMed ID] ?pubmedID .
  ?item wdt:[property:part of] wd:[entity:CIViC] .
  SERVICE wikibase:label { bd:serviceParam wikibase:language ""en"". }
}","SELECT ?item ?itemLabel ?pubmedID WHERE {
  ?item wdt:P698 ?pubmedID .
  ?item wdt:P361 wd:Q27612411 .
  SERVICE wikibase:label { bd:serviceParam wikibase:language ""en"". }
}",True,True,True,1.0
265,complex,List all instruments created by Antonio Stradivari.,"SELECT ?instrument ?instrumentLabel WHERE {
  ?instrument wdt:[property:maker] wd:[entity:Antonio Stradivari] .
  SERVICE wikibase:label { bd:serviceParam wikibase:language ""en"". }
}","SELECT ?instrument ?instrumentLabel WHERE {
  ?instrument wdt:P170 wd:Q182011 .
  SERVICE wikibase:label { bd:serviceParam wikibase:language ""en"". }
}",True,True,True,0.7303
266,complex,Find scholarly articles with 'Zika' in their title.,"SELECT ?article ?articleLabel WHERE {
  ?article wdt:[property:instance of] wd:[entity:scholarly article] .
  ?article wdt:[property:title] ?title .
  FILTER(CONTAINS(LCASE(STR(?title)), ""zika""))
  SERVICE wikibase:label { bd:serviceParam wikibase:language ""en"". }
}","SELECT ?article ?articleLabel WHERE {
  ?article wdt:P31 wd:Q13442814 .
  ?article wdt:P1476 ?title .
  FILTER(CONTAINS(LCASE(STR(?title)), ""zika""))
  SERVICE wikibase:label { bd:serviceParam wikibase:language ""en"". }
}",True,True,True,1.0
267,complex,List all items that have a description in English but no English label.,"SELECT ?item WHERE {
  ?item schema:description ?desc .
  FILTER(LANG(?desc) = ""en"")
  FILTER NOT EXISTS {
    ?item rdfs:label ?label .
    FILTER(LANG(?label) = ""en"")
  }
}","SELECT ?item WHERE {
  ?item schema:description ?desc .
  FILTER(LANG(?desc) = ""en"")
  FILTER NOT EXISTS {
    ?item rdfs:label ?label .
    FILTER(LANG(?label) = ""en"")
  }
}",True,True,False,0.0
268,complex,"What are the ingredients in a sandwich, excluding bread?","SELECT ?ingredient ?ingredientLabel WHERE {
  wd:[entity:sandwich] wdt:[property:has part(s)] ?ingredient .
  FILTER(?ingredient != wd:[entity:bread])
  SERVICE wikibase:label { bd:serviceParam wikibase:language ""en"". }
}","SELECT ?ingredient ?ingredientLabel WHERE {
  wd:Q28803 wdt:P527 ?ingredient .
  FILTER(?ingredient != wd:Q7802)
  SERVICE wikibase:label { bd:serviceParam wikibase:language ""en"". }
}",True,True,True,0.0
269,complex,List all Law & Order episodes along with their season and episode numbers.,"SELECT ?episode ?episodeLabel ?season ?episodeNumber WHERE {
  ?episode wdt:[property:part of the series] wd:[entity:Law & Order] .
  OPTIONAL { ?episode wdt:[property:season] ?season . }
  OPTIONAL { ?episode wdt:[property:episode number] ?episodeNumber . }
  SERVICE wikibase:label { bd:serviceParam wikibase:language ""en"". }
}
ORDER BY ?episodeNumber","SELECT ?episode ?episodeLabel ?season ?episodeNumber WHERE {
  ?episode wdt:P179 wd:Q321423 .
  OPTIONAL { ?episode wdt:P4908 ?season . }
  OPTIONAL { ?episode wdt:[property:episode number] ?episodeNumber . }
  SERVICE wikibase:label { bd:serviceParam wikibase:language ""en"". }
}
ORDER BY ?episodeNumber",True,False,False,0.0
270,complex,List all images used by multiple churches.,"SELECT ?image (COUNT(DISTINCT ?church) AS ?count) WHERE {
  ?church wdt:[property:instance of] wd:[entity:church building] .
  ?church wdt:[property:image] ?image .
}
GROUP BY ?image
HAVING (COUNT(DISTINCT ?church) > 1)","SELECT ?image (COUNT(DISTINCT ?church) AS ?count) WHERE {
  ?church wdt:P31 wd:Q16970 .
  ?church wdt:P18 ?image .
}
GROUP BY ?image
HAVING (COUNT(DISTINCT ?church) > 1)",True,True,True,0.501
271,complex,List all virtual conferences along with their environment and other details.,"SELECT ?conference ?conferenceLabel ?environment ?environmentLabel ?startTime ?endTime WHERE {
  ?conference wdt:[property:instance of] wd:[entity:virtual conference] .
  OPTIONAL { ?conference wdt:[property:venue] ?environment . }
  OPTIONAL { ?conference wdt:[property:start time] ?startTime . }
  OPTIONAL { ?conference wdt:[property:end time] ?endTime . }
  SERVICE wikibase:label { bd:serviceParam wikibase:language ""en"". }
}","SELECT ?conference ?conferenceLabel ?environment ?environmentLabel ?startTime ?endTime WHERE {
  ?conference wdt:P31 wd:Q7935096 .
  OPTIONAL { ?conference wdt:P276 ?environment . }
  OPTIONAL { ?conference wdt:P580 ?startTime . }
  OPTIONAL { ?conference wdt:P582 ?endTime . }
  SERVICE wikibase:label { bd:serviceParam wikibase:language ""en"". }
}",True,True,True,0.0426
272,complex,What is the average lifespan of people in different professions?,"SELECT ?occupation ?occupationLabel (AVG(?lifespan) AS ?avgLifespan) WHERE {
  ?person wdt:[property:occupation] ?occupation .
  ?person wdt:[property:date of birth] ?birth .
  ?person wdt:[property:date of death] ?death .
  BIND((YEAR(?death) - YEAR(?birth)) AS ?lifespan)
  FILTER(?lifespan > 0 && ?lifespan < 120)
  SERVICE wikibase:label { bd:serviceParam wikibase:language ""en"". }
}
GROUP BY ?occupation ?occupationLabel
ORDER BY DESC(?avgLifespan)","SELECT ?occupation ?occupationLabel (AVG(?lifespan) AS ?avgLifespan) WHERE {
  ?person wdt:P106 ?occupation .
  ?person wdt:P569 ?birth .
  ?person wdt:P570 ?death .
  BIND((YEAR(?death) - YEAR(?birth)) AS ?lifespan)
  FILTER(?lifespan > 0 && ?lifespan < 120)
  SERVICE wikibase:label { bd:serviceParam wikibase:language ""en"". }
}
GROUP BY ?occupation ?occupationLabel
ORDER BY DESC(?avgLifespan)",True,True,False,0.0
273,complex,List the identifiers present on Penelope Cruz's item but not on Sean Connery's.,"SELECT DISTINCT ?property ?propertyLabel WHERE {
  wd:[entity:Penélope Cruz] ?p ?value .
  ?property wikibase:directClaim ?p .
  ?property wikibase:propertyType wikibase:ExternalId .
  FILTER NOT EXISTS {
    wd:[entity:Sean Connery] ?p ?value2 .
  }
  SERVICE wikibase:label { bd:serviceParam wikibase:language ""en"". }
}","SELECT DISTINCT ?property ?propertyLabel WHERE {
  wd:Q39666 ?p ?value .
  ?property wikibase:directClaim ?p .
  ?property wikibase:propertyType wikibase:ExternalId .
  FILTER NOT EXISTS {
    wd:Q4573 ?p ?value2 .
  }
  SERVICE wikibase:label { bd:serviceParam wikibase:language ""en"". }
}",True,True,True,0.6334
274,complex,List all trans artists with their occupation and image.,"SELECT DISTINCT ?artist ?artistLabel ?occupation ?occupationLabel ?image WHERE {
  ?artist wdt:[property:sex or gender] ?gender .
  VALUES ?gender { wd:[entity:trans woman] wd:[entity:trans man] wd:[entity:transgender] }
  ?artist wdt:[property:occupation] ?occupation .
  ?occupation wdt:[property:subclass of]* wd:[entity:artist] .
  OPTIONAL { ?artist wdt:[property:image] ?image . }
  SERVICE wikibase:label { bd:serviceParam wikibase:language ""en"". }
}","SELECT DISTINCT ?artist ?artistLabel ?occupation ?occupationLabel ?image WHERE {
  ?artist wdt:P21 ?gender .
  VALUES ?gender { wd:Q1052281 wd:Q2449503 wd:Q189125 }
  ?artist wdt:P106 ?occupation .
  ?occupation wdt:P279* wd:Q483501 .
  OPTIONAL { ?artist wdt:P18 ?image . }
  SERVICE wikibase:label { bd:serviceParam wikibase:language ""en"". }
}",True,True,False,0.0
275,complex,What are the places near Papa Stour?,"SELECT ?place ?placeLabel WHERE {
  wd:[entity:Papa Stour] wdt:[property:located in or next to body of water] ?bodyOfWater.
  ?place wdt:[property:located in or next to body of water] ?bodyOfWater.
  FILTER(?place != wd:[entity:Papa Stour])
  SERVICE wikibase:label { bd:serviceParam wikibase:language ""en"". }
}","SELECT ?place ?placeLabel WHERE {
  wd:Q1552121 wdt:P206 ?bodyOfWater.
  ?place wdt:P206 ?bodyOfWater.
  FILTER(?place != wd:Q1552121)
  SERVICE wikibase:label { bd:serviceParam wikibase:language ""en"". }
}",True,True,True,0.0004
276,complex,List the longest English words in alphabetical order.,"SELECT DISTINCT ?word ?wordLabel WHERE {
  ?word wdt:[property:instance of] wd:[entity:longest word in English] .
  SERVICE wikibase:label { bd:serviceParam wikibase:language ""en"". }
}
ORDER BY ?wordLabel","SELECT DISTINCT ?word ?wordLabel WHERE {
  ?word wdt:P31 wd:Q4135602 .
  SERVICE wikibase:label { bd:serviceParam wikibase:language ""en"". }
}
ORDER BY ?wordLabel",True,True,True,0.0
277,complex,List all Welsh journals and newspapers with their publication dates and places.,"SELECT DISTINCT ?item ?itemLabel ?inception ?placeLabel WHERE {
  VALUES ?type { wd:[entity:academic journal] wd:[entity:newspaper] wd:[entity:periodical] }
  ?item wdt:[property:instance of] ?type .
  ?item wdt:[property:language of work or name] wd:[entity:Welsh] .
  OPTIONAL { ?item wdt:[property:inception] ?inception . }
  OPTIONAL { ?item wdt:[property:place of publication] ?place . }
  SERVICE wikibase:label { bd:serviceParam wikibase:language ""en"". }
}","SELECT DISTINCT ?item ?itemLabel ?inception ?placeLabel WHERE {
  VALUES ?type { wd:Q737498 wd:Q11032 wd:Q1002697 }
  ?item wdt:P31 ?type .
  ?item wdt:P407 wd:Q9309 .
  OPTIONAL { ?item wdt:P571 ?inception . }
  OPTIONAL { ?item wdt:P291 ?place . }
  SERVICE wikibase:label { bd:serviceParam wikibase:language ""en"". }
}",True,True,True,0.2571
278,complex,List economists by their fields of work and nationalities.,"SELECT ?economist ?economistLabel ?fieldOfWork ?fieldOfWorkLabel ?nationality ?nationalityLabel WHERE {
  ?economist wdt:[property:occupation] wd:[entity:economist] .
  OPTIONAL { ?economist wdt:[property:field of work] ?fieldOfWork . }
  OPTIONAL { ?economist wdt:[property:country of citizenship] ?nationality . }
  SERVICE wikibase:label { bd:serviceParam wikibase:language ""en"". }
}
LIMIT 100","SELECT ?economist ?economistLabel ?fieldOfWork ?fieldOfWorkLabel ?nationality ?nationalityLabel WHERE {
  ?economist wdt:P106 wd:Q188094 .
  OPTIONAL { ?economist wdt:P101 ?fieldOfWork . }
  OPTIONAL { ?economist wdt:P27 ?nationality . }
  SERVICE wikibase:label { bd:serviceParam wikibase:language ""en"". }
}
LIMIT 100",True,True,True,0.0046
279,complex,List the top animals depicted in artworks.,"SELECT ?animal ?animalLabel (COUNT(?artwork) AS ?count) WHERE {
  ?artwork wdt:[property:instance of]/wdt:[property:subclass of]* wd:[entity:work of art] .
  ?artwork wdt:[property:depicts] ?animal .
  ?animal wdt:[property:instance of]/wdt:[property:subclass of]* wd:[entity:taxon] .
  SERVICE wikibase:label { bd:serviceParam wikibase:language ""en"". }
}
GROUP BY ?animal ?animalLabel
ORDER BY DESC(?count)
LIMIT 20","SELECT ?animal ?animalLabel (COUNT(?artwork) AS ?count) WHERE {
  ?artwork wdt:[property:instance of]/wdt:P279* wd:Q838948 .
  ?artwork wdt:P180 ?animal .
  ?animal wdt:[property:instance of]/wdt:P279* wd:[entity:taxon] .
  SERVICE wikibase:label { bd:serviceParam wikibase:language ""en"". }
}
GROUP BY ?animal ?animalLabel
ORDER BY DESC(?count)
LIMIT 20",True,False,False,0.0
280,complex,List the European regions with a population density of less than 30 people per square kilometer.,"SELECT DISTINCT ?region ?regionLabel ?populationDensity WHERE {
  ?region wdt:[property:instance of] wd:[entity:region] .
  ?region wdt:[property:continent] wd:[entity:Europe] .
  ?region wdt:[property:population density] ?populationDensity .
  FILTER(?populationDensity < 30)
  SERVICE wikibase:label { bd:serviceParam wikibase:language ""en"". }
}","SELECT DISTINCT ?region ?regionLabel ?populationDensity WHERE {
  ?region wdt:P31 wd:Q82794 .
  ?region wdt:P30 wd:Q46 .
  ?region wdt:[property:population density] ?populationDensity .
  FILTER(?populationDensity < 30)
  SERVICE wikibase:label { bd:serviceParam wikibase:language ""en"". }
}",True,False,False,0.0
281,complex,List all restaurants in Luxembourg that have a Michelin star.,"SELECT DISTINCT ?restaurant ?restaurantLabel WHERE {
  ?restaurant wdt:[property:instance of]/wdt:[property:subclass of]* wd:[entity:restaurant] .
  ?restaurant wdt:[property:country] wd:[entity:Luxembourg] .
  ?restaurant wdt:[property:Michelin Guide star] ?stars .
  SERVICE wikibase:label { bd:serviceParam wikibase:language ""en"" . }
}","SELECT DISTINCT ?restaurant ?restaurantLabel WHERE {
  ?restaurant wdt:P31/wdt:[property:subclass of]* wd:Q11707 .
  ?restaurant wdt:[property:country] wd:Q32 .
  ?restaurant wdt:[property:Michelin Guide star] ?stars .
  SERVICE wikibase:label { bd:serviceParam wikibase:language ""en"" . }
}",True,False,False,0.0
282,complex,What properties are most commonly used in references?,"SELECT ?property ?propertyLabel (COUNT(*) AS ?count) WHERE {
  ?ref ?refProp ?value .
  ?property wikibase:reference ?refProp .
  SERVICE wikibase:label { bd:serviceParam wikibase:language ""en"". }
}
GROUP BY ?property ?propertyLabel
ORDER BY DESC(?count)
LIMIT 100","SELECT ?property ?propertyLabel (COUNT(*) AS ?count) WHERE {
  ?ref ?refProp ?value .
  ?property wikibase:reference ?refProp .
  SERVICE wikibase:label { bd:serviceParam wikibase:language ""en"". }
}
GROUP BY ?property ?propertyLabel
ORDER BY DESC(?count)
LIMIT 100",True,True,False,0.0
283,complex,List all WikiProjects focused on women.,"SELECT ?project ?projectLabel WHERE {
  ?project wdt:[property:instance of] wd:[entity:WikiProject] .
  ?project wdt:[property:main subject] wd:[entity:woman] .
  SERVICE wikibase:label { bd:serviceParam wikibase:language ""en"". }
}","SELECT ?project ?projectLabel WHERE {
  ?project wdt:P31 wd:Q16695773 .
  ?project wdt:P921 wd:Q467 .
  SERVICE wikibase:label { bd:serviceParam wikibase:language ""en"". }
}",True,True,True,0.0
284,complex,Find pictures of theatres in Carthalia from the outside and inside.,"SELECT ?theatre ?theatreLabel ?image WHERE {
  ?theatre wdt:[property:instance of] wd:[entity:theatre] .
  ?theatre wdt:[property:Carthalia ID] ?carthaliaId .
  ?theatre wdt:[property:image] ?image .
  SERVICE wikibase:label { bd:serviceParam wikibase:language ""en"". }
}","SELECT ?theatre ?theatreLabel ?image WHERE {
  ?theatre wdt:P31 wd:Q24354 .
  ?theatre wdt:P5652 ?carthaliaId .
  ?theatre wdt:P18 ?image .
  SERVICE wikibase:label { bd:serviceParam wikibase:language ""en"". }
}",True,True,True,0.1085
285,complex,List the countries with their number of citizens having a specific blood type.,"SELECT ?country ?countryLabel ?bloodType ?bloodTypeLabel (COUNT(?person) AS ?count) WHERE {
  ?person wdt:[property:instance of] wd:[entity:human] .
  ?person wdt:[property:country of citizenship] ?country .
  ?person wdt:[property:blood type] ?bloodType .
  SERVICE wikibase:label { bd:serviceParam wikibase:language ""en"". }
}
GROUP BY ?country ?countryLabel ?bloodType ?bloodTypeLabel
ORDER BY ?countryLabel DESC(?count)","SELECT ?country ?countryLabel ?bloodType ?bloodTypeLabel (COUNT(?person) AS ?count) WHERE {
  ?person wdt:P31 wd:Q5 .
  ?person wdt:P27 ?country .
  ?person wdt:P1853 ?bloodType .
  SERVICE wikibase:label { bd:serviceParam wikibase:language ""en"". }
}
GROUP BY ?country ?countryLabel ?bloodType ?bloodTypeLabel
ORDER BY ?countryLabel DESC(?count)",True,True,True,0.3544
286,complex,What artworks are commonly depicted in both the Ashmolean Museum and the Cleveland Museum of Art?,"SELECT DISTINCT ?artwork ?artworkLabel WHERE {
  ?artwork wdt:[property:collection] wd:[entity:Ashmolean Museum] .
  ?artwork wdt:[property:collection] wd:[entity:Cleveland Museum of Art] .
  SERVICE wikibase:label { bd:serviceParam wikibase:language ""en"". }
}","SELECT DISTINCT ?artwork ?artworkLabel WHERE {
  ?artwork wdt:P195 wd:Q636400 .
  ?artwork wdt:P195 wd:Q657415 .
  SERVICE wikibase:label { bd:serviceParam wikibase:language ""en"". }
}",True,True,True,0.0
287,complex,"List the movies featuring Jean-Paul Belmondo, ranked by their number of sitelinks.","SELECT ?movie ?movieLabel ?sitelinks WHERE {
  ?movie wdt:[property:instance of] wd:[entity:film] .
  ?movie wdt:[property:cast member] wd:[entity:Jean-Paul Belmondo] .
  ?movie wikibase:sitelinks ?sitelinks .
  SERVICE wikibase:label { bd:serviceParam wikibase:language ""en"". }
}
ORDER BY DESC(?sitelinks)","SELECT ?movie ?movieLabel ?sitelinks WHERE {
  ?movie wdt:P31 wd:Q11424 .
  ?movie wdt:P161 wd:Q106255 .
  ?movie wikibase:sitelinks ?sitelinks .
  SERVICE wikibase:label { bd:serviceParam wikibase:language ""en"". }
}
ORDER BY DESC(?sitelinks)",True,True,True,0.4515
288,complex,List male actors who played the same character in a trilogy of movies when they were young and again decades later.,"SELECT DISTINCT ?actor ?actorLabel ?character ?characterLabel WHERE {
  ?character wdt:[property:instance of] wd:[entity:fictional human] .
  ?film1 wdt:[property:instance of] wd:[entity:film] ;
         wdt:[property:characters] ?character ;
         wdt:[property:cast member] ?actor ;
         wdt:[property:publication date] ?date1 .
  ?film2 wdt:[property:instance of] wd:[entity:film] ;
         wdt:[property:characters] ?character ;
         wdt:[property:cast member] ?actor ;
         wdt:[property:publication date] ?date2 .
  ?actor wdt:[property:sex or gender] wd:[entity:male] .
  FILTER(YEAR(?date2) - YEAR(?date1) >= 20)
  SERVICE wikibase:label { bd:serviceParam wikibase:language ""en"". }
}","SELECT DISTINCT ?actor ?actorLabel ?character ?characterLabel WHERE {
  ?character wdt:P31 wd:Q15632617 .
  ?film1 wdt:P31 wd:Q11424 ;
         wdt:P674 ?character ;
         wdt:P161 ?actor ;
         wdt:P577 ?date1 .
  ?film2 wdt:P31 wd:Q11424 ;
         wdt:P674 ?character ;
         wdt:P161 ?actor ;
         wdt:P577 ?date2 .
  ?actor wdt:P21 wd:Q6581097 .
  FILTER(YEAR(?date2) - YEAR(?date1) >= 20)
  SERVICE wikibase:label { bd:serviceParam wikibase:language ""en"". }
}",True,True,False,0.0
289,complex,Find churches in the Czech Republic dedicated to St. Wenceslas or St. Cyril and Methodius.,"SELECT DISTINCT ?church ?churchLabel WHERE {
  ?church wdt:[property:instance of]/wdt:[property:subclass of]* wd:[entity:church building] .
  ?church wdt:[property:country] wd:[entity:Czech Republic] .
  ?church wdt:[property:dedicated to] ?dedication .
  VALUES ?dedication { wd:[entity:Wenceslaus I, Duke of Bohemia] wd:[entity:Saints Cyril and Methodius] }
  SERVICE wikibase:label { bd:serviceParam wikibase:language ""en,cs"". }
}","SELECT DISTINCT ?church ?churchLabel WHERE {
  ?church wdt:P31/wdt:P279* wd:Q16970 .
  ?church wdt:P17 wd:Q213 .
  ?church wdt:P825 ?dedication .
  VALUES ?dedication { wd:Q196527 wd:Q239925 }
  SERVICE wikibase:label { bd:serviceParam wikibase:language ""en,cs"". }
}",True,True,True,0.013
290,complex,Show me a map of all Wikidata items located in Ukraine.,"SELECT ?item ?itemLabel ?coord WHERE {
  ?item wdt:[property:country] wd:[entity:Ukraine] .
  ?item wdt:[property:coordinate location] ?coord .
  SERVICE wikibase:label { bd:serviceParam wikibase:language ""en"". }
}","SELECT ?item ?itemLabel ?coord WHERE {
  ?item wdt:P17 wd:Q212 .
  ?item wdt:P625 ?coord .
  SERVICE wikibase:label { bd:serviceParam wikibase:language ""en"". }
}",True,True,True,0.0
291,complex,List photographers born before the first photograph was taken.,"SELECT DISTINCT ?photographer ?photographerLabel ?birthDate WHERE {
  ?photographer wdt:[property:instance of] wd:[entity:human] .
  ?photographer wdt:[property:occupation] wd:[entity:photographer] .
  ?photographer wdt:[property:date of birth] ?birthDate .
  FILTER(?birthDate < ""1826-01-01T00:00:00Z""^^xsd:dateTime)
  SERVICE wikibase:label { bd:serviceParam wikibase:language ""en"". }
}
ORDER BY ?birthDate","SELECT DISTINCT ?photographer ?photographerLabel ?birthDate WHERE {
  ?photographer wdt:P31 wd:Q5 .
  ?photographer wdt:P106 wd:Q33231 .
  ?photographer wdt:P569 ?birthDate .
  FILTER(?birthDate < ""1826-01-01T00:00:00Z""^^xsd:dateTime)
  SERVICE wikibase:label { bd:serviceParam wikibase:language ""en"". }
}
ORDER BY ?birthDate",True,True,True,0.0
292,complex,List all grammatical features and their subclasses.,"SELECT DISTINCT ?feature ?featureLabel ?subclass ?subclassLabel WHERE {
  ?feature wdt:[property:instance of] wd:[entity:grammatical feature] .
  OPTIONAL {
    ?subclass wdt:[property:subclass of] ?feature .
  }
  SERVICE wikibase:label { bd:serviceParam wikibase:language ""en"". }
}","SELECT DISTINCT ?feature ?featureLabel ?subclass ?subclassLabel WHERE {
  ?feature wdt:P31 wd:Q4147654 .
  OPTIONAL {
    ?subclass wdt:P279 ?feature .
  }
  SERVICE wikibase:label { bd:serviceParam wikibase:language ""en"". }
}",True,True,True,0.0
293,complex,List famous Latin American female musicians who don't have a Wikipedia article in Spanish.,"SELECT DISTINCT ?musician ?musicianLabel WHERE {
  ?musician wdt:[property:occupation] wd:[entity:musician] .
  ?musician wdt:[property:sex or gender] wd:[entity:female] .
  ?musician wdt:[property:country of citizenship] ?country .
  ?country wdt:[property:part of] wd:[entity:Latin America] .
  FILTER NOT EXISTS {
    ?article schema:about ?musician ;
             schema:isPartOf <https://es.wikipedia.org/> .
  }
  SERVICE wikibase:label { bd:serviceParam wikibase:language ""en"". }
}","SELECT DISTINCT ?musician ?musicianLabel WHERE {
  ?musician wdt:P106 wd:Q639669 .
  ?musician wdt:P21 wd:Q6581072 .
  ?musician wdt:P27 ?country .
  ?country wdt:P361 wd:Q12585 .
  FILTER NOT EXISTS {
    ?article schema:about ?musician ;
             schema:isPartOf <https://es.wikipedia.org/> .
  }
  SERVICE wikibase:label { bd:serviceParam wikibase:language ""en"". }
}",True,True,False,0.0
294,complex,List the events where most video games were announced.,"SELECT ?event ?eventLabel (COUNT(?game) AS ?count) WHERE {
  ?game wdt:[property:instance of] wd:[entity:video game] .
  ?game wdt:[property:significant event] ?event .
  SERVICE wikibase:label { bd:serviceParam wikibase:language ""en"". }
}
GROUP BY ?event ?eventLabel
ORDER BY DESC(?count)
LIMIT 10","SELECT ?event ?eventLabel (COUNT(?game) AS ?count) WHERE {
  ?game wdt:P31 wd:Q7889 .
  ?game wdt:P793 ?event .
  SERVICE wikibase:label { bd:serviceParam wikibase:language ""en"". }
}
GROUP BY ?event ?eventLabel
ORDER BY DESC(?count)
LIMIT 10",True,True,True,0.014
295,complex,Find the century when archaeological objects in St Raymond museum were discovered.,"SELECT DISTINCT ?century WHERE {
  ?object wdt:[property:collection] wd:[entity:Saint-Raymond Museum] .
  ?object wdt:[property:time of discovery or invention] ?date .
  BIND(CEIL(YEAR(?date) / 100.0) AS ?century)
}","SELECT DISTINCT ?century WHERE {
  ?object wdt:P195 wd:Q1376 .
  ?object wdt:P575 ?date .
  BIND(CEIL(YEAR(?date) / 100.0) AS ?century)
}",True,True,True,0.0008
296,complex,List all statues in the UK that depict women or nobles.,"SELECT DISTINCT ?statue ?statueLabel WHERE {
  ?statue wdt:[property:instance of] wd:[entity:statue] .
  ?statue wdt:[property:country] wd:[entity:United Kingdom] .
  ?statue wdt:[property:depicts] ?subject .
  {
    ?subject wdt:[property:sex or gender] wd:[entity:female] .
  } UNION {
    ?subject wdt:[property:occupation] wd:[entity:noble] .
  }
  SERVICE wikibase:label { bd:serviceParam wikibase:language ""en"". }
}","SELECT DISTINCT ?statue ?statueLabel WHERE {
  ?statue wdt:P31 wd:Q179700 .
  ?statue wdt:P17 wd:Q145 .
  ?statue wdt:P180 ?subject .
  {
    ?subject wdt:P21 wd:Q467 .
  } UNION {
    ?subject wdt:P106 wd:Q355567 .
  }
  SERVICE wikibase:label { bd:serviceParam wikibase:language ""en"". }
}",True,True,True,0.0
297,complex,List all cricket teams with their number of players and gender.,"SELECT ?team ?teamLabel (COUNT(?player) AS ?numPlayers) ?genderLabel WHERE {
  ?team wdt:[property:instance of] wd:[entity:cricket team] .
  OPTIONAL {
    ?player wdt:[property:member of sports team] ?team .
    OPTIONAL { ?player wdt:[property:sex or gender] ?gender . }
  }
  SERVICE wikibase:label { bd:serviceParam wikibase:language ""en"". }
}
GROUP BY ?team ?teamLabel ?genderLabel","SELECT ?team ?teamLabel (COUNT(?player) AS ?numPlayers) ?genderLabel WHERE {
  ?team wdt:P31 wd:Q17376093 .
  OPTIONAL {
    ?player wdt:P54 ?team .
    OPTIONAL { ?player wdt:P21 ?gender . }
  }
  SERVICE wikibase:label { bd:serviceParam wikibase:language ""en"". }
}
GROUP BY ?team ?teamLabel ?genderLabel",True,True,True,0.3776
298,complex,Find entities related to Percy Bysshe Shelley and their corresponding images.,"SELECT ?entity ?entityLabel ?image WHERE {
  ?entity ?p wd:[entity:Percy Bysshe Shelley] .
  ?entity wdt:[property:image] ?image .
  SERVICE wikibase:label { bd:serviceParam wikibase:language ""en"". }
}","SELECT ?entity ?entityLabel ?image WHERE {
  ?entity ?p wd:Q93343 .
  ?entity wdt:P18 ?image .
  SERVICE wikibase:label { bd:serviceParam wikibase:language ""en"". }
}",True,True,True,0.0435
299,complex,What are the most common characteristics of objects in a specific collection?,"SELECT ?characteristic ?characteristicLabel (COUNT(?object) AS ?count) WHERE {
  ?object wdt:[property:collection] wd:[entity:Museum of Modern Art] .
  ?object wdt:[property:instance of] ?characteristic .
  SERVICE wikibase:label { bd:serviceParam wikibase:language ""en"". }
}
GROUP BY ?characteristic ?characteristicLabel
ORDER BY DESC(?count)
LIMIT 10","SELECT ?characteristic ?characteristicLabel (COUNT(?object) AS ?count) WHERE {
  ?object wdt:P195 wd:Q188740 .
  ?object wdt:P31 ?characteristic .
  SERVICE wikibase:label { bd:serviceParam wikibase:language ""en"". }
}
GROUP BY ?characteristic ?characteristicLabel
ORDER BY DESC(?count)
LIMIT 10",True,True,True,0.0
300,complex,List all Swiss films along with their duration in minutes and release date.,"SELECT ?film ?filmLabel ?duration ?releaseDate WHERE {
  ?film wdt:[property:instance of] wd:[entity:film] .
  ?film wdt:[property:country of origin] wd:[entity:Switzerland] .
  OPTIONAL { ?film wdt:[property:duration] ?duration . }
  OPTIONAL { ?film wdt:[property:publication date] ?releaseDate . }
  SERVICE wikibase:label { bd:serviceParam wikibase:language ""en"". }
}","SELECT ?film ?filmLabel ?duration ?releaseDate WHERE {
  ?film wdt:P31 wd:Q11424 .
  ?film wdt:P495 wd:Q39 .
  OPTIONAL { ?film wdt:P2047 ?duration . }
  OPTIONAL { ?film wdt:P577 ?releaseDate . }
  SERVICE wikibase:label { bd:serviceParam wikibase:language ""en"". }
}",True,True,True,0.0
301,complex,List all members of the Illuminati Order along with their birth dates.,"SELECT ?member ?memberLabel ?birthDate WHERE {
  ?member wdt:[property:member of] wd:[entity:Illuminati] .
  OPTIONAL { ?member wdt:[property:date of birth] ?birthDate . }
  SERVICE wikibase:label { bd:serviceParam wikibase:language ""en"". }
}","SELECT ?member ?memberLabel ?birthDate WHERE {
  ?member wdt:P463 wd:Q133957 .
  OPTIONAL { ?member wdt:P569 ?birthDate . }
  SERVICE wikibase:label { bd:serviceParam wikibase:language ""en"". }
}",True,True,True,0.0
302,complex,List all Czech art collections with their sizes.,"SELECT ?collection ?collectionLabel ?size WHERE {
  ?collection wdt:[property:instance of] wd:[entity:art collection] .
  ?collection wdt:[property:country] wd:[entity:Czech Republic] .
  ?collection wdt:[property:collection or exhibition size] ?size .
  SERVICE wikibase:label { bd:serviceParam wikibase:language ""en"". }
}","SELECT ?collection ?collectionLabel ?size WHERE {
  ?collection wdt:P31 wd:Q7328910 .
  ?collection wdt:P17 wd:Q213 .
  ?collection wdt:P1436 ?size .
  SERVICE wikibase:label { bd:serviceParam wikibase:language ""en"". }
}",True,True,True,0.0489
303,complex,List airports named after famous poets.,"SELECT DISTINCT ?airport ?airportLabel ?poet ?poetLabel WHERE {
  ?airport wdt:[property:instance of]/wdt:[property:subclass of]* wd:[entity:airport] .
  ?airport wdt:[property:named after] ?poet .
  ?poet wdt:[property:occupation] wd:[entity:poet] .
  SERVICE wikibase:label { bd:serviceParam wikibase:language ""en"". }
}","SELECT DISTINCT ?airport ?airportLabel ?poet ?poetLabel WHERE {
  ?airport wdt:P31/wdt:P279* wd:Q1248784 .
  ?airport wdt:P138 ?poet .
  ?poet wdt:P106 wd:Q49757 .
  SERVICE wikibase:label { bd:serviceParam wikibase:language ""en"". }
}",True,True,True,0.543
304,complex,"Show me a map of Italian cities with schools, highlighting areas with high school density.","SELECT ?city ?cityLabel ?coord (COUNT(?school) AS ?schoolCount) WHERE {
  ?city wdt:[property:instance of] wd:[entity:city] ;
        wdt:[property:country] wd:[entity:Italy] ;
        wdt:[property:coordinate location] ?coord .
  ?school wdt:[property:instance of] wd:[entity:school] ;
          wdt:[property:located in the administrative territorial entity] ?city .
  SERVICE wikibase:label { bd:serviceParam wikibase:language ""en"". }
}
GROUP BY ?city ?cityLabel ?coord
ORDER BY DESC(?schoolCount)","SELECT ?city ?cityLabel ?coord (COUNT(?school) AS ?schoolCount) WHERE {
  ?city wdt:P31 wd:Q515 ;
        wdt:P17 wd:Q38 ;
        wdt:P625 ?coord .
  ?school wdt:P31 wd:Q3914 ;
          wdt:P131 ?city .
  SERVICE wikibase:label { bd:serviceParam wikibase:language ""en"". }
}
GROUP BY ?city ?cityLabel ?coord
ORDER BY DESC(?schoolCount)",True,True,True,0.0069
305,complex,Show me hillforts in the UK without images on a map.,"SELECT ?item ?itemLabel ?coord WHERE {
  ?item wdt:[property:instance of] wd:[entity:hillfort] .
  ?item wdt:[property:country] wd:[entity:United Kingdom] .
  ?item wdt:[property:coordinate location] ?coord .
  FILTER NOT EXISTS { ?item wdt:[property:image] ?image . }
  SERVICE wikibase:label { bd:serviceParam wikibase:language ""en"". }
}","SELECT ?item ?itemLabel ?coord WHERE {
  ?item wdt:P31 wd:Q744099 .
  ?item wdt:P17 wd:Q145 .
  ?item wdt:P625 ?coord .
  FILTER NOT EXISTS { ?item wdt:P18 ?image . }
  SERVICE wikibase:label { bd:serviceParam wikibase:language ""en"". }
}",True,True,True,0.0727
306,complex,List all pathways with their corresponding gene and metabolite counts.,"SELECT ?pathway ?pathwayLabel (COUNT(DISTINCT ?gene) AS ?geneCount) (COUNT(DISTINCT ?metabolite) AS ?metaboliteCount) WHERE {
  ?pathway wdt:[property:instance of] wd:[entity:biological pathway] .
  OPTIONAL {
    ?gene wdt:[property:part of] ?pathway .
    ?gene wdt:[property:instance of] wd:[entity:gene] .
  }
  OPTIONAL {
    ?metabolite wdt:[property:part of] ?pathway .
    ?metabolite wdt:[property:instance of] wd:[entity:metabolite] .
  }
  SERVICE wikibase:label { bd:serviceParam wikibase:language ""en"". }
}
GROUP BY ?pathway ?pathwayLabel","SELECT ?pathway ?pathwayLabel (COUNT(DISTINCT ?gene) AS ?geneCount) (COUNT(DISTINCT ?metabolite) AS ?metaboliteCount) WHERE {
  ?pathway wdt:P31 wd:Q4915012 .
  OPTIONAL {
    ?gene wdt:P361 ?pathway .
    ?gene wdt:P31 wd:Q7187 .
  }
  OPTIONAL {
    ?metabolite wdt:P361 ?pathway .
    ?metabolite wdt:P31 wd:Q407595 .
  }
  SERVICE wikibase:label { bd:serviceParam wikibase:language ""en"". }
}
GROUP BY ?pathway ?pathwayLabel",True,True,True,0.0
307,complex,Find authors with works published online during the Early Modern period.,"SELECT DISTINCT ?author ?authorLabel WHERE {
  ?work wdt:[property:author] ?author .
  ?work wdt:[property:full work available at URL] ?url .
  ?work wdt:[property:publication date] ?date .
  FILTER(?date >= ""1500-01-01""^^xsd:dateTime && ?date <= ""1800-12-31""^^xsd:dateTime)
  SERVICE wikibase:label { bd:serviceParam wikibase:language ""en"". }
}","SELECT DISTINCT ?author ?authorLabel WHERE {
  ?work wdt:P50 ?author .
  ?work wdt:[property:full work available at URL] ?url .
  ?work wdt:P577 ?date .
  FILTER(?date >= ""1500-01-01""^^xsd:dateTime && ?date <= ""1800-12-31""^^xsd:dateTime)
  SERVICE wikibase:label { bd:serviceParam wikibase:language ""en"". }
}",True,False,False,0.0
308,complex,Find artworks featuring individuals from the Electronic Enlightenment database.,"SELECT DISTINCT ?artwork ?artworkLabel WHERE {
  ?person wdt:[property:Electronic Enlightenment ID] ?eeID .
  ?artwork wdt:[property:depicts] ?person .
  ?artwork wdt:[property:instance of]/wdt:[property:subclass of]* wd:[entity:work of art] .
  SERVICE wikibase:label { bd:serviceParam wikibase:language ""en"". }
}","SELECT DISTINCT ?artwork ?artworkLabel WHERE {
  ?person wdt:P3429 ?eeID .
  ?artwork wdt:P180 ?person .
  ?artwork wdt:P31/wdt:P279* wd:Q838948 .
  SERVICE wikibase:label { bd:serviceParam wikibase:language ""en"". }
}",True,True,False,0.0
309,complex,List the types of notable things that have an Instagram account.,"SELECT DISTINCT ?type ?typeLabel WHERE {
  ?item wdt:[property:Instagram username] ?username .
  ?item wdt:[property:instance of] ?type .
  SERVICE wikibase:label { bd:serviceParam wikibase:language ""en"". }
}","SELECT DISTINCT ?type ?typeLabel WHERE {
  ?item wdt:P2003 ?username .
  ?item wdt:P31 ?type .
  SERVICE wikibase:label { bd:serviceParam wikibase:language ""en"". }
}",True,True,False,0.0
310,complex,What organizations were founded by University of Oxford alumni?,"SELECT DISTINCT ?org ?orgLabel WHERE {
  ?person wdt:[property:educated at] wd:[entity:University of Oxford] .
  ?org wdt:[property:founded by] ?person .
  SERVICE wikibase:label { bd:serviceParam wikibase:language ""en"". }
}","SELECT DISTINCT ?org ?orgLabel WHERE {
  ?person wdt:P69 wd:Q34433 .
  ?org wdt:P112 ?person .
  SERVICE wikibase:label { bd:serviceParam wikibase:language ""en"". }
}",True,True,True,0.1509
311,complex,"List politicians who have accounts on GitHub, CPAN, or Wikimedia.","SELECT DISTINCT ?politician ?politicianLabel WHERE {
  ?politician wdt:[property:occupation] wd:[entity:politician] .
  {
    ?politician wdt:[property:GitHub username] ?github .
  } UNION {
    ?politician wdt:[property:CPAN ID] ?cpan .
  } UNION {
    ?politician wdt:[property:Wikimedia username] ?wikimedia .
  }
  SERVICE wikibase:label { bd:serviceParam wikibase:language ""en"". }
}","SELECT DISTINCT ?politician ?politicianLabel WHERE {
  ?politician wdt:P106 wd:Q82955 .
  {
    ?politician wdt:P2037 ?github .
  } UNION {
    ?politician wdt:P8124 ?cpan .
  } UNION {
    ?politician wdt:P4174 ?wikimedia .
  }
  SERVICE wikibase:label { bd:serviceParam wikibase:language ""en"". }
}",True,True,True,0.0814
312,complex,List the countries with the most colorful flags.,"SELECT ?country ?countryLabel (COUNT(DISTINCT ?color) AS ?colorCount) WHERE {
  ?country wdt:[property:instance of] wd:[entity:country] .
  ?country wdt:[property:flag] ?flag .
  ?flag wdt:[property:color] ?color .
  SERVICE wikibase:label { bd:serviceParam wikibase:language ""en"" . }
}
GROUP BY ?country ?countryLabel
ORDER BY DESC(?colorCount)
LIMIT 10","SELECT ?country ?countryLabel (COUNT(DISTINCT ?color) AS ?colorCount) WHERE {
  ?country wdt:P31 wd:Q6256 .
  ?country wdt:P41 ?flag .
  ?flag wdt:P462 ?color .
  SERVICE wikibase:label { bd:serviceParam wikibase:language ""en"" . }
}
GROUP BY ?country ?countryLabel
ORDER BY DESC(?colorCount)
LIMIT 10",True,True,True,0.0
313,complex,Find online travel stories with French texts and map the locations mentioned.,"SELECT ?travelStory ?travelStoryLabel ?location ?locationLabel ?coordinates WHERE {
  ?travelStory wdt:[property:instance of] wd:[entity:travel literature] .
  ?travelStory wdt:[property:language of work or name] wd:[entity:French] .
  ?travelStory wdt:[property:full work available at URL] ?url .
  ?travelStory wdt:[property:narrative location] ?location .
  ?location wdt:[property:coordinate location] ?coordinates .
  SERVICE wikibase:label { bd:serviceParam wikibase:language ""en,fr"". }
}","SELECT ?travelStory ?travelStoryLabel ?location ?locationLabel ?coordinates WHERE {
  ?travelStory wdt:P31 wd:Q1072723 .
  ?travelStory wdt:P407 wd:Q150 .
  ?travelStory wdt:[property:full work available at URL] ?url .
  ?travelStory wdt:P840 ?location .
  ?location wdt:P625 ?coordinates .
  SERVICE wikibase:label { bd:serviceParam wikibase:language ""en,fr"". }
}",True,False,False,0.0
314,complex,List all statues and monuments dedicated to slave owners or traders.,"SELECT DISTINCT ?monument ?monumentLabel WHERE {
  ?monument wdt:[property:instance of] ?type .
  VALUES ?type { wd:[entity:statue] wd:[entity:monument] }
  ?monument wdt:[property:commemorates] ?person .
  ?person wdt:[property:occupation] ?occupation .
  VALUES ?occupation { wd:[entity:slave owner] wd:[entity:slave trader] }
  SERVICE wikibase:label { bd:serviceParam wikibase:language ""en"". }
}","SELECT DISTINCT ?monument ?monumentLabel WHERE {
  ?monument wdt:P31 ?type .
  VALUES ?type { wd:Q179700 wd:Q4989906 }
  ?monument wdt:[property:commemorates] ?person .
  ?person wdt:[property:occupation] ?occupation .
  VALUES ?occupation { wd:Q10076267 wd:Q17769800 }
  SERVICE wikibase:label { bd:serviceParam wikibase:language ""en"". }
}",True,False,False,0.0
315,complex,List all town halls located in communes that share a border with Paris.,"SELECT DISTINCT ?townHall ?townHallLabel WHERE {
  ?commune wdt:[property:shares border with] wd:[entity:Paris] .
  ?townHall wdt:[property:instance of] wd:[entity:town hall] .
  ?townHall wdt:[property:located in the administrative territorial entity] ?commune .
  SERVICE wikibase:label { bd:serviceParam wikibase:language ""en"". }
}","SELECT DISTINCT ?townHall ?townHallLabel WHERE {
  ?commune wdt:[property:shares border with] wd:[entity:Paris] .
  ?townHall wdt:[property:instance of] wd:[entity:town hall] .
  ?townHall wdt:[property:located in the administrative territorial entity] ?commune .
  SERVICE wikibase:label { bd:serviceParam wikibase:language ""en"". }
}",True,False,False,0.0
316,complex,What are the geographic coordinates of Ordnance Survey Old Series preparatory drawings?,"SELECT ?coordinates WHERE {
  wd:[entity:Ordnance Survey Old Series preparatory drawings] wdt:[property:coordinate location] ?coordinates.
}","SELECT ?coordinates WHERE {
  wd:[entity:Ordnance Survey Old Series preparatory drawings] wdt:[property:coordinate location] ?coordinates.
}",True,False,False,0.0
317,complex,List the political parties of world leaders and their alignments.,"SELECT DISTINCT ?leader ?leaderLabel ?party ?partyLabel ?alignment ?alignmentLabel WHERE {
  ?leader wdt:[property:position held] ?position .
  ?position wdt:[property:subclass of]* wd:[entity:head of state] .
  ?leader wdt:[property:member of political party] ?party .
  OPTIONAL { ?party wdt:[property:political alignment] ?alignment . }
  SERVICE wikibase:label { bd:serviceParam wikibase:language ""en"". }
}","SELECT DISTINCT ?leader ?leaderLabel ?party ?partyLabel ?alignment ?alignmentLabel WHERE {
  ?leader wdt:P39 ?position .
  ?position wdt:P279* wd:Q48352 .
  ?leader wdt:P102 ?party .
  OPTIONAL { ?party wdt:P1387 ?alignment . }
  SERVICE wikibase:label { bd:serviceParam wikibase:language ""en"". }
}",True,True,True,0.031
318,complex,List the people who received the most letters.,"SELECT ?person ?personLabel (COUNT(?letter) AS ?count) WHERE {
  ?letter wdt:[property:instance of] wd:[entity:letter] .
  ?letter wdt:[property:addressee] ?person .
  SERVICE wikibase:label { bd:serviceParam wikibase:language ""en"". }
}
GROUP BY ?person ?personLabel
ORDER BY DESC(?count)
LIMIT 10","SELECT ?person ?personLabel (COUNT(?letter) AS ?count) WHERE {
  ?letter wdt:P31 wd:Q133492 .
  ?letter wdt:P1817 ?person .
  SERVICE wikibase:label { bd:serviceParam wikibase:language ""en"". }
}
GROUP BY ?person ?personLabel
ORDER BY DESC(?count)
LIMIT 10",True,True,True,0.032
319,complex,List Wikipedia articles about people without pictures on Wikidata.,"SELECT ?person ?article WHERE {
  ?person wdt:[property:instance of] wd:[entity:human] .
  ?article schema:about ?person ;
           schema:isPartOf <https://en.wikipedia.org/> .
  FILTER NOT EXISTS { ?person wdt:[property:image] ?image . }
}
LIMIT 100","SELECT ?person ?article WHERE {
  ?person wdt:P31 wd:Q5 .
  ?article schema:about ?person ;
           schema:isPartOf <https://en.wikipedia.org/> .
  FILTER NOT EXISTS { ?person wdt:P18 ?image . }
}
LIMIT 100",True,True,True,0.0
320,complex,How many successful election petitions were there in each UK parliamentary term since 1859?,"SELECT ?term ?termLabel (COUNT(?petition) AS ?count) WHERE {
  ?petition wdt:[property:instance of] wd:[entity:election petition] .
  ?petition wdt:[property:parliamentary term] ?term .
  ?petition wdt:[property:determination method] wd:[entity:successful] .
  SERVICE wikibase:label { bd:serviceParam wikibase:language ""en"". }
}
GROUP BY ?term ?termLabel
ORDER BY ?termLabel","SELECT ?term ?termLabel (COUNT(?petition) AS ?count) WHERE {
  ?petition wdt:P31 wd:Q13634247 .
  ?petition wdt:P2937 ?term .
  ?petition wdt:P459 wd:Q6452715 .
  SERVICE wikibase:label { bd:serviceParam wikibase:language ""en"". }
}
GROUP BY ?term ?termLabel
ORDER BY ?termLabel",True,True,True,0.0
321,complex,List all characters from the Marvel Universe.,"SELECT DISTINCT ?character ?characterLabel WHERE {
  ?character wdt:[property:from fictional universe] wd:[entity:Marvel Universe] .
  SERVICE wikibase:label { bd:serviceParam wikibase:language ""en"". }
}","SELECT DISTINCT ?character ?characterLabel WHERE {
  ?character wdt:P1080 wd:Q931597 .
  SERVICE wikibase:label { bd:serviceParam wikibase:language ""en"". }
}",True,True,True,0.6111
322,complex,"Show me a map of medical facilities in Kalimpong district, India, with different colors for each type.","SELECT ?facility ?facilityLabel ?type ?typeLabel ?coord WHERE {
  ?facility wdt:[property:located in the administrative territorial entity] wd:[entity:Kalimpong district] .
  ?facility wdt:[property:instance of] ?type .
  ?type wdt:[property:subclass of]* wd:[entity:medical facility] .
  ?facility wdt:[property:coordinate location] ?coord .
  SERVICE wikibase:label { bd:serviceParam wikibase:language ""en"". }
}","SELECT ?facility ?facilityLabel ?type ?typeLabel ?coord WHERE {
  ?facility wdt:P131 wd:Q28769140 .
  ?facility wdt:P31 ?type .
  ?type wdt:P279* wd:Q4260475 .
  ?facility wdt:P625 ?coord .
  SERVICE wikibase:label { bd:serviceParam wikibase:language ""en"". }
}",True,True,True,0.0
323,complex,What are the canals within an 800km radius of Glasgow?,"SELECT ?canal ?canalLabel WHERE {
  wd:[entity:Glasgow] wdt:[property:coordinate location] ?glasgowLoc .
  ?canal wdt:[property:instance of] wd:[entity:canal] .
  ?canal wdt:[property:coordinate location] ?canalLoc .
  BIND(geof:distance(?glasgowLoc, ?canalLoc) AS ?distance)
  FILTER(?distance < 800)
  SERVICE wikibase:label { bd:serviceParam wikibase:language ""en"". }
}","SELECT ?canal ?canalLabel WHERE {
  wd:Q4093 wdt:P625 ?glasgowLoc .
  ?canal wdt:P31 wd:Q12284 .
  ?canal wdt:P625 ?canalLoc .
  BIND(geof:distance(?glasgowLoc, ?canalLoc) AS ?distance)
  FILTER(?distance < 800)
  SERVICE wikibase:label { bd:serviceParam wikibase:language ""en"". }
}",True,True,True,0.0
324,complex,List all hillforts with their Atlas of Hillforts ID and a link to their Wikipedia page.,"SELECT ?hillfort ?hillfortLabel ?atlasID ?article WHERE {
  ?hillfort wdt:[property:Atlas of Hillforts ID] ?atlasID .
  OPTIONAL {
    ?article schema:about ?hillfort ;
             schema:isPartOf <https://en.wikipedia.org/> .
  }
  SERVICE wikibase:label { bd:serviceParam wikibase:language ""en"". }
}","SELECT ?hillfort ?hillfortLabel ?atlasID ?article WHERE {
  ?hillfort wdt:P4102 ?atlasID .
  OPTIONAL {
    ?article schema:about ?hillfort ;
             schema:isPartOf <https://en.wikipedia.org/> .
  }
  SERVICE wikibase:label { bd:serviceParam wikibase:language ""en"". }
}",True,True,True,0.0611
325,complex,List the top 500 paintings according to their importance on Wikidata.,"SELECT ?painting ?paintingLabel ?sitelinks WHERE {
  ?painting wdt:[property:instance of] wd:[entity:painting] .
  ?painting wikibase:sitelinks ?sitelinks .
  SERVICE wikibase:label { bd:serviceParam wikibase:language ""en"". }
}
ORDER BY DESC(?sitelinks)
LIMIT 500","SELECT ?painting ?paintingLabel ?sitelinks WHERE {
  ?painting wdt:P31 wd:Q3305213 .
  ?painting wikibase:sitelinks ?sitelinks .
  SERVICE wikibase:label { bd:serviceParam wikibase:language ""en"". }
}
ORDER BY DESC(?sitelinks)
LIMIT 500",True,True,False,0.0
326,complex,List all buildings with coordinates and at least one sitelink.,"SELECT ?building ?coord WHERE {
  ?building wdt:[property:instance of] wd:[entity:building] .
  ?building wdt:[property:coordinate location] ?coord .
  ?article schema:about ?building .
}","SELECT ?building ?coord WHERE {
  ?building wdt:P31 wd:Q41176 .
  ?building wdt:P625 ?coord .
  ?article schema:about ?building .
}",True,True,True,0.1117
327,complex,List public spaces named after women.,"SELECT DISTINCT ?place ?placeLabel WHERE {
  ?place wdt:[property:named after] ?woman .
  ?woman wdt:[property:sex or gender] wd:[entity:female] .
  ?place wdt:[property:instance of] ?type .
  ?type wdt:[property:subclass of]* wd:[entity:public space] .
  SERVICE wikibase:label { bd:serviceParam wikibase:language ""en"". }
}","SELECT DISTINCT ?place ?placeLabel WHERE {
  ?place wdt:P138 ?woman .
  ?woman wdt:P21 wd:Q467 .
  ?place wdt:P31 ?type .
  ?type wdt:P279* wd:Q294440 .
  SERVICE wikibase:label { bd:serviceParam wikibase:language ""en"". }
}",True,True,True,0.0
328,complex,List the longest rivers for each of the 7 continents.,"SELECT ?continent ?continentLabel ?river ?riverLabel ?maxLength WHERE {
  {
    SELECT ?continent (MAX(?length) AS ?maxLength) WHERE {
      ?river wdt:[property:instance of] wd:[entity:river] .
      ?river wdt:[property:continent] ?continent .
      ?river wdt:[property:length] ?length .
    }
    GROUP BY ?continent
  }
  ?river wdt:[property:instance of] wd:[entity:river] .
  ?river wdt:[property:continent] ?continent .
  ?river wdt:[property:length] ?maxLength .
  SERVICE wikibase:label { bd:serviceParam wikibase:language ""en"". }
}","SELECT ?continent ?continentLabel ?river ?riverLabel ?maxLength WHERE {
  {
    SELECT ?continent (MAX(?length) AS ?maxLength) WHERE {
      ?river wdt:P31 wd:Q4022 .
      ?river wdt:P30 ?continent .
      ?river wdt:P2043 ?length .
    }
    GROUP BY ?continent
  }
  ?river wdt:P31 wd:Q4022 .
  ?river wdt:P30 ?continent .
  ?river wdt:P2043 ?maxLength .
  SERVICE wikibase:label { bd:serviceParam wikibase:language ""en"". }
}",True,True,True,0.0
329,complex,Find the route of The Antartic Circumpolar Voyage expedition.,"SELECT ?route ?routeLabel WHERE {
  wd:[entity:Antarctic Circumpolar Expedition] wdt:[property:route] ?route .
  SERVICE wikibase:label { bd:serviceParam wikibase:language ""en"". }
}","SELECT ?route ?routeLabel WHERE {
  wd:[entity:Antarctic Circumpolar Expedition] wdt:P15 ?route .
  SERVICE wikibase:label { bd:serviceParam wikibase:language ""en"". }
}",True,False,False,0.0
330,complex,List cities with more Wikipedia sitelinks than their country.,"SELECT ?city ?cityLabel ?citySitelinks ?country ?countryLabel ?countrySitelinks WHERE {
  ?city wdt:[property:instance of] wd:[entity:city] .
  ?city wdt:[property:country] ?country .
  ?city wikibase:sitelinks ?citySitelinks .
  ?country wikibase:sitelinks ?countrySitelinks .
  FILTER(?citySitelinks > ?countrySitelinks)
  SERVICE wikibase:label { bd:serviceParam wikibase:language ""en"". }
}","SELECT ?city ?cityLabel ?citySitelinks ?country ?countryLabel ?countrySitelinks WHERE {
  ?city wdt:P31 wd:Q515 .
  ?city wdt:P17 ?country .
  ?city wikibase:sitelinks ?citySitelinks .
  ?country wikibase:sitelinks ?countrySitelinks .
  FILTER(?citySitelinks > ?countrySitelinks)
  SERVICE wikibase:label { bd:serviceParam wikibase:language ""en"". }
}",True,True,True,0.2482
331,complex,List the latest research papers related to COVID-19.,"SELECT ?paper ?paperLabel ?publicationDate WHERE {
  ?paper wdt:[property:instance of] wd:[entity:scholarly article] .
  ?paper wdt:[property:main subject] wd:[entity:COVID-19] .
  ?paper wdt:[property:publication date] ?publicationDate .
  SERVICE wikibase:label { bd:serviceParam wikibase:language ""en"". }
}
ORDER BY DESC(?publicationDate)
LIMIT 100","SELECT ?paper ?paperLabel ?publicationDate WHERE {
  ?paper wdt:P31 wd:Q13442814 .
  ?paper wdt:P921 wd:Q84263196 .
  ?paper wdt:P577 ?publicationDate .
  SERVICE wikibase:label { bd:serviceParam wikibase:language ""en"". }
}
ORDER BY DESC(?publicationDate)
LIMIT 100",True,True,True,0.0
332,complex,List the languages of poems and their first lines.,"SELECT ?poem ?poemLabel ?language ?languageLabel ?firstLine WHERE {
  ?poem wdt:[property:instance of] wd:[entity:poem] .
  OPTIONAL { ?poem wdt:[property:language of work or name] ?language . }
  OPTIONAL { ?poem wdt:[property:incipit] ?firstLine . }
  SERVICE wikibase:label { bd:serviceParam wikibase:language ""en"". }
}","SELECT ?poem ?poemLabel ?language ?languageLabel ?firstLine WHERE {
  ?poem wdt:P31 wd:Q5185279 .
  OPTIONAL { ?poem wdt:P407 ?language . }
  OPTIONAL { ?poem wdt:P1922 ?firstLine . }
  SERVICE wikibase:label { bd:serviceParam wikibase:language ""en"". }
}",True,True,True,0.0
333,complex,List all colors with multiple RGB values.,"SELECT ?color ?colorLabel (COUNT(?rgb) AS ?rgbCount) WHERE {
  ?color wdt:[property:instance of] wd:[entity:color] .
  ?color wdt:[property:sRGB color hex triplet] ?rgb .
  SERVICE wikibase:label { bd:serviceParam wikibase:language ""en"". }
}
GROUP BY ?color ?colorLabel
HAVING (COUNT(?rgb) > 1)","SELECT ?color ?colorLabel (COUNT(?rgb) AS ?rgbCount) WHERE {
  ?color wdt:P31 wd:Q1075 .
  ?color wdt:P465 ?rgb .
  SERVICE wikibase:label { bd:serviceParam wikibase:language ""en"". }
}
GROUP BY ?color ?colorLabel
HAVING (COUNT(?rgb) > 1)",True,True,True,0.3358
334,complex,"List the occupations of people born in New Zealand, ranked by popularity.","SELECT ?occupation ?occupationLabel (COUNT(?person) AS ?count) WHERE {
  ?person wdt:[property:place of birth] ?birthPlace .
  ?birthPlace wdt:[property:country] wd:[entity:New Zealand] .
  ?person wdt:[property:occupation] ?occupation .
  SERVICE wikibase:label { bd:serviceParam wikibase:language ""en"". }
}
GROUP BY ?occupation ?occupationLabel
ORDER BY DESC(?count)","SELECT ?occupation ?occupationLabel (COUNT(?person) AS ?count) WHERE {
  ?person wdt:P19 ?birthPlace .
  ?birthPlace wdt:P27 wd:Q664 .
  ?person wdt:P106 ?occupation .
  SERVICE wikibase:label { bd:serviceParam wikibase:language ""en"". }
}
GROUP BY ?occupation ?occupationLabel
ORDER BY DESC(?count)",True,True,True,0.0
335,complex,List all fibulas in Musée Saint-Raymond along with their dates and materials.,"SELECT ?fibula ?fibulaLabel ?date ?materialLabel WHERE {
  ?fibula wdt:[property:collection] wd:[entity:Musée Saint-Raymond] .
  ?fibula wdt:[property:instance of] wd:[entity:fibula] .
  OPTIONAL { ?fibula wdt:[property:inception] ?date . }
  OPTIONAL { ?fibula wdt:[property:made from material] ?material . }
  SERVICE wikibase:label { bd:serviceParam wikibase:language ""en"". }
}","SELECT ?fibula ?fibulaLabel ?date ?materialLabel WHERE {
  ?fibula wdt:P195 wd:Q1376 .
  ?fibula wdt:P31 wd:Q324926 .
  OPTIONAL { ?fibula wdt:P571 ?date . }
  OPTIONAL { ?fibula wdt:P186 ?material . }
  SERVICE wikibase:label { bd:serviceParam wikibase:language ""en"". }
}",True,True,True,0.3056
336,complex,Find individuals with Electronic Enlightenment IDs but no Wikipedia articles in any language.,"SELECT DISTINCT ?person ?personLabel ?eeID WHERE {
  ?person wdt:[property:instance of] wd:[entity:human] .
  ?person wdt:[property:Electronic Enlightenment ID] ?eeID .
  FILTER NOT EXISTS {
    ?article schema:about ?person ;
             schema:isPartOf ?site .
    FILTER(CONTAINS(STR(?site), ""wikipedia.org""))
  }
  SERVICE wikibase:label { bd:serviceParam wikibase:language ""en"". }
}","SELECT DISTINCT ?person ?personLabel ?eeID WHERE {
  ?person wdt:P31 wd:Q5 .
  ?person wdt:P3429 ?eeID .
  FILTER NOT EXISTS {
    ?article schema:about ?person ;
             schema:isPartOf ?site .
    FILTER(CONTAINS(STR(?site), ""wikipedia.org""))
  }
  SERVICE wikibase:label { bd:serviceParam wikibase:language ""en"". }
}",True,True,True,0.4026
337,complex,Show me a map of places where accused witches lived.,"SELECT DISTINCT ?person ?personLabel ?residence ?residenceLabel ?coord WHERE {
  ?person wdt:[property:criminal charge] wd:[entity:witchcraft] .
  ?person wdt:[property:residence] ?residence .
  ?residence wdt:[property:coordinate location] ?coord .
  SERVICE wikibase:label { bd:serviceParam wikibase:language ""en"". }
}","SELECT DISTINCT ?person ?personLabel ?residence ?residenceLabel ?coord WHERE {
  ?person wdt:P1595 wd:Q259745 .
  ?person wdt:P551 ?residence .
  ?residence wdt:P625 ?coord .
  SERVICE wikibase:label { bd:serviceParam wikibase:language ""en"". }
}",True,True,True,0.0
338,complex,What are the COVID-19 cases in different Indian states?,"SELECT ?state ?stateLabel ?cases WHERE {
  ?state wdt:[property:instance of] wd:[entity:state of India] .
  ?cases wdt:[property:located in the administrative territorial entity] ?state .
  ?cases wdt:[property:instance of] wd:[entity:COVID-19 pandemic in a geographic region] .
  SERVICE wikibase:label { bd:serviceParam wikibase:language ""en"". }
}","SELECT ?state ?stateLabel ?cases WHERE {
  ?state wdt:P31 wd:Q12443800 .
  ?cases wdt:P131 ?state .
  ?cases wdt:P31 wd:[entity:COVID-19 pandemic in a geographic region] .
  SERVICE wikibase:label { bd:serviceParam wikibase:language ""en"". }
}",True,False,False,0.0
339,complex,Find paintings with 'portrait' in their name that do not depict anything.,"SELECT ?painting ?paintingLabel WHERE {
  ?painting wdt:[property:instance of] wd:[entity:painting] .
  ?painting rdfs:label ?paintingLabel .
  FILTER(LANG(?paintingLabel) = ""en"")
  FILTER(CONTAINS(LCASE(?paintingLabel), ""portrait""))
  FILTER NOT EXISTS { ?painting wdt:[property:depicts] ?depicted . }
}","SELECT ?painting ?paintingLabel WHERE {
  ?painting wdt:P31 wd:Q3305213 .
  ?painting rdfs:label ?paintingLabel .
  FILTER(LANG(?paintingLabel) = ""en"")
  FILTER(CONTAINS(LCASE(?paintingLabel), ""portrait""))
  FILTER NOT EXISTS { ?painting wdt:[property:depicts] ?depicted . }
}",True,False,False,0.0
340,complex,List all countries with an average player weight above 80 kilos in the FIFA World Cup 2022.,"SELECT ?country ?countryLabel (AVG(?weight) AS ?avgWeight) WHERE {
  ?player wdt:[property:participant in] wd:[entity:2022 FIFA World Cup] .
  ?player wdt:[property:country for sport] ?country .
  ?player wdt:[property:mass] ?weight .
  SERVICE wikibase:label { bd:serviceParam wikibase:language ""en"". }
}
GROUP BY ?country ?countryLabel
HAVING (AVG(?weight) > 80)","SELECT ?country ?countryLabel (AVG(?weight) AS ?avgWeight) WHERE {
  ?player wdt:P1344 wd:Q284163 .
  ?player wdt:P1532 ?country .
  ?player wdt:P2067 ?weight .
  SERVICE wikibase:label { bd:serviceParam wikibase:language ""en"". }
}
GROUP BY ?country ?countryLabel
HAVING (AVG(?weight) > 80)",True,True,True,0.0909
341,complex,Find items in the UK with coordinates near 1 degree 50 west longitude.,"SELECT ?item ?itemLabel ?coord WHERE {
  ?item wdt:[property:country] wd:[entity:United Kingdom] .
  ?item wdt:[property:coordinate location] ?coord .
  BIND(geof:longitude(?coord) AS ?long)
  FILTER(?long >= -2.0 && ?long <= -1.66)
  SERVICE wikibase:label { bd:serviceParam wikibase:language ""en"". }
}
LIMIT 100","SELECT ?item ?itemLabel ?coord WHERE {
  ?item wdt:P17 wd:Q145 .
  ?item wdt:P625 ?coord .
  BIND(geof:longitude(?coord) AS ?long)
  FILTER(?long >= -2.0 && ?long <= -1.66)
  SERVICE wikibase:label { bd:serviceParam wikibase:language ""en"". }
}
LIMIT 100",True,True,True,0.0
342,complex,What languages are used in Wikidata lexemes?,"SELECT DISTINCT ?language ?languageLabel WHERE {
  ?lexeme dct:language ?language .
  SERVICE wikibase:label { bd:serviceParam wikibase:language ""en"". }
}","SELECT DISTINCT ?language ?languageLabel WHERE {
  ?lexeme dct:language ?language .
  SERVICE wikibase:label { bd:serviceParam wikibase:language ""en"". }
}",True,True,False,0.0
343,complex,List the awards with the highest percentage of female recipients.,"SELECT ?award ?awardLabel ?femaleCount ?totalCount (?femaleCount / ?totalCount * 100 AS ?percentage) WHERE {
  {
    SELECT ?award (COUNT(DISTINCT ?recipient) AS ?totalCount) WHERE {
      ?recipient wdt:[property:award received] ?award .
    }
    GROUP BY ?award
  }
  {
    SELECT ?award (COUNT(DISTINCT ?femaleRecipient) AS ?femaleCount) WHERE {
      ?femaleRecipient wdt:[property:award received] ?award .
      ?femaleRecipient wdt:[property:sex or gender] wd:[entity:female] .
    }
    GROUP BY ?award
  }
  SERVICE wikibase:label { bd:serviceParam wikibase:language ""en"". }
}
ORDER BY DESC(?percentage)
LIMIT 100","SELECT ?award ?awardLabel ?femaleCount ?totalCount (?femaleCount / ?totalCount * 100 AS ?percentage) WHERE {
  {
    SELECT ?award (COUNT(DISTINCT ?recipient) AS ?totalCount) WHERE {
      ?recipient wdt:P166 ?award .
    }
    GROUP BY ?award
  }
  {
    SELECT ?award (COUNT(DISTINCT ?femaleRecipient) AS ?femaleCount) WHERE {
      ?femaleRecipient wdt:P166 ?award .
      ?femaleRecipient wdt:P21 wd:Q6581072 .
    }
    GROUP BY ?award
  }
  SERVICE wikibase:label { bd:serviceParam wikibase:language ""en"". }
}
ORDER BY DESC(?percentage)
LIMIT 100",True,True,True,0.0066
344,complex,List the names of fictional characters created by French authors.,"SELECT DISTINCT ?characterLabel WHERE {
  ?character wdt:[property:instance of] wd:[entity:fictional character] .
  ?character wdt:[property:creator] ?author .
  ?author wdt:[property:country of citizenship] wd:[entity:France] .
  SERVICE wikibase:label { bd:serviceParam wikibase:language ""en"". }
}","SELECT DISTINCT ?characterLabel WHERE {
  ?character wdt:P31 wd:Q95074 .
  ?character wdt:P170 ?author .
  ?author wdt:P27 wd:Q142 .
  SERVICE wikibase:label { bd:serviceParam wikibase:language ""en"". }
}",True,True,True,0.0
345,complex,List names similar to Filaret.,"SELECT ?item ?itemLabel WHERE {
  ?item wdt:[property:instance of] wd:[entity:given name] .
  ?item rdfs:label ?label .
  FILTER(LANG(?label) = ""en"")
  FILTER(CONTAINS(LCASE(?label), ""filaret""))
  SERVICE wikibase:label { bd:serviceParam wikibase:language ""en"". }
}","SELECT ?item ?itemLabel WHERE {
  ?item wdt:P31 wd:Q202444 .
  ?item rdfs:label ?label .
  FILTER(LANG(?label) = ""en"")
  FILTER(CONTAINS(LCASE(?label), ""filaret""))
  SERVICE wikibase:label { bd:serviceParam wikibase:language ""en"". }
}",True,True,True,0.0
346,complex,List the most cited Danish authors.,"SELECT ?author ?authorLabel (SUM(?citations) AS ?totalCitations) WHERE {
  ?author wdt:[property:country of citizenship] wd:[entity:Denmark].
  ?author wdt:[property:occupation] wd:[entity:author].
  ?work wdt:[property:author] ?author.
  ?work wdt:[property:cited by] ?citingWork.
  BIND(1 AS ?citations)
  SERVICE wikibase:label { bd:serviceParam wikibase:language ""en"". }
}
GROUP BY ?author ?authorLabel
ORDER BY DESC(?totalCitations)
LIMIT 20","SELECT ?author ?authorLabel (SUM(?citations) AS ?totalCitations) WHERE {
  ?author wdt:P27 wd:Q35.
  ?author wdt:P106 wd:Q482980.
  ?work wdt:P50 ?author.
  ?work wdt:P248 ?citingWork.
  BIND(1 AS ?citations)
  SERVICE wikibase:label { bd:serviceParam wikibase:language ""en"". }
}
GROUP BY ?author ?authorLabel
ORDER BY DESC(?totalCitations)
LIMIT 20",True,True,True,1.0
347,complex,List all World Snooker Champions along with their total number of wins.,"SELECT ?champion ?championLabel (COUNT(?event) AS ?wins) WHERE {
  ?event wdt:[property:instance of] wd:[entity:World Snooker Championship] ;
         wdt:[property:winner] ?champion .
  SERVICE wikibase:label { bd:serviceParam wikibase:language ""en"". }
}
GROUP BY ?champion ?championLabel
ORDER BY DESC(?wins)","SELECT ?champion ?championLabel (COUNT(?event) AS ?wins) WHERE {
  ?event wdt:P31 wd:Q502948 ;
         wdt:P1346 ?champion .
  SERVICE wikibase:label { bd:serviceParam wikibase:language ""en"". }
}
GROUP BY ?champion ?championLabel
ORDER BY DESC(?wins)",True,True,True,0.0
348,complex,List all economists along with their birthplaces and years.,"SELECT ?economist ?economistLabel ?birthplaceLabel ?birthYear WHERE {
  ?economist wdt:[property:occupation] wd:[entity:economist] .
  OPTIONAL { ?economist wdt:[property:place of birth] ?birthplace . }
  OPTIONAL {
    ?economist wdt:[property:date of birth] ?birthDate .
    BIND(YEAR(?birthDate) AS ?birthYear)
  }
  SERVICE wikibase:label { bd:serviceParam wikibase:language ""en"". }
}","SELECT ?economist ?economistLabel ?birthplaceLabel ?birthYear WHERE {
  ?economist wdt:P106 wd:Q188094 .
  OPTIONAL { ?economist wdt:P19 ?birthplace . }
  OPTIONAL {
    ?economist wdt:P569 ?birthDate .
    BIND(YEAR(?birthDate) AS ?birthYear)
  }
  SERVICE wikibase:label { bd:serviceParam wikibase:language ""en"". }
}",True,True,True,0.1873
349,complex,List all artworks falsely attributed to Johannes Vermeer.,"SELECT ?artwork ?artworkLabel WHERE {
  ?artwork wdt:[property:attributed to] wd:[entity:Johannes Vermeer] .
  ?artwork wdt:[property:creator] ?actualCreator .
  FILTER(?actualCreator != wd:[entity:Johannes Vermeer])
  SERVICE wikibase:label { bd:serviceParam wikibase:language ""en"". }
}","SELECT ?artwork ?artworkLabel WHERE {
  ?artwork wdt:P1779 wd:Q41264 .
  ?artwork wdt:P170 ?actualCreator .
  FILTER(?actualCreator != wd:Q41264)
  SERVICE wikibase:label { bd:serviceParam wikibase:language ""en"". }
}",True,True,True,1.0
350,complex,List all fictional spaceship captains from the Star Trek universe.,"SELECT DISTINCT ?character ?characterLabel WHERE {
  ?character wdt:[property:from fictional universe] wd:[entity:Star Trek] .
  ?character wdt:[property:occupation] wd:[entity:starship captain] .
  SERVICE wikibase:label { bd:serviceParam wikibase:language ""en"". }
}","SELECT DISTINCT ?character ?characterLabel WHERE {
  ?character wdt:P1080 wd:Q18043309 .
  ?character wdt:P106 wd:Q87265645 .
  SERVICE wikibase:label { bd:serviceParam wikibase:language ""en"". }
}",True,True,True,0.4828
351,complex,List the people buried at Pere Lachaise Cemetery along with their birthplace and date of birth.,"SELECT ?person ?personLabel ?birthplaceLabel ?dateOfBirth WHERE {
  ?person wdt:[property:place of burial] wd:[entity:Père Lachaise Cemetery] .
  OPTIONAL { ?person wdt:[property:place of birth] ?birthplace . }
  OPTIONAL { ?person wdt:[property:date of birth] ?dateOfBirth . }
  SERVICE wikibase:label { bd:serviceParam wikibase:language ""en"". }
}","SELECT ?person ?personLabel ?birthplaceLabel ?dateOfBirth WHERE {
  ?person wdt:P119 wd:Q311 .
  OPTIONAL { ?person wdt:P19 ?birthplace . }
  OPTIONAL { ?person wdt:P569 ?dateOfBirth . }
  SERVICE wikibase:label { bd:serviceParam wikibase:language ""en"". }
}",True,True,True,0.4567
352,complex,List all Swedish forms without examples.,"SELECT ?form WHERE {
  ?form wdt:[property:country] wd:[entity:Sweden].
  FILTER NOT EXISTS { ?form wdt:[property:depicts] ?example. }
}","SELECT ?form WHERE {
  ?form wdt:P17 wd:Q34.
  FILTER NOT EXISTS { ?form wdt:P180 ?example. }
}",True,True,True,0.0
353,complex,What are the subclasses of malware?,"SELECT ?subclass ?subclassLabel WHERE {
  ?subclass wdt:[property:subclass of] wd:[entity:malware].
  SERVICE wikibase:label { bd:serviceParam wikibase:language ""en"". }
}","SELECT ?subclass ?subclassLabel WHERE {
  ?subclass wdt:P279 wd:Q14001.
  SERVICE wikibase:label { bd:serviceParam wikibase:language ""en"". }
}",True,True,True,0.1821
354,complex,What percentage of Nobel Prize winners are women?,"SELECT (COUNT(DISTINCT ?woman) AS ?womenCount) (COUNT(DISTINCT ?winner) AS ?totalCount) (100 * COUNT(DISTINCT ?woman) / COUNT(DISTINCT ?winner) AS ?percentage) WHERE {
  ?winner wdt:[property:award received] ?award .
  ?award wdt:[property:part of] wd:[entity:Nobel Prize] .
  OPTIONAL {
    ?winner wdt:[property:sex or gender] wd:[entity:female] .
    BIND(?winner AS ?woman)
  }
}","SELECT (COUNT(DISTINCT ?woman) AS ?womenCount) (COUNT(DISTINCT ?winner) AS ?totalCount) (100 * COUNT(DISTINCT ?woman) / COUNT(DISTINCT ?winner) AS ?percentage) WHERE {
  ?winner wdt:P166 ?award .
  ?award wdt:P361 wd:Q7191 .
  OPTIONAL {
    ?winner wdt:P21 wd:Q6581072 .
    BIND(?winner AS ?woman)
  }
}",True,True,True,0.0
355,complex,List all Wikipedia articles about controversies with the most language versions.,"SELECT ?article ?item ?itemLabel (COUNT(?sitelink) AS ?languageCount) WHERE {
  ?item wdt:[property:instance of] wd:[entity:controversy] .
  ?sitelink schema:about ?item ;
            schema:isPartOf ?wiki .
  FILTER(CONTAINS(STR(?wiki), ""wikipedia.org""))
  OPTIONAL {
    ?article schema:about ?item ;
             schema:isPartOf <https://en.wikipedia.org/> .
  }
  SERVICE wikibase:label { bd:serviceParam wikibase:language ""en"". }
}
GROUP BY ?article ?item ?itemLabel
ORDER BY DESC(?languageCount)","SELECT ?article ?item ?itemLabel (COUNT(?sitelink) AS ?languageCount) WHERE {
  ?item wdt:P31 wd:Q1255828 .
  ?sitelink schema:about ?item ;
            schema:isPartOf ?wiki .
  FILTER(CONTAINS(STR(?wiki), ""wikipedia.org""))
  OPTIONAL {
    ?article schema:about ?item ;
             schema:isPartOf <https://en.wikipedia.org/> .
  }
  SERVICE wikibase:label { bd:serviceParam wikibase:language ""en"". }
}
GROUP BY ?article ?item ?itemLabel
ORDER BY DESC(?languageCount)",True,True,True,0.048
356,complex,List all science fiction movies and series featuring an actor born in Liverpool.,"SELECT DISTINCT ?work ?workLabel WHERE {
  ?work wdt:[property:instance of]/wdt:[property:subclass of]* ?type .
  VALUES ?type { wd:[entity:film] wd:[entity:television series] }
  ?work wdt:[property:genre] wd:[entity:science fiction] .
  ?work wdt:[property:cast member] ?actor .
  ?actor wdt:[property:place of birth] wd:[entity:Liverpool] .
  SERVICE wikibase:label { bd:serviceParam wikibase:language ""en"". }
}","SELECT DISTINCT ?work ?workLabel WHERE {
  ?work wdt:P31/wdt:P279* ?type .
  VALUES ?type { wd:Q11424 wd:Q5398426 }
  ?work wdt:P136 wd:Q24925 .
  ?work wdt:P161 ?actor .
  ?actor wdt:P19 wd:Q24826 .
  SERVICE wikibase:label { bd:serviceParam wikibase:language ""en"". }
}",True,True,True,0.0
357,complex,List all government agencies operating in Scotland.,"SELECT ?agency ?agencyLabel WHERE {
  ?agency wdt:[property:instance of]/wdt:[property:subclass of]* wd:[entity:government agency] .
  ?agency wdt:[property:country] wd:[entity:Scotland] .
  SERVICE wikibase:label { bd:serviceParam wikibase:language ""en"". }
}","SELECT ?agency ?agencyLabel WHERE {
  ?agency wdt:P31/wdt:[property:subclass of]* wd:Q327333 .
  ?agency wdt:[property:country] wd:Q22 .
  SERVICE wikibase:label { bd:serviceParam wikibase:language ""en"". }
}",True,False,False,0.0
358,complex,List all manuscript collections with their official websites.,"SELECT ?collection ?collectionLabel ?website WHERE {
  ?collection wdt:[property:instance of] wd:[entity:manuscript collection] .
  ?collection wdt:[property:official website] ?website .
  SERVICE wikibase:label { bd:serviceParam wikibase:language ""en"". }
}","SELECT ?collection ?collectionLabel ?website WHERE {
  ?collection wdt:[property:instance of] wd:[entity:manuscript collection] .
  ?collection wdt:[property:official website] ?website .
  SERVICE wikibase:label { bd:serviceParam wikibase:language ""en"". }
}",True,False,False,0.0
359,complex,List all infectious diseases with their minimum and maximum incubation periods in humans.,"SELECT ?disease ?diseaseLabel ?minIncubation ?maxIncubation WHERE {
  ?disease wdt:[property:instance of] wd:[entity:infectious disease] .
  OPTIONAL {
    ?disease p:[property:incubation period in humans] ?statement .
    OPTIONAL { ?statement pq:[property:minimum] ?minIncubation . }
    OPTIONAL { ?statement pq:[property:maximum] ?maxIncubation . }
  }
  SERVICE wikibase:label { bd:serviceParam wikibase:language ""en"". }
}","SELECT ?disease ?diseaseLabel ?minIncubation ?maxIncubation WHERE {
  ?disease wdt:P31 wd:Q18123741 .
  OPTIONAL {
    ?disease p:[property:incubation period in humans] ?statement .
    OPTIONAL { ?statement pq:P2313 ?minIncubation . }
    OPTIONAL { ?statement pq:P2312 ?maxIncubation . }
  }
  SERVICE wikibase:label { bd:serviceParam wikibase:language ""en"". }
}",True,False,False,0.0
360,complex,Find the railway stations between Dibrugarh and Scottish Highlands with the fewest stops.,"SELECT ?station ?stationLabel (COUNT(?intermediate) AS ?stops) WHERE {
  wd:[entity:Dibrugarh] wdt:[property:adjacent station] ?station .
  ?station wdt:[property:instance of] wd:[entity:railway station] .
  OPTIONAL {
    ?station wdt:[property:adjacent station]+ ?intermediate .
    ?intermediate wdt:[property:adjacent station]* wd:[entity:Scottish Highlands] .
  }
  SERVICE wikibase:label { bd:serviceParam wikibase:language ""en"". }
}
GROUP BY ?station ?stationLabel
ORDER BY ?stops
LIMIT 1","SELECT ?station ?stationLabel (COUNT(?intermediate) AS ?stops) WHERE {
  wd:Q15213944 wdt:P197 ?station .
  ?station wdt:P31 wd:Q55488 .
  OPTIONAL {
    ?station wdt:P197+ ?intermediate .
    ?intermediate wdt:P197* wd:Q106652 .
  }
  SERVICE wikibase:label { bd:serviceParam wikibase:language ""en"". }
}
GROUP BY ?station ?stationLabel
ORDER BY ?stops
LIMIT 1",True,True,False,0.0
361,complex,Show me a map of people buried in Pere Lachaise Cemetery organized by their place of birth.,"SELECT ?person ?personLabel ?birthPlace ?birthPlaceLabel ?coord WHERE {
  ?person wdt:[property:place of burial] wd:[entity:Père Lachaise Cemetery] .
  ?person wdt:[property:place of birth] ?birthPlace .
  ?birthPlace wdt:[property:coordinate location] ?coord .
  SERVICE wikibase:label { bd:serviceParam wikibase:language ""en"". }
}","SELECT ?person ?personLabel ?birthPlace ?birthPlaceLabel ?coord WHERE {
  ?person wdt:P119 wd:Q311 .
  ?person wdt:P19 ?birthPlace .
  ?birthPlace wdt:P625 ?coord .
  SERVICE wikibase:label { bd:serviceParam wikibase:language ""en"". }
}",True,True,True,0.3765
362,complex,List plant genera named after female botanists.,"SELECT DISTINCT ?genus ?genusLabel WHERE {
  ?genus wdt:[property:taxon rank] wd:[entity:genus] .
  ?genus wdt:[property:parent taxon]* ?plant .
  ?plant wdt:[property:taxon name] ""Plantae"" .
  ?genus wdt:[property:named after] ?person .
  ?person wdt:[property:sex or gender] wd:[entity:female] .
  ?person wdt:[property:occupation] wd:[entity:botanist] .
  SERVICE wikibase:label { bd:serviceParam wikibase:language ""en"". }
}","SELECT DISTINCT ?genus ?genusLabel WHERE {
  ?genus wdt:P105 wd:Q34740 .
  ?genus wdt:P171* ?plant .
  ?plant wdt:P225 ""Plantae"" .
  ?genus wdt:P138 ?person .
  ?person wdt:P21 wd:Q6581072 .
  ?person wdt:P106 wd:Q2374149 .
  SERVICE wikibase:label { bd:serviceParam wikibase:language ""en"". }
}",True,True,False,0.0
363,complex,List the languages with the most examples in Wikidata's lexicographical data.,"SELECT ?language ?languageLabel (COUNT(?lexeme) AS ?count) WHERE {
  ?lexeme dct:language ?language .
  SERVICE wikibase:label { bd:serviceParam wikibase:language ""en"". }
}
GROUP BY ?language ?languageLabel
ORDER BY DESC(?count)","SELECT ?language ?languageLabel (COUNT(?lexeme) AS ?count) WHERE {
  ?lexeme dct:language ?language .
  SERVICE wikibase:label { bd:serviceParam wikibase:language ""en"". }
}
GROUP BY ?language ?languageLabel
ORDER BY DESC(?count)",True,True,False,0.0
364,complex,List the top scorers in the 2018 FIFA World Cup.,"SELECT ?scorer ?scorerLabel WHERE {
  wd:[entity:2018 FIFA World Cup] wdt:[property:top scorer] ?scorer.
  SERVICE wikibase:label { bd:serviceParam wikibase:language ""en"". }
}","SELECT ?scorer ?scorerLabel WHERE {
  wd:Q170645 wdt:P12475 ?scorer.
  SERVICE wikibase:label { bd:serviceParam wikibase:language ""en"". }
}",True,True,True,1.0
365,complex,Show the workplaces of Philip de László on a map.,"SELECT ?workLocation ?workLocationLabel ?coordinates WHERE {
  wd:[entity:Philip de László] wdt:[property:work location] ?workLocation .
  ?workLocation wdt:[property:coordinate location] ?coordinates .
  SERVICE wikibase:label { bd:serviceParam wikibase:language ""en"". }
}","SELECT ?workLocation ?workLocationLabel ?coordinates WHERE {
  wd:Q704208 wdt:P937 ?workLocation .
  ?workLocation wdt:P625 ?coordinates .
  SERVICE wikibase:label { bd:serviceParam wikibase:language ""en"". }
}",True,True,True,0.3448
366,complex,List the universities attended by creators of popular programming languages.,"SELECT DISTINCT ?language ?languageLabel ?creator ?creatorLabel ?university ?universityLabel WHERE {
  ?language wdt:[property:instance of] wd:[entity:programming language] .
  ?language wdt:[property:designed by] ?creator .
  ?creator wdt:[property:educated at] ?university .
  SERVICE wikibase:label { bd:serviceParam wikibase:language ""en"". }
}","SELECT DISTINCT ?language ?languageLabel ?creator ?creatorLabel ?university ?universityLabel WHERE {
  ?language wdt:P31 wd:Q9143 .
  ?language wdt:P287 ?creator .
  ?creator wdt:P69 ?university .
  SERVICE wikibase:label { bd:serviceParam wikibase:language ""en"". }
}",True,True,True,0.2196
367,complex,List the female Oxford University alumni who are not from the United Kingdom.,"SELECT DISTINCT ?person ?personLabel WHERE {
  ?person wdt:[property:educated at] wd:[entity:University of Oxford] .
  ?person wdt:[property:sex or gender] wd:[entity:female] .
  ?person wdt:[property:country of citizenship] ?country .
  FILTER NOT EXISTS {
    ?person wdt:[property:country of citizenship] wd:[entity:United Kingdom] .
  }
  SERVICE wikibase:label { bd:serviceParam wikibase:language ""en"". }
}","SELECT DISTINCT ?person ?personLabel WHERE {
  ?person wdt:P69 wd:Q34433 .
  ?person wdt:[property:sex or gender] wd:Q6581072 .
  ?person wdt:[property:country of citizenship] ?country .
  FILTER NOT EXISTS {
    ?person wdt:[property:country of citizenship] wd:Q145 .
  }
  SERVICE wikibase:label { bd:serviceParam wikibase:language ""en"". }
}",True,False,False,0.0
368,complex,"List people born in Czechia who died in Germany, grouped by decade of birth.","SELECT ?decade (COUNT(?person) AS ?count) WHERE {
  ?person wdt:[property:instance of] wd:[entity:human] .
  ?person wdt:[property:place of birth] ?birthPlace .
  ?birthPlace wdt:[property:country] wd:[entity:Czech Republic] .
  ?person wdt:[property:place of death] ?deathPlace .
  ?deathPlace wdt:[property:country] wd:[entity:Germany] .
  ?person wdt:[property:date of birth] ?birthDate .
  BIND(FLOOR(YEAR(?birthDate)/10)*10 AS ?decade)
}
GROUP BY ?decade
ORDER BY ?decade","SELECT ?decade (COUNT(?person) AS ?count) WHERE {
  ?person wdt:P31 wd:Q5 .
  ?person wdt:P19 ?birthPlace .
  ?birthPlace wdt:P27 wd:Q213 .
  ?person wdt:P20 ?deathPlace .
  ?deathPlace wdt:P27 wd:Q183 .
  ?person wdt:P569 ?birthDate .
  BIND(FLOOR(YEAR(?birthDate)/10)*10 AS ?decade)
}
GROUP BY ?decade
ORDER BY ?decade",True,True,True,1.0
369,complex,List the names of English monarchs and their causes of death.,"SELECT ?monarch ?monarchLabel ?causeLabel WHERE {
  ?monarch wdt:[property:position held] wd:[entity:King of England] .
  OPTIONAL { ?monarch wdt:[property:cause of death] ?cause . }
  SERVICE wikibase:label { bd:serviceParam wikibase:language ""en"". }
}","SELECT ?monarch ?monarchLabel ?causeLabel WHERE {
  ?monarch wdt:P39 wd:Q18810062 .
  OPTIONAL { ?monarch wdt:P509 ?cause . }
  SERVICE wikibase:label { bd:serviceParam wikibase:language ""en"". }
}",True,True,True,0.0
370,complex,What are the most common subjects depicted in both the Cleveland Museum of Art and Ashmolean Museum collections?,"SELECT ?subject ?subjectLabel (COUNT(?work) AS ?count) WHERE {
  ?work wdt:[property:collection] wd:[entity:Cleveland Museum of Art] .
  ?work wdt:[property:collection] wd:[entity:Ashmolean Museum] .
  ?work wdt:[property:depicts] ?subject .
  SERVICE wikibase:label { bd:serviceParam wikibase:language ""en"". }
}
GROUP BY ?subject ?subjectLabel
ORDER BY DESC(?count)
LIMIT 10","SELECT ?subject ?subjectLabel (COUNT(?work) AS ?count) WHERE {
  ?work wdt:P195 wd:Q657415 .
  ?work wdt:P195 wd:Q636400 .
  ?work wdt:P180 ?subject .
  SERVICE wikibase:label { bd:serviceParam wikibase:language ""en"". }
}
GROUP BY ?subject ?subjectLabel
ORDER BY DESC(?count)
LIMIT 10",True,True,True,0.0
371,complex,List the number of music albums by language in descending order.,"SELECT ?language ?languageLabel (COUNT(?album) AS ?count) WHERE {
  ?album wdt:[property:instance of] wd:[entity:album] .
  ?album wdt:[property:language of work or name] ?language .
  SERVICE wikibase:label { bd:serviceParam wikibase:language ""en"". }
}
GROUP BY ?language ?languageLabel
ORDER BY DESC(?count)","SELECT ?language ?languageLabel (COUNT(?album) AS ?count) WHERE {
  ?album wdt:P31 wd:Q482994 .
  ?album wdt:P407 ?language .
  SERVICE wikibase:label { bd:serviceParam wikibase:language ""en"". }
}
GROUP BY ?language ?languageLabel
ORDER BY DESC(?count)",True,True,True,0.9986
372,complex,List the capitals of two countries that are not bordering and are less than 200 km apart.,"SELECT DISTINCT ?country1 ?country1Label ?capital1 ?capital1Label ?country2 ?country2Label ?capital2 ?capital2Label ?distance WHERE {
  ?country1 wdt:[property:instance of] wd:[entity:sovereign state] .
  ?country2 wdt:[property:instance of] wd:[entity:sovereign state] .
  FILTER(STR(?country1) < STR(?country2))
  
  ?country1 wdt:[property:capital] ?capital1 .
  ?country2 wdt:[property:capital] ?capital2 .
  
  ?capital1 wdt:[property:coordinate location] ?coord1 .
  ?capital2 wdt:[property:coordinate location] ?coord2 .
  
  BIND(geof:distance(?coord1, ?coord2) AS ?distance)
  FILTER(?distance < 200)
  
  FILTER NOT EXISTS { ?country1 wdt:[property:shares border with] ?country2 . }
  FILTER NOT EXISTS { ?country2 wdt:[property:shares border with] ?country1 . }
  
  SERVICE wikibase:label { bd:serviceParam wikibase:language ""en"". }
}","SELECT DISTINCT ?country1 ?country1Label ?capital1 ?capital1Label ?country2 ?country2Label ?capital2 ?capital2Label ?distance WHERE {
  ?country1 wdt:P31 wd:Q3624078 .
  ?country2 wdt:P31 wd:Q3624078 .
  FILTER(STR(?country1) < STR(?country2))
  
  ?country1 wdt:P36 ?capital1 .
  ?country2 wdt:P36 ?capital2 .
  
  ?capital1 wdt:P625 ?coord1 .
  ?capital2 wdt:P625 ?coord2 .
  
  BIND(geof:distance(?coord1, ?coord2) AS ?distance)
  FILTER(?distance < 200)
  
  FILTER NOT EXISTS { ?country1 wdt:P47 ?country2 . }
  FILTER NOT EXISTS { ?country2 wdt:P47 ?country1 . }
  
  SERVICE wikibase:label { bd:serviceParam wikibase:language ""en"". }
}",True,True,True,0.3043
373,complex,What are the artworks in the Khalili Collections that have images?,"SELECT ?artwork ?artworkLabel ?image WHERE {
  ?artwork wdt:[property:collection] wd:[entity:Khalili Collections] .
  ?artwork wdt:[property:image] ?image .
  SERVICE wikibase:label { bd:serviceParam wikibase:language ""en"". }
}","SELECT ?artwork ?artworkLabel ?image WHERE {
  ?artwork wdt:P195 wd:Q63160499 .
  ?artwork wdt:P18 ?image .
  SERVICE wikibase:label { bd:serviceParam wikibase:language ""en"". }
}",True,True,True,0.0
374,complex,List all individuals with multiple social media accounts that differ only in capitalization.,"SELECT DISTINCT ?person ?personLabel ?account1 ?account2 WHERE {
  ?person wdt:[property:instance of] wd:[entity:human] .
  
  {
    ?person wdt:[property:Twitter username] ?account1 .
    ?person wdt:[property:Twitter username] ?account2 .
  }
  UNION
  {
    ?person wdt:[property:Instagram username] ?account1 .
    ?person wdt:[property:Instagram username] ?account2 .
  }
  UNION
  {
    ?person wdt:[property:Facebook ID] ?account1 .
    ?person wdt:[property:Facebook ID] ?account2 .
  }
  UNION
  {
    ?person wdt:[property:TikTok username] ?account1 .
    ?person wdt:[property:TikTok username] ?account2 .
  }
  
  FILTER(?account1 != ?account2)
  FILTER(LCASE(STR(?account1)) = LCASE(STR(?account2)))
  
  SERVICE wikibase:label { bd:serviceParam wikibase:language ""en"". }
}","SELECT DISTINCT ?person ?personLabel ?account1 ?account2 WHERE {
  ?person wdt:P31 wd:Q5 .
  
  {
    ?person wdt:P2002 ?account1 .
    ?person wdt:P2002 ?account2 .
  }
  UNION
  {
    ?person wdt:P2003 ?account1 .
    ?person wdt:P2003 ?account2 .
  }
  UNION
  {
    ?person wdt:P2013 ?account1 .
    ?person wdt:P2013 ?account2 .
  }
  UNION
  {
    ?person wdt:P7085 ?account1 .
    ?person wdt:P7085 ?account2 .
  }
  
  FILTER(?account1 != ?account2)
  FILTER(LCASE(STR(?account1)) = LCASE(STR(?account2)))
  
  SERVICE wikibase:label { bd:serviceParam wikibase:language ""en"". }
}",True,True,True,0.4349
375,complex,What are the first letters of free software names?,"SELECT DISTINCT ?firstLetter WHERE {
  ?software wdt:[property:instance of] wd:[entity:free software] .
  ?software rdfs:label ?label .
  FILTER(LANG(?label) = ""en"")
  BIND(SUBSTR(?label, 1, 1) AS ?firstLetter)
}
ORDER BY ?firstLetter","SELECT DISTINCT ?firstLetter WHERE {
  ?software wdt:P31 wd:Q341 .
  ?software rdfs:label ?label .
  FILTER(LANG(?label) = ""en"")
  BIND(SUBSTR(?label, 1, 1) AS ?firstLetter)
}
ORDER BY ?firstLetter",True,True,True,0.0
376,complex,List the countries with their number of demonstrations.,"SELECT ?country ?countryLabel (COUNT(?demonstration) AS ?count) WHERE {
  ?demonstration wdt:[property:instance of] wd:[entity:demonstration] .
  ?demonstration wdt:[property:country] ?country .
  SERVICE wikibase:label { bd:serviceParam wikibase:language ""en"". }
}
GROUP BY ?country ?countryLabel
ORDER BY DESC(?count)","SELECT ?country ?countryLabel (COUNT(?demonstration) AS ?count) WHERE {
  ?demonstration wdt:P31 wd:Q175331 .
  ?demonstration wdt:P17 ?country .
  SERVICE wikibase:label { bd:serviceParam wikibase:language ""en"". }
}
GROUP BY ?country ?countryLabel
ORDER BY DESC(?count)",True,True,True,0.851
377,complex,What museums are near Cesis?,"SELECT ?museum ?museumLabel WHERE {
  ?museum wdt:[property:instance of] wd:[entity:museum] .
  ?museum wdt:[property:located in the administrative territorial entity] wd:[entity:Cēsis] .
  SERVICE wikibase:label { bd:serviceParam wikibase:language ""en"". }
}","SELECT ?museum ?museumLabel WHERE {
  ?museum wdt:P31 wd:Q33506 .
  ?museum wdt:P131 wd:Q107582 .
  SERVICE wikibase:label { bd:serviceParam wikibase:language ""en"". }
}",True,True,True,0.0833
378,complex,List all Nobel Prize categories by gender of the winners.,"SELECT ?category ?categoryLabel ?gender ?genderLabel (COUNT(DISTINCT ?winner) AS ?count) WHERE {
  ?category wdt:[property:instance of] wd:[entity:Nobel Prize] .
  ?winner wdt:[property:award received] ?award .
  ?award wdt:[property:instance of] ?category .
  ?winner wdt:[property:sex or gender] ?gender .
  SERVICE wikibase:label { bd:serviceParam wikibase:language ""en"". }
}
GROUP BY ?category ?categoryLabel ?gender ?genderLabel
ORDER BY ?categoryLabel ?genderLabel","SELECT ?category ?categoryLabel ?gender ?genderLabel (COUNT(DISTINCT ?winner) AS ?count) WHERE {
  ?category wdt:P31 wd:Q7191 .
  ?winner wdt:P166 ?award .
  ?award wdt:P31 ?category .
  ?winner wdt:P21 ?gender .
  SERVICE wikibase:label { bd:serviceParam wikibase:language ""en"". }
}
GROUP BY ?category ?categoryLabel ?gender ?genderLabel
ORDER BY ?categoryLabel ?genderLabel",True,True,True,0.0
379,complex,List artists who died in concentration camps during World War II.,"SELECT DISTINCT ?artist ?artistLabel ?placeLabel WHERE {
  ?artist wdt:[property:occupation] wd:[entity:artist] .
  ?artist wdt:[property:place of death] ?place .
  ?place wdt:[property:instance of] wd:[entity:concentration camp] .
  SERVICE wikibase:label { bd:serviceParam wikibase:language ""en"". }
}","SELECT DISTINCT ?artist ?artistLabel ?placeLabel WHERE {
  ?artist wdt:P106 wd:Q483501 .
  ?artist wdt:P20 ?place .
  ?place wdt:P31 wd:Q152081 .
  SERVICE wikibase:label { bd:serviceParam wikibase:language ""en"". }
}",True,True,True,0.0128
380,complex,"List databases with a SPARQL endpoint, ranked by the number of IDs known to Wikidata.","SELECT ?database ?databaseLabel (COUNT(?statement) AS ?count) WHERE {
  ?database wdt:[property:SPARQL endpoint URL] ?endpoint .
  ?database wdt:[property:Wikidata property] ?property .
  ?item ?propertyClaim ?statement .
  ?property wikibase:claim ?propertyClaim .
  SERVICE wikibase:label { bd:serviceParam wikibase:language ""en"". }
}
GROUP BY ?database ?databaseLabel
ORDER BY DESC(?count)","SELECT ?database ?databaseLabel (COUNT(?statement) AS ?count) WHERE {
  ?database wdt:P5305 ?endpoint .
  ?database wdt:P1629 ?property .
  ?item ?propertyClaim ?statement .
  ?property wikibase:claim ?propertyClaim .
  SERVICE wikibase:label { bd:serviceParam wikibase:language ""en"". }
}
GROUP BY ?database ?databaseLabel
ORDER BY DESC(?count)",True,True,True,1.0
381,complex,How many French words are linked to a single dictionary?,"SELECT (COUNT(DISTINCT ?word) AS ?count) WHERE {
  ?word wdt:[property:language of work or name] wd:[entity:French].
  ?word wdt:[property:described by source] ?dictionary.
}
GROUP BY ?word
HAVING (COUNT(DISTINCT ?dictionary) = 1)","SELECT (COUNT(DISTINCT ?word) AS ?count) WHERE {
  ?word wdt:P407 wd:Q150.
  ?word wdt:P1343 ?dictionary.
}
GROUP BY ?word
HAVING (COUNT(DISTINCT ?dictionary) = 1)",True,True,True,0.0476
382,complex,List all open-source research software categorized by field.,"SELECT ?software ?softwareLabel ?field ?fieldLabel WHERE {
  ?software wdt:[property:instance of] wd:[entity:research].
  ?software wdt:[property:license] ?license.
  ?license wdt:[property:instance of]/wdt:[property:subclass of]* wd:[entity:free software license].
  OPTIONAL { ?software wdt:[property:field of work] ?field. }
  SERVICE wikibase:label { bd:serviceParam wikibase:language ""en"". }
}
ORDER BY ?fieldLabel ?softwareLabel","SELECT ?software ?softwareLabel ?field ?fieldLabel WHERE {
  ?software wdt:P31 wd:Q42240.
  ?software wdt:P275 ?license.
  ?license wdt:P31/wdt:P279* wd:Q3943414.
  OPTIONAL { ?software wdt:P101 ?field. }
  SERVICE wikibase:label { bd:serviceParam wikibase:language ""en"". }
}
ORDER BY ?fieldLabel ?softwareLabel",True,True,True,0.0
383,complex,"List people who died in 2018, ranked by the number of Wikipedia pages they are mentioned on.","SELECT ?person ?personLabel (COUNT(?article) AS ?pageCount) WHERE {
  ?person wdt:[property:date of death] ?dod .
  FILTER(YEAR(?dod) = 2018)
  ?person wdt:[property:instance of] wd:[entity:human] .
  ?article schema:about ?person .
  ?article schema:isPartOf ?site .
  FILTER(CONTAINS(STR(?site), ""wikipedia.org""))
  SERVICE wikibase:label { bd:serviceParam wikibase:language ""en"". }
}
GROUP BY ?person ?personLabel
ORDER BY DESC(?pageCount)","SELECT ?person ?personLabel (COUNT(?article) AS ?pageCount) WHERE {
  ?person wdt:P570 ?dod .
  FILTER(YEAR(?dod) = 2018)
  ?person wdt:P31 wd:Q5 .
  ?article schema:about ?person .
  ?article schema:isPartOf ?site .
  FILTER(CONTAINS(STR(?site), ""wikipedia.org""))
  SERVICE wikibase:label { bd:serviceParam wikibase:language ""en"". }
}
GROUP BY ?person ?personLabel
ORDER BY DESC(?pageCount)",True,True,False,0.0
384,complex,List all individuals born in Wales who have held the position of head of government.,"SELECT DISTINCT ?person ?personLabel WHERE {
  ?person wdt:[property:instance of] wd:[entity:human] .
  ?person wdt:[property:place of birth] ?birthPlace .
  ?birthPlace wdt:[property:country] wd:[entity:Wales] .
  ?person wdt:[property:position held] ?position .
  ?position wdt:[property:subclass of]* wd:[entity:head of government] .
  SERVICE wikibase:label { bd:serviceParam wikibase:language ""en"". }
}","SELECT DISTINCT ?person ?personLabel WHERE {
  ?person wdt:P31 wd:Q5 .
  ?person wdt:P19 ?birthPlace .
  ?birthPlace wdt:P17 wd:Q25 .
  ?person wdt:P39 ?position .
  ?position wdt:P279* wd:Q2285706 .
  SERVICE wikibase:label { bd:serviceParam wikibase:language ""en"". }
}",True,True,True,0.0
385,complex,What are the properties that connect a church to its patron saint?,"SELECT DISTINCT ?property ?propertyLabel WHERE {
  ?church wdt:[property:instance of] wd:[entity:church building] .
  ?church ?property ?saint .
  ?saint wdt:[property:instance of] wd:[entity:saint] .
  ?prop wikibase:directClaim ?property .
  SERVICE wikibase:label { bd:serviceParam wikibase:language ""en"" . }
}","SELECT DISTINCT ?property ?propertyLabel WHERE {
  ?church wdt:P31 wd:Q16970 .
  ?church ?property ?saint .
  ?saint wdt:P31 wd:Q43115 .
  ?prop wikibase:directClaim ?property .
  SERVICE wikibase:label { bd:serviceParam wikibase:language ""en"" . }
}",True,True,True,0.0
386,complex,What are the longest rivers in France that do not have a department named after them?,"SELECT ?river ?riverLabel ?length WHERE {
  ?river wdt:[property:instance of] wd:[entity:river] .
  ?river wdt:[property:country] wd:[entity:France] .
  ?river wdt:[property:length] ?length .
  FILTER NOT EXISTS {
    ?department wdt:[property:instance of] wd:[entity:department of France] .
    ?department wdt:[property:named after] ?river .
  }
  SERVICE wikibase:label { bd:serviceParam wikibase:language ""en"". }
}
ORDER BY DESC(?length)
LIMIT 10","SELECT ?river ?riverLabel ?length WHERE {
  ?river wdt:P31 wd:Q4022 .
  ?river wdt:P17 wd:Q142 .
  ?river wdt:P2043 ?length .
  FILTER NOT EXISTS {
    ?department wdt:P31 wd:Q6465 .
    ?department wdt:P138 ?river .
  }
  SERVICE wikibase:label { bd:serviceParam wikibase:language ""en"". }
}
ORDER BY DESC(?length)
LIMIT 10",True,True,False,0.0
387,complex,List all biological pathways with their corresponding protein structures in the PDB database.,"SELECT ?pathway ?pathwayLabel ?pdbId WHERE {
  ?pathway wdt:[property:instance of] wd:[entity:biological pathway] .
  ?protein wdt:[property:biological pathway] ?pathway .
  ?protein wdt:[property:PDB structure ID] ?pdbId .
  SERVICE wikibase:label { bd:serviceParam wikibase:language ""en"". }
}","SELECT ?pathway ?pathwayLabel ?pdbId WHERE {
  ?pathway wdt:P31 wd:Q4915012 .
  ?protein wdt:[property:biological pathway] ?pathway .
  ?protein wdt:P638 ?pdbId .
  SERVICE wikibase:label { bd:serviceParam wikibase:language ""en"". }
}",True,False,False,0.0
388,complex,List the properties used in instances of public libraries along with their frequency.,"SELECT ?property ?propertyLabel (COUNT(?item) AS ?frequency) WHERE {
  ?item wdt:[property:instance of] wd:[entity:public library] .
  ?item ?prop ?value .
  ?property wikibase:directClaim ?prop .
  SERVICE wikibase:label { bd:serviceParam wikibase:language ""en"". }
}
GROUP BY ?property ?propertyLabel
ORDER BY DESC(?frequency)","SELECT ?property ?propertyLabel (COUNT(?item) AS ?frequency) WHERE {
  ?item wdt:P31 wd:Q28564 .
  ?item ?prop ?value .
  ?property wikibase:directClaim ?prop .
  SERVICE wikibase:label { bd:serviceParam wikibase:language ""en"". }
}
GROUP BY ?property ?propertyLabel
ORDER BY DESC(?frequency)",True,True,False,0.0
389,complex,What scenes are depicted in Mediterranean Scenes drawings?,"SELECT ?scene ?sceneLabel WHERE {
  wd:[entity:Mediterranean Scenes] wdt:[property:depicts] ?scene .
  SERVICE wikibase:label { bd:serviceParam wikibase:language ""en"". }
}","SELECT ?scene ?sceneLabel WHERE {
  wd:Q54854779 wdt:P180 ?scene .
  SERVICE wikibase:label { bd:serviceParam wikibase:language ""en"". }
}",True,True,True,0.0
390,complex,List all stages of the Tour de France.,"SELECT ?stage ?stageLabel WHERE {
  ?stage wdt:[property:part of] wd:[entity:Tour de France] .
  ?stage wdt:[property:instance of] wd:[entity:cycling stage] .
  SERVICE wikibase:label { bd:serviceParam wikibase:language ""en"". }
}","SELECT ?stage ?stageLabel WHERE {
  ?stage wdt:P361 wd:Q33881 .
  ?stage wdt:P31 wd:[entity:cycling stage] .
  SERVICE wikibase:label { bd:serviceParam wikibase:language ""en"". }
}",True,False,False,0.0
391,complex,List the most populous first-level country subdivisions without a legislative body.,"SELECT ?subdivision ?subdivisionLabel ?population WHERE {
  ?subdivision wdt:[property:instance of]/wdt:[property:subclass of]* wd:[entity:first-level administrative country subdivision] .
  ?subdivision wdt:[property:population] ?population .
  FILTER NOT EXISTS { ?subdivision wdt:[property:legislative body] ?legislature . }
  SERVICE wikibase:label { bd:serviceParam wikibase:language ""en"". }
}
ORDER BY DESC(?population)
LIMIT 10","SELECT ?subdivision ?subdivisionLabel ?population WHERE {
  ?subdivision wdt:P31/wdt:P279* wd:Q10864048 .
  ?subdivision wdt:P1082 ?population .
  FILTER NOT EXISTS { ?subdivision wdt:[property:legislative body] ?legislature . }
  SERVICE wikibase:label { bd:serviceParam wikibase:language ""en"". }
}
ORDER BY DESC(?population)
LIMIT 10",True,False,False,0.0
392,complex,List the types of properties with their frequency and an example property for each type.,"SELECT ?type ?typeLabel (COUNT(?property) AS ?count) (SAMPLE(?property) AS ?example) WHERE {
  ?property wikibase:propertyType ?type .
}
GROUP BY ?type ?typeLabel
ORDER BY DESC(?count)","SELECT ?type ?typeLabel (COUNT(?property) AS ?count) (SAMPLE(?property) AS ?example) WHERE {
  ?property wikibase:propertyType ?type .
}
GROUP BY ?type ?typeLabel
ORDER BY DESC(?count)",True,True,True,0.5443
393,complex,List song titles that are also female given names.,"SELECT DISTINCT ?songLabel WHERE {
  ?song wdt:[property:instance of] wd:[entity:song] .
  ?name wdt:[property:instance of] wd:[entity:female given name] .
  ?song rdfs:label ?songLabel .
  ?name rdfs:label ?nameLabel .
  FILTER(LANG(?songLabel) = ""en"")
  FILTER(LANG(?nameLabel) = ""en"")
  FILTER(?songLabel = ?nameLabel)
}","SELECT DISTINCT ?songLabel WHERE {
  ?song wdt:P31 wd:Q7366 .
  ?name wdt:P31 wd:Q11879590 .
  ?song rdfs:label ?songLabel .
  ?name rdfs:label ?nameLabel .
  FILTER(LANG(?songLabel) = ""en"")
  FILTER(LANG(?nameLabel) = ""en"")
  FILTER(?songLabel = ?nameLabel)
}",True,True,False,0.0
394,complex,List all external identifiers from Wikidata.,"SELECT ?property ?propertyLabel WHERE {
  ?property wikibase:propertyType wikibase:ExternalId .
  SERVICE wikibase:label { bd:serviceParam wikibase:language ""en"". }
}","SELECT ?property ?propertyLabel WHERE {
  ?property wikibase:propertyType wikibase:ExternalId .
  SERVICE wikibase:label { bd:serviceParam wikibase:language ""en"". }
}",True,True,True,0.0
395,complex,List mathematicians born in years that are prime numbers.,"SELECT DISTINCT ?mathematician ?mathematicianLabel ?year WHERE {
  ?mathematician wdt:[property:occupation] wd:[entity:mathematician] .
  ?mathematician wdt:[property:date of birth] ?dob .
  BIND(YEAR(?dob) AS ?year)
  FILTER(?year > 1)
  FILTER NOT EXISTS {
    BIND(CEIL(?year / 2) AS ?half)
    ?divisor wdt:[property:instance of] ?anything .
  }
  # Prime check via FILTER
  FILTER(
    !EXISTS {
      VALUES ?d { 2 3 5 7 11 13 17 19 23 29 31 37 41 43 47 }
      FILTER(?d < ?year && ?year % ?d = 0)
    }
  )
  SERVICE wikibase:label { bd:serviceParam wikibase:language ""en"". }
}","SELECT DISTINCT ?mathematician ?mathematicianLabel ?year WHERE {
  ?mathematician wdt:P106 wd:Q170790 .
  ?mathematician wdt:P569 ?dob .
  BIND(YEAR(?dob) AS ?year)
  FILTER(?year > 1)
  FILTER NOT EXISTS {
    BIND(CEIL(?year / 2) AS ?half)
    ?divisor wdt:P31 ?anything .
  }
  # Prime check via FILTER
  FILTER(
    !EXISTS {
      VALUES ?d { 2 3 5 7 11 13 17 19 23 29 31 37 41 43 47 }
      FILTER(?d < ?year && ?year % ?d = 0)
    }
  )
  SERVICE wikibase:label { bd:serviceParam wikibase:language ""en"". }
}",True,True,False,0.0
396,complex,"Show me the relationships between Elsa Lanchester, Charles Laughton, and other notable individuals.","SELECT ?relationship ?relationshipLabel ?person ?personLabel WHERE {
  {
    wd:[entity:Elsa Lanchester] ?relationship ?person .
    FILTER(?person = wd:[entity:Charles Laughton])
  }
  UNION
  {
    wd:[entity:Charles Laughton] ?relationship ?person .
    FILTER(?person = wd:[entity:Elsa Lanchester])
  }
  UNION
  {
    wd:[entity:Elsa Lanchester] ?relationship ?person .
    ?person wdt:[property:instance of] wd:[entity:human] .
  }
  UNION
  {
    wd:[entity:Charles Laughton] ?relationship ?person .
    ?person wdt:[property:instance of] wd:[entity:human] .
  }
  SERVICE wikibase:label { bd:serviceParam wikibase:language ""en"". }
}","SELECT ?relationship ?relationshipLabel ?person ?personLabel WHERE {
  {
    wd:Q233009 ?relationship ?person .
    FILTER(?person = wd:Q55264)
  }
  UNION
  {
    wd:Q55264 ?relationship ?person .
    FILTER(?person = wd:Q233009)
  }
  UNION
  {
    wd:Q233009 ?relationship ?person .
    ?person wdt:P31 wd:Q5 .
  }
  UNION
  {
    wd:Q55264 ?relationship ?person .
    ?person wdt:P31 wd:Q5 .
  }
  SERVICE wikibase:label { bd:serviceParam wikibase:language ""en"". }
}",True,True,True,0.0984
397,complex,Find PubMed references related to renal cell carcinoma variants.,"SELECT DISTINCT ?article ?articleLabel ?pmid WHERE {
  ?disease wdt:[property:subclass of] wd:[entity:renal cell carcinoma] .
  ?article wdt:[property:main subject] ?disease .
  ?article wdt:[property:PubMed ID] ?pmid .
  SERVICE wikibase:label { bd:serviceParam wikibase:language ""en"". }
}","SELECT DISTINCT ?article ?articleLabel ?pmid WHERE {
  ?disease wdt:P279 wd:Q1164529 .
  ?article wdt:P921 ?disease .
  ?article wdt:P698 ?pmid .
  SERVICE wikibase:label { bd:serviceParam wikibase:language ""en"". }
}",True,True,True,1.0
398,complex,What are the official songs of each U.S. state?,"SELECT ?state ?stateLabel ?song ?songLabel WHERE {
  ?state wdt:[property:instance of] wd:[entity:U.S. state] .
  ?state wdt:[property:anthem] ?song .
  SERVICE wikibase:label { bd:serviceParam wikibase:language ""en"". }
}","SELECT ?state ?stateLabel ?song ?songLabel WHERE {
  ?state wdt:P31 wd:Q35657 .
  ?state wdt:P85 ?song .
  SERVICE wikibase:label { bd:serviceParam wikibase:language ""en"". }
}",True,True,True,0.4223
399,complex,What are the most common last names among humans?,"SELECT ?lastName ?lastNameLabel (COUNT(?person) AS ?count) WHERE {
  ?person wdt:[property:instance of] wd:[entity:human] .
  ?person wdt:[property:family name] ?lastName .
  SERVICE wikibase:label { bd:serviceParam wikibase:language ""en"". }
}
GROUP BY ?lastName ?lastNameLabel
ORDER BY DESC(?count)
LIMIT 50","SELECT ?lastName ?lastNameLabel (COUNT(?person) AS ?count) WHERE {
  ?person wdt:P31 wd:Q5 .
  ?person wdt:P734 ?lastName .
  SERVICE wikibase:label { bd:serviceParam wikibase:language ""en"". }
}
GROUP BY ?lastName ?lastNameLabel
ORDER BY DESC(?count)
LIMIT 50",True,True,False,0.0
400,complex,"List all Basque people with known birthplaces on Wikipedia, grouped by the century they died in.","SELECT ?century (COUNT(DISTINCT ?person) AS ?count) WHERE {
  ?person wdt:[property:instance of] wd:[entity:human] .
  ?person wdt:[property:ethnic group] wd:[entity:Basque] .
  ?person wdt:[property:place of birth] ?birthplace .
  ?person wdt:[property:date of death] ?deathDate .
  BIND(FLOOR((YEAR(?deathDate) - 1) / 100) + 1 AS ?century)
}
GROUP BY ?century
ORDER BY ?century","SELECT ?century (COUNT(DISTINCT ?person) AS ?count) WHERE {
  ?person wdt:P31 wd:Q5 .
  ?person wdt:P172 wd:Q47588 .
  ?person wdt:P19 ?birthplace .
  ?person wdt:P570 ?deathDate .
  BIND(FLOOR((YEAR(?deathDate) - 1) / 100) + 1 AS ?century)
}
GROUP BY ?century
ORDER BY ?century",True,True,True,0.0
401,complex,What are the top companies by revenue in USD?,"SELECT ?company ?companyLabel ?revenue WHERE {
  ?company wdt:[property:instance of] wd:[entity:business] .
  ?company p:[property:total revenue] ?revenueStatement .
  ?revenueStatement psv:[property:total revenue] ?revenueValue .
  ?revenueValue wikibase:quantityAmount ?revenue .
  ?revenueValue wikibase:quantityUnit wd:[entity:United States dollar] .
  SERVICE wikibase:label { bd:serviceParam wikibase:language ""en"". }
}
ORDER BY DESC(?revenue)
LIMIT 10","SELECT ?company ?companyLabel ?revenue WHERE {
  ?company wdt:P31 wd:Q4830453 .
  ?company p:P2139 ?revenueStatement .
  ?revenueStatement psv:P2139 ?revenueValue .
  ?revenueValue wikibase:quantityAmount ?revenue .
  ?revenueValue wikibase:quantityUnit wd:Q4917 .
  SERVICE wikibase:label { bd:serviceParam wikibase:language ""en"". }
}
ORDER BY DESC(?revenue)
LIMIT 10",True,True,True,0.2885
402,complex,What are the most gender-imbalanced occupations in the US?,"SELECT ?occupation ?occupationLabel ?maleCount ?femaleCount (ABS(?maleCount - ?femaleCount) AS ?imbalance) WHERE {
  {
    SELECT ?occupation (COUNT(?male) AS ?maleCount) WHERE {
      ?male wdt:[property:occupation] ?occupation .
      ?male wdt:[property:sex or gender] wd:[entity:male] .
      ?male wdt:[property:country of citizenship] wd:[entity:United States of America] .
    }
    GROUP BY ?occupation
  }
  {
    SELECT ?occupation (COUNT(?female) AS ?femaleCount) WHERE {
      ?female wdt:[property:occupation] ?occupation .
      ?female wdt:[property:sex or gender] wd:[entity:female] .
      ?female wdt:[property:country of citizenship] wd:[entity:United States of America] .
    }
    GROUP BY ?occupation
  }
  SERVICE wikibase:label { bd:serviceParam wikibase:language ""en"". }
}
ORDER BY DESC(?imbalance)
LIMIT 20","SELECT ?occupation ?occupationLabel ?maleCount ?femaleCount (ABS(?maleCount - ?femaleCount) AS ?imbalance) WHERE {
  {
    SELECT ?occupation (COUNT(?male) AS ?maleCount) WHERE {
      ?male wdt:P106 ?occupation .
      ?male wdt:P21 wd:Q6581097 .
      ?male wdt:P27 wd:Q30 .
    }
    GROUP BY ?occupation
  }
  {
    SELECT ?occupation (COUNT(?female) AS ?femaleCount) WHERE {
      ?female wdt:P106 ?occupation .
      ?female wdt:P21 wd:Q6581072 .
      ?female wdt:P27 wd:Q30 .
    }
    GROUP BY ?occupation
  }
  SERVICE wikibase:label { bd:serviceParam wikibase:language ""en"". }
}
ORDER BY DESC(?imbalance)
LIMIT 20",True,True,True,0.0
403,complex,"List all artworks from the Musée Saint-Raymond in Toulouse, France.","SELECT ?artwork ?artworkLabel WHERE {
  ?artwork wdt:[property:collection] wd:[entity:Musée Saint-Raymond] .
  SERVICE wikibase:label { bd:serviceParam wikibase:language ""en,fr"". }
}","SELECT ?artwork ?artworkLabel WHERE {
  ?artwork wdt:P195 wd:Q1376 .
  SERVICE wikibase:label { bd:serviceParam wikibase:language ""en,fr"". }
}",True,True,True,0.0
404,complex,What is the count of Twitter IDs versus Facebook IDs for non-human entities?,"SELECT (COUNT(DISTINCT ?twitter) AS ?twitterCount) (COUNT(DISTINCT ?facebook) AS ?facebookCount) WHERE {
  ?entity wdt:[property:instance of] ?type .
  FILTER NOT EXISTS { ?entity wdt:[property:instance of] wd:[entity:human] }
  OPTIONAL { ?entity wdt:[property:Twitter username] ?twitter . }
  OPTIONAL { ?entity wdt:[property:Facebook ID] ?facebook . }
  FILTER(BOUND(?twitter) || BOUND(?facebook))
}","SELECT (COUNT(DISTINCT ?twitter) AS ?twitterCount) (COUNT(DISTINCT ?facebook) AS ?facebookCount) WHERE {
  ?entity wdt:P31 ?type .
  FILTER NOT EXISTS { ?entity wdt:P31 wd:Q5 }
  OPTIONAL { ?entity wdt:P2002 ?twitter . }
  OPTIONAL { ?entity wdt:P2013 ?facebook . }
  FILTER(BOUND(?twitter) || BOUND(?facebook))
}",True,True,False,0.0
405,complex,Show me a map of people buried at Norra Begravningsplatsen cemetery.,"SELECT ?person ?personLabel ?coord WHERE {
  ?person wdt:[property:place of burial] wd:[entity:Norra begravningsplatsen] .
  ?person wdt:[property:coordinate location] ?coord .
  SERVICE wikibase:label { bd:serviceParam wikibase:language ""en"". }
}","SELECT ?person ?personLabel ?coord WHERE {
  ?person wdt:P119 wd:Q252312 .
  ?person wdt:P625 ?coord .
  SERVICE wikibase:label { bd:serviceParam wikibase:language ""en"". }
}",True,True,True,0.0
406,complex,"Show me a map of sports teams, categorized by sport.","SELECT ?team ?teamLabel ?sport ?sportLabel ?coord WHERE {
  ?team wdt:[property:instance of] wd:[entity:sports team] .
  ?team wdt:[property:sport] ?sport .
  ?team wdt:[property:coordinate location] ?coord .
  SERVICE wikibase:label { bd:serviceParam wikibase:language ""en"". }
}","SELECT ?team ?teamLabel ?sport ?sportLabel ?coord WHERE {
  ?team wdt:P31 wd:Q12973014 .
  ?team wdt:P641 ?sport .
  ?team wdt:P625 ?coord .
  SERVICE wikibase:label { bd:serviceParam wikibase:language ""en"". }
}",True,True,True,0.0005
407,complex,List all the Chairs of the US Federal Reserve along with their tenure.,"SELECT ?chair ?chairLabel ?startTime ?endTime WHERE {
  wd:[entity:Federal Reserve] p:[property:chairperson] ?statement.
  ?statement ps:[property:chairperson] ?chair.
  OPTIONAL { ?statement pq:[property:start time] ?startTime. }
  OPTIONAL { ?statement pq:[property:end time] ?endTime. }
  SERVICE wikibase:label { bd:serviceParam wikibase:language ""en"". }
}
ORDER BY ?startTime","SELECT ?chair ?chairLabel ?startTime ?endTime WHERE {
  wd:Q53536 p:P488 ?statement.
  ?statement ps:P488 ?chair.
  OPTIONAL { ?statement pq:P580 ?startTime. }
  OPTIONAL { ?statement pq:P582 ?endTime. }
  SERVICE wikibase:label { bd:serviceParam wikibase:language ""en"". }
}
ORDER BY ?startTime",True,True,True,0.6289
408,complex,List the numbers from 0 to 20 in alphabetical order.,"SELECT ?number ?numberLabel WHERE {
  ?number wdt:[property:instance of] wd:[entity:natural number] .
  ?number wdt:[property:numeric value] ?value .
  FILTER(?value >= 0 && ?value <= 20)
  SERVICE wikibase:label { bd:serviceParam wikibase:language ""en"". }
}
ORDER BY ?numberLabel","SELECT ?number ?numberLabel WHERE {
  ?number wdt:P31 wd:Q21199 .
  ?number wdt:P1181 ?value .
  FILTER(?value >= 0 && ?value <= 20)
  SERVICE wikibase:label { bd:serviceParam wikibase:language ""en"". }
}
ORDER BY ?numberLabel",True,True,True,1.0
409,complex,List cities situated near multiple rivers.,"SELECT ?city ?cityLabel (COUNT(DISTINCT ?river) AS ?riverCount) WHERE {
  ?city wdt:[property:instance of] wd:[entity:city] .
  ?river wdt:[property:instance of] wd:[entity:river] .
  ?city wdt:[property:located in or next to body of water] ?river .
  SERVICE wikibase:label { bd:serviceParam wikibase:language ""en"". }
}
GROUP BY ?city ?cityLabel
HAVING (COUNT(DISTINCT ?river) > 1)
ORDER BY DESC(?riverCount)","SELECT ?city ?cityLabel (COUNT(DISTINCT ?river) AS ?riverCount) WHERE {
  ?city wdt:P31 wd:Q515 .
  ?river wdt:P31 wd:Q4022 .
  ?city wdt:P206 ?river .
  SERVICE wikibase:label { bd:serviceParam wikibase:language ""en"". }
}
GROUP BY ?city ?cityLabel
HAVING (COUNT(DISTINCT ?river) > 1)
ORDER BY DESC(?riverCount)",True,True,True,0.0
410,complex,List all GLAM institutions in Wales along with their coordinates and types.,"SELECT ?institution ?institutionLabel ?typeLabel ?coordinates WHERE {
  ?institution wdt:[property:instance of]/wdt:[property:subclass of]* ?type .
  VALUES ?type {
    wd:[entity:museum]
    wd:[entity:library]
    wd:[entity:archive]
    wd:[entity:art gallery]
  }
  ?institution wdt:[property:country] wd:[entity:Wales] .
  OPTIONAL { ?institution wdt:[property:coordinate location] ?coordinates . }
  SERVICE wikibase:label { bd:serviceParam wikibase:language ""en"". }
}","SELECT ?institution ?institutionLabel ?typeLabel ?coordinates WHERE {
  ?institution wdt:P31/wdt:P279* ?type .
  VALUES ?type {
    wd:Q33506
    wd:Q7075
    wd:Q166118
    wd:Q1007870
  }
  ?institution wdt:P17 wd:Q25 .
  OPTIONAL { ?institution wdt:P625 ?coordinates . }
  SERVICE wikibase:label { bd:serviceParam wikibase:language ""en"". }
}",True,True,True,0.0139
411,complex,List people who have received military honors from two different countries.,"SELECT DISTINCT ?person ?personLabel WHERE {
  ?person wdt:[property:instance of] wd:[entity:human] .
  ?person wdt:[property:award received] ?award1 .
  ?award1 wdt:[property:country] ?country1 .
  ?award1 wdt:[property:instance of]/wdt:[property:subclass of]* wd:[entity:military decoration] .
  ?person wdt:[property:award received] ?award2 .
  ?award2 wdt:[property:country] ?country2 .
  ?award2 wdt:[property:instance of]/wdt:[property:subclass of]* wd:[entity:military decoration] .
  FILTER(?country1 != ?country2)
  SERVICE wikibase:label { bd:serviceParam wikibase:language ""en"". }
}","SELECT DISTINCT ?person ?personLabel WHERE {
  ?person wdt:P31 wd:Q5 .
  ?person wdt:P166 ?award1 .
  ?award1 wdt:P17 ?country1 .
  ?award1 wdt:P31/wdt:P279* wd:Q1788716 .
  ?person wdt:P166 ?award2 .
  ?award2 wdt:P17 ?country2 .
  ?award2 wdt:P31/wdt:P279* wd:Q1788716 .
  FILTER(?country1 != ?country2)
  SERVICE wikibase:label { bd:serviceParam wikibase:language ""en"". }
}",True,True,False,0.0
412,complex,What occupations were most common among accused witches in Scotland?,"SELECT ?occupation ?occupationLabel (COUNT(?person) AS ?count) WHERE {
  ?person wdt:[property:instance of] wd:[entity:human].
  ?person wdt:[property:country of citizenship] wd:[entity:Kingdom of Scotland].
  ?person wdt:[property:significant event] wd:[entity:witch trial].
  ?person wdt:[property:occupation] ?occupation.
  SERVICE wikibase:label { bd:serviceParam wikibase:language ""en"". }
}
GROUP BY ?occupation ?occupationLabel
ORDER BY DESC(?count)","SELECT ?occupation ?occupationLabel (COUNT(?person) AS ?count) WHERE {
  ?person wdt:P31 wd:Q5.
  ?person wdt:P27 wd:Q230791.
  ?person wdt:P793 wd:Q19902850.
  ?person wdt:P106 ?occupation.
  SERVICE wikibase:label { bd:serviceParam wikibase:language ""en"". }
}
GROUP BY ?occupation ?occupationLabel
ORDER BY DESC(?count)",True,True,True,0.0
413,complex,List all economists with a Project Gutenberg ID and their corresponding birth and death years.,"SELECT ?economist ?economistLabel ?gutenbergID ?birthYear ?deathYear WHERE {
  ?economist wdt:[property:occupation] wd:[entity:economist] .
  ?economist wdt:[property:Project Gutenberg author ID] ?gutenbergID .
  OPTIONAL {
    ?economist wdt:[property:date of birth] ?birthDate .
    BIND(YEAR(?birthDate) AS ?birthYear)
  }
  OPTIONAL {
    ?economist wdt:[property:date of death] ?deathDate .
    BIND(YEAR(?deathDate) AS ?deathYear)
  }
  SERVICE wikibase:label { bd:serviceParam wikibase:language ""en"". }
}","SELECT ?economist ?economistLabel ?gutenbergID ?birthYear ?deathYear WHERE {
  ?economist wdt:P106 wd:Q188094 .
  ?economist wdt:P1938 ?gutenbergID .
  OPTIONAL {
    ?economist wdt:P569 ?birthDate .
    BIND(YEAR(?birthDate) AS ?birthYear)
  }
  OPTIONAL {
    ?economist wdt:P570 ?deathDate .
    BIND(YEAR(?deathDate) AS ?deathYear)
  }
  SERVICE wikibase:label { bd:serviceParam wikibase:language ""en"". }
}",True,True,True,0.1609
414,complex,List all the stations in Amsterdam Metro along with their coordinates.,"SELECT ?station ?stationLabel ?coordinates WHERE {
  ?station wdt:[property:part of] wd:[entity:Amsterdam Metro] .
  OPTIONAL { ?station wdt:[property:coordinate location] ?coordinates . }
  SERVICE wikibase:label { bd:serviceParam wikibase:language ""en"". }
}","SELECT ?station ?stationLabel ?coordinates WHERE {
  ?station wdt:P361 wd:Q260870 .
  OPTIONAL { ?station wdt:P625 ?coordinates . }
  SERVICE wikibase:label { bd:serviceParam wikibase:language ""en"". }
}",True,True,True,0.6
415,complex,List all the materials used in paintings along with their labels.,"SELECT DISTINCT ?material ?materialLabel WHERE {
  ?painting wdt:[property:instance of] wd:[entity:painting] .
  ?painting wdt:[property:made from material] ?material .
  SERVICE wikibase:label { bd:serviceParam wikibase:language ""en"" . }
}","SELECT DISTINCT ?material ?materialLabel WHERE {
  ?painting wdt:P31 wd:Q3305213 .
  ?painting wdt:P186 ?material .
  SERVICE wikibase:label { bd:serviceParam wikibase:language ""en"" . }
}",True,True,False,0.0
416,complex,What lakes are near Berlin?,"SELECT ?lake ?lakeLabel WHERE {
  ?lake wdt:[property:instance of] wd:[entity:lake] .
  ?lake wdt:[property:located in the administrative territorial entity] wd:[entity:Berlin] .
  SERVICE wikibase:label { bd:serviceParam wikibase:language ""en"". }
}","SELECT ?lake ?lakeLabel WHERE {
  ?lake wdt:P31 wd:Q23397 .
  ?lake wdt:P131 wd:Q64 .
  SERVICE wikibase:label { bd:serviceParam wikibase:language ""en"". }
}",True,True,True,0.0357
417,complex,List all Wikidata properties in numerical order.,"SELECT ?property ?propertyLabel WHERE {
  ?property wikibase:propertyType ?type .
  SERVICE wikibase:label { bd:serviceParam wikibase:language ""en"". }
}
ORDER BY xsd:integer(STRAFTER(STR(?property), ""P""))","SELECT ?property ?propertyLabel WHERE {
  ?property wikibase:propertyType ?type .
  SERVICE wikibase:label { bd:serviceParam wikibase:language ""en"". }
}
ORDER BY xsd:integer(STRAFTER(STR(?property), ""P""))",True,True,True,0.669
418,complex,Find all National Trust properties in the UK without an official website on Wikidata.,"SELECT ?property ?propertyLabel WHERE {
  ?property wdt:[property:owned by] wd:[entity:National Trust] .
  ?property wdt:[property:country] wd:[entity:United Kingdom] .
  FILTER NOT EXISTS { ?property wdt:[property:official website] ?website . }
  SERVICE wikibase:label { bd:serviceParam wikibase:language ""en"". }
}","SELECT ?property ?propertyLabel WHERE {
  ?property wdt:P127 wd:Q333515 .
  ?property wdt:P17 wd:Q145 .
  FILTER NOT EXISTS { ?property wdt:P856 ?website . }
  SERVICE wikibase:label { bd:serviceParam wikibase:language ""en"". }
}",True,True,True,0.0
419,complex,"Find cathedrals in Paris, France and show their images.","SELECT ?cathedral ?cathedralLabel ?image WHERE {
  ?cathedral wdt:[property:instance of] wd:[entity:cathedral] .
  ?cathedral wdt:[property:located in the administrative territorial entity] wd:[entity:Paris] .
  OPTIONAL { ?cathedral wdt:[property:image] ?image . }
  SERVICE wikibase:label { bd:serviceParam wikibase:language ""en"". }
}","SELECT ?cathedral ?cathedralLabel ?image WHERE {
  ?cathedral wdt:P31 wd:Q2977 .
  ?cathedral wdt:P131 wd:Q90 .
  OPTIONAL { ?cathedral wdt:P18 ?image . }
  SERVICE wikibase:label { bd:serviceParam wikibase:language ""en"". }
}",True,True,True,0.0
420,complex,List the names of programming languages along with their creation years and images of their inventors.,"SELECT ?language ?languageLabel ?year ?inventorImage WHERE {
  ?language wdt:[property:instance of] wd:[entity:programming language].
  OPTIONAL {
    ?language wdt:[property:inception] ?inception.
    BIND(YEAR(?inception) AS ?year)
  }
  OPTIONAL {
    ?language wdt:[property:developer] ?inventor.
    ?inventor wdt:[property:image] ?inventorImage.
  }
  SERVICE wikibase:label { bd:serviceParam wikibase:language ""en"". }
}","SELECT ?language ?languageLabel ?year ?inventorImage WHERE {
  ?language wdt:P31 wd:Q9143.
  OPTIONAL {
    ?language wdt:P571 ?inception.
    BIND(YEAR(?inception) AS ?year)
  }
  OPTIONAL {
    ?language wdt:P178 ?inventor.
    ?inventor wdt:P18 ?inventorImage.
  }
  SERVICE wikibase:label { bd:serviceParam wikibase:language ""en"". }
}",True,True,True,0.011
421,complex,"What are the professions of people whose works are kept in the Musee de Bretagne, categorized by gender?","SELECT ?genderLabel ?occupationLabel (COUNT(DISTINCT ?person) AS ?count) WHERE {
  ?work wdt:[property:collection] wd:[entity:Musée de Bretagne].
  ?work wdt:[property:creator] ?person.
  ?person wdt:[property:occupation] ?occupation.
  ?person wdt:[property:sex or gender] ?gender.
  SERVICE wikibase:label { bd:serviceParam wikibase:language ""en"". }
}
GROUP BY ?genderLabel ?occupationLabel
ORDER BY ?genderLabel ?occupationLabel","SELECT ?genderLabel ?occupationLabel (COUNT(DISTINCT ?person) AS ?count) WHERE {
  ?work wdt:P195 wd:Q3329701.
  ?work wdt:P170 ?person.
  ?person wdt:P106 ?occupation.
  ?person wdt:P21 ?gender.
  SERVICE wikibase:label { bd:serviceParam wikibase:language ""en"". }
}
GROUP BY ?genderLabel ?occupationLabel
ORDER BY ?genderLabel ?occupationLabel",True,True,True,0.034
422,complex,What is the average height of male figure skaters in each discipline?,"SELECT ?discipline ?disciplineLabel (AVG(?height) AS ?avgHeight) WHERE {
  ?skater wdt:[property:instance of] wd:[entity:human] .
  ?skater wdt:[property:sex or gender] wd:[entity:male] .
  ?skater wdt:[property:sport] wd:[entity:figure skating] .
  ?skater wdt:[property:height] ?height .
  ?skater wdt:[property:occupation] ?discipline .
  SERVICE wikibase:label { bd:serviceParam wikibase:language ""en"". }
}
GROUP BY ?discipline ?disciplineLabel","SELECT ?discipline ?disciplineLabel (AVG(?height) AS ?avgHeight) WHERE {
  ?skater wdt:P31 wd:Q5 .
  ?skater wdt:P21 wd:Q6581097 .
  ?skater wdt:[property:sport] wd:Q38108 .
  ?skater wdt:[property:height] ?height .
  ?skater wdt:[property:occupation] ?discipline .
  SERVICE wikibase:label { bd:serviceParam wikibase:language ""en"". }
}
GROUP BY ?discipline ?disciplineLabel",True,False,False,0.0
423,complex,What materials are used to make the items in the Ashmolean Museum collection?,"SELECT DISTINCT ?material ?materialLabel WHERE {
  ?item wdt:[property:collection] wd:[entity:Ashmolean Museum] .
  ?item wdt:[property:made from material] ?material .
  SERVICE wikibase:label { bd:serviceParam wikibase:language ""en"". }
}","SELECT DISTINCT ?material ?materialLabel WHERE {
  ?item wdt:P195 wd:Q636400 .
  ?item wdt:P186 ?material .
  SERVICE wikibase:label { bd:serviceParam wikibase:language ""en"". }
}",True,True,True,0.5184
424,complex,List the occupations of authors who have written scholarly articles.,"SELECT DISTINCT ?occupation ?occupationLabel WHERE {
  ?article wdt:[property:instance of] wd:[entity:scholarly article] .
  ?article wdt:[property:author] ?author .
  ?author wdt:[property:occupation] ?occupation .
  SERVICE wikibase:label { bd:serviceParam wikibase:language ""en"". }
}","SELECT DISTINCT ?occupation ?occupationLabel WHERE {
  ?article wdt:P31 wd:Q13442814 .
  ?article wdt:P50 ?author .
  ?author wdt:P106 ?occupation .
  SERVICE wikibase:label { bd:serviceParam wikibase:language ""en"". }
}",True,True,True,1.0
425,complex,Show me a map of Indian cities with their sister cities.,"SELECT ?city ?cityLabel ?coord ?sisterCity ?sisterCityLabel WHERE {
  ?city wdt:[property:country] wd:[entity:India] .
  ?city wdt:[property:instance of]/wdt:[property:subclass of]* wd:[entity:city] .
  ?city wdt:[property:coordinate location] ?coord .
  ?city wdt:[property:twinned administrative body] ?sisterCity .
  SERVICE wikibase:label { bd:serviceParam wikibase:language ""en"". }
}","SELECT ?city ?cityLabel ?coord ?sisterCity ?sisterCityLabel WHERE {
  ?city wdt:P17 wd:Q668 .
  ?city wdt:P31/wdt:P279* wd:Q515 .
  ?city wdt:P625 ?coord .
  ?city wdt:P190 ?sisterCity .
  SERVICE wikibase:label { bd:serviceParam wikibase:language ""en"". }
}",True,True,True,0.2196
426,complex,List the number of punk bands from each region in Indonesia.,"SELECT ?region ?regionLabel (COUNT(DISTINCT ?band) AS ?count) WHERE {
  ?band wdt:[property:instance of] wd:[entity:band] ;
        wdt:[property:genre] wd:[entity:punk rock] ;
        wdt:[property:country] wd:[entity:Indonesia] ;
        wdt:[property:location] ?region .
  SERVICE wikibase:label { bd:serviceParam wikibase:language ""en"". }
}
GROUP BY ?region ?regionLabel
ORDER BY DESC(?count)","SELECT ?region ?regionLabel (COUNT(DISTINCT ?band) AS ?count) WHERE {
  ?band wdt:P31 wd:Q215380 ;
        wdt:[property:genre] wd:Q3071 ;
        wdt:[property:country] wd:Q252 ;
        wdt:[property:location] ?region .
  SERVICE wikibase:label { bd:serviceParam wikibase:language ""en"". }
}
GROUP BY ?region ?regionLabel
ORDER BY DESC(?count)",True,False,False,0.0
427,complex,List all museums in Barcelona along with their coordinates.,"SELECT ?museum ?museumLabel ?coordinates WHERE {
  ?museum wdt:[property:instance of] wd:[entity:museum] .
  ?museum wdt:[property:located in the administrative territorial entity] wd:[entity:Barcelona] .
  OPTIONAL { ?museum wdt:[property:coordinate location] ?coordinates . }
  SERVICE wikibase:label { bd:serviceParam wikibase:language ""en"". }
}","SELECT ?museum ?museumLabel ?coordinates WHERE {
  ?museum wdt:P31 wd:Q33506 .
  ?museum wdt:P131 wd:Q1492 .
  OPTIONAL { ?museum wdt:P625 ?coordinates . }
  SERVICE wikibase:label { bd:serviceParam wikibase:language ""en"". }
}",True,True,True,0.1572
428,complex,"List all ancient Greek pottery items stored in Museum St-Raymond, France.","SELECT ?item ?itemLabel WHERE {
  ?item wdt:[property:collection] wd:[entity:Musée Saint-Raymond] .
  ?item wdt:[property:instance of]/wdt:[property:subclass of]* wd:[entity:ancient Greek pottery] .
  SERVICE wikibase:label { bd:serviceParam wikibase:language ""en"". }
}","SELECT ?item ?itemLabel WHERE {
  ?item wdt:P195 wd:Q1376 .
  ?item wdt:P31/wdt:P279* wd:Q122031115 .
  SERVICE wikibase:label { bd:serviceParam wikibase:language ""en"". }
}",True,True,True,0.0
429,complex,List people who share their birthday with the day their mother passed away.,"SELECT DISTINCT ?person ?personLabel ?mother ?motherLabel WHERE {
  ?person wdt:[property:date of birth] ?birth .
  ?person wdt:[property:mother] ?mother .
  ?mother wdt:[property:date of death] ?death .
  FILTER(?birth = ?death)
  SERVICE wikibase:label { bd:serviceParam wikibase:language ""en"". }
}","SELECT DISTINCT ?person ?personLabel ?mother ?motherLabel WHERE {
  ?person wdt:P569 ?birth .
  ?person wdt:P25 ?mother .
  ?mother wdt:P570 ?death .
  FILTER(?birth = ?death)
  SERVICE wikibase:label { bd:serviceParam wikibase:language ""en"". }
}",True,True,True,0.0
430,complex,List all people employed by Coventry University without a UID.,"SELECT DISTINCT ?person ?personLabel WHERE {
  ?person wdt:[property:employer] wd:[entity:Coventry University] .
  ?person wdt:[property:instance of] wd:[entity:human] .
  FILTER NOT EXISTS { ?person wdt:[property:UID] ?uid . }
  SERVICE wikibase:label { bd:serviceParam wikibase:language ""en"". }
}","SELECT DISTINCT ?person ?personLabel WHERE {
  ?person wdt:P108 wd:Q1138080 .
  ?person wdt:P31 wd:Q5 .
  FILTER NOT EXISTS { ?person wdt:P4829 ?uid . }
  SERVICE wikibase:label { bd:serviceParam wikibase:language ""en"". }
}",True,True,True,0.0053
431,complex,List people who have received economics awards but are not classified as economists.,"SELECT DISTINCT ?person ?personLabel WHERE {
  ?award wdt:[property:instance of]/wdt:[property:subclass of]* wd:[entity:economics award] .
  ?person wdt:[property:award received] ?award .
  FILTER NOT EXISTS {
    ?person wdt:[property:occupation] wd:[entity:economist] .
  }
  SERVICE wikibase:label { bd:serviceParam wikibase:language ""en"". }
}","SELECT DISTINCT ?person ?personLabel WHERE {
  ?award wdt:P31/wdt:P279* wd:Q17701409 .
  ?person wdt:P166 ?award .
  FILTER NOT EXISTS {
    ?person wdt:[property:occupation] wd:Q188094 .
  }
  SERVICE wikibase:label { bd:serviceParam wikibase:language ""en"". }
}",True,False,False,0.0
432,complex,"List cities with a population of over 1 million where no person in Wikidata was born, lived or died.","SELECT ?city ?cityLabel ?population WHERE {
  ?city wdt:[property:instance of] wd:[entity:city] ;
        wdt:[property:population] ?population .
  FILTER(?population > 1000000)
  FILTER NOT EXISTS { ?person wdt:[property:place of birth] ?city . }
  FILTER NOT EXISTS { ?person wdt:[property:residence] ?city . }
  FILTER NOT EXISTS { ?person wdt:[property:place of death] ?city . }
  SERVICE wikibase:label { bd:serviceParam wikibase:language ""en"". }
}","SELECT ?city ?cityLabel ?population WHERE {
  ?city wdt:P31 wd:Q515 ;
        wdt:P1082 ?population .
  FILTER(?population > 1000000)
  FILTER NOT EXISTS { ?person wdt:P19 ?city . }
  FILTER NOT EXISTS { ?person wdt:P551 ?city . }
  FILTER NOT EXISTS { ?person wdt:P20 ?city . }
  SERVICE wikibase:label { bd:serviceParam wikibase:language ""en"". }
}",True,True,True,0.0
433,complex,How many lakes in the UK have a 'UK Lakes Portal ID'?,"SELECT (COUNT(DISTINCT ?lake) AS ?count) WHERE {
  ?lake wdt:[property:instance of] wd:[entity:lake] .
  ?lake wdt:[property:country] wd:[entity:United Kingdom] .
  ?lake wdt:[property:UK Lakes Portal ID] ?id .
}","SELECT (COUNT(DISTINCT ?lake) AS ?count) WHERE {
  ?lake wdt:P31 wd:Q23397 .
  ?lake wdt:P17 wd:Q145 .
  ?lake wdt:[property:UK Lakes Portal ID] ?id .
}",True,False,False,0.0
434,complex,List all individuals who are both parents and children of the same person.,"SELECT DISTINCT ?person ?personLabel WHERE {
  ?person wdt:[property:child] ?other .
  ?person wdt:[property:father] ?other .
  SERVICE wikibase:label { bd:serviceParam wikibase:language ""en"". }
}","SELECT DISTINCT ?person ?personLabel WHERE {
  ?person wdt:P40 ?other .
  ?person wdt:P22 ?other .
  SERVICE wikibase:label { bd:serviceParam wikibase:language ""en"". }
}",True,True,True,0.4989
435,complex,List all countries whose capital city names can be formed using only the letters of the country's name.,"SELECT DISTINCT ?country ?countryLabel ?capital ?capitalLabel WHERE {
  ?country wdt:[property:instance of] wd:[entity:country] .
  ?country wdt:[property:capital] ?capital .
  ?country rdfs:label ?countryLabel .
  ?capital rdfs:label ?capitalLabel .
  FILTER(LANG(?countryLabel) = ""en"")
  FILTER(LANG(?capitalLabel) = ""en"")
  FILTER(REGEX(LCASE(?capitalLabel), CONCAT(""^["", LCASE(REPLACE(?countryLabel, ""[^A-Za-z]"", """")), "" ]+$"")))
}","SELECT DISTINCT ?country ?countryLabel ?capital ?capitalLabel WHERE {
  ?country wdt:P31 wd:Q6256 .
  ?country wdt:P36 ?capital .
  ?country rdfs:label ?countryLabel .
  ?capital rdfs:label ?capitalLabel .
  FILTER(LANG(?countryLabel) = ""en"")
  FILTER(LANG(?capitalLabel) = ""en"")
  FILTER(REGEX(LCASE(?capitalLabel), CONCAT(""^["", LCASE(REPLACE(?countryLabel, ""[^A-Za-z]"", """")), "" ]+$"")))
}",True,True,True,0.0
436,complex,List all African countries with their official languages and English names.,"SELECT ?country ?countryLabel ?language ?languageLabel WHERE {
  ?country wdt:[property:instance of] wd:[entity:sovereign state] .
  ?country wdt:[property:continent] wd:[entity:Africa] .
  OPTIONAL { ?country wdt:[property:official language] ?language . }
  SERVICE wikibase:label { bd:serviceParam wikibase:language ""en"". }
}","SELECT ?country ?countryLabel ?language ?languageLabel WHERE {
  ?country wdt:P31 wd:Q3624078 .
  ?country wdt:P30 wd:Q15 .
  OPTIONAL { ?country wdt:P37 ?language . }
  SERVICE wikibase:label { bd:serviceParam wikibase:language ""en"". }
}",True,True,True,0.4879
437,complex,List all female actresses under 70 years old who are descendants of the first king of Navarre.,"SELECT DISTINCT ?actress ?actressLabel WHERE {
  wd:[entity:Íñigo Arista of Pamplona] (wdt:[property:child])+ ?actress .
  ?actress wdt:[property:sex or gender] wd:[entity:female] .
  ?actress wdt:[property:occupation] wd:[entity:actor] .
  ?actress wdt:[property:date of birth] ?dob .
  BIND(YEAR(NOW()) - YEAR(?dob) AS ?age)
  FILTER(?age < 70)
  SERVICE wikibase:label { bd:serviceParam wikibase:language ""en"". }
}","SELECT DISTINCT ?actress ?actressLabel WHERE {
  wd:Q291877 (wdt:P40)+ ?actress .
  ?actress wdt:P21 wd:Q6581072 .
  ?actress wdt:P106 wd:Q33999 .
  ?actress wdt:P569 ?dob .
  BIND(YEAR(NOW()) - YEAR(?dob) AS ?age)
  FILTER(?age < 70)
  SERVICE wikibase:label { bd:serviceParam wikibase:language ""en"". }
}",True,True,False,0.0
438,complex,List all saints' feast days by month and day.,"SELECT ?saint ?saintLabel ?feastDay WHERE {
  ?saint wdt:[property:instance of] wd:[entity:human] .
  ?saint wdt:[property:feast day] ?feastDay .
  ?saint wdt:[property:canonization status] ?status .
  SERVICE wikibase:label { bd:serviceParam wikibase:language ""en"". }
}
ORDER BY ?feastDay","SELECT ?saint ?saintLabel ?feastDay WHERE {
  ?saint wdt:P31 wd:Q5 .
  ?saint wdt:P841 ?feastDay .
  ?saint wdt:P411 ?status .
  SERVICE wikibase:label { bd:serviceParam wikibase:language ""en"". }
}
ORDER BY ?feastDay",True,True,True,0.0
439,complex,Find a list of diplomatic missions operated by the United Kingdom.,"SELECT ?mission ?missionLabel WHERE {
  ?mission wdt:[property:instance of] wd:[entity:diplomatic mission] .
  ?mission wdt:[property:operator] wd:[entity:United Kingdom] .
  SERVICE wikibase:label { bd:serviceParam wikibase:language ""en"". }
}","SELECT ?mission ?missionLabel WHERE {
  ?mission wdt:P31 wd:Q213283 .
  ?mission wdt:P137 wd:Q145 .
  SERVICE wikibase:label { bd:serviceParam wikibase:language ""en"". }
}",True,True,True,0.0025
440,complex,List the most famous people in the world.,"SELECT ?person ?personLabel ?sitelinks WHERE {
  ?person wdt:[property:instance of] wd:[entity:human] .
  ?person wikibase:sitelinks ?sitelinks .
  SERVICE wikibase:label { bd:serviceParam wikibase:language ""en"". }
}
ORDER BY DESC(?sitelinks)
LIMIT 100","SELECT ?person ?personLabel ?sitelinks WHERE {
  ?person wdt:P31 wd:Q5 .
  ?person wikibase:sitelinks ?sitelinks .
  SERVICE wikibase:label { bd:serviceParam wikibase:language ""en"". }
}
ORDER BY DESC(?sitelinks)
LIMIT 100",True,True,False,0.0
441,complex,List all SARS-CoV-2 proteins with their corresponding research output counts.,"SELECT ?protein ?proteinLabel (COUNT(?paper) AS ?count) WHERE {
  ?protein wdt:[property:found in taxon] wd:[entity:Severe acute respiratory syndrome coronavirus 2] ;
           wdt:[property:instance of] wd:[entity:protein] .
  OPTIONAL {
    ?paper wdt:[property:main subject] ?protein .
  }
  SERVICE wikibase:label { bd:serviceParam wikibase:language ""en"". }
}
GROUP BY ?protein ?proteinLabel
ORDER BY DESC(?count)","SELECT ?protein ?proteinLabel (COUNT(?paper) AS ?count) WHERE {
  ?protein wdt:P703 wd:Q82069695 ;
           wdt:P31 wd:Q8054 .
  OPTIONAL {
    ?paper wdt:P921 ?protein .
  }
  SERVICE wikibase:label { bd:serviceParam wikibase:language ""en"". }
}
GROUP BY ?protein ?proteinLabel
ORDER BY DESC(?count)",True,True,True,0.0694
442,complex,What are the scheduled sections of the Antonine Wall in Scotland?,"SELECT ?section ?sectionLabel WHERE {
  ?section wdt:[property:part of] wd:[entity:Antonine Wall] .
  ?section wdt:[property:heritage designation] wd:[entity:scheduled monument] .
  SERVICE wikibase:label { bd:serviceParam wikibase:language ""en"". }
}","SELECT ?section ?sectionLabel WHERE {
  ?section wdt:P361 wd:Q210957 .
  ?section wdt:P1435 wd:Q219538 .
  SERVICE wikibase:label { bd:serviceParam wikibase:language ""en"". }
}",True,True,True,0.0117
443,complex,"Show me a map of Scotland with markers for people accused of witchcraft, including their occupations.","SELECT ?person ?personLabel ?occupationLabel ?coord WHERE {
  ?person wdt:[property:instance of] wd:[entity:human] .
  ?person wdt:[property:accused of] wd:[entity:witchcraft] .
  ?person wdt:[property:country of citizenship] wd:[entity:Kingdom of Scotland] .
  OPTIONAL { ?person wdt:[property:occupation] ?occupation . }
  OPTIONAL { ?person wdt:[property:coordinate location] ?coord . }
  SERVICE wikibase:label { bd:serviceParam wikibase:language ""en"". }
}","SELECT ?person ?personLabel ?occupationLabel ?coord WHERE {
  ?person wdt:P31 wd:Q5 .
  ?person wdt:P1595 wd:Q259745 .
  ?person wdt:P27 wd:Q230791 .
  OPTIONAL { ?person wdt:P106 ?occupation . }
  OPTIONAL { ?person wdt:P625 ?coord . }
  SERVICE wikibase:label { bd:serviceParam wikibase:language ""en"". }
}",True,True,True,0.0
444,complex,List languages with less than 10 lexemes without statements or senses.,"SELECT ?language ?languageLabel (COUNT(?lexeme) AS ?count) WHERE {
  ?lexeme dct:language ?language .
  MINUS {
    ?lexeme ?p ?statement .
    FILTER(STRSTARTS(STR(?p), ""http://www.wikidata.org/prop/""))
  }
  MINUS {
    ?lexeme ontolex:sense ?sense .
  }
  SERVICE wikibase:label { bd:serviceParam wikibase:language ""en"". }
}
GROUP BY ?language ?languageLabel
HAVING (COUNT(?lexeme) < 10)","SELECT ?language ?languageLabel (COUNT(?lexeme) AS ?count) WHERE {
  ?lexeme dct:language ?language .
  MINUS {
    ?lexeme ?p ?statement .
    FILTER(STRSTARTS(STR(?p), ""http://www.wikidata.org/prop/""))
  }
  MINUS {
    ?lexeme ontolex:sense ?sense .
  }
  SERVICE wikibase:label { bd:serviceParam wikibase:language ""en"". }
}
GROUP BY ?language ?languageLabel
HAVING (COUNT(?lexeme) < 10)",True,True,False,0.0
445,complex,List all institutions that have contributed to every #vBIB conference.,"SELECT ?institution ?institutionLabel WHERE {
  ?contribution wdt:[property:part of the series] wd:[entity:#vBIB] .
  ?contribution wdt:[property:organizer] ?institution .
  SERVICE wikibase:label { bd:serviceParam wikibase:language ""en"". }
}","SELECT ?institution ?institutionLabel WHERE {
  ?contribution wdt:P179 wd:Q108784175 .
  ?contribution wdt:P664 ?institution .
  SERVICE wikibase:label { bd:serviceParam wikibase:language ""en"". }
}",True,True,True,0.1
446,complex,Find all small monuments in Borovnice municipality with links to their Commons categories.,"SELECT ?monument ?monumentLabel ?commonsCategory WHERE {
  ?monument wdt:[property:instance of] wd:[entity:small monument] ;
            wdt:[property:located in the administrative territorial entity] wd:[entity:Borovnice] .
  OPTIONAL { ?monument wdt:[property:Commons category] ?commonsCategory . }
  SERVICE wikibase:label { bd:serviceParam wikibase:language ""en"". }
}","SELECT ?monument ?monumentLabel ?commonsCategory WHERE {
  ?monument wdt:P31 wd:Q3370053 ;
            wdt:P131 wd:Q894106 .
  OPTIONAL { ?monument wdt:P373 ?commonsCategory . }
  SERVICE wikibase:label { bd:serviceParam wikibase:language ""en"". }
}",True,True,True,0.0
447,complex,List all Italian ministers who served in multiple cabinets since 1990.,"SELECT DISTINCT ?minister ?ministerLabel (COUNT(DISTINCT ?cabinet) AS ?cabinetCount) WHERE {
  ?minister wdt:[property:instance of] wd:[entity:human] ;
            wdt:[property:country of citizenship] wd:[entity:Italy] ;
            wdt:[property:position held] ?position .
  ?position pq:[property:of] ?cabinet .
  ?cabinet wdt:[property:instance of] wd:[entity:Cabinet of Italy] ;
           wdt:[property:start time] ?start .
  FILTER(YEAR(?start) >= 1990)
  SERVICE wikibase:label { bd:serviceParam wikibase:language ""en"". }
}
GROUP BY ?minister ?ministerLabel
HAVING(COUNT(DISTINCT ?cabinet) > 1)
ORDER BY DESC(?cabinetCount)","SELECT DISTINCT ?minister ?ministerLabel (COUNT(DISTINCT ?cabinet) AS ?cabinetCount) WHERE {
  ?minister wdt:P31 wd:Q5 ;
            wdt:P27 wd:Q38 ;
            wdt:P39 ?position .
  ?position pq:P361 ?cabinet .
  ?cabinet wdt:P31 wd:Q3687318 ;
           wdt:P580 ?start .
  FILTER(YEAR(?start) >= 1990)
  SERVICE wikibase:label { bd:serviceParam wikibase:language ""en"". }
}
GROUP BY ?minister ?ministerLabel
HAVING(COUNT(DISTINCT ?cabinet) > 1)
ORDER BY DESC(?cabinetCount)",True,True,True,0.0
448,complex,What museums are near the Museum of Modern Art?,"SELECT ?museum ?museumLabel ?distance WHERE {
  wd:[entity:Museum of Modern Art] wdt:[property:coordinate location] ?momaLocation .
  SERVICE wikibase:around {
    ?museum wdt:[property:coordinate location] ?location .
    bd:serviceParam wikibase:center ?momaLocation .
    bd:serviceParam wikibase:radius ""2"" .
    bd:serviceParam wikibase:distance ?distance .
  }
  ?museum wdt:[property:instance of]/wdt:[property:subclass of]* wd:[entity:museum] .
  FILTER(?museum != wd:[entity:Museum of Modern Art])
  SERVICE wikibase:label { bd:serviceParam wikibase:language ""en"" . }
}
ORDER BY ?distance","SELECT ?museum ?museumLabel ?distance WHERE {
  wd:Q188740 wdt:P625 ?momaLocation .
  SERVICE wikibase:around {
    ?museum wdt:P625 ?location .
    bd:serviceParam wikibase:center ?momaLocation .
    bd:serviceParam wikibase:radius ""2"" .
    bd:serviceParam wikibase:distance ?distance .
  }
  ?museum wdt:P31/wdt:P279* wd:Q33506 .
  FILTER(?museum != wd:Q188740)
  SERVICE wikibase:label { bd:serviceParam wikibase:language ""en"" . }
}
ORDER BY ?distance",True,True,False,0.0
449,complex,List the siblings who have received the Israel Prize.,"SELECT DISTINCT ?person ?personLabel ?sibling ?siblingLabel WHERE {
  ?person wdt:[property:award received] wd:[entity:Israel Prize] .
  ?person wdt:[property:sibling] ?sibling .
  ?sibling wdt:[property:award received] wd:[entity:Israel Prize] .
  SERVICE wikibase:label { bd:serviceParam wikibase:language ""en"". }
}","SELECT DISTINCT ?person ?personLabel ?sibling ?siblingLabel WHERE {
  ?person wdt:P166 wd:Q616568 .
  ?person wdt:P3373 ?sibling .
  ?sibling wdt:P166 wd:Q616568 .
  SERVICE wikibase:label { bd:serviceParam wikibase:language ""en"". }
}",True,True,True,0.6792
450,complex,List the names of female activists from Latin America born between 1900 and 1999.,"SELECT DISTINCT ?activist ?activistLabel WHERE {
  ?activist wdt:[property:instance of] wd:[entity:human] ;
            wdt:[property:sex or gender] wd:[entity:female] ;
            wdt:[property:occupation] wd:[entity:activist] ;
            wdt:[property:date of birth] ?dob ;
            wdt:[property:country of citizenship] ?country .
  ?country wdt:[property:continent] wd:[entity:South America] .
  FILTER(YEAR(?dob) >= 1900 && YEAR(?dob) <= 1999)
  SERVICE wikibase:label { bd:serviceParam wikibase:language ""en"". }
}","SELECT DISTINCT ?activist ?activistLabel WHERE {
  ?activist wdt:P31 wd:Q5 ;
            wdt:P21 wd:Q6581072 ;
            wdt:P106 wd:Q15253558 ;
            wdt:P569 ?dob ;
            wdt:P27 ?country .
  ?country wdt:P30 wd:Q18 .
  FILTER(YEAR(?dob) >= 1900 && YEAR(?dob) <= 1999)
  SERVICE wikibase:label { bd:serviceParam wikibase:language ""en"". }
}",True,True,True,0.0
451,complex,List the Twitter usernames of scientists working at Dutch universities.,"SELECT DISTINCT ?scientist ?scientistLabel ?twitter WHERE {
  ?scientist wdt:[property:occupation] wd:[entity:scientist] .
  ?scientist wdt:[property:employer] ?university .
  ?university wdt:[property:instance of] wd:[entity:university] .
  ?university wdt:[property:country] wd:[entity:Netherlands] .
  ?scientist wdt:[property:Twitter username] ?twitter .
  SERVICE wikibase:label { bd:serviceParam wikibase:language ""en"". }
}","SELECT DISTINCT ?scientist ?scientistLabel ?twitter WHERE {
  ?scientist wdt:P106 wd:Q901 .
  ?scientist wdt:P108 ?university .
  ?university wdt:P31 wd:Q3918 .
  ?university wdt:P17 wd:Q55 .
  ?scientist wdt:P2002 ?twitter .
  SERVICE wikibase:label { bd:serviceParam wikibase:language ""en"". }
}",True,True,True,0.0078
452,complex,Find French occupation-related words with their grammatical gender.,"SELECT ?lexeme ?lemma ?genderLabel WHERE {
  ?lexeme dct:language wd:[entity:French] ;
          wikibase:lemma ?lemma ;
          wdt:[property:grammatical gender] ?gender .
  ?sense ontolex:sense ?lexeme .
  ?lexeme ontolex:sense ?sense .
  ?sense wdt:[property:item for this sense] ?concept .
  ?concept wdt:[property:subclass of]* wd:[entity:profession] .
  SERVICE wikibase:label { bd:serviceParam wikibase:language ""en,fr"". }
}","SELECT ?lexeme ?lemma ?genderLabel WHERE {
  ?lexeme dct:language wd:Q150 ;
          wikibase:lemma ?lemma ;
          wdt:P5185 ?gender .
  ?sense ontolex:sense ?lexeme .
  ?lexeme ontolex:sense ?sense .
  ?sense wdt:P5137 ?concept .
  ?concept wdt:P279* wd:Q28640 .
  SERVICE wikibase:label { bd:serviceParam wikibase:language ""en,fr"". }
}",True,True,True,0.0
453,complex,"Find Swedish words with examples that show both a form and a sense, along with their sources.","SELECT ?lexeme ?lemma ?formExample ?senseExample ?source WHERE {
  ?lexeme dct:language wd:[entity:Swedish] ;
          wikibase:lemma ?lemma .
  ?lexeme p:[property:usage example] ?statement .
  ?statement ps:[property:usage example] ?example .
  ?statement pq:[property:demonstrates form] ?form .
  ?statement pq:[property:demonstrates sense] ?sense .
  OPTIONAL { ?statement prov:wasDerivedFrom ?source . }
  BIND(?example AS ?formExample)
  BIND(?example AS ?senseExample)
}","SELECT ?lexeme ?lemma ?formExample ?senseExample ?source WHERE {
  ?lexeme dct:language wd:Q9027 ;
          wikibase:lemma ?lemma .
  ?lexeme p:P5831 ?statement .
  ?statement ps:P5831 ?example .
  ?statement pq:P5830 ?form .
  ?statement pq:P6072 ?sense .
  OPTIONAL { ?statement prov:wasDerivedFrom ?source . }
  BIND(?example AS ?formExample)
  BIND(?example AS ?senseExample)
}",True,True,True,0.4539
454,complex,List all composers along with their most frequently used tonalities.,"SELECT ?composer ?composerLabel ?tonality ?tonalityLabel (COUNT(?work) AS ?count) WHERE {
  ?composer wdt:[property:occupation] wd:[entity:composer] .
  ?work wdt:[property:composer] ?composer .
  ?work wdt:[property:tonality] ?tonality .
  SERVICE wikibase:label { bd:serviceParam wikibase:language ""en"". }
}
GROUP BY ?composer ?composerLabel ?tonality ?tonalityLabel
ORDER BY ?composer DESC(?count)","SELECT ?composer ?composerLabel ?tonality ?tonalityLabel (COUNT(?work) AS ?count) WHERE {
  ?composer wdt:P106 wd:Q36834 .
  ?work wdt:P86 ?composer .
  ?work wdt:P826 ?tonality .
  SERVICE wikibase:label { bd:serviceParam wikibase:language ""en"". }
}
GROUP BY ?composer ?composerLabel ?tonality ?tonalityLabel
ORDER BY ?composer DESC(?count)",True,True,True,0.0
455,complex,"List all humans who died on August 25, 2001, according to the English Wikipedia.","SELECT DISTINCT ?person ?personLabel WHERE {
  ?person wdt:[property:instance of] wd:[entity:human] .
  ?person wdt:[property:date of death] ?date .
  FILTER(?date = ""2001-08-25""^^xsd:dateTime)
  ?article schema:about ?person ;
           schema:isPartOf <https://en.wikipedia.org/> .
  SERVICE wikibase:label { bd:serviceParam wikibase:language ""en"". }
}","SELECT DISTINCT ?person ?personLabel WHERE {
  ?person wdt:P31 wd:Q5 .
  ?person wdt:P570 ?date .
  FILTER(?date = ""2001-08-25""^^xsd:dateTime)
  ?article schema:about ?person ;
           schema:isPartOf <https://en.wikipedia.org/> .
  SERVICE wikibase:label { bd:serviceParam wikibase:language ""en"". }
}",True,True,True,0.507
456,complex,What are the historical monuments in Loire-Atlantique?,"SELECT DISTINCT ?monument ?monumentLabel WHERE {
  ?monument wdt:[property:heritage designation] wd:[entity:monument historique].
  ?monument wdt:[property:located in the administrative territorial entity] ?location.
  ?location wdt:[property:located in the administrative territorial entity]* wd:[entity:Loire-Atlantique].
  SERVICE wikibase:label { bd:serviceParam wikibase:language ""en,fr"". }
}","SELECT DISTINCT ?monument ?monumentLabel WHERE {
  ?monument wdt:P1435 wd:Q916475.
  ?monument wdt:P131 ?location.
  ?location wdt:P131* wd:Q3068.
  SERVICE wikibase:label { bd:serviceParam wikibase:language ""en,fr"". }
}",True,True,True,1.0
457,complex,List famous painters who died before 1800.,"SELECT DISTINCT ?painter ?painterLabel ?deathDate WHERE {
  ?painter wdt:[property:occupation] wd:[entity:painter] .
  ?painter wdt:[property:date of death] ?deathDate .
  FILTER(YEAR(?deathDate) < 1800)
  SERVICE wikibase:label { bd:serviceParam wikibase:language ""en"". }
}
ORDER BY ?deathDate","SELECT DISTINCT ?painter ?painterLabel ?deathDate WHERE {
  ?painter wdt:P106 wd:Q1028181 .
  ?painter wdt:P570 ?deathDate .
  FILTER(YEAR(?deathDate) < 1800)
  SERVICE wikibase:label { bd:serviceParam wikibase:language ""en"". }
}
ORDER BY ?deathDate",True,True,True,0.7811
458,complex,List all railway stations in the Netherlands with their connections.,"SELECT ?station ?stationLabel ?connection ?connectionLabel WHERE {
  ?station wdt:[property:instance of] wd:[entity:railway station] .
  ?station wdt:[property:country] wd:[entity:Netherlands] .
  OPTIONAL { ?station wdt:[property:adjacent station] ?connection . }
  SERVICE wikibase:label { bd:serviceParam wikibase:language ""en"". }
}","SELECT ?station ?stationLabel ?connection ?connectionLabel WHERE {
  ?station wdt:P31 wd:Q55488 .
  ?station wdt:P17 wd:Q55 .
  OPTIONAL { ?station wdt:P197 ?connection . }
  SERVICE wikibase:label { bd:serviceParam wikibase:language ""en"". }
}",True,True,True,0.0
459,complex,Find the original creator of items with 'house cat' as an instance.,"SELECT DISTINCT ?creator ?creatorLabel WHERE {
  ?item wdt:[property:instance of] wd:[entity:house cat] .
  ?item wdt:[property:creator] ?creator .
  SERVICE wikibase:label { bd:serviceParam wikibase:language ""en"". }
}","SELECT DISTINCT ?creator ?creatorLabel WHERE {
  ?item wdt:P31 wd:Q102966212 .
  ?item wdt:P170 ?creator .
  SERVICE wikibase:label { bd:serviceParam wikibase:language ""en"". }
}",True,True,True,0.0
460,complex,Show me a map of railway stations in Wales.,"SELECT ?station ?stationLabel ?coord WHERE {
  ?station wdt:[property:instance of] wd:[entity:railway station] .
  ?station wdt:[property:located in the administrative territorial entity]* wd:[entity:Wales] .
  ?station wdt:[property:coordinate location] ?coord .
  SERVICE wikibase:label { bd:serviceParam wikibase:language ""en"". }
}","SELECT ?station ?stationLabel ?coord WHERE {
  ?station wdt:P31 wd:Q55488 .
  ?station wdt:P131* wd:Q25 .
  ?station wdt:P625 ?coord .
  SERVICE wikibase:label { bd:serviceParam wikibase:language ""en"". }
}",True,True,True,0.0646
461,complex,Find the publication dates for specific games.,"SELECT ?game ?gameLabel ?publicationDate WHERE {
  ?game wdt:[property:instance of] wd:[entity:video game] .
  ?game wdt:[property:publication date] ?publicationDate .
  SERVICE wikibase:label { bd:serviceParam wikibase:language ""en"". }
}","SELECT ?game ?gameLabel ?publicationDate WHERE {
  ?game wdt:P31 wd:Q7889 .
  ?game wdt:P577 ?publicationDate .
  SERVICE wikibase:label { bd:serviceParam wikibase:language ""en"". }
}",True,True,True,0.0
462,complex,What are some popular items with more than 20 site links?,"SELECT ?item ?itemLabel ?sitelinks WHERE {
  ?item wikibase:sitelinks ?sitelinks .
  FILTER(?sitelinks > 20)
  SERVICE wikibase:label { bd:serviceParam wikibase:language ""en"". }
}
ORDER BY DESC(?sitelinks)
LIMIT 100","SELECT ?item ?itemLabel ?sitelinks WHERE {
  ?item wikibase:sitelinks ?sitelinks .
  FILTER(?sitelinks > 20)
  SERVICE wikibase:label { bd:serviceParam wikibase:language ""en"". }
}
ORDER BY DESC(?sitelinks)
LIMIT 100",True,True,False,0.0
463,complex,List all natural numbers from 1 to 2000.,"SELECT ?number ?numberLabel WHERE {
  ?number wdt:[property:instance of] wd:[entity:natural number] .
  ?number wdt:[property:numeric value] ?value .
  FILTER(?value >= 1 && ?value <= 2000)
  SERVICE wikibase:label { bd:serviceParam wikibase:language ""en"" . }
}
ORDER BY ?value","SELECT ?number ?numberLabel WHERE {
  ?number wdt:P31 wd:Q21199 .
  ?number wdt:P1181 ?value .
  FILTER(?value >= 1 && ?value <= 2000)
  SERVICE wikibase:label { bd:serviceParam wikibase:language ""en"" . }
}
ORDER BY ?value",True,True,True,1.0
464,complex,List all the departments in France.,"SELECT ?department ?departmentLabel WHERE {
  ?department wdt:[property:instance of] wd:[entity:department of France] .
  SERVICE wikibase:label { bd:serviceParam wikibase:language ""en"". }
}","SELECT ?department ?departmentLabel WHERE {
  ?department wdt:P31 wd:Q6465 .
  SERVICE wikibase:label { bd:serviceParam wikibase:language ""en"". }
}",True,True,True,0.4075
465,complex,List twins who were born in different places.,,,False,False,False,0.0
466,complex,List the common descendants of George Washington and George W. Bush.,,,False,False,False,0.0
467,complex,List all places with an elevation of less than 10 meters above sea level.,,,False,False,False,0.0
468,complex,What are the nearby places that have been written about?,,,False,False,False,0.0
469,complex,List the ages of US presidents when they started their term.,,,False,False,False,0.0
470,complex,List all the awards and nominations received by Rafael Nadal.,,,False,False,False,0.0
471,complex,List the ages of musicians at the time of their death.,,,False,False,False,0.0
472,complex,"List detention centers in Uruguay, Argentina, and Chile that were used for torture.",,,False,False,False,0.0
473,complex,List countries named after a specific person.,,,False,False,False,0.0
474,complex,List all the winners of the Erich Fried Prize along with their images.,,,False,False,False,0.0
475,complex,List all historical Chinese states with their corresponding artifacts and collections.,,,False,False,False,0.0
476,complex,List all European countries whose ISO 2-letter code contains a letter not present in their native language name.,,,False,False,False,0.0
477,complex,List all current US Supreme Court justices along with their date of birth.,,,False,False,False,0.0
478,complex,What are the most common first names among people born in Auvergne?,,,False,False,False,0.0
479,complex,What materials were used in the most paintings?,,,False,False,False,0.0
480,complex,"What are the names of stars, galaxies, star clusters and nebulae inspired by?",,,False,False,False,0.0
481,complex,What properties are most commonly qualified?,,,False,False,False,0.0
482,complex,What are the most common election days in different countries?,,,False,False,False,0.0
483,complex,List all pairs of churches in the UK that are almost adjacent to each other.,,,False,False,False,0.0
484,complex,What are the most common Roman praenomina?,,,False,False,False,0.0
485,complex,Find the artist born between 1880 and 1944 with a given name starting with 'D' and family name starting with 'K'.,,,False,False,False,0.0
486,complex,List all landlocked countries that share a border with a coastal country.,,,False,False,False,0.0
487,complex,Show me words that describe people from a certain place on the map.,,,False,False,False,0.0
488,complex,List the top drama schools by student population.,,,False,False,False,0.0
489,complex,List the members of scholarly societies who died before 1800.,,,False,False,False,0.0
490,complex,Find cemeteries in France that are close to churches.,,,False,False,False,0.0
491,complex,What are the screenwriting credits of Donald P. Bellisario?,,,False,False,False,0.0
492,complex,List all Twitter handles of current UK Members of Parliament.,,,False,False,False,0.0
493,complex,List all Tour de France stage winners by nationality from 1903 to 2022.,,,False,False,False,0.0
494,complex,List US companies founded by people or their parents born outside the US.,,,False,False,False,0.0
495,complex,List all railway incidents with their locations and number of injured people.,,,False,False,False,0.0
496,complex,List all winners of the Theatre World Award with their pictures and a timeline.,,,False,False,False,0.0
497,complex,What are the most common last names among humans?,,,False,False,False,0.0
498,complex,What are the key events in Robert Louis Stevenson's life?,,,False,False,False,0.0
499,complex,List all artworks with titles that have a rhyming pattern.,,,False,False,False,0.0
500,complex,List the names of film composers who have worked on more than 100 films.,,,False,False,False,0.0
501,complex,List the UK Parliament members with mythical ancestors.,,,False,False,False,0.0
502,complex,List the properties used to link preprints and articles.,,,False,False,False,0.0
503,complex,List the top educational institutions attended by US senators.,,,False,False,False,0.0
504,complex,List all authors of academic papers connected to Paul Erdos.,,,False,False,False,0.0
505,complex,List female dancers and choreographers with an English Wikipedia article but not a French one.,,,False,False,False,0.0
506,complex,List the universities attended by UK ambassadors.,,,False,False,False,0.0
507,complex,List all lighthouses in South America along with their coordinates.,,,False,False,False,0.0
508,complex,List languages with overlapping lexemes.,,,False,False,False,0.0
509,complex,List the main subjects of each episode in The West Wing TV series.,,,False,False,False,0.0
510,complex,"List all people with their birth and death years, along with their places of birth and death.",,,False,False,False,0.0
511,complex,Show me a map of French municipalities with homonymous names connected by lines based on their distance.,,,False,False,False,0.0
512,complex,Show me a map of places with their standard English and Welsh spellings.,,,False,False,False,0.0
513,complex,What are the most common properties used in maps?,,,False,False,False,0.0
514,complex,Find museums within a 20-kilometer radius from your current location.,,,False,False,False,0.0
515,complex,Find people from Uppsala University with missing images in Wikidata.,,,False,False,False,0.0
516,complex,What places are near the coordinates 48.87 latitude and 2.29 longitude?,,,False,False,False,0.0
517,complex,What languages are spoken in France?,,,False,False,False,0.0
518,complex,Find hillforts with design plans in the UK and show their locations on a map.,,,False,False,False,0.0
519,complex,List countries with the most citizens whose first name starts with X or Q.,,,False,False,False,0.0
520,complex,List all women born in the United Kingdom.,,,False,False,False,0.0
521,complex,"Show me a map of medical facilities in Murshidabad district, India, with different colors for each type.",,,False,False,False,0.0
522,complex,List the graves of famous people in Pere Lachaise Cemetery who died between 1800 and 1849.,,,False,False,False,0.0
523,complex,List all Italian politicians between 50 and 80 years old who have held ministerial positions.,,,False,False,False,0.0
524,complex,List all U.S. Presidents in chronological order.,,,False,False,False,0.0
525,complex,Show me the images related to Jean Fusoris and his astrolabe.,,,False,False,False,0.0
526,complex,List the number of men and women who have received art prizes.,,,False,False,False,0.0
527,complex,Show me a map of Wales with the percentage of Welsh speakers in each region.,,,False,False,False,0.0
528,complex,List languages by their geographical usage.,,,False,False,False,0.0
529,complex,List all street names in Berlin that have multiple occurrences.,,,False,False,False,0.0
530,complex,List all famous people born in January of a leap year.,,,False,False,False,0.0
531,complex,List authors affiliated with Coventry University who need items.,,,False,False,False,0.0
532,complex,List the Danish monarchs along with their places and dates of death.,,,False,False,False,0.0
533,complex,What is the most specific taxonomic group that includes both Alocasia cuprea and Codiaeum variegatum?,,,False,False,False,0.0
534,complex,Find the Wikipathways pathway with ID WP28 and list its parts.,,,False,False,False,0.0
535,complex,List Rabindranath Tagore's poems written each month.,,,False,False,False,0.0
536,complex,Show me a map of restaurants in Switzerland that have received Michelin stars.,,,False,False,False,0.0
537,complex,List the birthplaces of famous economists.,,,False,False,False,0.0
538,complex,List famous individuals who passed away between 1969 and 1970.,,,False,False,False,0.0
539,complex,List the longest-serving heads of government in France.,,,False,False,False,0.0
540,complex,Show me the tramway routes in France on a map.,,,False,False,False,0.0
541,complex,What are the most popular chess openings based on their site links?,,,False,False,False,0.0
542,complex,List the most famous paintings from each country.,,,False,False,False,0.0
543,complex,List South African women who have Wikipedia pages but not Wikiquote pages.,,,False,False,False,0.0
544,complex,Find public spaces with table tennis tables near my current location.,,,False,False,False,0.0
545,complex,Find movies with video links on YouTube.,,,False,False,False,0.0
546,complex,What are the top 100 most translated concepts in the Lexeme namespace?,,,False,False,False,0.0
547,complex,List the moons of planets in our solar system and their namesakes.,,,False,False,False,0.0
548,complex,List monuments named after a person without any other connection.,,,False,False,False,0.0
549,complex,What languages are spoken in the Netherlands?,,,False,False,False,0.0
550,complex,List all parties that had members elected in the February 1974 UK general election.,,,False,False,False,0.0
551,complex,What is the latest Twitter follower count for different programming languages?,,,False,False,False,0.0
552,complex,List all languages with their corresponding unique language codes used in lemmas.,,,False,False,False,0.0
553,complex,What types of items are exhibited at the Ashmolean Museum?,,,False,False,False,0.0
554,complex,Show me a chart of astrolabes' diameters over time.,,,False,False,False,0.0
555,complex,How many alphabets use a specific letter?,,,False,False,False,0.0
556,complex,List the modern-day descendants of the Achaemenid dynasty.,,,False,False,False,0.0
557,complex,What are the most common first names of current French members of Parliament?,,,False,False,False,0.0
558,complex,"List all works written by Voltaire, including their publication dates.",,,False,False,False,0.0
559,complex,What are the key dates in Honoré de Balzac's life?,,,False,False,False,0.0
560,complex,What are the properties associated with file formats?,,,False,False,False,0.0
561,complex,List the top 10 Wikipedia language editions with the most articles about films.,,,False,False,False,0.0
562,complex,What topics on English Wikipedia link to the University of Virginia?,,,False,False,False,0.0
563,complex,"List all German cities with a population of more than 50,000.",,,False,False,False,0.0
564,complex,"List countries with their ISO codes, flag features, and fertility rates.",,,False,False,False,0.0
565,complex,List the types of literary works with their counts.,,,False,False,False,0.0
566,complex,List the places of birth for Nobel Prize winners grouped by decade.,,,False,False,False,0.0
