index,complexity,instruction,generated_query,syntax,jaccard,error
0,simple,How many items on Wikidata have a coordinate location?,"SELECT (COUNT(?item) AS ?count) WHERE {
  ?item wdt:P625 ?coordinate .
}",False,0.0,
1,simple,List all subproperties related to location.,"SELECT DISTINCT ?property ?propertyLabel WHERE {
  ?property wdt:P1647* wd:P276 .
  FILTER(?property != wd:P276)
  SERVICE wikibase:label { bd:serviceParam wikibase:language ""[AUTO_LANGUAGE],en"". }
}",False,0.0,
2,simple,List all organisms named in honor of John Sibthorp.,"SELECT DISTINCT ?organism ?organismLabel WHERE {
  ?organism wdt:P138 wd:Q6236216.
  SERVICE wikibase:label { bd:serviceParam wikibase:language ""[AUTO_LANGUAGE],en"". }
}",True,0.0,
3,simple,List politicians who have Mastodon accounts.,"SELECT DISTINCT ?person ?personLabel ?mastodon WHERE {
  ?person wdt:P31 wd:Q5 ;
          wdt:P106 wd:Q82955 ;
          wdt:P4033 ?mastodon .
  SERVICE wikibase:label { bd:serviceParam wikibase:language ""[AUTO_LANGUAGE],en"". }
}",True,0.6166,
4,simple,List all phrases that are known as catchphrases.,"SELECT DISTINCT ?phrase ?phraseLabel WHERE {
  ?phrase wdt:P31 wd:Q5617165 .
  SERVICE wikibase:label { bd:serviceParam wikibase:language ""[AUTO_LANGUAGE],en"". }
}",True,0.0,
5,simple,"List the children of Johann Sebastian Bach with his first wife, Maria Barbara Bach.","SELECT DISTINCT ?child ?childLabel WHERE {
  ?child wdt:P22 wd:Q1339 ;
         wdt:P25 wd:Q57487 .
  SERVICE wikibase:label { bd:serviceParam wikibase:language ""[AUTO_LANGUAGE],en"". }
}",True,1.0,
6,simple,List the Apple M series SoC models in chronological order of their announcement dates.,"SELECT ?soc ?socLabel ?announcementDate WHERE {
  ?soc wdt:P31 wd:Q19723451;
       wdt:P176 wd:Q312;
       wdt:P571 ?announcementDate.
  FILTER(CONTAINS(LCASE(?socLabel), ""apple m""))
  SERVICE wikibase:label { bd:serviceParam wikibase:language ""[AUTO_LANGUAGE],en"". }
}
ORDER BY ?announcementDate",True,0.0,
7,simple,Show me a map of the hometowns of people with Mastodon profiles.,"SELECT DISTINCT ?person ?personLabel ?hometown ?hometownLabel ?coord WHERE {
  ?person wdt:P4033 ?mastodonProfile ;
          wdt:P19 ?hometown .
  ?hometown wdt:P625 ?coord .
  SERVICE wikibase:label { bd:serviceParam wikibase:language ""[AUTO_LANGUAGE],en"". }
}",True,0.4526,
8,simple,List all literary works and their descriptions.,"SELECT DISTINCT ?work ?workLabel ?workDescription WHERE {
  ?work wdt:P31/wdt:P279* wd:Q7725634 .
  SERVICE wikibase:label { bd:serviceParam wikibase:language ""[AUTO_LANGUAGE],en"". }
}",False,0.0,
9,simple,List botanists whose names start with the letter H.,"SELECT DISTINCT ?person ?personLabel WHERE {
  ?person wdt:P31 wd:Q5 ;
          wdt:P106 wd:Q2374149 .
  FILTER(STRSTARTS(?personLabel, ""H""))
  SERVICE wikibase:label { bd:serviceParam wikibase:language ""[AUTO_LANGUAGE],en"". }
}",True,0.0,
10,simple,List the oldest subway systems in the world.,"SELECT DISTINCT ?subway ?subwayLabel ?inception ?image WHERE {
  ?subway wdt:P31/wdt:P279* wd:Q15079663 ;
          wdt:P571 ?inception .
  OPTIONAL { ?subway wdt:P18 ?image . }
  SERVICE wikibase:label { bd:serviceParam wikibase:language ""[AUTO_LANGUAGE],en"". }
}
ORDER BY ?inception",True,0.0022,
11,simple,Find 3D models of items from specific collections.,"SELECT DISTINCT ?item ?itemLabel ?collection ?collectionLabel ?model WHERE {
  ?item wdt:P4896 ?model ;
        wdt:P195 ?collection .
  SERVICE wikibase:label { bd:serviceParam wikibase:language ""[AUTO_LANGUAGE],en"". }
}",True,0.7855,
12,simple,List all books on Bengali Wikisource that have been validated.,"SELECT DISTINCT ?book ?bookLabel WHERE {
  ?book wdt:P31 wd:Q3331189 ;
        wdt:P1957 wd:Q85718090 ;
        wdt:P44 wd:Q85718090 .
  SERVICE wikibase:label { bd:serviceParam wikibase:language ""bn,en"". }
}",True,0.0,
13,simple,Show me all hackerspaces on a map.,"SELECT DISTINCT ?place ?placeLabel ?coord WHERE {
  ?place wdt:P31/wdt:P279* wd:Q848761 ;
         wdt:P625 ?coord .
  SERVICE wikibase:label { bd:serviceParam wikibase:language ""[AUTO_LANGUAGE],en"". }
}",True,0.0,
14,simple,List the top 20 humans with the highest recorded weight.,"SELECT ?person ?personLabel ?weight WHERE {
  ?person wdt:P31 wd:Q5 ;
          wdt:P2067 ?weight .
  SERVICE wikibase:label { bd:serviceParam wikibase:language ""[AUTO_LANGUAGE],en"". }
}
ORDER BY DESC(?weight)
LIMIT 20",False,0.0,
15,simple,Find authors with the full name 'Bill Thompson'.,"SELECT DISTINCT ?author ?authorLabel WHERE {
  ?author wdt:P31 wd:Q5 ;
          wdt:P106 wd:Q36180 ;
          rdfs:label ""Bill Thompson""@en .
  SERVICE wikibase:label { bd:serviceParam wikibase:language ""[AUTO_LANGUAGE],en"". }
}",True,0.0,
16,simple,What species are commonly found at Fazenda Tamandua?,"SELECT DISTINCT ?species ?speciesLabel WHERE {
  ?species wdt:P2974 wd:Q5435477 .
  SERVICE wikibase:label { bd:serviceParam wikibase:language ""[AUTO_LANGUAGE],en"". }
}",True,0.0,
17,simple,List all chemical elements along with their symbol and atomic number in ascending order of atomic number.,"SELECT ?element ?elementLabel ?symbol ?atomicNumber WHERE {
  ?element wdt:P31 wd:Q11344 ;
           wdt:P246 ?symbol ;
           wdt:P1086 ?atomicNumber .
  SERVICE wikibase:label { bd:serviceParam wikibase:language ""[AUTO_LANGUAGE],en"". }
}
ORDER BY ASC(?atomicNumber)",False,0.0,
18,simple,List all CDLI item IDs along with their corresponding labels in every language.,"SELECT ?item ?cdliItemID ?label WHERE {
  ?item wdt:P10887 ?cdliItemID .
  ?item rdfs:label ?label .
}",True,0.0,
19,simple,Find the Wikipathways citation corpus with corresponding IDs and references.,"SELECT ?corpus ?corpusLabel ?id ?reference WHERE {
  ?corpus wdt:P31 wd:Q13442814 ;
          wdt:P2860 ?reference .
  OPTIONAL { ?corpus wdt:P953 ?id . }
  SERVICE wikibase:label { bd:serviceParam wikibase:language ""[AUTO_LANGUAGE],en"". }
}",True,1.0,
20,simple,Find paintings depicting the Pentecost theme.,"SELECT DISTINCT ?painting ?paintingLabel ?image WHERE {
  ?painting wdt:P31 wd:Q3305213 ;
            wdt:P180 wd:Q43324 .
  OPTIONAL { ?painting wdt:P18 ?image . }
  SERVICE wikibase:label { bd:serviceParam wikibase:language ""[AUTO_LANGUAGE],en"". }
}",True,0.0,
21,simple,What are some common phrases related to Redewendung?,"SELECT DISTINCT ?phrase ?phraseLabel WHERE {
  ?phrase wdt:P31 wd:Q1860 .
  {
    ?phrase wdt:P279 wd:Q1860 .
  }
  UNION
  {
    ?phrase wdt:P361 wd:Q1860 .
  }
  UNION
  {
    wd:Q1860 wdt:P527 ?phrase .
  }
  SERVICE wikibase:label { bd:serviceParam wikibase:language ""[AUTO_LANGUAGE],en,de"". }
}",True,1.0,
22,simple,List all type foundries and their corresponding typefaces.,"SELECT DISTINCT ?foundry ?foundryLabel ?typeface ?typefaceLabel WHERE {
  ?foundry wdt:P31 wd:Q1114515 .
  ?typeface wdt:P88 ?foundry .
  SERVICE wikibase:label { bd:serviceParam wikibase:language ""[AUTO_LANGUAGE],en"". }
}",True,0.0,
23,simple,List all hill forts in the Atlas with their names written in Irish.,"SELECT DISTINCT ?fort ?fortLabel ?nameInIrish WHERE {
  ?fort wdt:P31/wdt:P279* wd:Q1389614 ;
        wdt:P131* wd:Q130135 .
  OPTIONAL {
    ?fort rdfs:label ?nameInIrish .
    FILTER(LANG(?nameInIrish) = ""ga"")
  }
  SERVICE wikibase:label { bd:serviceParam wikibase:language ""[AUTO_LANGUAGE],en"". }
}",True,1.0,
24,simple,Find all items with a 3D model property on Wikidata.,"SELECT DISTINCT ?item ?itemLabel ?model WHERE {
  ?item wdt:P4896 ?model .
  SERVICE wikibase:label { bd:serviceParam wikibase:language ""[AUTO_LANGUAGE],en"". }
}",True,0.0316,
25,simple,Rank countries by their average lifespan.,"SELECT ?country ?countryLabel ?lifeExpectancy WHERE {
  ?country wdt:P31 wd:Q3624078 ;
           wdt:P2250 ?lifeExpectancy .
  SERVICE wikibase:label { bd:serviceParam wikibase:language ""[AUTO_LANGUAGE],en"". }
}
ORDER BY DESC(?lifeExpectancy)",True,0.1505,
26,simple,List the streets in Leiden named after famous people or things.,"SELECT DISTINCT ?street ?streetLabel ?namesake ?namesakeLabel WHERE {
  ?street wdt:P31/wdt:P279* wd:Q79007 ;
          wdt:P131 wd:Q43631 ;
          wdt:P138 ?namesake .
  SERVICE wikibase:label { bd:serviceParam wikibase:language ""[AUTO_LANGUAGE],en"". }
}
ORDER BY ?streetLabel",False,0.0,
27,simple,List the grandchildren of Johann Sebastian Bach.,"SELECT DISTINCT ?grandchild ?grandchildLabel WHERE {
  wd:Q1339 wdt:P40 ?child .
  ?child wdt:P40 ?grandchild .
  SERVICE wikibase:label { bd:serviceParam wikibase:language ""[AUTO_LANGUAGE],en"". }
}",True,1.0,
28,simple,List all individuals who studied at the University of Oxford.,"SELECT DISTINCT ?person ?personLabel WHERE {
  ?person wdt:P31 wd:Q5 ;
          wdt:P69 wd:Q34433 .
  SERVICE wikibase:label { bd:serviceParam wikibase:language ""[AUTO_LANGUAGE],en"". }
}",True,0.0,
29,simple,List websites associated with projects in the Women's & Gender History DH list.,"SELECT DISTINCT ?project ?projectLabel ?website WHERE {
  ?project wdt:P31 wd:Q268592 ;
           wdt:P361 wd:Q122868109 ;
           wdt:P856 ?website .
  SERVICE wikibase:label { bd:serviceParam wikibase:language ""[AUTO_LANGUAGE],en"". }
}",True,0.0,
30,simple,List all monuments in Berlin with their cultural heritage ID and geolocation.,"SELECT DISTINCT ?monument ?monumentLabel ?heritageID ?location WHERE {
  ?monument wdt:P31/wdt:P279* wd:Q4989906 ;
            wdt:P131 wd:Q64 ;
            wdt:P1435 ?heritageID ;
            wdt:P625 ?location .
  SERVICE wikibase:label { bd:serviceParam wikibase:language ""[AUTO_LANGUAGE],en"". }
}",True,0.0014,
31,simple,Find the UniProt IDs of proteins found in Homo sapiens.,"SELECT DISTINCT ?protein ?proteinLabel ?uniprot WHERE {
  ?protein wdt:P31 wd:Q8054 ;
           wdt:P703 wd:Q15978631 ;
           wdt:P352 ?uniprot .
  SERVICE wikibase:label { bd:serviceParam wikibase:language ""[AUTO_LANGUAGE],en"". }
}",True,0.9995,
32,simple,What are the nodes and predicates related to 'Wikidata' in English?,"SELECT DISTINCT ?property ?propertyLabel ?value ?valueLabel WHERE {
  wd:Q2013 ?p ?value .
  ?property wikibase:directClaim ?p .
  SERVICE wikibase:label { bd:serviceParam wikibase:language ""en"". }
}",True,0.0,
33,simple,Find the base form of the word 'bought' in English.,"SELECT ?baseForm ?baseFormLabel WHERE {
  ?lexeme dct:language wd:Q1860 ;
          wikibase:lemma ""bought""@en ;
          ontolex:lexicalForm ?form .
  ?form ontolex:representation ""bought""@en ;
        wikibase:grammaticalFeature wd:Q1392475 .
  ?lexeme wikibase:lemma ?baseForm .
  SERVICE wikibase:label { bd:serviceParam wikibase:language ""[AUTO_LANGUAGE],en"". }
}",True,0.0,
34,simple,List all taxons and their eponyms.,"SELECT DISTINCT ?taxon ?taxonLabel ?eponym ?eponymLabel WHERE {
  ?taxon wdt:P31 wd:Q16521 ;
         wdt:P138 ?eponym .
  SERVICE wikibase:label { bd:serviceParam wikibase:language ""[AUTO_LANGUAGE],en"". }
}",True,1.0,
35,simple,List all items that are instances of goats.,"SELECT ?item ?itemLabel WHERE {
  ?item wdt:P31 wd:Q2934 .
  SERVICE wikibase:label { bd:serviceParam wikibase:language ""[AUTO_LANGUAGE],en"". }
}",True,1.0,
36,simple,List all the letters in the Swedish alphabet.,"SELECT DISTINCT ?letter ?letterLabel WHERE {
  wd:Q11479 wdt:P527 ?letter .
  SERVICE wikibase:label { bd:serviceParam wikibase:language ""[AUTO_LANGUAGE],en,sv"". }
}",True,0.0,
37,simple,List all colors with their corresponding sRGB hex triplets.,"SELECT DISTINCT ?color ?colorLabel ?hex WHERE {
  ?color wdt:P31 wd:Q1075 ;
         wdt:P465 ?hex .
  SERVICE wikibase:label { bd:serviceParam wikibase:language ""[AUTO_LANGUAGE],en"". }
}
ORDER BY ?colorLabel",True,0.9994,
38,medium,List all countries where a pride parade has taken place.,"SELECT DISTINCT ?country ?countryLabel WHERE {
  ?event wdt:P31/wdt:P279* wd:Q49238 .
  ?event wdt:P17 ?country .
  SERVICE wikibase:label { bd:serviceParam wikibase:language ""[AUTO_LANGUAGE],en"". }
}
ORDER BY ?countryLabel",True,0.0,
39,medium,What are the longest rivers in the world?,"SELECT ?river ?riverLabel ?length WHERE {
  ?river wdt:P31/wdt:P279* wd:Q4022 ;
         wdt:P2043 ?length .
  SERVICE wikibase:label { bd:serviceParam wikibase:language ""[AUTO_LANGUAGE],en"". }
}
ORDER BY DESC(?length)",False,0.0,
40,medium,Find properties that can have organizations as values.,"SELECT DISTINCT ?property ?propertyLabel WHERE {
  ?property wikibase:propertyType ?datatype .
  ?property p:P2302 ?statement .
  ?statement ps:P2302 wd:Q21503250 ;
             pq:P2308 wd:Q43229 .
  SERVICE wikibase:label { bd:serviceParam wikibase:language ""[AUTO_LANGUAGE],en"". }
}",True,0.0258,
41,medium,List all the materials used in paintings along with their labels.,"SELECT DISTINCT ?material ?materialLabel WHERE {
  ?painting wdt:P31/wdt:P279* wd:Q3305213;
            p:P186 ?materialStatement.
  ?materialStatement ps:P186 ?material.
  SERVICE wikibase:label { bd:serviceParam wikibase:language ""[AUTO_LANGUAGE],en"". }
}",False,0.0,
42,medium,List all US presidents and their spouses in chronological order.,"SELECT ?president ?presidentLabel ?spouse ?spouseLabel ?start WHERE {
  ?president p:P39 ?statement .
  ?statement ps:P39 wd:Q11696 ;
             pq:P580 ?start .
  OPTIONAL { ?president wdt:P26 ?spouse . }
  SERVICE wikibase:label { bd:serviceParam wikibase:language ""[AUTO_LANGUAGE],en"". }
}
ORDER BY ?start",True,0.7718,
43,medium,List the birthplaces of artists whose works are part of the Europeana 280 project.,"SELECT DISTINCT ?artist ?artistLabel ?birthplace ?birthplaceLabel WHERE {
  ?work wdt:P361 wd:Q20884542 ;
        wdt:P170 ?artist .
  ?artist wdt:P19 ?birthplace .
  SERVICE wikibase:label { bd:serviceParam wikibase:language ""[AUTO_LANGUAGE],en"". }
}",True,1.0,
44,medium,Find books published before 1830 with their places of publication.,"SELECT DISTINCT ?book ?bookLabel ?publicationDate ?place ?placeLabel WHERE {
  ?book wdt:P31/wdt:P279* wd:Q571 ;
        wdt:P577 ?publicationDate ;
        wdt:P291 ?place .
  FILTER(YEAR(?publicationDate) < 1830)
  SERVICE wikibase:label { bd:serviceParam wikibase:language ""[AUTO_LANGUAGE],en"". }
}
ORDER BY ?publicationDate ?bookLabel",True,0.0099,
45,medium,List the compositions that feature both organ and orchestra.,"SELECT DISTINCT ?composition ?compositionLabel WHERE {
  ?composition wdt:P31/wdt:P279* wd:Q207628;
               wdt:P1303 wd:Q34379;
               wdt:P1303 wd:Q42998.
  SERVICE wikibase:label { bd:serviceParam wikibase:language ""[AUTO_LANGUAGE],en"". }
}",True,0.0,
46,medium,List all masonic lodges with a Wikipedia article but no label.,"SELECT DISTINCT ?lodge ?article WHERE {
  ?lodge wdt:P31 wd:Q18811583 .
  ?article schema:about ?lodge ;
           schema:isPartOf <https://en.wikipedia.org/> .
  FILTER(NOT EXISTS { ?lodge rdfs:label ?label })
}",True,0.0,
47,medium,List all countries that are part of a free trade area.,"SELECT DISTINCT ?country ?countryLabel ?freeTradeArea ?freeTradeAreaLabel WHERE {
  ?country wdt:P31 wd:Q6256;
           wdt:P361 ?freeTradeArea.
  ?freeTradeArea wdt:P31/wdt:P279* wd:Q2065736.
  SERVICE wikibase:label { bd:serviceParam wikibase:language ""[AUTO_LANGUAGE],en"". }
}",True,0.0,
48,medium,What are the names of pyramids in Egypt?,"SELECT DISTINCT ?pyramid ?pyramidLabel WHERE {
  ?pyramid wdt:P31/wdt:P279* wd:Q12516 ;
           wdt:P17 wd:Q79 .
  SERVICE wikibase:label { bd:serviceParam wikibase:language ""[AUTO_LANGUAGE],en"". }
}",True,0.5578,
49,medium,Show me a map of national parks in Sweden.,"SELECT DISTINCT ?park ?parkLabel ?coord ?image WHERE {
  ?park wdt:P31 wd:Q46169 ;
        wdt:P17 wd:Q34 ;
        wdt:P625 ?coord .
  OPTIONAL { ?park wdt:P18 ?image . }
  SERVICE wikibase:label { bd:serviceParam wikibase:language ""[AUTO_LANGUAGE],en"". }
}",True,0.3836,
50,medium,List all UK cabinet ministers along with their positions and dates of death.,"SELECT DISTINCT ?person ?personLabel ?position ?positionLabel ?dateOfDeath WHERE {
  ?person p:P39 ?statement .
  ?statement ps:P39 ?position .
  ?position wdt:P279* wd:Q83307 .
  ?person wdt:P570 ?dateOfDeath .
  SERVICE wikibase:label { bd:serviceParam wikibase:language ""[AUTO_LANGUAGE],en"". }
}
ORDER BY ?personLabel ?positionLabel",True,0.0244,
51,medium,List all epic poems with their sitelink counts.,"SELECT DISTINCT ?poem ?poemLabel ?sitelinks WHERE {
  ?poem wdt:P31 wd:Q11425;
        wikibase:sitelinks ?sitelinks.
  SERVICE wikibase:label { bd:serviceParam wikibase:language ""[AUTO_LANGUAGE],en"". }
}
ORDER BY DESC(?sitelinks)",True,0.0035,
52,medium,List all Western films released before 1925 along with their release dates and locations.,"SELECT DISTINCT ?film ?filmLabel ?releaseDate ?location ?locationLabel WHERE {
  ?film wdt:P31 wd:Q11424 ;
        wdt:P136 wd:Q467407 ;
        wdt:P577 ?releaseDate .
  FILTER(?releaseDate < ""1925-01-01T00:00:00Z""^^xsd:dateTime)
  OPTIONAL { ?film wdt:P495 ?location . }
  SERVICE wikibase:label { bd:serviceParam wikibase:language ""[AUTO_LANGUAGE],en"". }
}
ORDER BY ?releaseDate",True,0.0,
53,medium,What are the names of buildings taller than the Eiffel Tower?,"SELECT DISTINCT ?building ?buildingLabel ?height WHERE {
  wd:Q243 wdt:P2048 ?eiffelHeight .
  ?building wdt:P31/wdt:P279* wd:Q41176 ;
            wdt:P2048 ?height .
  FILTER(?height > ?eiffelHeight)
  SERVICE wikibase:label { bd:serviceParam wikibase:language ""[AUTO_LANGUAGE],en"". }
}
ORDER BY DESC(?height)",False,0.0,
54,medium,Show me a map of countries with their respective sign languages.,"SELECT DISTINCT ?country ?countryLabel ?signLanguage ?signLanguageLabel ?coord WHERE {
  ?country wdt:P31 wd:Q6256 ;
           wdt:P625 ?coord ;
           wdt:P2936 ?signLanguage .
  ?signLanguage wdt:P31/wdt:P279* wd:Q34228 .
  SERVICE wikibase:label { bd:serviceParam wikibase:language ""[AUTO_LANGUAGE],en"". }
}",True,0.4062,
55,medium,List all things that have a first line.,"SELECT DISTINCT ?item ?itemLabel ?firstLine WHERE {
  ?item wdt:P1922 ?firstLine .
  SERVICE wikibase:label { bd:serviceParam wikibase:language ""[AUTO_LANGUAGE],en"". }
}",True,0.0,
56,medium,What are the areas of each state in Malaysia?,"SELECT ?state ?stateLabel ?area WHERE {
  ?state wdt:P31 wd:Q35657;
         wdt:P17 wd:Q833;
         wdt:P2046 ?area.
  SERVICE wikibase:label { bd:serviceParam wikibase:language ""[AUTO_LANGUAGE],en"". }
}
ORDER BY ?stateLabel",True,0.0,
57,medium,List all racing car drivers who died in a crash.,"SELECT DISTINCT ?person ?personLabel ?cause ?causeLabel ?dateOfDeath ?image WHERE {
  ?person wdt:P106 wd:Q1724137 ;
          wdt:P31 wd:Q5 ;
          wdt:P509 ?cause .
  ?cause wdt:P279* wd:Q171558 .
  OPTIONAL { ?person wdt:P570 ?dateOfDeath . }
  OPTIONAL { ?person wdt:P18 ?image . }
  SERVICE wikibase:label { bd:serviceParam wikibase:language ""[AUTO_LANGUAGE],en"". }
}
ORDER BY ?personLabel",True,0.0,
58,medium,List all movies featuring Bud Spencer as a cast member.,"SELECT DISTINCT ?movie ?movieLabel WHERE {
  ?movie wdt:P31 wd:Q11424 ;
         wdt:P161 wd:Q172882 .
  SERVICE wikibase:label { bd:serviceParam wikibase:language ""[AUTO_LANGUAGE],en"". }
}",True,0.0,
59,medium,What are the things named after characters from William Shakespeare's works?,"SELECT DISTINCT ?item ?itemLabel ?character ?characterLabel WHERE {
  ?item wdt:P138 ?character .
  ?character wdt:P1441 ?work .
  ?work wdt:P50 wd:Q692 .
  SERVICE wikibase:label { bd:serviceParam wikibase:language ""[AUTO_LANGUAGE],en"". }
}",True,0.7015,
60,medium,Find all children of Johann Sebastian Bach with his first wife Maria Barbara Bach.,"SELECT DISTINCT ?child ?childLabel WHERE {
  ?child wdt:P22 wd:Q1339 ;
         wdt:P25 wd:Q57487 .
  SERVICE wikibase:label { bd:serviceParam wikibase:language ""[AUTO_LANGUAGE],en"". }
}",True,0.0714,
61,medium,List all Church of Scotland synods with their corresponding geoshapes.,"SELECT DISTINCT ?synod ?synodLabel ?geoShape WHERE {
  ?synod wdt:P31 wd:Q1048835 ;
         wdt:P3896 ?geoShape .
  SERVICE wikibase:label { bd:serviceParam wikibase:language ""[AUTO_LANGUAGE],en"". }
}",True,0.0,
62,medium,List all suburbs in New Zealand along with their coordinates.,"SELECT DISTINCT ?suburb ?suburbLabel ?coordinates WHERE {
  ?suburb wdt:P31/wdt:P279* wd:Q123705 ;
          wdt:P17 wd:Q664 ;
          wdt:P625 ?coordinates .
  SERVICE wikibase:label { bd:serviceParam wikibase:language ""[AUTO_LANGUAGE],en"". }
}",True,0.0224,
63,medium,List the birthplaces of actors from The Matrix movie.,"SELECT DISTINCT ?actor ?actorLabel ?birthplace ?birthplaceLabel WHERE {
  wd:Q8337 wdt:P161 ?actor .
  ?actor wdt:P106 wd:Q33999 ;
         wdt:P19 ?birthplace .
  SERVICE wikibase:label { bd:serviceParam wikibase:language ""[AUTO_LANGUAGE],en"". }
}",True,0.0,
64,medium,What places are within a 1 km radius of the Arc de Triomphe?,"SELECT DISTINCT ?place ?placeLabel ?location WHERE {
  wd:Q6446 wdt:P625 ?arcLocation .
  SERVICE wikibase:around {
    ?place wdt:P625 ?location .
    bd:serviceParam wikibase:center ?arcLocation .
    bd:serviceParam wikibase:radius ""1"" .
    bd:serviceParam wikibase:distance ?distance .
  }
  FILTER(?place != wd:Q6446)
  SERVICE wikibase:label { bd:serviceParam wikibase:language ""[AUTO_LANGUAGE],en"". }
}
ORDER BY ?distance",True,0.0,
65,medium,List all software developed by the KDE community.,"SELECT DISTINCT ?software ?softwareLabel ?developerLabel ?image WHERE {
  ?software wdt:P31/wdt:P279* wd:Q7397 ;
            wdt:P178 ?developer .
  ?developer wdt:P31 wd:Q177634 ;
             rdfs:label ""KDE""@en .
  OPTIONAL { ?software wdt:P18 ?image . }
  SERVICE wikibase:label { bd:serviceParam wikibase:language ""[AUTO_LANGUAGE],en"". }
}",True,0.0,
66,medium,List all places with the most public art installations.,"SELECT ?place ?placeLabel (COUNT(?art) AS ?installationCount) WHERE {
  ?art wdt:P31/wdt:P279* wd:Q557141 ;
       wdt:P131 ?place .
  SERVICE wikibase:label { bd:serviceParam wikibase:language ""[AUTO_LANGUAGE],en"". }
}
GROUP BY ?place ?placeLabel
ORDER BY DESC(?installationCount)",True,0.0,
67,medium,List all French municipalities with their corresponding banners.,"SELECT DISTINCT ?municipality ?municipalityLabel ?banner WHERE {
  ?municipality wdt:P31 wd:Q484170 ;
                wdt:P17 wd:Q142 ;
                wdt:P948 ?banner .
  SERVICE wikibase:label { bd:serviceParam wikibase:language ""[AUTO_LANGUAGE],en,fr"" . }
}",True,0.9903,
68,medium,"List all paintings by Ferdinand Georg Waldmüller in the Belvedere, Vienna.","SELECT DISTINCT ?painting ?paintingLabel ?image WHERE {
  ?painting wdt:P31 wd:Q3305213 ;
            wdt:P170 wd:Q533114 ;
            wdt:P276 wd:Q651958 .
  OPTIONAL { ?painting wdt:P18 ?image . }
  SERVICE wikibase:label { bd:serviceParam wikibase:language ""[AUTO_LANGUAGE],en"". }
}",True,0.0,
69,medium,How many words are listed on Wikidata in languages spoken in India?,"SELECT (COUNT(DISTINCT ?word) AS ?count) WHERE {
  ?language wdt:P31 wd:Q34770;
            wdt:P17 wd:Q668.
  ?word wdt:P31 wd:Q1860;
        wdt:P407 ?language.
}",True,0.0,
70,medium,List all images used in more than 10 items.,"SELECT ?image (COUNT(DISTINCT ?item) AS ?itemCount) WHERE {
  ?item wdt:P18 ?image .
}
GROUP BY ?image
HAVING (COUNT(DISTINCT ?item) > 10)
ORDER BY DESC(?itemCount)",False,0.0,
71,medium,List all politicians who were members of the Whig party.,"SELECT DISTINCT ?person ?personLabel WHERE {
  ?person wdt:P106 wd:Q82955 ;
          wdt:P102 wd:Q187265 .
  SERVICE wikibase:label { bd:serviceParam wikibase:language ""[AUTO_LANGUAGE],en"". }
}",True,0.0,
72,medium,"Find parks in Oslo, Norway that are missing images on Wikidata.","SELECT DISTINCT ?park ?parkLabel WHERE {
  ?park wdt:P31/wdt:P279* wd:Q22698 ;
        wdt:P131 wd:Q585 .
  FILTER NOT EXISTS { ?park wdt:P18 ?image . }
  SERVICE wikibase:label { bd:serviceParam wikibase:language ""[AUTO_LANGUAGE],en"". }
}",True,0.0,
73,medium,"Show me a map of people's birthplaces, categorized by century.","SELECT DISTINCT ?person ?personLabel ?birthplace ?birthplaceLabel ?coord ?birthDate ?century WHERE {
  ?person wdt:P31 wd:Q5 ;
          wdt:P569 ?birthDate ;
          wdt:P19 ?birthplace .
  ?birthplace wdt:P625 ?coord .
  BIND(CONCAT(
    IF(YEAR(?birthDate) < 0,
      CONCAT(STR(1 + FLOOR((-(YEAR(?birthDate)) - 1) / 100)), ""th century BCE""),
      CONCAT(STR(1 + FLOOR((YEAR(?birthDate) - 1) / 100)), ""th century"")
    )
  ) AS ?century)
  SERVICE wikibase:label { bd:serviceParam wikibase:language ""[AUTO_LANGUAGE],en"". }
}",False,0.0,
74,medium,Find research papers on backward contact tracing and list their DOIs.,"SELECT DISTINCT ?paper ?paperLabel ?doi WHERE {
  ?paper wdt:P31 wd:Q13442814;
         wdt:P921 wd:Q104901257;
         wdt:P356 ?doi.
  SERVICE wikibase:label { bd:serviceParam wikibase:language ""[AUTO_LANGUAGE],en"". }
}",True,0.0,
75,medium,List the notable alumni of University of Reading who have won awards.,"SELECT DISTINCT ?person ?personLabel ?award ?awardLabel WHERE {
  ?person wdt:P69 wd:Q49115 ;
          wdt:P166 ?award .
  SERVICE wikibase:label { bd:serviceParam wikibase:language ""[AUTO_LANGUAGE],en"". }
}",True,0.0081,
76,medium,List all music genres.,"SELECT DISTINCT ?genre ?genreLabel WHERE {
  ?genre wdt:P31/wdt:P279* wd:Q188451.
  SERVICE wikibase:label { bd:serviceParam wikibase:language ""[AUTO_LANGUAGE],en"". }
}",True,0.8513,
77,medium,List all museums in Tunisia along with their coordinates and images.,"SELECT DISTINCT ?museum ?museumLabel ?coord ?image WHERE {
  ?museum wdt:P31/wdt:P279* wd:Q33506 ;
          wdt:P17 wd:Q948 ;
          wdt:P625 ?coord .
  OPTIONAL { ?museum wdt:P18 ?image . }
  SERVICE wikibase:label { bd:serviceParam wikibase:language ""[AUTO_LANGUAGE],en,fr,ar"". }
}",True,0.9503,
78,medium,Show me a list of archives on Wikidata along with their coordinates.,"SELECT DISTINCT ?archive ?archiveLabel ?coordinates WHERE {
  ?archive wdt:P31 wd:Q166118;
           wdt:P625 ?coordinates.
  SERVICE wikibase:label { bd:serviceParam wikibase:language ""[AUTO_LANGUAGE],en"". }
}",True,0.2575,
79,medium,Find images of ancient Egyptian rulers.,"SELECT DISTINCT ?ruler ?rulerLabel ?image WHERE {
  ?ruler wdt:P31 wd:Q5 ;
         wdt:P27 wd:Q79 ;
         wdt:P18 ?image .
  {
    ?ruler wdt:P106 wd:Q19546 .
  }
  UNION
  {
    ?ruler wdt:P39 wd:Q37110 .
  }
  SERVICE wikibase:label { bd:serviceParam wikibase:language ""[AUTO_LANGUAGE],en"". }
}",True,0.0112,
80,medium,Find locations on iNaturalist and show them on a map.,"SELECT DISTINCT ?location ?locationLabel ?coord WHERE {
  ?location wdt:P3151 ?iNaturalistID ;
            wdt:P625 ?coord .
  SERVICE wikibase:label { bd:serviceParam wikibase:language ""[AUTO_LANGUAGE],en"". }
}",False,0.0,
81,medium,What are the cathedrals in Paris?,"SELECT DISTINCT ?cathedral ?cathedralLabel WHERE {
  ?cathedral wdt:P31/wdt:P279* wd:Q2977 ;
             wdt:P131* wd:Q90 .
  SERVICE wikibase:label { bd:serviceParam wikibase:language ""[AUTO_LANGUAGE],en"" . }
}",False,0.0,
82,medium,"Show me a list of railway stations in France, sorted by the number of tracks they have.","SELECT ?station ?stationLabel ?tracks WHERE {
  ?station wdt:P31/wdt:P279* wd:Q55488 ;
           wdt:P17 wd:Q142 ;
           wdt:P197 ?tracks .
  SERVICE wikibase:label { bd:serviceParam wikibase:language ""[AUTO_LANGUAGE],en"" }
}
ORDER BY DESC(?tracks)",True,0.1545,
83,medium,List the birds that are native to a region in France.,"SELECT DISTINCT ?bird ?birdLabel ?region ?regionLabel WHERE {
  ?bird wdt:P31/wdt:P279* wd:Q5113 .
  ?bird wdt:P183 ?region .
  ?region wdt:P31 wd:Q36784 .
  ?region wdt:P17 wd:Q142 .
  SERVICE wikibase:label { bd:serviceParam wikibase:language ""[AUTO_LANGUAGE],en"" . }
}",True,0.0,
84,medium,List all universities in Mexico along with their founding dates.,"SELECT DISTINCT ?university ?universityLabel ?foundingDate WHERE {
  ?university wdt:P31/wdt:P279* wd:Q3918 ;
              wdt:P17 wd:Q96 ;
              wdt:P571 ?foundingDate .
  SERVICE wikibase:label { bd:serviceParam wikibase:language ""[AUTO_LANGUAGE],en"". }
}
ORDER BY ?foundingDate ?universityLabel",True,0.612,
85,medium,Find the places where people named Michael or its variants were born.,"SELECT DISTINCT ?person ?personLabel ?birthPlace ?birthPlaceLabel WHERE {
  ?person wdt:P31 wd:Q5;
          wdt:P735 ?givenName;
          wdt:P19 ?birthPlace.
  VALUES ?givenName {
    wd:Q4925477
    wd:Q683437
    wd:Q190226
    wd:Q240393
    wd:Q2537228
    wd:Q2698309
  }
  SERVICE wikibase:label { bd:serviceParam wikibase:language ""[AUTO_LANGUAGE],en"". }
}",True,0.0002,
86,medium,Find properties with missing labels or descriptions in Spanish.,"SELECT ?property ?propertyLabel ?propertyDescription WHERE {
  ?property a wikibase:Property .
  FILTER(
    NOT EXISTS { ?property rdfs:label ?labelEs FILTER(LANG(?labelEs) = ""es"") } ||
    NOT EXISTS { ?property schema:description ?descEs FILTER(LANG(?descEs) = ""es"") }
  )
  SERVICE wikibase:label { bd:serviceParam wikibase:language ""es,en"". }
}",True,0.9456,
87,medium,How many statements are supported by a reference with a DOI?,"SELECT (COUNT(DISTINCT ?statement) AS ?count) WHERE {
  ?item ?p ?statement .
  ?prop wikibase:claim ?p ;
        wikibase:statementProperty ?ps .
  ?statement ?pr ?refNode .
  ?refProp wikibase:reference ?pr ;
           wikibase:directClaim wdt:P356 .
  ?refNode wdt:P356 ?doi .
}",True,0.0,
88,medium,Find images of architectural drawings depicting cathedrals in France.,"SELECT DISTINCT ?drawing ?drawingLabel ?image WHERE {
  ?drawing wdt:P31 wd:Q93184 ;
           wdt:P180 wd:Q2977 ;
           wdt:P17 wd:Q142 ;
           wdt:P18 ?image .
  SERVICE wikibase:label { bd:serviceParam wikibase:language ""[AUTO_LANGUAGE],en"". }
}",True,0.0,
89,medium,What are the most common ingredients used in a sandwich?,"SELECT ?ingredient ?ingredientLabel (COUNT(?sandwich) AS ?count) WHERE {
  ?sandwich wdt:P31/wdt:P279* wd:Q28803 ;
            wdt:P186 ?ingredient .
  SERVICE wikibase:label { bd:serviceParam wikibase:language ""[AUTO_LANGUAGE],en"". }
}
GROUP BY ?ingredient ?ingredientLabel
ORDER BY DESC(?count)",True,0.0296,
90,medium,List all items with an inventory number but no collection.,"SELECT ?item ?itemLabel ?inventoryNumber WHERE {
  ?item wdt:P217 ?inventoryNumber .
  FILTER NOT EXISTS { ?item wdt:P195 ?collection . }
  SERVICE wikibase:label { bd:serviceParam wikibase:language ""[AUTO_LANGUAGE],en"". }
}",False,0.0,
91,medium,Find the addresses of city halls in Spain.,"SELECT DISTINCT ?cityHall ?cityHallLabel ?address WHERE {
  ?cityHall wdt:P31 wd:Q2555891 ;
            wdt:P17 wd:Q29 ;
            wdt:P6375 ?address .
  SERVICE wikibase:label { bd:serviceParam wikibase:language ""[AUTO_LANGUAGE],en,es"". }
}",True,1.0,
92,medium,List all cities and towns in Denmark along with their population and OSM relation IDs.,"SELECT DISTINCT ?place ?placeLabel ?population ?osmRelationId WHERE {
  ?place wdt:P31/wdt:P279* ?type ;
         wdt:P17 wd:Q35 ;
         wdt:P1082 ?population ;
         wdt:P402 ?osmRelationId .
  VALUES ?type { wd:Q515 wd:Q3957 }
  SERVICE wikibase:label { bd:serviceParam wikibase:language ""[AUTO_LANGUAGE],en"". }
}
ORDER BY ?placeLabel",True,0.0203,
93,medium,What country shares a border with all municipalities in the Basque Country?,"SELECT DISTINCT ?country ?countryLabel WHERE {
  ?municipality wdt:P31 wd:Q2074737 ;
                wdt:P131* wd:Q3995 ;
                wdt:P47 ?country .
  ?country wdt:P31 wd:Q6256 .
}
GROUP BY ?country ?countryLabel
HAVING (COUNT(DISTINCT ?municipality) = COUNT(DISTINCT ?allMunicipality))
SERVICE wikibase:label { bd:serviceParam wikibase:language ""[AUTO_LANGUAGE],en"". }
{
  SELECT (COUNT(DISTINCT ?m) AS ?allMunicipality) WHERE {
    ?m wdt:P31 wd:Q2074737 ;
       wdt:P131* wd:Q3995 .
  }
}",False,0.0,
94,medium,Find photographs of restoration works in French National Archives from the 19th century.,"SELECT DISTINCT ?work ?workLabel ?image ?inception WHERE {
  ?work wdt:P31/wdt:P279* wd:Q125191 ;
        wdt:P195 wd:Q212805 ;
        wdt:P18 ?image ;
        wdt:P571 ?inception .
  FILTER(?inception >= ""1801-01-01T00:00:00Z""^^xsd:dateTime && ?inception < ""1901-01-01T00:00:00Z""^^xsd:dateTime)
  SERVICE wikibase:label { bd:serviceParam wikibase:language ""[AUTO_LANGUAGE],en,fr"". }
}
ORDER BY ?inception",True,0.0,
95,medium,Show a line graph of COVID-19 cases over time for each state in India.,"SELECT ?state ?stateLabel ?date ?cases WHERE {
  ?state wdt:P31 wd:Q35657 ;
         wdt:P17 wd:Q668 ;
         p:P1603 ?statement .
  ?statement ps:P1603 ?cases ;
             pq:P585 ?date .
  SERVICE wikibase:label { bd:serviceParam wikibase:language ""[AUTO_LANGUAGE],en"". }
}
ORDER BY ?stateLabel ?date",True,0.0,
96,medium,List all databases and digital libraries without an official URL.,"SELECT DISTINCT ?item ?itemLabel WHERE {
  {
    ?item wdt:P31/wdt:P279* wd:Q8513 .
  }
  UNION
  {
    ?item wdt:P31/wdt:P279* wd:Q212805 .
  }
  FILTER NOT EXISTS { ?item wdt:P856 ?officialURL . }
  SERVICE wikibase:label { bd:serviceParam wikibase:language ""[AUTO_LANGUAGE],en"". }
}",True,0.0484,
97,medium,Show me a map of Slovenian cultural monuments with different colours for each type.,"SELECT DISTINCT ?monument ?monumentLabel ?coord ?type ?typeLabel WHERE {
  ?monument wdt:P1435 wd:Q2303892;
            wdt:P625 ?coord;
            wdt:P31 ?type.
  SERVICE wikibase:label { bd:serviceParam wikibase:language ""[AUTO_LANGUAGE],en"". }
}",True,0.0,
98,medium,List French-speaking female writers with their signatures.,"SELECT DISTINCT ?person ?personLabel ?signature WHERE {
  ?person wdt:P31 wd:Q5 ;
          wdt:P21 wd:Q6581072 ;
          wdt:P106 wd:Q36180 ;
          wdt:P1412 wd:Q150 ;
          wdt:P109 ?signature .
  SERVICE wikibase:label { bd:serviceParam wikibase:language ""[AUTO_LANGUAGE],en"". }
}",True,0.7767,
99,medium,List artworks that feature the Moon as a subject.,"SELECT DISTINCT ?artwork ?artworkLabel ?image WHERE {
  ?artwork wdt:P31/wdt:P279* wd:Q838948 ;
           wdt:P180 wd:Q405 .
  OPTIONAL { ?artwork wdt:P18 ?image . }
  SERVICE wikibase:label { bd:serviceParam wikibase:language ""[AUTO_LANGUAGE],en"". }
}",False,0.0,
100,medium,"Find all grandchildren of Johann Sebastian Bach where the parent is his first wife, Maria Barbara Bach.","SELECT DISTINCT ?grandchild ?grandchildLabel ?parent ?parentLabel WHERE {
  wd:Q1339 p:P40 ?parentStatement .
  ?parentStatement ps:P40 ?parent ;
                   pq:P1038 wd:Q105095 .
  ?parent wdt:P40 ?grandchild .
  SERVICE wikibase:label { bd:serviceParam wikibase:language ""[AUTO_LANGUAGE],en"". }
}",True,0.0,
101,medium,List all five-letter English words that start with the letter F.,"SELECT DISTINCT ?word ?wordLabel WHERE {
  ?word wdt:P31 wd:Q1860 ;
        wdt:P407 wd:Q1860 ;
        rdfs:label ?wordLabel .
  FILTER(LANG(?wordLabel) = ""en"")
  FILTER(STRSTARTS(?wordLabel, ""F""))
  FILTER(STRLEN(?wordLabel) = 5)
}",True,0.0,
102,medium,Show me a map of remarkable trees in Bulgaria.,"SELECT DISTINCT ?tree ?treeLabel ?coord ?image WHERE {
  ?tree wdt:P31 wd:Q757163 ;
        wdt:P17 wd:Q219 ;
        wdt:P625 ?coord .
  OPTIONAL { ?tree wdt:P18 ?image . }
  SERVICE wikibase:label { bd:serviceParam wikibase:language ""[AUTO_LANGUAGE],en"". }
}",True,1.0,
103,medium,List the inventors who are members of the Republican Party.,"SELECT DISTINCT ?person ?personLabel WHERE {
  ?person wdt:P106 wd:Q205375 ;
          wdt:P102 wd:Q29468 ;
          wdt:P31 wd:Q5 .
  SERVICE wikibase:label { bd:serviceParam wikibase:language ""[AUTO_LANGUAGE],en"". }
}",True,0.0459,
104,medium,List all websites without an official webpage.,"SELECT DISTINCT ?website ?websiteLabel WHERE {
  ?website wdt:P31/wdt:P279* wd:Q35127 .
  FILTER NOT EXISTS { ?website wdt:P856 ?officialWebsite . }
  SERVICE wikibase:label { bd:serviceParam wikibase:language ""[AUTO_LANGUAGE],en"". }
}",True,0.9451,
105,medium,List all external links mentioned in the Wikipedia article about Ashmolean Museum.,"SELECT DISTINCT ?link WHERE {
  wd:Q636415 schema:about ?article ;
             schema:isPartOf <https://en.wikipedia.org/> .
  ?article schema:mainEntity ?entity .
  ?entity wikibase:wikiGroup ""wikipedia"" .
  ?article schema:mentions ?link .
  FILTER(isIRI(?link))
}",True,0.0,
106,medium,What organisms live in the vagina?,"SELECT DISTINCT ?organism ?organismLabel WHERE {
  ?organism wdt:P703 wd:Q5880 .
  SERVICE wikibase:label { bd:serviceParam wikibase:language ""[AUTO_LANGUAGE],en"". }
}",True,0.0,
107,medium,Find paintings with RKDimages links and display them in an ImageGrid.,"SELECT DISTINCT ?painting ?paintingLabel ?image ?rkd WHERE {
  ?painting wdt:P31 wd:Q3305213 ;
            wdt:P6500 ?rkd .
  OPTIONAL { ?painting wdt:P18 ?image . }
  SERVICE wikibase:label { bd:serviceParam wikibase:language ""[AUTO_LANGUAGE],en"". }
}",True,0.0,
108,medium,Find film directors who have collaborated with Jean-François Stévenin the most.,"SELECT ?director ?directorLabel (COUNT(DISTINCT ?film) AS ?collaborationCount) WHERE {
  VALUES ?actor { wd:Q317908 }
  ?film wdt:P161 ?actor ;
        wdt:P57 ?director .
  SERVICE wikibase:label { bd:serviceParam wikibase:language ""[AUTO_LANGUAGE],en"". }
}
GROUP BY ?director ?directorLabel
ORDER BY DESC(?collaborationCount) ?directorLabel",True,0.0,
109,medium,List all Wikidata properties with their IDs and descriptions.,"SELECT ?property ?propertyLabel ?propertyDescription WHERE {
  ?property a wikibase:Property .
  SERVICE wikibase:label { bd:serviceParam wikibase:language ""[AUTO_LANGUAGE],en"". }
}
ORDER BY ?propertyLabel",True,0.7493,
110,medium,List all caves with prehistoric art and their coordinates.,"SELECT DISTINCT ?cave ?caveLabel ?coord WHERE {
  ?cave wdt:P31 wd:Q35509 ;
        wdt:P1435 wd:Q28171280 ;
        wdt:P625 ?coord .
  SERVICE wikibase:label { bd:serviceParam wikibase:language ""[AUTO_LANGUAGE],en"". }
}",True,0.0,
111,medium,Find a list of women who are computational biologists or bioinformaticians.,"SELECT DISTINCT ?person ?personLabel WHERE {
  ?person wdt:P31 wd:Q5 ;
          wdt:P21 wd:Q6581072 ;
          wdt:P106 ?occupation .
  VALUES ?occupation { wd:Q845748 wd:Q864503 }
  SERVICE wikibase:label { bd:serviceParam wikibase:language ""[AUTO_LANGUAGE],en"". }
}",True,0.0003,
112,medium,List all US states with the letter A in their name.,"SELECT ?state ?stateLabel WHERE {
  ?state wdt:P31 wd:Q35657 .
  FILTER(CONTAINS(LCASE(?stateLabel), ""a""))
  SERVICE wikibase:label { bd:serviceParam wikibase:language ""[AUTO_LANGUAGE],en"". }
}",True,0.0,
113,medium,"List all people in the Dictionary of Welsh Biography, categorized by their birthplace and gender.","SELECT DISTINCT ?person ?personLabel ?birthplace ?birthplaceLabel ?gender ?genderLabel WHERE {
  ?person wdt:P1415 ?dwb;
          wdt:P31 wd:Q5;
          wdt:P19 ?birthplace;
          wdt:P21 ?gender.
  SERVICE wikibase:label { bd:serviceParam wikibase:language ""[AUTO_LANGUAGE],en"". }
}
ORDER BY ?birthplaceLabel ?genderLabel ?personLabel",True,0.0241,
114,medium,List all weather satellites with their launch dates.,"SELECT DISTINCT ?satellite ?satelliteLabel ?launchDate WHERE {
  ?satellite wdt:P31/wdt:P279* wd:Q1254668 ;
             wdt:P619 ?launchDate .
  SERVICE wikibase:label { bd:serviceParam wikibase:language ""[AUTO_LANGUAGE],en"". }
}
ORDER BY ?launchDate",True,0.0,
115,medium,Show me hillforts with their protection status on a map.,"SELECT DISTINCT ?hillfort ?hillfortLabel ?coord ?status ?statusLabel WHERE {
  ?hillfort wdt:P31/wdt:P279* wd:Q210272 ;
            wdt:P625 ?coord ;
            wdt:P1435 ?status .
  SERVICE wikibase:label { bd:serviceParam wikibase:language ""[AUTO_LANGUAGE],en"". }
}",False,0.0,
116,medium,List all viaducts in the UK with their heritage designations.,"SELECT DISTINCT ?viaduct ?viaductLabel ?heritage ?heritageLabel WHERE {
  ?viaduct wdt:P31/wdt:P279* wd:Q774405 ;
           wdt:P17 wd:Q145 ;
           wdt:P1435 ?heritage .
  SERVICE wikibase:label { bd:serviceParam wikibase:language ""[AUTO_LANGUAGE],en"". }
}
ORDER BY ?viaductLabel",True,0.0,
117,medium,List all humans who received the Theatre World Award in 2016.,"SELECT DISTINCT ?person ?personLabel WHERE {
  ?person wdt:P31 wd:Q5;
          p:P166 ?awardStatement.
  ?awardStatement ps:P166 wd:Q3525250;
                  pq:P585 ?date.
  FILTER(YEAR(?date) = 2016)
  SERVICE wikibase:label { bd:serviceParam wikibase:language ""[AUTO_LANGUAGE],en"". }
}",True,1.0,
118,medium,"List all synthesizers manufactured by ARP Instruments, Inc.","SELECT DISTINCT ?synthesizer ?synthesizerLabel WHERE {
  ?synthesizer wdt:P31 wd:Q163829;
                wdt:P176 wd:Q4798538.
  SERVICE wikibase:label { bd:serviceParam wikibase:language ""[AUTO_LANGUAGE],en"". }
}",True,0.0,
119,medium,List all libraries in Austria along with their coordinates.,"SELECT DISTINCT ?library ?libraryLabel ?coordinates WHERE {
  ?library wdt:P31/wdt:P279* wd:Q7075 ;
           wdt:P17 wd:Q40 ;
           wdt:P625 ?coordinates .
  SERVICE wikibase:label { bd:serviceParam wikibase:language ""[AUTO_LANGUAGE],en"". }
}",False,0.0,
120,medium,List all places where people named Desiree were born.,"SELECT DISTINCT ?person ?personLabel ?place ?placeLabel WHERE {
  ?person wdt:P31 wd:Q5 ;
          wdt:P735 wd:Q526132 ;
          wdt:P19 ?place .
  SERVICE wikibase:label { bd:serviceParam wikibase:language ""[AUTO_LANGUAGE],en"". }
}",False,0.0,
121,medium,List all the house cats that held the position of Chief Mouser to the Cabinet Office.,"SELECT DISTINCT ?cat ?catLabel WHERE {
  ?cat wdt:P31 wd:Q146 ;
       p:P39 ?statement .
  ?statement ps:P39 wd:Q945797 .
  SERVICE wikibase:label { bd:serviceParam wikibase:language ""[AUTO_LANGUAGE],en"". }
}",False,0.0,
122,medium,Find items published in A Compendium of Irish Biography without page numbers.,"SELECT DISTINCT ?item ?itemLabel WHERE {
  ?item p:P1343 ?statement .
  ?statement ps:P1343 wd:Q114637790 .
  FILTER NOT EXISTS { ?statement pq:P304 ?page. }
  SERVICE wikibase:label { bd:serviceParam wikibase:language ""[AUTO_LANGUAGE],en"". }
}",True,0.0,
123,medium,What are the most popular literary works written in German?,"SELECT DISTINCT ?work ?workLabel ?authorLabel ?languageLabel ?sitelinks ?image WHERE {
  ?work wdt:P31/wdt:P279* wd:Q7725634;
        wdt:P407 wd:Q188;
        wikibase:sitelinks ?sitelinks.
  OPTIONAL { ?work wdt:P50 ?author. }
  OPTIONAL { ?work wdt:P18 ?image. }
  BIND(wd:Q188 AS ?language)
  SERVICE wikibase:label { bd:serviceParam wikibase:language ""[AUTO_LANGUAGE],en,de"". }
}
ORDER BY DESC(?sitelinks)
LIMIT 100",False,0.0,
124,medium,Show me the latest heatwaves that have occurred.,"SELECT DISTINCT ?event ?eventLabel ?start ?end ?location ?image WHERE {
  ?event wdt:P31/wdt:P279* wd:Q188225 ;
         wdt:P580 ?start .
  OPTIONAL { ?event wdt:P582 ?end . }
  OPTIONAL { ?event wdt:P276 ?location . }
  OPTIONAL { ?event wdt:P18 ?image . }
  SERVICE wikibase:label { bd:serviceParam wikibase:language ""[AUTO_LANGUAGE],en"". }
}
ORDER BY DESC(?start)
LIMIT 50",True,0.0,
125,medium,Show me the list of countries with multiple official languages.,"SELECT DISTINCT ?country ?countryLabel WHERE {
  ?country wdt:P31 wd:Q6256 ;
           wdt:P37 ?language1, ?language2 .
  FILTER(?language1 != ?language2)
  SERVICE wikibase:label { bd:serviceParam wikibase:language ""[AUTO_LANGUAGE],en"". }
}
ORDER BY ?countryLabel",True,0.913,
126,medium,List Czech buildings that serve as both a place of worship and a fire station.,"SELECT DISTINCT ?building ?buildingLabel WHERE {
  ?building wdt:P31 wd:Q41176 ;
            wdt:P31 wd:Q11296 ;
            wdt:P17 wd:Q213 .
  SERVICE wikibase:label { bd:serviceParam wikibase:language ""[AUTO_LANGUAGE],en"". }
}",True,0.0,
127,medium,List all Mexican presidents with their signature images on Wikidata.,"SELECT DISTINCT ?president ?presidentLabel ?signature WHERE {
  ?president wdt:P31 wd:Q5 ;
             wdt:P39 wd:Q30461 ;
             wdt:P27 wd:Q96 ;
             wdt:P109 ?signature .
  SERVICE wikibase:label { bd:serviceParam wikibase:language ""[AUTO_LANGUAGE],en"". }
}",True,0.0,
128,medium,List all megaliths in the Basque Country with their coordinates.,"SELECT DISTINCT ?megalith ?megalithLabel ?coord WHERE {
  ?megalith wdt:P31/wdt:P279* wd:Q220659 ;
            wdt:P131* wd:Q47536 ;
            wdt:P625 ?coord .
  SERVICE wikibase:label { bd:serviceParam wikibase:language ""[AUTO_LANGUAGE],en,es,eu,fr"". }
}",True,0.0,
129,medium,What are the names of spacecraft and their inspirations?,"SELECT DISTINCT ?spacecraft ?spacecraftLabel ?inspiration ?inspirationLabel WHERE {
  ?spacecraft wdt:P31/wdt:P279* wd:Q40218 ;
              wdt:P941 ?inspiration .
  SERVICE wikibase:label { bd:serviceParam wikibase:language ""[AUTO_LANGUAGE],en"". }
}",True,0.0,
130,medium,List all National Trust properties in the UK along with their coordinates.,"SELECT DISTINCT ?property ?propertyLabel ?coordinates WHERE {
  ?property wdt:P31/wdt:P279* wd:Q623954 ;
            wdt:P17 wd:Q145 ;
            wdt:P625 ?coordinates .
  SERVICE wikibase:label { bd:serviceParam wikibase:language ""[AUTO_LANGUAGE],en"". }
}",True,0.0,
131,medium,Show me the top 50 longest cars in the world.,"SELECT ?car ?carLabel ?length WHERE {
  ?car wdt:P31 wd:Q1420 ;
       wdt:P2043 ?length .
  SERVICE wikibase:label { bd:serviceParam wikibase:language ""[AUTO_LANGUAGE],en"". }
}
ORDER BY DESC(?length)
LIMIT 50",True,0.1429,
132,medium,Find paintings that are taller than they are wide and show me the images.,"SELECT ?painting ?paintingLabel ?height ?width ?image WHERE {
  ?painting wdt:P31/wdt:P279* wd:Q3305213 ;
            wdt:P2048 ?height ;
            wdt:P2049 ?width ;
            wdt:P18 ?image .
  FILTER(?height > ?width)
  SERVICE wikibase:label { bd:serviceParam wikibase:language ""[AUTO_LANGUAGE],en"". }
}",False,0.0,
133,medium,List the hometowns of all current US Senators.,"SELECT DISTINCT ?senator ?senatorLabel ?hometown ?hometownLabel WHERE {
  ?senator p:P39 ?statement .
  ?statement ps:P39 wd:Q4416090 .
  FILTER NOT EXISTS { ?statement pq:P582 ?endTime . }
  OPTIONAL { ?senator wdt:P551 ?hometown . }
  SERVICE wikibase:label { bd:serviceParam wikibase:language ""[AUTO_LANGUAGE],en"". }
}",True,0.0,
134,medium,List all the settlements along the Way of Saint James in Basque Country.,"SELECT DISTINCT ?settlement ?settlementLabel WHERE {
  ?settlement wdt:P31/wdt:P279* wd:Q486972 ;
              wdt:P131* wd:Q3995 ;
              wdt:P361 wd:Q275248 .
  SERVICE wikibase:label { bd:serviceParam wikibase:language ""[AUTO_LANGUAGE],en"". }
}",True,1.0,
135,medium,"What are the English, Welsh and Scottish counties that share borders?","SELECT DISTINCT ?county1 ?county1Label ?county2 ?county2Label WHERE {
  VALUES ?country { wd:Q21 wd:Q25 wd:Q22 }
  ?county1 wdt:P31/wdt:P279* wd:Q47168 ;
           wdt:P17 ?country ;
           wdt:P47 ?county2 .
  ?county2 wdt:P31/wdt:P279* wd:Q47168 ;
           wdt:P17 ?country .
  FILTER(?county1 != ?county2)
  FILTER(STR(?county1) < STR(?county2))
  SERVICE wikibase:label { bd:serviceParam wikibase:language ""en"". }
}",False,0.0,
136,medium,List Indian people who died in 1959 and whose work is now public domain.,"SELECT DISTINCT ?person ?personLabel ?deathDate ?image WHERE {
  ?person wdt:P31 wd:Q5 ;
          wdt:P27 wd:Q668 ;
          wdt:P570 ?deathDate ;
          wdt:P6216 wd:Q19652 .
  FILTER(YEAR(?deathDate) = 1959)
  OPTIONAL { ?person wdt:P18 ?image . }
  SERVICE wikibase:label { bd:serviceParam wikibase:language ""[AUTO_LANGUAGE],en"". }
}",True,0.0,
137,medium,"List the top 100 lexemes with their corresponding lemmas, ordered by frequency of compound parts.","SELECT ?lexeme ?lemma ?compoundCount WHERE {
  {
    SELECT ?lexeme ?lemma (COUNT(?part) AS ?compoundCount) WHERE {
      ?lexeme wikibase:lemma ?lemma ;
              ontolex:lexicalForm ?form .
      ?form decomp:constituent ?part .
    }
    GROUP BY ?lexeme ?lemma
    ORDER BY DESC(?compoundCount)
    LIMIT 100
  }
}
ORDER BY DESC(?compoundCount)",False,0.0,
138,medium,List all humans without children.,"SELECT DISTINCT ?person ?personLabel WHERE {
  ?person wdt:P31 wd:Q5 .
  FILTER NOT EXISTS { ?person wdt:P40 ?child . }
  SERVICE wikibase:label { bd:serviceParam wikibase:language ""[AUTO_LANGUAGE],en"". }
}",False,0.0,
139,medium,List all rivers in Antarctica.,"SELECT DISTINCT ?river ?riverLabel WHERE {
  ?river wdt:P31/wdt:P279* wd:Q4022 ;
         wdt:P17 wd:Q51 .
  SERVICE wikibase:label { bd:serviceParam wikibase:language ""[AUTO_LANGUAGE],en"". }
}",True,0.0,
140,medium,Show me a map of libraries located in Austria.,"SELECT DISTINCT ?library ?libraryLabel ?coord WHERE {
  ?library wdt:P31/wdt:P279* wd:Q7075 ;
           wdt:P131* wd:Q40 ;
           wdt:P625 ?coord .
  SERVICE wikibase:label { bd:serviceParam wikibase:language ""[AUTO_LANGUAGE],en"". }
}",True,0.5871,
141,medium,List all politicians who died from cancer.,"SELECT DISTINCT ?person ?personLabel ?causeOfDeathLabel WHERE {
  ?person wdt:P31 wd:Q5 ;
          wdt:P106 wd:Q82955 ;
          wdt:P509 ?causeOfDeath .
  ?causeOfDeath wdt:P279* wd:Q12078 .
  SERVICE wikibase:label { bd:serviceParam wikibase:language ""[AUTO_LANGUAGE],en"". }
}",True,0.9898,
142,medium,List the most popular heritage sites based on their sitelinks.,"SELECT ?site ?siteLabel ?sitelinks WHERE {
  ?site wdt:P1435 ?heritageStatus;
        wikibase:sitelinks ?sitelinks.
  SERVICE wikibase:label { bd:serviceParam wikibase:language ""[AUTO_LANGUAGE],en"". }
}
ORDER BY DESC(?sitelinks)",False,0.0,
143,medium,List Belgian artists who died in 1949 and will have their work enter the public domain in 2020.,"SELECT DISTINCT ?artist ?artistLabel ?deathDate ?image WHERE {
  ?artist wdt:P31 wd:Q5 ;
          wdt:P106 wd:Q483501 ;
          wdt:P27 wd:Q31 ;
          wdt:P570 ?deathDate .
  FILTER(YEAR(?deathDate) = 1949)
  OPTIONAL { ?artist wdt:P18 ?image . }
  SERVICE wikibase:label { bd:serviceParam wikibase:language ""[AUTO_LANGUAGE],en"". }
}",True,0.0253,
144,medium,List the top magic schools by student enrollment.,"SELECT ?school ?schoolLabel ?enrollment WHERE {
  ?school wdt:P31/wdt:P279* wd:Q2385804 ;
          wdt:P2196 ?enrollment .
  SERVICE wikibase:label { bd:serviceParam wikibase:language ""[AUTO_LANGUAGE],en"". }
}
ORDER BY DESC(?enrollment)",False,0.0,
145,medium,List the countries of origin for people affiliated with Ghana's top 3 traditional universities.,"SELECT DISTINCT ?person ?personLabel ?country ?countryLabel WHERE {
  VALUES ?university {
    wd:Q200620
    wd:Q201492
    wd:Q201388
  }
  ?person wdt:P108|wdt:P463|wdt:P1416 ?university ;
          wdt:P27 ?country .
  SERVICE wikibase:label { bd:serviceParam wikibase:language ""[AUTO_LANGUAGE],en"". }
}",True,0.0057,
146,medium,List all male Americans born between 1875 and 1930 with exact dates of death but only year-specific birthdates.,"SELECT ?person ?personLabel ?birth ?death WHERE {
  ?person wdt:P31 wd:Q5 ;
          wdt:P21 wd:Q6581097 ;
          wdt:P27 wd:Q30 ;
          p:P569 ?birthStatement ;
          p:P570 ?deathStatement .
  
  ?birthStatement ps:P569 ?birth ;
                  psv:P569 ?birthValue .
  ?birthValue wikibase:timePrecision ?birthPrecision .
  
  ?deathStatement ps:P570 ?death ;
                  psv:P570 ?deathValue .
  ?deathValue wikibase:timePrecision ?deathPrecision .
  
  FILTER(?birth >= ""1875-01-01T00:00:00Z""^^xsd:dateTime && ?birth < ""1931-01-01T00:00:00Z""^^xsd:dateTime)
  FILTER(?birthPrecision = 9)
  FILTER(?deathPrecision = 11)
  
  SERVICE wikibase:label { bd:serviceParam wikibase:language ""[AUTO_LANGUAGE],en"". }
}
ORDER BY ?birth ?personLabel",False,0.0,
147,medium,List the French towns that have a street in Paris named after them.,"SELECT DISTINCT ?town ?townLabel WHERE {
  ?street wdt:P31/wdt:P279* wd:Q79007 ;
          wdt:P17 wd:Q142 ;
          wdt:P131 wd:Q90 ;
          wdt:P138 ?town .
  ?town wdt:P31/wdt:P279* wd:Q3957 ;
        wdt:P17 wd:Q142 .
  SERVICE wikibase:label { bd:serviceParam wikibase:language ""[AUTO_LANGUAGE],en,fr"". }
}
ORDER BY ?townLabel",True,0.0,
148,medium,Show me a map of German states with links to iNaturalist observations.,"SELECT DISTINCT ?state ?stateLabel ?coord ?iNaturalist WHERE {
  ?state wdt:P31 wd:Q1221156 ;
         wdt:P17 wd:Q183 ;
         wdt:P625 ?coord ;
         wdt:P3151 ?iNaturalist .
  SERVICE wikibase:label { bd:serviceParam wikibase:language ""[AUTO_LANGUAGE],en"". }
}",True,0.0,
149,medium,What are the Alpine peaks with an elevation above 1500 meters?,"SELECT DISTINCT ?peak ?peakLabel ?elevation WHERE {
  ?peak wdt:P31/wdt:P279* wd:Q8502 ;
        wdt:P17 ?country ;
        wdt:P2044 ?elevation .
  VALUES ?country {
    wd:Q39 wd:Q40 wd:Q183 wd:Q38 wd:Q142 wd:Q228 wd:Q31 wd:Q55 wd:Q213
  }
  FILTER(?elevation > 1500)
  SERVICE wikibase:label { bd:serviceParam wikibase:language ""[AUTO_LANGUAGE],en"". }
}
ORDER BY DESC(?elevation) ?peakLabel",False,0.0,
150,medium,Show me the locations of Pablo Picasso's artworks on a map.,"SELECT DISTINCT ?artwork ?artworkLabel ?location ?locationLabel ?coord WHERE {
  ?artwork wdt:P170 wd:Q5593 ;
           wdt:P276 ?location .
  ?location wdt:P625 ?coord .
  SERVICE wikibase:label { bd:serviceParam wikibase:language ""[AUTO_LANGUAGE],en"". }
}",True,0.7419,
151,medium,Find scientific statements related to the DOI 10.10.21/JA01577A030.,"SELECT DISTINCT ?statement ?statementLabel WHERE {
  VALUES ?doi { ""10.10.21/JA01577A030"" }
  ?work wdt:P356 ?doi .
  ?statement (wdt:P2860|wdt:P887|wdt:P921|wdt:P2579|wdt:P2868|wdt:P361|wdt:P1269|wdt:P31) ?work .
  SERVICE wikibase:label { bd:serviceParam wikibase:language ""[AUTO_LANGUAGE],en"". }
}",True,1.0,
152,medium,List all Hebrew nouns that can be both masculine and feminine.,"SELECT DISTINCT ?noun ?nounLabel WHERE {
  ?noun wdt:P31 wd:Q1084 ;
        wdt:P5185 wd:Q499327 .
  ?noun wdt:P5185 wd:Q1775415 .
  SERVICE wikibase:label { bd:serviceParam wikibase:language ""en, he"". }
}",True,0.0,
153,medium,List all winners of the FSF Award for the Advancement of Free Software along with their images.,"SELECT DISTINCT ?winner ?winnerLabel ?image WHERE {
  ?winner p:P166 ?awardStatement .
  ?awardStatement ps:P166 wd:Q3079781 .
  OPTIONAL { ?winner wdt:P18 ?image . }
  SERVICE wikibase:label { bd:serviceParam wikibase:language ""[AUTO_LANGUAGE],en"". }
}
ORDER BY ?winnerLabel",True,0.0,
154,medium,Find images of languages and their dialects.,"SELECT DISTINCT ?language ?languageLabel ?dialect ?dialectLabel ?image WHERE {
  ?dialect wdt:P31 wd:Q56461 ;
           wdt:P279 ?language .
  OPTIONAL { ?language wdt:P18 ?image . }
  SERVICE wikibase:label { bd:serviceParam wikibase:language ""[AUTO_LANGUAGE],en"". }
}",True,0.0,
155,medium,"Show me a map of parishes in New South Wales, Australia, organized by county.","SELECT DISTINCT ?parish ?parishLabel ?county ?countyLabel ?coord WHERE {
  ?parish wdt:P31 wd:Q1149652 ;
          wdt:P131 ?county ;
          wdt:P625 ?coord .
  ?county wdt:P31 wd:Q779879 .
  ?county wdt:P131* wd:Q3224 .
  SERVICE wikibase:label { bd:serviceParam wikibase:language ""[AUTO_LANGUAGE],en"". }
}",True,0.0,
156,medium,List all organizations with their geographic locations.,"SELECT DISTINCT ?organization ?organizationLabel ?location ?locationLabel WHERE {
  ?organization wdt:P31/wdt:P279* wd:Q43229 ;
                wdt:P276 ?location .
  SERVICE wikibase:label { bd:serviceParam wikibase:language ""[AUTO_LANGUAGE],en"". }
}",False,0.0,
157,medium,List all French watercraft whose name begins with the letter A.,"SELECT DISTINCT ?watercraft ?watercraftLabel WHERE {
  ?watercraft wdt:P31/wdt:P279* wd:Q1229765 ;
              wdt:P17 wd:Q142 ;
              rdfs:label ?label .
  FILTER(LANG(?label) = ""en"")
  FILTER(STRSTARTS(?label, ""A""))
  SERVICE wikibase:label { bd:serviceParam wikibase:language ""[AUTO_LANGUAGE],en"" . }
}",True,0.3478,
158,medium,List Indian films that are remakes of other Indian movies.,"SELECT DISTINCT ?film ?filmLabel ?original ?originalLabel WHERE {
  ?film wdt:P31 wd:Q11424 ;
        wdt:P495 wd:Q668 ;
        wdt:P144 ?original .
  ?original wdt:P31 wd:Q11424 ;
            wdt:P495 wd:Q668 .
  SERVICE wikibase:label { bd:serviceParam wikibase:language ""[AUTO_LANGUAGE],en"". }
}",True,1.0,
159,medium,List the countries with the most metal bands.,"SELECT ?country ?countryLabel (COUNT(DISTINCT ?band) AS ?metalBands) WHERE {
  ?band wdt:P31/wdt:P279* wd:Q215380 ;
        wdt:P495 ?country .
  SERVICE wikibase:label { bd:serviceParam wikibase:language ""[AUTO_LANGUAGE],en"". }
}
GROUP BY ?country ?countryLabel
ORDER BY DESC(?metalBands)",True,0.1781,
160,medium,List all popes who had a parent that was also a pope.,"SELECT DISTINCT ?pope ?popeLabel ?parent ?parentLabel WHERE {
  ?pope wdt:P31 wd:Q5 ;
        wdt:P39 wd:Q19546 ;
        wdt:P22|wdt:P25 ?parent .
  ?parent wdt:P39 wd:Q19546 .
  SERVICE wikibase:label { bd:serviceParam wikibase:language ""[AUTO_LANGUAGE],en"". }
}",True,1.0,
161,medium,List all locations with the name 'Earth' in any language.,"SELECT DISTINCT ?location ?locationLabel WHERE {
  ?location rdfs:label ?name .
  FILTER(LCASE(STR(?name)) = ""earth"")
  SERVICE wikibase:label { bd:serviceParam wikibase:language ""[AUTO_LANGUAGE],en"". }
}",False,0.0,
162,medium,List scientific papers where an animal is credited as a co-author.,"SELECT DISTINCT ?paper ?paperLabel ?author ?authorLabel ?species ?speciesLabel WHERE {
  ?paper wdt:P50 ?author .
  ?author wdt:P31 wd:Q5 ;
          wdt:P106 ?species .
  VALUES ?species {
    wd:Q729
    wd:Q7377
    wd:Q5113
    wd:Q25265
    wd:Q25324
    wd:Q144
    wd:Q146
    wd:Q726
    wd:Q7380
    wd:Q140
  }
  SERVICE wikibase:label { bd:serviceParam wikibase:language ""[AUTO_LANGUAGE],en"". }
}",True,1.0,
163,medium,List all archaeological sites without coordinates.,"SELECT DISTINCT ?site ?siteLabel WHERE {
  ?site wdt:P31/wdt:P279* wd:Q839954 .
  FILTER NOT EXISTS { ?site wdt:P625 ?coordinate . }
  SERVICE wikibase:label { bd:serviceParam wikibase:language ""[AUTO_LANGUAGE],en"". }
}",False,0.0,
164,medium,List national flags that have inscriptions on them.,"SELECT DISTINCT ?flag ?flagLabel ?country ?countryLabel ?image WHERE {
  ?country wdt:P31 wd:Q3624078 ;
           wdt:P163 ?flag .
  ?flag wdt:P31/wdt:P279* wd:Q14659 ;
        wdt:P180 ?inscription .
  OPTIONAL { ?flag wdt:P18 ?image . }
  SERVICE wikibase:label { bd:serviceParam wikibase:language ""[AUTO_LANGUAGE],en"". }
}",True,0.0,
165,medium,Find individuals with both UK National Archives and US NARA IDs.,"SELECT ?person ?personLabel ?ukNationalArchivesID ?naraID WHERE {
  ?person wdt:P31 wd:Q5 ;
          wdt:P3029 ?ukNationalArchivesID ;
          wdt:P1225 ?naraID .
  SERVICE wikibase:label { bd:serviceParam wikibase:language ""[AUTO_LANGUAGE],en"". }
}",True,0.1424,
166,medium,List countries with featured articles on Russian Wikipedia.,"SELECT DISTINCT ?country ?countryLabel ?article WHERE {
  ?article schema:about ?country ;
           schema:isPartOf <https://ru.wikipedia.org/> .
  ?country wdt:P31 wd:Q6256 .
  SERVICE wikibase:label { bd:serviceParam wikibase:language ""en,ru,[AUTO_LANGUAGE]"" . }
}",True,0.0094,
167,medium,List all fortifications related to the Dutch East India Company (VOC) and the Dutch West India Company (WIC).,"SELECT DISTINCT ?fortification ?fortificationLabel ?company ?companyLabel WHERE {
  VALUES ?company { wd:Q158789 wd:Q1001973 }
  ?fortification wdt:P31/wdt:P279* wd:Q57821 ;
                 wdt:P361 ?company .
  SERVICE wikibase:label { bd:serviceParam wikibase:language ""[AUTO_LANGUAGE],en"". }
}",True,0.0,
168,medium,List all movies directed by Jean-Luc Godard in chronological order.,"SELECT ?movie ?movieLabel ?publicationDate WHERE {
  ?movie wdt:P31 wd:Q11424 ;
         wdt:P57 wd:Q1041 ;
         wdt:P577 ?publicationDate .
  SERVICE wikibase:label { bd:serviceParam wikibase:language ""[AUTO_LANGUAGE],en"". }
}
ORDER BY ?publicationDate",True,0.0,
169,medium,Show me a map of the birthplaces of artists featured in Europeana 280.,"SELECT DISTINCT ?artist ?artistLabel ?birthplace ?birthplaceLabel ?coord WHERE {
  ?artist wdt:P727 wd:Q106619368 ;
          wdt:P31 wd:Q5 ;
          wdt:P106/wdt:P279* wd:Q483501 ;
          wdt:P19 ?birthplace .
  ?birthplace wdt:P625 ?coord .
  SERVICE wikibase:label { bd:serviceParam wikibase:language ""[AUTO_LANGUAGE],en"". }
}",True,1.0,
170,medium,List the people who have both a warship and a microarchitecture named after them.,"SELECT DISTINCT ?person ?personLabel WHERE {
  ?warship wdt:P31/wdt:P279* wd:Q11446 ;
           wdt:P138 ?person .
  ?microarchitecture wdt:P31/wdt:P279* wd:Q860861 ;
                     wdt:P138 ?person .
  ?person wdt:P31 wd:Q5 .
  SERVICE wikibase:label { bd:serviceParam wikibase:language ""[AUTO_LANGUAGE],en"". }
}",True,0.0,
171,medium,List all types of food in English.,"SELECT DISTINCT ?foodType ?foodTypeLabel WHERE {
  ?foodType wdt:P31/wdt:P279* wd:Q2095 .
  SERVICE wikibase:label { bd:serviceParam wikibase:language ""en"". }
}",True,0.0019,
172,medium,List all female artists.,"SELECT DISTINCT ?artist ?artistLabel WHERE {
  ?artist wdt:P31 wd:Q5 ;
          wdt:P21 wd:Q6581072 ;
          wdt:P106 ?occupation .
  ?occupation wdt:P279* wd:Q483501 .
  SERVICE wikibase:label { bd:serviceParam wikibase:language ""[AUTO_LANGUAGE],en"". }
}",False,0.0,
173,medium,List all paintings that are classified as still life and were created by female artists.,"SELECT DISTINCT ?painting ?paintingLabel ?artist ?artistLabel WHERE {
  ?painting wdt:P31 wd:Q3305213 ;
            wdt:P170 ?artist .
  ?artist wdt:P21 wd:Q6581072 .
  SERVICE wikibase:label { bd:serviceParam wikibase:language ""[AUTO_LANGUAGE],en"". }
}",True,0.0115,
174,medium,List all articles about Wikidata instances.,"SELECT DISTINCT ?item ?itemLabel ?article WHERE {
  ?item wdt:P31 wd:Q4167836 .
  ?article schema:about ?item ;
           schema:isPartOf ?site .
  FILTER(REGEX(STR(?site), ""^https?://""))
  SERVICE wikibase:label { bd:serviceParam wikibase:language ""[AUTO_LANGUAGE],en"". }
}",False,0.0,
175,medium,Find statements with a specific value assigned to property P1343 and retrieve their references.,"SELECT ?item ?itemLabel ?value ?valueLabel ?refProp ?refPropLabel ?refValue ?refValueLabel WHERE {
  ?item p:P1343 ?statement .
  ?statement ps:P1343 ?value ;
             prov:wasDerivedFrom ?reference .
  ?reference ?pr ?refValue .
  ?refProp wikibase:reference ?pr .
  FILTER(?pr != prov:wasDerivedFrom)
  SERVICE wikibase:label { bd:serviceParam wikibase:language ""[AUTO_LANGUAGE],en"". }
}",False,0.0,
176,medium,Show me a map of lakes and rivers in France.,"SELECT DISTINCT ?waterbody ?waterbodyLabel ?coord ?typeLabel WHERE {
  VALUES ?type { wd:Q23397 wd:Q4022 }
  ?waterbody wdt:P31 ?type ;
             wdt:P17 wd:Q142 ;
             wdt:P625 ?coord .
  SERVICE wikibase:label { bd:serviceParam wikibase:language ""[AUTO_LANGUAGE],en,fr,de,it,es"". }
}",True,0.1293,
177,medium,Find paintings of ships created by Charles Heaphy.,"SELECT DISTINCT ?painting ?paintingLabel ?image WHERE {
  ?painting wdt:P31 wd:Q3305213 ;
            wdt:P170 wd:Q5071447 ;
            wdt:P180 wd:Q11446 .
  OPTIONAL { ?painting wdt:P18 ?image . }
  SERVICE wikibase:label { bd:serviceParam wikibase:language ""[AUTO_LANGUAGE],en"". }
}",True,0.0,
178,medium,Show me a map of images from the Wicipics project in Wales.,"SELECT DISTINCT ?place ?placeLabel ?coord ?image WHERE {
  ?place wdt:P17 wd:Q145 ;
         wdt:P131* wd:Q25 ;
         wdt:P625 ?coord ;
         wdt:P18 ?image .
  FILTER EXISTS { ?image wikibase:wikiGroup ""wicipics"" }
  SERVICE wikibase:label { bd:serviceParam wikibase:language ""[AUTO_LANGUAGE],en"". }
}",True,0.0,
179,medium,List all poets from the Kingdom of Great Britain with known birth and death years.,"SELECT DISTINCT ?person ?personLabel ?birth ?death WHERE {
  ?person wdt:P31 wd:Q5 ;
          wdt:P106 wd:Q49757 ;
          wdt:P27 wd:Q161885 ;
          wdt:P569 ?birth ;
          wdt:P570 ?death .
  SERVICE wikibase:label { bd:serviceParam wikibase:language ""[AUTO_LANGUAGE],en"". }
}
ORDER BY ?personLabel",True,0.4259,
180,medium,List all coups d'etat that occurred in the 21st century.,"SELECT DISTINCT ?event ?eventLabel ?date WHERE {
  ?event wdt:P31/wdt:P279* wd:Q176245 ;
         wdt:P585 ?date .
  FILTER(YEAR(?date) >= 2001 && YEAR(?date) <= 2100)
  SERVICE wikibase:label { bd:serviceParam wikibase:language ""[AUTO_LANGUAGE],en"". }
}
ORDER BY ?date",True,0.0,
181,medium,List all Wikidata entities with multiple Electronic Enlightenment IDs.,"SELECT ?item ?itemLabel (COUNT(?emlo) AS ?emloCount) WHERE {
  ?item wdt:P1802 ?emlo .
  SERVICE wikibase:label { bd:serviceParam wikibase:language ""[AUTO_LANGUAGE],en"". }
}
GROUP BY ?item ?itemLabel
HAVING (COUNT(?emlo) > 1)
ORDER BY DESC(?emloCount) ?itemLabel",True,0.0026,
182,medium,List German movie titles that imply someone or something doesn't answer.,"SELECT DISTINCT ?film ?filmLabel WHERE {
  ?film wdt:P31 wd:Q11424 ;
        wdt:P1476 ?title .
  FILTER(LANG(?title) = ""de"")
  FILTER(
    CONTAINS(LCASE(STR(?title)), ""antwortet nicht"") ||
    CONTAINS(LCASE(STR(?title)), ""antworten nicht"") ||
    CONTAINS(LCASE(STR(?title)), ""keine antwort"") ||
    CONTAINS(LCASE(STR(?title)), ""ohne antwort"")
  )
  SERVICE wikibase:label { bd:serviceParam wikibase:language ""de,en"". }
}",True,0.1081,
183,medium,List all female artists.,"SELECT DISTINCT ?artist ?artistLabel WHERE {
  ?artist wdt:P31 wd:Q5 ;
          wdt:P21 wd:Q6581072 ;
          wdt:P106 ?occupation .
  ?occupation wdt:P279* wd:Q483501 .
  SERVICE wikibase:label { bd:serviceParam wikibase:language ""[AUTO_LANGUAGE],en"". }
}",False,0.0,
184,medium,List all biological taxa named after metal music bands.,"SELECT DISTINCT ?taxon ?taxonLabel ?namedAfter ?namedAfterLabel WHERE {
  ?taxon wdt:P31/wdt:P279* wd:Q16521 ;
         wdt:P138 ?namedAfter .
  ?namedAfter wdt:P31/wdt:P279* wd:Q215380 .
  SERVICE wikibase:label { bd:serviceParam wikibase:language ""[AUTO_LANGUAGE],en"". }
}",False,0.0,
185,medium,List authors with their Project Gutenberg IDs and Electronic Enlightenment IDs.,"SELECT ?author ?authorLabel ?gutenbergID ?electronicEnlightenmentID WHERE {
  ?author wdt:P31 wd:Q5 ;
          wdt:P1938 ?gutenbergID ;
          wdt:P5376 ?electronicEnlightenmentID .
  SERVICE wikibase:label { bd:serviceParam wikibase:language ""[AUTO_LANGUAGE],en"". }
}",True,0.0035,
186,medium,List all artworks created by Ferdinand Bauer that do not have a 'depicts' property.,"SELECT DISTINCT ?artwork ?artworkLabel WHERE {
  ?artwork wdt:P170 wd:Q3077491 .
  FILTER NOT EXISTS { ?artwork wdt:P180 ?depicts . }
  SERVICE wikibase:label { bd:serviceParam wikibase:language ""[AUTO_LANGUAGE],en"". }
}",True,0.0,
187,medium,List the notable people whose doctoral advisor was a University of Bristol alum.,"SELECT DISTINCT ?person ?personLabel ?advisor ?advisorLabel WHERE {
  ?person wdt:P184 ?advisor .
  ?advisor wdt:P69 wd:Q151564 .
  ?person wdt:P31 wd:Q5 .
  SERVICE wikibase:label { bd:serviceParam wikibase:language ""[AUTO_LANGUAGE],en"". }
}",True,0.0,
188,medium,List the top software titles with their dependency counts.,"SELECT ?software ?softwareLabel (COUNT(?dependency) AS ?dependencyCount) WHERE {
  ?software wdt:P31 wd:Q7397 .
  ?software wdt:P1547 ?dependency .
  SERVICE wikibase:label { bd:serviceParam wikibase:language ""[AUTO_LANGUAGE],en"". }
}
GROUP BY ?software ?softwareLabel
ORDER BY DESC(?dependencyCount)",True,0.0,
189,medium,List all tram bridges located in France.,"SELECT DISTINCT ?bridge ?bridgeLabel ?image WHERE {
  ?bridge wdt:P31 wd:Q12280 ;
          wdt:P1435 ?tramway ;
          wdt:P17 wd:Q142 .
  OPTIONAL { ?bridge wdt:P18 ?image . }
  SERVICE wikibase:label { bd:serviceParam wikibase:language ""[AUTO_LANGUAGE],en,fr,de,it,es"". }
}",True,0.0005,
190,medium,List all works with languages spoken in a specific country.,"SELECT DISTINCT ?work ?workLabel ?language ?languageLabel ?country ?countryLabel WHERE {
  ?work wdt:P407 ?language .
  ?language wdt:P31/wdt:P279* wd:Q34770 .
  ?language wdt:P17 ?country .
  SERVICE wikibase:label { bd:serviceParam wikibase:language ""[AUTO_LANGUAGE],en"". }
}",False,0.0,
191,medium,"List the children of Johann Sebastian Bach with his first wife, Maria Barbara Bach.","SELECT DISTINCT ?child ?childLabel WHERE {
  ?child wdt:P22 wd:Q1339 ;
         wdt:P25 wd:Q58491 .
  SERVICE wikibase:label { bd:serviceParam wikibase:language ""[AUTO_LANGUAGE],en"". }
}",True,0.0,
192,medium,List all lexemes that describe a color.,"SELECT DISTINCT ?lexeme ?lemma WHERE {
  ?lexeme dct:language ?language ;
          wikibase:lemma ?lemma ;
          wdt:P31/wdt:P279* wd:Q1075 .
}",True,0.0073,
193,medium,List all individuals buried in Pere-Lachaise cemetery who were born in a Ukrainian city.,"SELECT DISTINCT ?person ?personLabel ?birthPlace ?birthPlaceLabel WHERE {
  ?person wdt:P31 wd:Q5 ;
          wdt:P119 wd:Q311 ;
          wdt:P19 ?birthPlace .
  ?birthPlace wdt:P31/wdt:P279* wd:Q486972 ;
              wdt:P17 wd:Q212 .
  SERVICE wikibase:label { bd:serviceParam wikibase:language ""[AUTO_LANGUAGE],en"". }
}",False,0.0,
194,medium,List all films shot in Austria.,"SELECT DISTINCT ?film ?filmLabel WHERE {
  ?film wdt:P31 wd:Q11424 ;
        wdt:P915 wd:Q40 .
  SERVICE wikibase:label { bd:serviceParam wikibase:language ""[AUTO_LANGUAGE],en"". }
}",True,0.2194,
195,medium,List all entities that have received the Commander of the Legion of Honour award without any references.,"SELECT DISTINCT ?entity ?entityLabel WHERE {
  ?entity p:P166 ?awardStatement .
  ?awardStatement ps:P166 wd:Q14211 .
  FILTER NOT EXISTS { ?awardStatement prov:wasDerivedFrom ?reference . }
  SERVICE wikibase:label { bd:serviceParam wikibase:language ""[AUTO_LANGUAGE],en"". }
}",True,0.0,
196,medium,"List the Jameel items in Ashmolean Museum with their URLs, ordered by the number of statements.","SELECT ?item ?itemLabel ?url WHERE {
  ?item wdt:P195 wd:Q479118 ;
        wdt:P195 wd:Q106949019 ;
        wdt:P973 ?url .
  SERVICE wikibase:label { bd:serviceParam wikibase:language ""[AUTO_LANGUAGE],en"". }
}
ORDER BY DESC(?item)",True,0.0,
197,medium,List all album covers that show a specific location.,"SELECT DISTINCT ?album ?albumLabel ?location ?locationLabel ?image WHERE {
  ?album wdt:P31 wd:Q482994;
         wdt:P180 ?location.
  ?location wdt:P31/wdt:P279* wd:Q2221906.
  OPTIONAL { ?album wdt:P18 ?image. }
  SERVICE wikibase:label { bd:serviceParam wikibase:language ""[AUTO_LANGUAGE],en"". }
}",False,0.0,
198,medium,Find locations that have something named after them.,"SELECT DISTINCT ?location ?locationLabel ?namedAfterItem ?namedAfterItemLabel WHERE {
  ?namedAfterItem wdt:P138 ?location .
  ?location wdt:P31/wdt:P279* wd:Q17334923 .
  SERVICE wikibase:label { bd:serviceParam wikibase:language ""[AUTO_LANGUAGE],en"". }
}",False,0.0,
199,medium,Show a bubble chart of occupations held by people affiliated with the University of Clermont.,"SELECT ?occupationLabel (COUNT(DISTINCT ?person) AS ?count) WHERE {
  ?person wdt:P31 wd:Q5 ;
          wdt:P106 ?occupation ;
          (wdt:P69|wdt:P108) wd:Q1786774 .
  SERVICE wikibase:label { bd:serviceParam wikibase:language ""[AUTO_LANGUAGE],en"". }
}
GROUP BY ?occupationLabel
ORDER BY DESC(?count)",True,0.0,
200,medium,Show me a list of nuclear weapons tests with their coordinates.,"SELECT DISTINCT ?test ?testLabel ?coordinates WHERE {
  ?test wdt:P31/wdt:P279* wd:Q188184 ;
        wdt:P625 ?coordinates .
  SERVICE wikibase:label { bd:serviceParam wikibase:language ""[AUTO_LANGUAGE],en"". }
}",True,0.0,
201,medium,List the number of UK parliament seats where members switched to other seats each year from 1830 to 1910.,"SELECT ?year (COUNT(DISTINCT ?seat) AS ?numberOfSeats) WHERE {
  {
    SELECT DISTINCT ?seat ?year WHERE {
      ?person p:P39 ?stmt1, ?stmt2 .
      ?stmt1 ps:P39 ?seat ;
             pq:P580 ?start1 .
      ?stmt2 ps:P39 ?otherSeat ;
             pq:P580 ?start2 .
      ?seat wdt:P31 wd:Q4164871 .
      ?otherSeat wdt:P31 wd:Q4164871 .
      FILTER(?seat != ?otherSeat)
      FILTER(YEAR(?start1) >= 1830 && YEAR(?start1) <= 1910)
      FILTER(YEAR(?start2) >= 1830 && YEAR(?start2) <= 1910)
      BIND(YEAR(?start2) AS ?year)
      FILTER(?start2 > ?start1)
    }
  }
  FILTER(?year >= 1830 && ?year <= 1910)
  ?seat wdt:P361 wd:Q11005 .
}
GROUP BY ?year
ORDER BY ?year",True,0.0204,
202,medium,List the paintings in the Louvre's Paintings Department created by female artists.,"SELECT DISTINCT ?painting ?paintingLabel ?artist ?artistLabel WHERE {
  ?painting wdt:P31 wd:Q3305213 ;
            wdt:P195 wd:Q19675 ;
            wdt:P170 ?artist .
  ?artist wdt:P21 wd:Q6581072 .
  FILTER EXISTS { ?painting p:P195 ?collectionStatement .
                  ?collectionStatement ps:P195 wd:Q19675 ;
                                       pq:P1951 wd:Q20834478 . }
  SERVICE wikibase:label { bd:serviceParam wikibase:language ""[AUTO_LANGUAGE],en"". }
}",True,1.0,
203,medium,Find the GADM ID of a specific administrative area and get its corresponding GBIF dataset link.,"SELECT ?area ?areaLabel ?gadmID ?gbifDataset WHERE {
  ?area wdt:P917 ?gadmID .
  OPTIONAL { ?area wdt:P846 ?gbifDataset . }
  SERVICE wikibase:label { bd:serviceParam wikibase:language ""[AUTO_LANGUAGE],en"". }
}",True,0.0,
204,medium,What is the maximum population of cities in each country?,"SELECT ?country ?countryLabel (MAX(?population) AS ?maxPopulation) WHERE {
  ?city wdt:P31/wdt:P279* wd:Q515 ;
        wdt:P1082 ?population ;
        wdt:P17 ?country .
  SERVICE wikibase:label { bd:serviceParam wikibase:language ""[AUTO_LANGUAGE],en"". }
}
GROUP BY ?country ?countryLabel
ORDER BY ?countryLabel",False,0.0,
205,medium,List all the birthplaces of Liverpool football players on a map.,"SELECT DISTINCT ?player ?playerLabel ?birthplace ?birthplaceLabel ?coord WHERE {
  ?player wdt:P31 wd:Q5 ;
          wdt:P106 wd:Q937857 ;
          wdt:P54 wd:Q18656 ;
          wdt:P19 ?birthplace .
  ?birthplace wdt:P625 ?coord .
  SERVICE wikibase:label { bd:serviceParam wikibase:language ""[AUTO_LANGUAGE],en"". }
}",True,0.0525,
206,medium,Show me a list of parliament buildings from each country with their corresponding images.,"SELECT DISTINCT ?building ?buildingLabel ?country ?countryLabel ?image WHERE {
  ?building wdt:P31/wdt:P279* wd:Q23413 ;
            wdt:P17 ?country .
  OPTIONAL { ?building wdt:P18 ?image . }
  SERVICE wikibase:label { bd:serviceParam wikibase:language ""[AUTO_LANGUAGE],en"". }
}
ORDER BY ?countryLabel ?buildingLabel",True,0.0013,
207,medium,"List the children of Johann Sebastian Bach with his first wife, Maria Barbara Bach.","SELECT DISTINCT ?child ?childLabel WHERE {
  ?child wdt:P22 wd:Q1339 ;
         wdt:P25 wd:Q158927 .
  SERVICE wikibase:label { bd:serviceParam wikibase:language ""[AUTO_LANGUAGE],en"". }
}",True,0.0,
208,medium,List scientists who died by burning.,"SELECT DISTINCT ?person ?personLabel WHERE {
  ?person wdt:P31 wd:Q5 ;
          wdt:P106 wd:Q901 ;
          wdt:P509 wd:Q211957 .
  SERVICE wikibase:label { bd:serviceParam wikibase:language ""[AUTO_LANGUAGE],en"". }
}",True,1.0,
209,medium,List the institutions where UNR faculty members earned their degrees.,"SELECT DISTINCT ?person ?personLabel ?institution ?institutionLabel WHERE {
  ?person wdt:P1416 wd:Q7891582;
          p:P69 ?educationStatement.
  ?educationStatement ps:P69 ?institution.
  SERVICE wikibase:label { bd:serviceParam wikibase:language ""[AUTO_LANGUAGE],en"". }
}",True,0.0,
210,medium,"List all places in Ghana with names ending in 'li', 'ti', or 'om'.","SELECT DISTINCT ?place ?placeLabel WHERE {
  ?place wdt:P31/wdt:P279* wd:Q17334923;
         wdt:P17 wd:Q117.
  FILTER(REGEX(LCASE(?placeLabel), ""(li|ti|om)$""))
  SERVICE wikibase:label { bd:serviceParam wikibase:language ""[AUTO_LANGUAGE],en"". }
}",True,1.0,
211,medium,Find people who have been infected with COVID-19.,"SELECT DISTINCT ?person ?personLabel WHERE {
  ?person wdt:P31 wd:Q5 ;
          wdt:P2176 wd:Q84263196 .
  SERVICE wikibase:label { bd:serviceParam wikibase:language ""[AUTO_LANGUAGE],en"". }
}",True,0.0,
212,medium,List all French National Assembly members born outside of France.,"SELECT DISTINCT ?person ?personLabel ?birthPlace ?birthPlaceLabel ?birthDate WHERE {
  ?person wdt:P39 wd:Q3044918 ;
          wdt:P31 wd:Q5 ;
          wdt:P27 wd:Q142 ;
          wdt:P19 ?birthPlace .
  OPTIONAL { ?person wdt:P569 ?birthDate . }
  FILTER NOT EXISTS { ?birthPlace wdt:P17 wd:Q142 . }
  FILTER (?birthPlace != wd:Q142)
  SERVICE wikibase:label { bd:serviceParam wikibase:language ""[AUTO_LANGUAGE],en"" . }
}
ORDER BY ?personLabel",True,0.4979,
213,medium,List all the suffragettes around the world along with their birthplaces and coordinates.,"SELECT DISTINCT ?person ?personLabel ?birthplace ?birthplaceLabel ?coord WHERE {
  ?person wdt:P31 wd:Q5 ;
          wdt:P106 wd:Q185351 ;
          wdt:P19 ?birthplace .
  OPTIONAL { ?birthplace wdt:P625 ?coord . }
  SERVICE wikibase:label { bd:serviceParam wikibase:language ""[AUTO_LANGUAGE],en"". }
}",False,0.0,
214,medium,List the top 10 botanists who have authored the most taxons.,"SELECT ?person ?personLabel (COUNT(?taxon) AS ?taxonCount) WHERE {
  ?taxon wdt:P405 ?person .
  ?person wdt:P106 wd:Q2374149 .
  SERVICE wikibase:label { bd:serviceParam wikibase:language ""[AUTO_LANGUAGE],en"". }
}
GROUP BY ?person ?personLabel
ORDER BY DESC(?taxonCount)
LIMIT 10",True,0.0,
215,medium,List the years when pride parades started.,"SELECT DISTINCT ?parade ?paradeLabel ?startYear WHERE {
  ?parade wdt:P31/wdt:P279* wd:Q7999616 ;
          wdt:P571 ?startDate .
  BIND(YEAR(?startDate) AS ?startYear)
  SERVICE wikibase:label { bd:serviceParam wikibase:language ""[AUTO_LANGUAGE],en"". }
}
ORDER BY ?startYear ?paradeLabel",True,0.0,
216,medium,What are the key initiatives promoting open access to research in Japan?,"SELECT DISTINCT ?initiative ?initiativeLabel ?initiativeDescription ?inception ?website WHERE {
  {
    ?initiative wdt:P31/wdt:P279* wd:Q1663548 .
  }
  UNION
  {
    ?initiative wdt:P31/wdt:P279* wd:Q2020153 .
  }
  ?initiative (wdt:P17|wdt:P495|wdt:P276*/wdt:P17) wd:Q17 .
  OPTIONAL { ?initiative wdt:P571 ?inception . }
  OPTIONAL { ?initiative wdt:P856 ?website . }
  SERVICE wikibase:label { bd:serviceParam wikibase:language ""[AUTO_LANGUAGE],en"". }
}",True,0.0,
217,medium,List museums named after a specific person or thing.,"SELECT DISTINCT ?museum ?museumLabel ?namedAfter ?namedAfterLabel WHERE {
  ?museum wdt:P31/wdt:P279* wd:Q33506 ;
          wdt:P138 ?namedAfter .
  SERVICE wikibase:label { bd:serviceParam wikibase:language ""[AUTO_LANGUAGE],en"". }
}",True,0.7857,
218,medium,List all movie titles that contain the word 'it'.,"SELECT DISTINCT ?movie ?movieLabel WHERE {
  ?movie wdt:P31 wd:Q11424 .
  SERVICE wikibase:label { bd:serviceParam wikibase:language ""[AUTO_LANGUAGE],en"". ?movie rdfs:label ?movieLabel. }
  FILTER(LANG(?movieLabel) = ""en"")
  FILTER(CONTAINS(LCASE(?movieLabel), ""it""))
}",False,0.0,
219,medium,List all the songs composed by Charlie Parker.,"SELECT DISTINCT ?song ?songLabel WHERE {
  ?song wdt:P86 wd:Q103324 .
  SERVICE wikibase:label { bd:serviceParam wikibase:language ""[AUTO_LANGUAGE],en"". }
}",True,0.0,
220,medium,"List all books written by Arthur Conan Doyle, including their titles, illustrators, publishers, and publication dates if available.","SELECT DISTINCT ?book ?bookLabel ?illustrator ?illustratorLabel ?publisher ?publisherLabel ?publicationDate WHERE {
  ?book wdt:P50 wd:Q35610 ;
        wdt:P31/wdt:P279* wd:Q571 .
  OPTIONAL { ?book wdt:P110 ?illustrator . }
  OPTIONAL { ?book wdt:P123 ?publisher . }
  OPTIONAL { ?book wdt:P577 ?publicationDate . }
  SERVICE wikibase:label { bd:serviceParam wikibase:language ""[AUTO_LANGUAGE],en"". }
}
ORDER BY ?publicationDate ?bookLabel",True,0.0,
221,medium,List bodies of water with the most rivers flowing into them.,"SELECT ?waterBody ?waterBodyLabel (COUNT(?river) AS ?inflowCount) WHERE {
  ?river wdt:P403 ?waterBody .
  SERVICE wikibase:label { bd:serviceParam wikibase:language ""[AUTO_LANGUAGE],en"". }
}
GROUP BY ?waterBody ?waterBodyLabel
ORDER BY DESC(?inflowCount)",True,0.0001,
222,medium,List all the paintings in the Suter Art Gallery.,"SELECT DISTINCT ?painting ?paintingLabel WHERE {
  ?painting wdt:P31 wd:Q3305213 ;
            wdt:P195 wd:Q7656597 .
  SERVICE wikibase:label { bd:serviceParam wikibase:language ""[AUTO_LANGUAGE],en"". }
}",True,0.0,
223,medium,List all Indian districts that share a border with another district.,"SELECT DISTINCT ?district ?districtLabel ?neighbor ?neighborLabel WHERE {
  ?district wdt:P31 wd:Q1149652 ;
            wdt:P17 wd:Q668 ;
            wdt:P47 ?neighbor .
  ?neighbor wdt:P31 wd:Q1149652 ;
            wdt:P17 wd:Q668 .
  SERVICE wikibase:label { bd:serviceParam wikibase:language ""[AUTO_LANGUAGE],en"". }
}
ORDER BY ?districtLabel ?neighborLabel",True,1.0,
224,medium,List the inventors who died as a result of their own creations.,"SELECT DISTINCT ?inventor ?inventorLabel ?invention ?inventionLabel ?cause ?causeLabel WHERE {
  ?inventor wdt:P31 wd:Q5 ;
            wdt:P106 wd:Q205375 ;
            wdt:P509 ?cause ;
            p:P61 ?inventedStatement .
  ?inventedStatement ps:P61 ?invention .

  {
    ?cause wdt:P279* ?invention .
  }
  UNION
  {
    ?cause wdt:P361 ?invention .
  }
  UNION
  {
    ?cause wdt:P828 ?invention .
  }

  SERVICE wikibase:label { bd:serviceParam wikibase:language ""[AUTO_LANGUAGE],en"". }
}",True,0.0,
225,medium,Find war memorials with their geographical coordinates.,"SELECT DISTINCT ?memorial ?memorialLabel ?coord WHERE {
  ?memorial wdt:P31/wdt:P279* wd:Q4989906 ;
            wdt:P625 ?coord .
  SERVICE wikibase:label { bd:serviceParam wikibase:language ""[AUTO_LANGUAGE],en"". }
}",False,0.0,
226,medium,List items that have Toki Pona as a language of work or name.,"SELECT ?item ?itemLabel WHERE {
  ?item wdt:P407 wd:Q36738 .
  SERVICE wikibase:label { bd:serviceParam wikibase:language ""[AUTO_LANGUAGE],en"". }
}",True,0.0,
227,medium,List the number of musical compositions on Wikidata by language in descending order.,"SELECT ?language ?languageLabel (COUNT(?composition) AS ?count) WHERE {
  ?composition wdt:P31 wd:Q207628;
               wdt:P407 ?language.
  SERVICE wikibase:label { bd:serviceParam wikibase:language ""[AUTO_LANGUAGE],en"". }
}
GROUP BY ?language ?languageLabel
ORDER BY DESC(?count)",True,1.0,
228,medium,How many musicians are there in each country according to Wikidata?,"SELECT ?country ?countryLabel (COUNT(DISTINCT ?person) AS ?musicianCount) WHERE {
  ?person wdt:P31 wd:Q5 ;
          wdt:P106 wd:Q639669 ;
          wdt:P27 ?country .
  SERVICE wikibase:label { bd:serviceParam wikibase:language ""[AUTO_LANGUAGE],en"". }
}
GROUP BY ?country ?countryLabel
ORDER BY DESC(?musicianCount)",True,0.5678,
229,medium,List the influential people born between 1590 and 1750 who were influenced by other humans.,"SELECT DISTINCT ?person ?personLabel ?birthDate ?influencedBy ?influencedByLabel WHERE {
  ?person wdt:P31 wd:Q5 ;
          wdt:P569 ?birthDate ;
          wdt:P737 ?influencedBy .
  ?influencedBy wdt:P31 wd:Q5 .
  FILTER(?birthDate >= ""1590-01-01T00:00:00Z""^^xsd:dateTime && ?birthDate <= ""1750-12-31T23:59:59Z""^^xsd:dateTime)
  SERVICE wikibase:label { bd:serviceParam wikibase:language ""[AUTO_LANGUAGE],en"". }
}
ORDER BY ?birthDate",True,0.8034,
230,medium,How many items are not linked to any statements?,"SELECT (COUNT(?item) AS ?count) WHERE {
  ?item wikibase:statements 0 .
}",True,0.0,
231,medium,What nationalities are represented among authors who have published papers related to Australian fauna?,"SELECT DISTINCT ?nationality ?nationalityLabel WHERE {
  ?paper wdt:P921 wd:Q188879.
  ?paper wdt:P50 ?author.
  ?author wdt:P27 ?nationality.
  SERVICE wikibase:label { bd:serviceParam wikibase:language ""[AUTO_LANGUAGE],en"". }
}",True,0.0833,
232,medium,List all the collections that have photos taken by Carleton Watkins.,"SELECT DISTINCT ?collection ?collectionLabel ?photo ?photoLabel ?image WHERE {
  ?photo wdt:P170 wd:Q5043821;
         wdt:P195 ?collection.
  OPTIONAL { ?photo wdt:P18 ?image. }
  SERVICE wikibase:label { bd:serviceParam wikibase:language ""[AUTO_LANGUAGE],en"". }
}",True,0.0,
233,medium,Find the coordinates of places where people named Antoine were born.,"SELECT DISTINCT ?person ?personLabel ?place ?placeLabel ?coordinates WHERE {
  ?person wdt:P31 wd:Q5 ;
          wdt:P735 wd:Q503511 ;
          wdt:P19 ?place .
  ?place wdt:P625 ?coordinates .
  SERVICE wikibase:label { bd:serviceParam wikibase:language ""[AUTO_LANGUAGE],en"". }
}",True,0.0,
234,medium,List the birthplaces of famous art historians.,"SELECT DISTINCT ?person ?personLabel ?birthplace ?birthplaceLabel WHERE {
  ?person wdt:P106 wd:Q1792450 ;
          wdt:P31 wd:Q5 ;
          wdt:P19 ?birthplace .
  SERVICE wikibase:label { bd:serviceParam wikibase:language ""[AUTO_LANGUAGE],en"". }
}",True,0.3504,
235,medium,List all items with official names containing a slash.,"SELECT DISTINCT ?item ?itemLabel ?officialName WHERE {
  ?item wdt:P1448 ?officialName .
  FILTER(CONTAINS(STR(?officialName), ""/""))
  SERVICE wikibase:label { bd:serviceParam wikibase:language ""[AUTO_LANGUAGE],en"". }
}",False,0.0,
236,medium,List mathematicians who have siblings that are actors or musicians.,"SELECT DISTINCT ?person ?personLabel ?sibling ?siblingLabel WHERE {
  ?person wdt:P106 wd:Q170790 ;
          wdt:P3373 ?sibling .
  ?sibling wdt:P106 ?occupation .
  VALUES ?occupation { wd:Q33999 wd:Q177220 }
  SERVICE wikibase:label { bd:serviceParam wikibase:language ""[AUTO_LANGUAGE],en"". }
}",True,0.2147,
237,medium,List the women who have received awards from Women in Technology International.,"SELECT DISTINCT ?person ?personLabel ?award ?awardLabel WHERE {
  ?person wdt:P31 wd:Q5 ;
          wdt:P21 wd:Q6581072 ;
          p:P166 ?awardStatement .
  ?awardStatement ps:P166 ?award .
  ?award pq:P1027 wd:Q8027 .
  SERVICE wikibase:label { bd:serviceParam wikibase:language ""[AUTO_LANGUAGE],en"". }
}",True,1.0,
238,medium,List the actors who have worked with Shah Rukh Khan in multiple films.,"SELECT ?actor ?actorLabel (COUNT(DISTINCT ?film) AS ?filmCount) WHERE {
  VALUES ?shahRukh { wd:Q1354217 }
  ?film wdt:P161 ?shahRukh, ?actor .
  FILTER(?actor != ?shahRukh)
  ?actor wdt:P106 wd:Q33999 .
  SERVICE wikibase:label { bd:serviceParam wikibase:language ""[AUTO_LANGUAGE],en"". }
}
GROUP BY ?actor ?actorLabel
HAVING(COUNT(DISTINCT ?film) > 1)
ORDER BY DESC(?filmCount) ?actorLabel",True,0.0,
239,medium,List all 355 municipalities in the Netherlands along with their geo coordinates and provinces.,"SELECT DISTINCT ?municipality ?municipalityLabel ?coord ?province ?provinceLabel WHERE {
  ?municipality wdt:P31 wd:Q2039348;
                wdt:P17 wd:Q55;
                wdt:P625 ?coord;
                wdt:P131 ?province.
  ?province wdt:P31 wd:Q134390.
  SERVICE wikibase:label { bd:serviceParam wikibase:language ""[AUTO_LANGUAGE],en"". }
}
ORDER BY ?municipalityLabel",True,0.2934,
240,medium,What language do the labels of Q137 and Q12518 have in common?,"SELECT DISTINCT ?language ?languageLabel WHERE {
  wd:Q137 rdfs:label ?label1 .
  wd:Q12518 rdfs:label ?label2 .
  FILTER(LANG(?label1) = LANG(?label2))
  BIND(LANG(?label1) AS ?langCode)
  ?language wdt:P218 ?langCode .
  SERVICE wikibase:label { bd:serviceParam wikibase:language ""[AUTO_LANGUAGE],en"". }
}",True,0.0,
241,medium,What are the UK parliamentary constituencies that share a border with each other?,"SELECT DISTINCT ?constituency ?constituencyLabel ?neighbor ?neighborLabel WHERE {
  VALUES ?country { wd:Q145 }
  ?constituency wdt:P31 wd:Q27971968 ;
                wdt:P17 ?country ;
                wdt:P47 ?neighbor .
  ?neighbor wdt:P31 wd:Q27971968 ;
            wdt:P17 ?country .
  FILTER(?constituency != ?neighbor)
  SERVICE wikibase:label { bd:serviceParam wikibase:language ""[AUTO_LANGUAGE],en"". }
}
ORDER BY ?constituencyLabel ?neighborLabel",True,0.9756,
242,medium,List all groups of fictional characters from the Marvel universe.,"SELECT DISTINCT ?group ?groupLabel WHERE {
  ?group wdt:P31 wd:Q14514600 ;
         wdt:P1441 wd:Q25956 .
  SERVICE wikibase:label { bd:serviceParam wikibase:language ""[AUTO_LANGUAGE],en"". }
}",True,1.0,
243,medium,Show me the locations of libraries in India on a map.,"SELECT DISTINCT ?library ?libraryLabel ?location WHERE {
  ?library wdt:P31/wdt:P279* wd:Q7075 ;
           wdt:P17 wd:Q668 ;
           wdt:P625 ?location .
  SERVICE wikibase:label { bd:serviceParam wikibase:language ""[AUTO_LANGUAGE],en"". }
}",True,0.4537,
244,medium,Show me the tram lines in Vienna.,"SELECT DISTINCT ?line ?lineLabel WHERE {
  ?line wdt:P31/wdt:P279* wd:Q728937 ;
        wdt:P16 wd:Q1741 .
  SERVICE wikibase:label { bd:serviceParam wikibase:language ""[AUTO_LANGUAGE],en"". }
}",True,0.0,
245,medium,List Mexican writers born between 1800 and 1900.,"SELECT DISTINCT ?person ?personLabel ?birthDate WHERE {
  ?person wdt:P31 wd:Q5 ;
          wdt:P27 wd:Q96 ;
          wdt:P106 wd:Q36180 ;
          wdt:P569 ?birthDate .
  FILTER(?birthDate >= ""1800-01-01T00:00:00Z""^^xsd:dateTime && ?birthDate < ""1901-01-01T00:00:00Z""^^xsd:dateTime)
  SERVICE wikibase:label { bd:serviceParam wikibase:language ""[AUTO_LANGUAGE],en"". }
}
ORDER BY ?birthDate",True,0.7637,
246,medium,"List all National Film Award winners from the 1990s, organized by award category.","SELECT DISTINCT ?winner ?winnerLabel ?award ?awardLabel ?pointInTime WHERE {
  ?winner p:P166 ?awardStatement .
  ?awardStatement ps:P166 ?award ;
                  pq:P585 ?pointInTime .
  ?award wdt:P361 wd:Q6971774 .
  FILTER(YEAR(?pointInTime) >= 1990 && YEAR(?pointInTime) < 2000)
  SERVICE wikibase:label { bd:serviceParam wikibase:language ""[AUTO_LANGUAGE],en"". }
}
ORDER BY ?awardLabel ?pointInTime ?winnerLabel",True,0.0,
247,medium,Find hills in the UK with horse figures drawn on them.,"SELECT DISTINCT ?hill ?hillLabel ?horseFigure ?horseFigureLabel ?image WHERE {
  ?hill wdt:P31/wdt:P279* wd:Q54050;
        wdt:P131* wd:Q145.
  ?horseFigure wdt:P31 wd:Q1874363;
               wdt:P706 ?hill.
  OPTIONAL { ?hill wdt:P18 ?image. }
  SERVICE wikibase:label { bd:serviceParam wikibase:language ""[AUTO_LANGUAGE],en"". }
}",True,0.0,
248,medium,List Tex-Mex singers who are also musicians.,"SELECT DISTINCT ?person ?personLabel WHERE {
  ?person wdt:P31 wd:Q5 ;
          wdt:P106 wd:Q177220 ;
          wdt:P106 wd:Q639669 .
  SERVICE wikibase:label { bd:serviceParam wikibase:language ""[AUTO_LANGUAGE],en"". }
}",True,0.0001,
249,medium,List all athletes born in a specific location who play for Real Sociedad.,"SELECT DISTINCT ?athlete ?athleteLabel ?birthPlace ?birthPlaceLabel WHERE {
  ?athlete wdt:P106 wd:Q2066131 ;
           wdt:P19 ?birthPlace ;
           wdt:P54 wd:Q10313 .
  SERVICE wikibase:label { bd:serviceParam wikibase:language ""[AUTO_LANGUAGE],en"". }
}",True,0.0,
250,medium,List all individuals born on a river.,"SELECT DISTINCT ?person ?personLabel ?birthPlace ?birthPlaceLabel WHERE {
  ?person wdt:P31 wd:Q5 ;
          wdt:P19 ?birthPlace .
  ?birthPlace wdt:P31/wdt:P279* wd:Q4022 .
  SERVICE wikibase:label { bd:serviceParam wikibase:language ""[AUTO_LANGUAGE],en"". }
}",True,0.9863,
251,medium,Find the locations of boundary stones near Radibor.,"SELECT DISTINCT ?stone ?stoneLabel ?location WHERE {
  ?stone wdt:P31 wd:Q80266076 ;
         wdt:P131* wd:Q261631 ;
         wdt:P625 ?location .
  SERVICE wikibase:label { bd:serviceParam wikibase:language ""[AUTO_LANGUAGE],en"". }
}",True,0.0,
252,medium,List all paintings by Rembrandt in the Louvre or Rijksmuseum.,"SELECT DISTINCT ?painting ?paintingLabel ?museum ?museumLabel ?image WHERE {
  VALUES ?museum { wd:Q19675 wd:Q190804 }
  ?painting wdt:P31 wd:Q3305213 ;
            wdt:P170 wd:Q5598 ;
            wdt:P195 ?museum .
  OPTIONAL { ?painting wdt:P18 ?image . }
  SERVICE wikibase:label { bd:serviceParam wikibase:language ""[AUTO_LANGUAGE],en"". }
}",True,0.5,
253,medium,Show a map of countries by the year they joined the United Nations.,"SELECT DISTINCT ?country ?countryLabel ?inception ?coord WHERE {
  ?country wdt:P31 wd:Q6256 ;
           p:P463 ?membershipStatement .
  ?membershipStatement ps:P463 wd:Q1065 ;
                       pq:P580 ?inception .
  OPTIONAL { ?country wdt:P625 ?coord . }
  SERVICE wikibase:label { bd:serviceParam wikibase:language ""[AUTO_LANGUAGE],en"". }
}
ORDER BY ?inception",True,0.0014,
254,medium,What jobs did UK Prime Ministers have before becoming politicians?,"SELECT DISTINCT ?person ?personLabel ?job ?jobLabel WHERE {
  ?person wdt:P39 wd:Q14211 ;
          wdt:P106 ?job .
  FILTER(?job != wd:Q82955)
  SERVICE wikibase:label { bd:serviceParam wikibase:language ""[AUTO_LANGUAGE],en"". }
}
ORDER BY ?personLabel ?jobLabel",True,0.0,
255,medium,What are the laws in Indonesia that apply to indigenous people?,"SELECT DISTINCT ?law ?lawLabel ?lawNumber ?inception WHERE {
  ?law wdt:P31 wd:Q7748 ;
       wdt:P1001 wd:Q252 ;
       wdt:P921 wd:Q103817 .
  OPTIONAL { ?law wdt:P1454 ?lawNumber. }
  OPTIONAL { ?law wdt:P571 ?inception. }
  SERVICE wikibase:label { bd:serviceParam wikibase:language ""[AUTO_LANGUAGE],en"". }
}",True,0.0,
256,medium,List all the authors who have received a Nobel Prize and cited Egon Willighagen's work.,"SELECT DISTINCT ?author ?authorLabel WHERE {
  ?author wdt:P106 wd:Q36180 ;
          wdt:P166 ?prize ;
          wdt:P2860 ?citedWork .
  ?prize wdt:P31 wd:Q7191 .
  ?citedWork wdt:P50 wd:Q15373902 .
  SERVICE wikibase:label { bd:serviceParam wikibase:language ""[AUTO_LANGUAGE],en"". }
}",True,1.0,
257,medium,List documents from the Boyer collection organized by decade.,"SELECT ?document ?documentLabel ?publicationDate ?decade WHERE {
  ?document wdt:P195 wd:Q4945778 ;
            wdt:P31/wdt:P279* wd:Q49848 ;
            wdt:P577 ?publicationDate .
  BIND(CONCAT(STR(YEAR(?publicationDate) - (YEAR(?publicationDate) MOD 10)), ""s"") AS ?decade)
  SERVICE wikibase:label { bd:serviceParam wikibase:language ""[AUTO_LANGUAGE],en"". }
}
ORDER BY ?decade ?publicationDate ?documentLabel",False,0.0,
258,medium,List all items in the History of Science Museum with their descriptions.,"SELECT DISTINCT ?item ?itemLabel ?itemDescription WHERE {
  ?item wdt:P195 wd:Q2822895 .
  SERVICE wikibase:label { bd:serviceParam wikibase:language ""[AUTO_LANGUAGE],en"". }
}",True,0.0,
259,medium,List all items with their CBDB and VIAF IDs.,"SELECT ?item ?itemLabel ?cbdb ?viaf WHERE {
  ?item wdt:P497 ?cbdb ;
        wdt:P214 ?viaf .
  SERVICE wikibase:label { bd:serviceParam wikibase:language ""[AUTO_LANGUAGE],en"". }
}",True,0.8046,
260,complex,List the top film directors by their number of films and sitelinks.,"SELECT ?director ?directorLabel (COUNT(DISTINCT ?film) AS ?numberOfFilms) ?sitelinks WHERE {
  ?film wdt:P31/wdt:P279* wd:Q11424 ;
        wdt:P57 ?director .
  ?director wikibase:sitelinks ?sitelinks .
  SERVICE wikibase:label { bd:serviceParam wikibase:language ""[AUTO_LANGUAGE],en"". }
}
GROUP BY ?director ?directorLabel ?sitelinks
ORDER BY DESC(?numberOfFilms) DESC(?sitelinks)",False,0.0,
261,complex,List the countries with their corresponding number of coronavirus cases.,"SELECT ?country ?countryLabel ?cases WHERE {
  ?country wdt:P31 wd:Q6256;
           p:P1603 ?casesStatement.
  ?casesStatement ps:P1603 ?cases;
                  pq:P459 wd:Q84263196.
  SERVICE wikibase:label { bd:serviceParam wikibase:language ""[AUTO_LANGUAGE],en"". }
}
ORDER BY DESC(?cases)",True,0.0,
262,complex,List all doctoral theses with their authors and institutions.,"SELECT DISTINCT ?thesis ?thesisLabel ?author ?authorLabel ?institution ?institutionLabel WHERE {
  ?thesis wdt:P31 wd:Q1266946 .
  OPTIONAL { ?thesis wdt:P50 ?author . }
  OPTIONAL { ?thesis wdt:P1027 ?institution . }
  SERVICE wikibase:label { bd:serviceParam wikibase:language ""[AUTO_LANGUAGE],en"". }
}",True,1.0,
263,complex,What are the parent taxa of Asterophryinae?,"SELECT ?parentTaxon ?parentTaxonLabel WHERE {
  wd:Q2867524 wdt:P171 ?parentTaxon .
  SERVICE wikibase:label { bd:serviceParam wikibase:language ""[AUTO_LANGUAGE],en"". }
}",True,0.0,
264,complex,Find the CIViC citation corpus and extract PubMed IDs.,"SELECT DISTINCT ?civicCorpus ?civicCorpusLabel ?pubmedID WHERE {
  ?civicCorpus wdt:P31 wd:Q737498;
               wdt:P2860 ?citedWork.
  ?citedWork wdt:P698 ?pubmedID.
  SERVICE wikibase:label { bd:serviceParam wikibase:language ""[AUTO_LANGUAGE],en"". }
}",True,1.0,
265,complex,List all instruments created by Antonio Stradivari.,"SELECT DISTINCT ?instrument ?instrumentLabel ?image WHERE {
  ?instrument wdt:P170 wd:Q317521 .
  OPTIONAL { ?instrument wdt:P18 ?image . }
  SERVICE wikibase:label { bd:serviceParam wikibase:language ""[AUTO_LANGUAGE],en"". }
}",True,0.0,
266,complex,Find scholarly articles with 'Zika' in their title.,"SELECT ?article ?articleLabel WHERE {
  ?article wdt:P31 wd:Q13442814 ;
           rdfs:label ?title .
  FILTER(LANG(?title) = ""en"")
  FILTER(CONTAINS(LCASE(?title), ""zika""))
  SERVICE wikibase:label { bd:serviceParam wikibase:language ""[AUTO_LANGUAGE],en"". }
}",True,1.0,
267,complex,List all items that have a description in English but no English label.,"SELECT ?item ?description WHERE {
  ?item schema:description ?description .
  FILTER(LANG(?description) = ""en"")
  FILTER NOT EXISTS {
    ?item rdfs:label ?label .
    FILTER(LANG(?label) = ""en"")
  }
}",False,0.0,
268,complex,"What are the ingredients in a sandwich, excluding bread?","SELECT DISTINCT ?ingredient ?ingredientLabel WHERE {
  ?sandwich wdt:P31/wdt:P279* wd:Q28803 ;
            p:P527 ?partStatement .
  ?partStatement ps:P527 ?ingredient .
  FILTER NOT EXISTS { ?partStatement pq:P518 wd:Q7802 . }
  FILTER(?ingredient != wd:Q7802)
  SERVICE wikibase:label { bd:serviceParam wikibase:language ""[AUTO_LANGUAGE],en"". }
}",True,0.5652,
269,complex,List all Law & Order episodes along with their season and episode numbers.,"SELECT DISTINCT ?episode ?episodeLabel ?seasonNumber ?episodeNumber WHERE {
  ?episode wdt:P31 wd:Q21191270 ;
           wdt:P179 wd:Q2743 ;
           wdt:P4908 ?seasonNumber ;
           wdt:P1545 ?episodeNumber .
  SERVICE wikibase:label { bd:serviceParam wikibase:language ""[AUTO_LANGUAGE],en"". }
}
ORDER BY ?seasonNumber ?episodeNumber",True,1.0,
270,complex,List all images used by multiple churches.,"SELECT ?image (COUNT(DISTINCT ?church) AS ?churchCount) WHERE {
  ?church wdt:P31/wdt:P279* wd:Q16970 ;
          wdt:P18 ?image .
}
GROUP BY ?image
HAVING (COUNT(DISTINCT ?church) > 1)
ORDER BY DESC(?churchCount)",True,0.3847,
271,complex,List all virtual conferences along with their environment and other details.,"SELECT DISTINCT ?conference ?conferenceLabel ?environment ?environmentLabel ?startDate ?endDate ?location ?locationLabel ?officialWebsite ?image WHERE {
  ?conference wdt:P31 wd:Q2020153 .
  OPTIONAL { ?conference wdt:P4009 ?environment . }
  OPTIONAL { ?conference wdt:P580 ?startDate . }
  OPTIONAL { ?conference wdt:P582 ?endDate . }
  OPTIONAL { ?conference wdt:P276 ?location . }
  OPTIONAL { ?conference wdt:P856 ?officialWebsite . }
  OPTIONAL { ?conference wdt:P18 ?image . }
  SERVICE wikibase:label { bd:serviceParam wikibase:language ""[AUTO_LANGUAGE],en"". }
}",True,0.0034,
272,complex,What is the average lifespan of people in different professions?,"SELECT ?profession ?professionLabel (AVG(?lifespan) AS ?averageLifespan) WHERE {
  ?person wdt:P31 wd:Q5;
          wdt:P106 ?profession;
          wdt:P569 ?birthDate;
          wdt:P570 ?deathDate.
  BIND((YEAR(?deathDate) - YEAR(?birthDate)) AS ?lifespan)
  SERVICE wikibase:label { bd:serviceParam wikibase:language ""[AUTO_LANGUAGE],en"". }
}
GROUP BY ?profession ?professionLabel
ORDER BY DESC(?averageLifespan)",False,0.0,
273,complex,List the identifiers present on Penelope Cruz's item but not on Sean Connery's.,"SELECT DISTINCT ?property ?propertyLabel WHERE {
  wd:Q190078 ?prop ?value .
  ?property wikibase:directClaim ?prop .
  ?property wikibase:propertyType ?type .
  FILTER(STRSTARTS(STR(?prop), STR(wdt:)))
  FILTER NOT EXISTS {
    wd:Q1049 ?prop ?otherValue .
  }
  SERVICE wikibase:label { bd:serviceParam wikibase:language ""[AUTO_LANGUAGE],en"". }
}
ORDER BY ?propertyLabel",True,0.0,
274,complex,List all trans artists with their occupation and image.,"SELECT DISTINCT ?person ?personLabel ?occupation ?occupationLabel ?image WHERE {
  ?person wdt:P31 wd:Q5 ;
          wdt:P21 wd:Q48270 ;
          wdt:P106 ?occupation .
  OPTIONAL { ?person wdt:P18 ?image . }
  SERVICE wikibase:label { bd:serviceParam wikibase:language ""[AUTO_LANGUAGE],en"". }
}",True,0.0,
275,complex,What are the places near Papa Stour?,"SELECT DISTINCT ?place ?placeLabel WHERE {
  wd:Q3369331 wdt:P206 ?place .
  SERVICE wikibase:label { bd:serviceParam wikibase:language ""[AUTO_LANGUAGE],en"". }
}",True,0.0,
276,complex,List the longest English words in alphabetical order.,"SELECT DISTINCT ?word ?wordLabel WHERE {
  ?word wdt:P31 wd:Q1860;
        wdt:P407 wd:Q1860.
  {
    SELECT (MAX(STRLEN(?label)) AS ?maxLen) WHERE {
      ?w wdt:P31 wd:Q1860;
         wdt:P407 wd:Q1860.
      ?w rdfs:label ?label.
      FILTER(LANG(?label) = ""en"")
    }
  }
  ?word rdfs:label ?wordLabel.
  FILTER(LANG(?wordLabel) = ""en"")
  FILTER(STRLEN(?wordLabel) = ?maxLen)
}
ORDER BY ?wordLabel",True,0.0,
277,complex,List all Welsh journals and newspapers with their publication dates and places.,"SELECT DISTINCT ?publication ?publicationLabel ?date ?place ?placeLabel WHERE {
  VALUES ?type { wd:Q41298 wd:Q11032 }
  ?publication wdt:P31 ?type ;
               wdt:P495 wd:Q25 ;
               wdt:P577 ?date ;
               wdt:P291 ?place .
  SERVICE wikibase:label { bd:serviceParam wikibase:language ""[AUTO_LANGUAGE],en"". }
}
ORDER BY ?publicationLabel",True,0.0164,
278,complex,List economists by their fields of work and nationalities.,"SELECT DISTINCT ?person ?personLabel ?field ?fieldLabel ?nationality ?nationalityLabel WHERE {
  ?person wdt:P106 wd:Q188094 ;
          wdt:P101 ?field ;
          wdt:P27 ?nationality .
  SERVICE wikibase:label { bd:serviceParam wikibase:language ""[AUTO_LANGUAGE],en"". }
}
ORDER BY ?personLabel ?fieldLabel ?nationalityLabel",True,0.1345,
279,complex,List the top animals depicted in artworks.,"SELECT ?animal ?animalLabel (COUNT(?artwork) AS ?artworkCount) WHERE {
  ?artwork wdt:P180 ?animal ;
           wdt:P31/wdt:P279* wd:Q838948 .
  ?animal wdt:P31/wdt:P279* wd:Q729 .
  SERVICE wikibase:label { bd:serviceParam wikibase:language ""[AUTO_LANGUAGE],en"". }
}
GROUP BY ?animal ?animalLabel
ORDER BY DESC(?artworkCount)",False,0.0,
280,complex,List the European regions with a population density of less than 30 people per square kilometer.,"SELECT DISTINCT ?region ?regionLabel ?populationDensity WHERE {
  ?region wdt:P31/wdt:P279* wd:Q82794 ;
          wdt:P2046 ?area ;
          wdt:P1082 ?population .
  BIND((?population / ?area) AS ?populationDensity)
  FILTER(?populationDensity < 30)
  ?region wdt:P361* ?continent .
  ?continent wdt:P30 wd:Q46 .
  SERVICE wikibase:label { bd:serviceParam wikibase:language ""[AUTO_LANGUAGE],en"". }
}
ORDER BY ?populationDensity",False,0.0,
281,complex,List all restaurants in Luxembourg that have a Michelin star.,"SELECT DISTINCT ?restaurant ?restaurantLabel ?star ?starLabel WHERE {
  ?restaurant wdt:P31/wdt:P279* wd:Q11707 ;
              wdt:P131* wd:Q32 ;
              wdt:P1436 ?star .
  ?star wdt:P31 wd:Q7604698 .
  SERVICE wikibase:label { bd:serviceParam wikibase:language ""[AUTO_LANGUAGE],en"" . }
}",True,0.0,
282,complex,What properties are most commonly used in references?,"SELECT ?property ?propertyLabel (COUNT(*) AS ?count) WHERE {
  ?statement ?refPred ?reference .
  FILTER(STRSTARTS(STR(?refPred), STR(prov:wasDerivedFrom)))
  ?reference ?pr ?value .
  FILTER(STRSTARTS(STR(?pr), STR(pr:)))
  BIND(IRI(REPLACE(STR(?pr), STR(pr:), STR(wd:))) AS ?property)
  FILTER(EXISTS { ?property a wikibase:Property })
  SERVICE wikibase:label { bd:serviceParam wikibase:language ""[AUTO_LANGUAGE],en"". }
}
GROUP BY ?property ?propertyLabel
ORDER BY DESC(?count)",False,0.0,
283,complex,List all WikiProjects focused on women.,"SELECT DISTINCT ?project ?projectLabel WHERE {
  ?project wdt:P31 wd:Q16695773 .
  {
    ?project rdfs:label ?label .
    FILTER(LANG(?label) = ""en"")
    FILTER(CONTAINS(LCASE(?label), ""women""))
  }
  UNION
  {
    ?project schema:description ?desc .
    FILTER(LANG(?desc) = ""en"")
    FILTER(CONTAINS(LCASE(?desc), ""women""))
  }
  SERVICE wikibase:label { bd:serviceParam wikibase:language ""[AUTO_LANGUAGE],en"". }
}",True,0.0,
284,complex,Find pictures of theatres in Carthalia from the outside and inside.,"SELECT DISTINCT ?theatre ?theatreLabel ?outsideImage ?insideImage WHERE {
  ?theatre wdt:P31/wdt:P279* wd:Q24354 ;
           wdt:P131* wd:Q5215 .
  OPTIONAL { ?theatre wdt:P18 ?outsideImage . }
  OPTIONAL { ?theatre wdt:P2716 ?insideImage . }
  SERVICE wikibase:label { bd:serviceParam wikibase:language ""[AUTO_LANGUAGE],en"". }
}",True,0.0,
285,complex,List the countries with their number of citizens having a specific blood type.,"SELECT ?country ?countryLabel ?bloodType ?bloodTypeLabel (COUNT(DISTINCT ?person) AS ?numberOfCitizens) WHERE {
  ?person wdt:P31 wd:Q5 ;
          wdt:P27 ?country ;
          wdt:P1853 ?bloodType .
  SERVICE wikibase:label { bd:serviceParam wikibase:language ""[AUTO_LANGUAGE],en"". }
}
GROUP BY ?country ?countryLabel ?bloodType ?bloodTypeLabel
ORDER BY ?countryLabel ?bloodTypeLabel",True,0.3544,
286,complex,What artworks are commonly depicted in both the Ashmolean Museum and the Cleveland Museum of Art?,"SELECT DISTINCT ?artwork ?artworkLabel WHERE {
  wd:Q636400 wdt:P180 ?artwork .
  wd:Q657415 wdt:P180 ?artwork .
  SERVICE wikibase:label { bd:serviceParam wikibase:language ""[AUTO_LANGUAGE],en"". }
}",True,0.0,
287,complex,"List the movies featuring Jean-Paul Belmondo, ranked by their number of sitelinks.","SELECT DISTINCT ?movie ?movieLabel ?sitelinks WHERE {
  ?movie wdt:P31 wd:Q11424 ;
         wdt:P161 wd:Q45548 ;
         wikibase:sitelinks ?sitelinks .
  SERVICE wikibase:label { bd:serviceParam wikibase:language ""[AUTO_LANGUAGE],en"". }
}
ORDER BY DESC(?sitelinks) ?movieLabel",True,0.0037,
288,complex,List male actors who played the same character in a trilogy of movies when they were young and again decades later.,"SELECT DISTINCT ?actor ?actorLabel ?character ?characterLabel ?movie1 ?movie1Label ?movie2 ?movie2Label ?movie3 ?movie3Label WHERE {
  VALUES ?male { wd:Q6581097 }
  VALUES ?position { wd:Q33999 wd:Q177220 }

  ?actor wdt:P31 wd:Q5 ;
         wdt:P21 ?male ;
         wdt:P106 wd:Q33999 .

  ?movie1 p:P161 ?cast1 .
  ?cast1 ps:P161 ?actor ;
         pq:P453 ?character ;
         pq:P1545 ?ord1 .

  ?movie2 p:P161 ?cast2 .
  ?cast2 ps:P161 ?actor ;
         pq:P453 ?character ;
         pq:P1545 ?ord2 .

  ?movie3 p:P161 ?cast3 .
  ?cast3 ps:P161 ?actor ;
         pq:P453 ?character ;
         pq:P1545 ?ord3 .

  FILTER(?movie1 != ?movie2 && ?movie2 != ?movie3 && ?movie1 != ?movie3)

  ?movie1 wdt:P31 wd:Q11424 ; wdt:P577 ?date1 .
  ?movie2 wdt:P31 wd:Q11424 ; wdt:P577 ?date2 .
  ?movie3 wdt:P31 wd:Q11424 ; wdt:P577 ?date3 .

  FILTER(?date1 < ?date2 && ?date2 < ?date3)
  FILTER((YEAR(?date3) - YEAR(?date1)) >= 20)

  {
    ?movie1 wdt:P179 ?series .
    ?movie2 wdt:P179 ?series .
    ?movie3 wdt:P179 ?series .
  }
  UNION
  {
    ?series p:P527 ?part1, ?part2, ?part3 .
    ?part1 ps:P527 ?movie1 ; pq:P1545 ""1"" .
    ?part2 ps:P527 ?movie2 ; pq:P1545 ""2"" .
    ?part3 ps:P527 ?movie3 ; pq:P1545 ""3"" .
  }

  FILTER NOT EXISTS {
    ?movieX p:P161 ?castX .
    ?castX ps:P161 ?actor ;
           pq:P453 ?character .
    ?movieX wdt:P179 ?series ;
           wdt:P577 ?dateX .
    FILTER(?dateX > ?date1 && ?dateX < ?date3 && ?movieX != ?movie1 && ?movieX != ?movie2 && ?movieX != ?movie3)
  }

  SERVICE wikibase:label { bd:serviceParam wikibase:language ""[AUTO_LANGUAGE],en"". }
}
ORDER BY ?actorLabel ?characterLabel ?date1",False,0.0,
289,complex,Find churches in the Czech Republic dedicated to St. Wenceslas or St. Cyril and Methodius.,"SELECT DISTINCT ?church ?churchLabel WHERE {
  ?church wdt:P31/wdt:P279* wd:Q16970 ;
          wdt:P17 wd:Q213 ;
          wdt:P138 ?dedicatedTo .
  VALUES ?dedicatedTo { wd:Q46031 wd:Q1145524 }
  SERVICE wikibase:label { bd:serviceParam wikibase:language ""[AUTO_LANGUAGE],en,cs"" . }
}",True,0.0,
290,complex,Show me a map of all Wikidata items located in Ukraine.,"SELECT DISTINCT ?item ?itemLabel ?coord WHERE {
  ?item wdt:P17 wd:Q212 ;
        wdt:P625 ?coord .
  SERVICE wikibase:label { bd:serviceParam wikibase:language ""[AUTO_LANGUAGE],en"". }
}",True,0.0941,
291,complex,List photographers born before the first photograph was taken.,"SELECT DISTINCT ?person ?personLabel ?birthDate ?image WHERE {
  ?person wdt:P31 wd:Q5 ;
          wdt:P106 wd:Q33231 ;
          wdt:P569 ?birthDate .
  FILTER(?birthDate < ""1826-01-01T00:00:00Z""^^xsd:dateTime)
  OPTIONAL { ?person wdt:P18 ?image . }
  SERVICE wikibase:label { bd:serviceParam wikibase:language ""[AUTO_LANGUAGE],en"". }
}
ORDER BY ?birthDate",False,0.0,
292,complex,List all grammatical features and their subclasses.,"SELECT ?feature ?featureLabel ?subclass ?subclassLabel WHERE {
  ?subclass wdt:P279 ?feature .
  ?feature wdt:P31/wdt:P279* wd:Q980357.
  SERVICE wikibase:label { bd:serviceParam wikibase:language ""[AUTO_LANGUAGE],en"". }
}
ORDER BY ?featureLabel ?subclassLabel",True,0.0963,
293,complex,List famous Latin American female musicians who don't have a Wikipedia article in Spanish.,"SELECT DISTINCT ?person ?personLabel ?countryLabel ?image WHERE {
  VALUES ?country {
    wd:Q298  # Chile
    wd:Q414  # Argentina
    wd:Q419  # Peru
    wd:Q739  # Colombia
    wd:Q750  # Bolivia
    wd:Q774  # Guatemala
    wd:Q783  # Honduras
    wd:Q786  # Dominican Republic
    wd:Q792  # El Salvador
    wd:Q800  # Costa Rica
    wd:Q804  # Panama
    wd:Q811  # Nicaragua
    wd:Q717  # Venezuela
    wd:Q733  # Paraguay
    wd:Q736  # Ecuador
    wd:Q77   # Uruguay
    wd:Q96   # Mexico
    wd:Q241  # Cuba
    wd:Q155  # Brazil
    wd:Q29   # Puerto Rico
    wd:Q736  # Ecuador
  }
  
  ?person wdt:P31 wd:Q5 ;
          wdt:P21 wd:Q6581072 ;
          wdt:P106 ?occupation ;
          wdt:P27 ?country .
  
  ?occupation wdt:P279* wd:Q639669 .
  
  OPTIONAL { ?person wdt:P18 ?image . }
  OPTIONAL { ?person wdt:P166 ?award . }
  OPTIONAL { ?person wdt:P1411 ?nominatedFor . }
  OPTIONAL { ?person wdt:P800 ?notableWork . }
  
  FILTER EXISTS { ?person wikibase:sitelinks ?sitelinks . FILTER(?sitelinks > 5) }
  FILTER NOT EXISTS {
    ?article schema:about ?person ;
             schema:isPartOf <https://es.wikipedia.org/> .
  }
  
  SERVICE wikibase:label { bd:serviceParam wikibase:language ""[AUTO_LANGUAGE],en,es"". }
}
ORDER BY ?personLabel",False,0.0,
294,complex,List the events where most video games were announced.,"SELECT ?event ?eventLabel (COUNT(DISTINCT ?game) AS ?announcedGames) WHERE {
  ?game wdt:P31/wdt:P279* wd:Q7889 ;
        p:P577 ?releaseStatement .
  ?releaseStatement pq:P291 ?event .
  ?event wdt:P31/wdt:P279* wd:Q1656682 .
  SERVICE wikibase:label { bd:serviceParam wikibase:language ""[AUTO_LANGUAGE],en"". }
}
GROUP BY ?event ?eventLabel
ORDER BY DESC(?announcedGames)",False,0.0,
295,complex,Find the century when archaeological objects in St Raymond museum were discovered.,"SELECT DISTINCT ?object ?objectLabel ?discoveryDate ?century WHERE {
  ?object wdt:P195 wd:Q3146784 ;
          wdt:P31/wdt:P279* wd:Q220659 ;
          wdt:P575 ?discoveryDate .
  BIND(CONCAT(
    IF(((YEAR(?discoveryDate) - 1) DIV 100 + 1) = 21, ""21st"",
      IF(((YEAR(?discoveryDate) - 1) DIV 100 + 1) = 22, ""22nd"",
        IF(((YEAR(?discoveryDate) - 1) DIV 100 + 1) = 23, ""23rd"",
          CONCAT(STR(((YEAR(?discoveryDate) - 1) DIV 100 + 1)), ""th"")
        )
      )
    ), "" century"") AS ?century)
  SERVICE wikibase:label { bd:serviceParam wikibase:language ""[AUTO_LANGUAGE],en"". }
}",False,0.0,
296,complex,List all statues in the UK that depict women or nobles.,"SELECT DISTINCT ?statue ?statueLabel ?depicts ?depictsLabel ?location ?locationLabel ?image WHERE {
  ?statue wdt:P31/wdt:P279* wd:Q860861 ;
          wdt:P17 wd:Q145 ;
          wdt:P180 ?depicts .
  VALUES ?depictsClass { wd:Q467 wd:Q5 }
  ?depicts wdt:P31/wdt:P279* ?depictsClass .
  OPTIONAL { ?statue wdt:P276 ?location . }
  OPTIONAL { ?statue wdt:P18 ?image . }
  SERVICE wikibase:label { bd:serviceParam wikibase:language ""[AUTO_LANGUAGE],en"". }
}",False,0.0,
297,complex,List all cricket teams with their number of players and gender.,"SELECT DISTINCT ?team ?teamLabel ?numberOfPlayers ?gender ?genderLabel WHERE {
  ?team wdt:P31 wd:Q12973014;
        wdt:P1128 ?numberOfPlayers;
        wdt:P21 ?gender.
  SERVICE wikibase:label { bd:serviceParam wikibase:language ""[AUTO_LANGUAGE],en"". }
}",True,0.0,
298,complex,Find entities related to Percy Bysshe Shelley and their corresponding images.,"SELECT DISTINCT ?entity ?entityLabel ?image WHERE {
  {
    wd:Q93344 ?p ?entity .
  }
  UNION
  {
    ?entity ?p wd:Q93344 .
  }
  OPTIONAL { ?entity wdt:P18 ?image . }
  SERVICE wikibase:label { bd:serviceParam wikibase:language ""[AUTO_LANGUAGE],en"". }
}",True,0.0,
299,complex,What are the most common characteristics of objects in a specific collection?,"SELECT ?characteristic ?characteristicLabel (COUNT(?object) AS ?count) WHERE {
  ?object wdt:P195 ?collection .
  ?object ?prop ?characteristic .
  FILTER(isIRI(?characteristic))
  SERVICE wikibase:label { bd:serviceParam wikibase:language ""[AUTO_LANGUAGE],en"". }
}
GROUP BY ?characteristic ?characteristicLabel
ORDER BY DESC(?count)
LIMIT 50",False,0.0,
300,complex,List all Swiss films along with their duration in minutes and release date.,"SELECT DISTINCT ?film ?filmLabel ?duration ?releaseDate WHERE {
  ?film wdt:P31 wd:Q11424 ;
        wdt:P495 wd:Q39 ;
        wdt:P2047 ?duration ;
        wdt:P577 ?releaseDate .
  SERVICE wikibase:label { bd:serviceParam wikibase:language ""[AUTO_LANGUAGE],en"". }
}
ORDER BY ?releaseDate",True,0.0,
301,complex,List all members of the Illuminati Order along with their birth dates.,"SELECT DISTINCT ?person ?personLabel ?birthDate WHERE {
  ?person wdt:P463 wd:Q8128 ;
          wdt:P31 wd:Q5 ;
          wdt:P569 ?birthDate .
  SERVICE wikibase:label { bd:serviceParam wikibase:language ""[AUTO_LANGUAGE],en"". }
}
ORDER BY ?personLabel",True,1.0,
302,complex,List all Czech art collections with their sizes.,"SELECT DISTINCT ?collection ?collectionLabel ?size WHERE {
  ?collection wdt:P31 wd:Q26025280 ;
              wdt:P17 wd:Q213 ;
              wdt:P2046 ?size .
  SERVICE wikibase:label { bd:serviceParam wikibase:language ""[AUTO_LANGUAGE],en"". }
}",True,0.0,
303,complex,List airports named after famous poets.,"SELECT DISTINCT ?airport ?airportLabel ?poet ?poetLabel WHERE {
  ?airport wdt:P31/wdt:P279* wd:Q1248784;
           wdt:P138 ?poet.
  ?poet wdt:P106 wd:Q49757.
  SERVICE wikibase:label { bd:serviceParam wikibase:language ""[AUTO_LANGUAGE],en"". }
}",True,0.543,
304,complex,"Show me a map of Italian cities with schools, highlighting areas with high school density.","SELECT DISTINCT ?city ?cityLabel ?coord ?school ?schoolLabel WHERE {
  ?city wdt:P31/wdt:P279* wd:Q515 ;
        wdt:P17 wd:Q38 ;
        wdt:P625 ?coord .
  ?school wdt:P31/wdt:P279* wd:Q2385804 ;
          wdt:P131 ?city .
  SERVICE wikibase:label { bd:serviceParam wikibase:language ""[AUTO_LANGUAGE],en,it"". }
}",False,0.0,
305,complex,Show me hillforts in the UK without images on a map.,"SELECT DISTINCT ?hillfort ?hillfortLabel ?coord WHERE {
  ?hillfort wdt:P31/wdt:P279* wd:Q210272;
            wdt:P17 wd:Q145;
            wdt:P625 ?coord.
  FILTER NOT EXISTS { ?hillfort wdt:P18 ?image. }
  SERVICE wikibase:label { bd:serviceParam wikibase:language ""[AUTO_LANGUAGE],en"". }
}",False,0.0,
306,complex,List all pathways with their corresponding gene and metabolite counts.,"SELECT ?pathway ?pathwayLabel ?geneCount ?metaboliteCount WHERE {
  ?pathway wdt:P31/wdt:P279* wd:Q4915012 .
  OPTIONAL { ?pathway wdt:P1352 ?geneCount . }
  OPTIONAL { ?pathway wdt:P1114 ?metaboliteCount . }
  SERVICE wikibase:label { bd:serviceParam wikibase:language ""[AUTO_LANGUAGE],en"". }
}",True,0.0,
307,complex,Find authors with works published online during the Early Modern period.,"SELECT DISTINCT ?author ?authorLabel ?work ?workLabel ?publicationDate ?onlineCopy WHERE {
  ?work wdt:P50 ?author ;
        wdt:P577 ?publicationDate ;
        wdt:P953 ?onlineCopy .
  FILTER(?publicationDate >= ""1500-01-01T00:00:00Z""^^xsd:dateTime && ?publicationDate < ""1800-01-01T00:00:00Z""^^xsd:dateTime)
  SERVICE wikibase:label { bd:serviceParam wikibase:language ""[AUTO_LANGUAGE],en"". }
}
ORDER BY ?authorLabel ?publicationDate",False,0.0,
308,complex,Find artworks featuring individuals from the Electronic Enlightenment database.,"SELECT DISTINCT ?artwork ?artworkLabel ?person ?personLabel ?image WHERE {
  ?person wdt:P1802 ?emlo.
  ?artwork wdt:P180 ?person.
  OPTIONAL { ?artwork wdt:P18 ?image. }
  SERVICE wikibase:label { bd:serviceParam wikibase:language ""[AUTO_LANGUAGE],en"". }
}",False,0.0,
309,complex,List the types of notable things that have an Instagram account.,"SELECT DISTINCT ?type ?typeLabel WHERE {
  ?item wdt:P2003 ?instagram ;
        wdt:P31 ?type .
  SERVICE wikibase:label { bd:serviceParam wikibase:language ""[AUTO_LANGUAGE],en"". }
}
ORDER BY ?typeLabel",False,0.0,
310,complex,What organizations were founded by University of Oxford alumni?,"SELECT DISTINCT ?organization ?organizationLabel ?founder ?founderLabel WHERE {
  ?founder wdt:P69 wd:Q34433 .
  ?organization wdt:P112 ?founder .
  SERVICE wikibase:label { bd:serviceParam wikibase:language ""[AUTO_LANGUAGE],en"". }
}",True,0.2684,
311,complex,"List politicians who have accounts on GitHub, CPAN, or Wikimedia.","SELECT DISTINCT ?person ?personLabel ?github ?cpan ?wikimedia WHERE {
  ?person wdt:P31 wd:Q5 ;
          wdt:P106 wd:Q82955 .
  {
    ?person wdt:P2037 ?github .
  }
  UNION
  {
    ?person wdt:P4963 ?cpan .
  }
  UNION
  {
    ?person wdt:P4175 ?wikimedia .
  }
  SERVICE wikibase:label { bd:serviceParam wikibase:language ""[AUTO_LANGUAGE],en"". }
}",True,0.0102,
312,complex,List the countries with the most colorful flags.,"SELECT ?country ?countryLabel ?flagImage WHERE {
  ?country wdt:P31 wd:Q3624078 ;
           wdt:P41 ?flagImage .
  SERVICE wikibase:label { bd:serviceParam wikibase:language ""[AUTO_LANGUAGE],en"". }
}",True,0.1211,
313,complex,Find online travel stories with French texts and map the locations mentioned.,"SELECT DISTINCT ?story ?storyLabel ?text ?location ?locationLabel ?coord WHERE {
  ?story wdt:P31 wd:Q7725634 ;
         wdt:P407 wd:Q150 ;
         wdt:P6431 ?text ;
         wdt:P840 ?location .
  OPTIONAL { ?location wdt:P625 ?coord . }
  SERVICE wikibase:label { bd:serviceParam wikibase:language ""en,fr"". }
}",True,1.0,
314,complex,List all statues and monuments dedicated to slave owners or traders.,"SELECT DISTINCT ?item ?itemLabel ?dedicatedTo ?dedicatedToLabel ?image WHERE {
  VALUES ?type { wd:Q860861 wd:Q4989906 }
  ?item wdt:P31/wdt:P279* ?type ;
        wdt:P825 ?dedicatedTo .
  VALUES ?occupation { wd:Q189290 wd:Q1161544 }
  ?dedicatedTo wdt:P106 ?occupation .
  OPTIONAL { ?item wdt:P18 ?image . }
  SERVICE wikibase:label { bd:serviceParam wikibase:language ""[AUTO_LANGUAGE],en"". }
}",True,0.0,
315,complex,List all town halls located in communes that share a border with Paris.,"SELECT DISTINCT ?townHall ?townHallLabel ?commune ?communeLabel WHERE {
  wd:Q90 wdt:P47 ?commune .
  ?townHall wdt:P31/wdt:P279* wd:Q25550691 ;
            wdt:P131 ?commune .
  SERVICE wikibase:label { bd:serviceParam wikibase:language ""[AUTO_LANGUAGE],en"". }
}",True,0.125,
316,complex,What are the geographic coordinates of Ordnance Survey Old Series preparatory drawings?,"SELECT DISTINCT ?drawing ?drawingLabel ?coordinates WHERE {
  ?drawing wdt:P31 wd:Q127791576 ;
           wdt:P625 ?coordinates .
  SERVICE wikibase:label { bd:serviceParam wikibase:language ""[AUTO_LANGUAGE],en"". }
}",True,0.0,
317,complex,List the political parties of world leaders and their alignments.,"SELECT DISTINCT ?leader ?leaderLabel ?party ?partyLabel ?alignment ?alignmentLabel WHERE {
  VALUES ?position {
    wd:Q48352
    wd:Q30461
    wd:Q11696
  }
  ?leader wdt:P31 wd:Q5 ;
          p:P39 ?positionStatement .
  ?positionStatement ps:P39 ?position .
  ?leader wdt:P102 ?party .
  OPTIONAL { ?party wdt:P1387 ?alignment . }
  SERVICE wikibase:label { bd:serviceParam wikibase:language ""[AUTO_LANGUAGE],en"". }
}
ORDER BY ?leaderLabel ?partyLabel",True,0.0205,
318,complex,List the people who received the most letters.,"SELECT ?person ?personLabel (COUNT(?letter) AS ?lettersReceived) WHERE {
  ?letter wdt:P31 wd:Q28549820 ;
          wdt:P737 ?person .
  ?person wdt:P31 wd:Q5 .
  SERVICE wikibase:label { bd:serviceParam wikibase:language ""[AUTO_LANGUAGE],en"". }
}
GROUP BY ?person ?personLabel
ORDER BY DESC(?lettersReceived)",True,0.0,
319,complex,List Wikipedia articles about people without pictures on Wikidata.,"SELECT DISTINCT ?person ?personLabel ?article WHERE {
  ?article schema:about ?person ;
           schema:isPartOf <https://en.wikipedia.org/> .
  ?person wdt:P31 wd:Q5 .
  FILTER NOT EXISTS { ?person wdt:P18 ?image . }
  SERVICE wikibase:label { bd:serviceParam wikibase:language ""[AUTO_LANGUAGE],en"". }
}",False,0.0,
320,complex,How many successful election petitions were there in each UK parliamentary term since 1859?,"SELECT ?term ?termLabel (COUNT(DISTINCT ?petition) AS ?successfulPetitions) WHERE {
  ?petition wdt:P31 wd:Q1763092 ;
            wdt:P31 wd:Q15238777 ;
            p:P31 ?statement .
  ?statement ps:P31 wd:Q1763092 ;
             pq:P2937 ?term .
  ?term wdt:P31 wd:Q15283408 .
  FILTER(YEAR(?term) >= 1859)
  SERVICE wikibase:label { bd:serviceParam wikibase:language ""[AUTO_LANGUAGE],en"". }
}
GROUP BY ?term ?termLabel
ORDER BY ?term",True,0.0,
321,complex,List all characters from the Marvel Universe.,"SELECT DISTINCT ?character ?characterLabel WHERE {
  ?character wdt:P1080 wd:Q213131 .
  SERVICE wikibase:label { bd:serviceParam wikibase:language ""[AUTO_LANGUAGE],en"". }
}",True,0.0,
322,complex,"Show me a map of medical facilities in Kalimpong district, India, with different colors for each type.","SELECT DISTINCT ?facility ?facilityLabel ?location ?type ?typeLabel WHERE {
  ?facility wdt:P31 ?type ;
            wdt:P131* wd:Q774172 ;
            wdt:P625 ?location .
  VALUES ?type {
    wd:Q16917
    wd:Q1059324
    wd:Q875538
    wd:Q169930
    wd:Q1774898
    wd:Q64578911
  }
  SERVICE wikibase:label { bd:serviceParam wikibase:language ""[AUTO_LANGUAGE],en"". }
}",True,0.0,
323,complex,What are the canals within an 800km radius of Glasgow?,"SELECT DISTINCT ?canal ?canalLabel ?location WHERE {
  wd:Q4093 wdt:P625 ?glasgowLocation .
  SERVICE wikibase:around {
    ?canal wdt:P625 ?location .
    bd:serviceParam wikibase:center ?glasgowLocation .
    bd:serviceParam wikibase:radius ""800"" .
    bd:serviceParam wikibase:distance ?distance .
  }
  ?canal wdt:P31/wdt:P279* wd:Q503111 .
  SERVICE wikibase:label { bd:serviceParam wikibase:language ""[AUTO_LANGUAGE],en"". }
}
ORDER BY ?distance",True,1.0,
324,complex,List all hillforts with their Atlas of Hillforts ID and a link to their Wikipedia page.,"SELECT ?hillfort ?hillfortLabel ?atlasID ?wikipedia WHERE {
  ?hillfort wdt:P31/wdt:P279* wd:Q1016592 ;
            wdt:P5276 ?atlasID .
  OPTIONAL {
    ?wikipedia schema:about ?hillfort ;
               schema:isPartOf <https://en.wikipedia.org/> .
  }
  SERVICE wikibase:label { bd:serviceParam wikibase:language ""[AUTO_LANGUAGE],en"". }
}",True,0.0,
325,complex,List the top 500 paintings according to their importance on Wikidata.,"SELECT ?painting ?paintingLabel ?importance WHERE {
  ?painting wdt:P31 wd:Q3305213;
            wikibase:sitelinks ?importance.
  SERVICE wikibase:label { bd:serviceParam wikibase:language ""[AUTO_LANGUAGE],en"". }
}
ORDER BY DESC(?importance)
LIMIT 500",False,0.0,
326,complex,List all buildings with coordinates and at least one sitelink.,"SELECT DISTINCT ?building ?buildingLabel ?coord WHERE {
  ?building wdt:P31/wdt:P279* wd:Q41176 ;
            wdt:P625 ?coord .
  FILTER EXISTS { ?article schema:about ?building . }
  SERVICE wikibase:label { bd:serviceParam wikibase:language ""[AUTO_LANGUAGE],en"". }
}",False,0.0,
327,complex,List public spaces named after women.,"SELECT DISTINCT ?place ?placeLabel ?woman ?womanLabel WHERE {
  ?place wdt:P138 ?woman .
  ?woman wdt:P21 wd:Q6581072 .
  VALUES ?placeType {
    wd:Q174782
    wd:Q79007
    wd:Q34442
    wd:Q22698
    wd:Q123705
    wd:Q332165
    wd:Q253019
    wd:Q371398
  }
  ?place wdt:P31/wdt:P279* ?placeType .
  SERVICE wikibase:label { bd:serviceParam wikibase:language ""[AUTO_LANGUAGE],en"". }
}",False,0.0,
328,complex,List the longest rivers for each of the 7 continents.,"SELECT ?continent ?continentLabel ?river ?riverLabel ?length WHERE {
  {
    SELECT ?continent (MAX(?len) AS ?maxLength) WHERE {
      VALUES ?continent {
        wd:Q15      # Africa
        wd:Q18      # South America
        wd:Q46      # Europe
        wd:Q48      # Asia
        wd:Q49      # North America
        wd:Q51      # Antarctica
        wd:Q538     # Oceania
      }
      ?river wdt:P31/wdt:P279* wd:Q4022 ;
             wdt:P30 ?continent ;
             wdt:P2043 ?len .
    }
    GROUP BY ?continent
  }
  ?river wdt:P31/wdt:P279* wd:Q4022 ;
         wdt:P30 ?continent ;
         wdt:P2043 ?length .
  FILTER(?length = ?maxLength)
  SERVICE wikibase:label { bd:serviceParam wikibase:language ""[AUTO_LANGUAGE],en"". }
}
ORDER BY ?continentLabel ?riverLabel",False,0.0,
329,complex,Find the route of The Antartic Circumpolar Voyage expedition.,"SELECT DISTINCT ?route ?routeLabel WHERE {
  wd:Q7713877 wdt:P2789 ?route .
  SERVICE wikibase:label { bd:serviceParam wikibase:language ""[AUTO_LANGUAGE],en"". }
}",True,0.0,
330,complex,List cities with more Wikipedia sitelinks than their country.,"SELECT DISTINCT ?city ?cityLabel ?cityLinks ?country ?countryLabel ?countryLinks WHERE {
  ?city wdt:P31/wdt:P279* wd:Q515 ;
        wdt:P17 ?country ;
        wikibase:sitelinks ?cityLinks .
  ?country wikibase:sitelinks ?countryLinks .
  FILTER(?cityLinks > ?countryLinks)
  SERVICE wikibase:label { bd:serviceParam wikibase:language ""[AUTO_LANGUAGE],en"". }
}
ORDER BY DESC(?cityLinks)",True,0.0,
331,complex,List the latest research papers related to COVID-19.,"SELECT DISTINCT ?paper ?paperLabel ?publicationDate ?author ?authorLabel ?doi WHERE {
  ?paper wdt:P31 wd:Q13442814 ;
         wdt:P921 wd:Q84263196 ;
         wdt:P577 ?publicationDate .
  OPTIONAL { ?paper wdt:P50 ?author . }
  OPTIONAL { ?paper wdt:P356 ?doi . }
  SERVICE wikibase:label { bd:serviceParam wikibase:language ""[AUTO_LANGUAGE],en"". }
}
ORDER BY DESC(?publicationDate)
LIMIT 100",True,0.0,
332,complex,List the languages of poems and their first lines.,"SELECT DISTINCT ?poem ?poemLabel ?language ?languageLabel ?firstLine WHERE {
  ?poem wdt:P31 wd:Q5185279;
        wdt:P407 ?language;
        wdt:P1922 ?firstLine.
  SERVICE wikibase:label { bd:serviceParam wikibase:language ""[AUTO_LANGUAGE],en"". }
}",True,1.0,
333,complex,List all colors with multiple RGB values.,"SELECT DISTINCT ?color ?colorLabel (COUNT(DISTINCT ?rgb) AS ?rgbCount) WHERE {
  ?color wdt:P465 ?rgb .
  SERVICE wikibase:label { bd:serviceParam wikibase:language ""[AUTO_LANGUAGE],en"". }
}
GROUP BY ?color ?colorLabel
HAVING (COUNT(DISTINCT ?rgb) > 1)
ORDER BY DESC(?rgbCount) ?colorLabel",True,0.1494,
334,complex,"List the occupations of people born in New Zealand, ranked by popularity.","SELECT ?occupation ?occupationLabel (COUNT(DISTINCT ?person) AS ?popularity) WHERE {
  ?person wdt:P31 wd:Q5 ;
          wdt:P19 ?birthPlace ;
          wdt:P106 ?occupation .
  ?birthPlace wdt:P17 wd:Q664 .
  SERVICE wikibase:label { bd:serviceParam wikibase:language ""[AUTO_LANGUAGE],en"". }
}
GROUP BY ?occupation ?occupationLabel
ORDER BY DESC(?popularity)",True,0.5168,
335,complex,List all fibulas in Musée Saint-Raymond along with their dates and materials.,"SELECT DISTINCT ?fibula ?fibulaLabel ?date ?material ?materialLabel WHERE {
  ?fibula wdt:P31/wdt:P279* wd:Q110450303 ;
          wdt:P195 wd:Q1956946 .
  OPTIONAL { ?fibula wdt:P571 ?date . }
  OPTIONAL { ?fibula wdt:P186 ?material . }
  SERVICE wikibase:label { bd:serviceParam wikibase:language ""[AUTO_LANGUAGE],en,fr"". }
}
ORDER BY ?fibulaLabel",True,0.0,
336,complex,Find individuals with Electronic Enlightenment IDs but no Wikipedia articles in any language.,"SELECT ?person ?personLabel ?eeid WHERE {
  ?person wdt:P1802 ?eeid ;
          wdt:P31 wd:Q5 .
  FILTER NOT EXISTS {
    ?article schema:about ?person ;
             schema:isPartOf ?wiki .
    FILTER(CONTAINS(STR(?wiki), ""wikipedia.org""))
  }
  SERVICE wikibase:label { bd:serviceParam wikibase:language ""[AUTO_LANGUAGE],en"". }
}",True,0.0156,
337,complex,Show me a map of places where accused witches lived.,"SELECT DISTINCT ?place ?placeLabel ?coord WHERE {
  ?person wdt:P31 wd:Q5 ;
          wdt:P106 wd:Q188918 ;
          wdt:P551 ?place .
  ?place wdt:P625 ?coord .
  SERVICE wikibase:label { bd:serviceParam wikibase:language ""[AUTO_LANGUAGE],en"". }
}",True,0.0,
338,complex,What are the COVID-19 cases in different Indian states?,"SELECT DISTINCT ?state ?stateLabel ?cases WHERE {
  ?state wdt:P31 wd:Q12443800 ;
         wdt:P17 wd:Q668 ;
         p:P1603 ?statement .
  ?statement ps:P1603 ?cases ;
             pq:P459 wd:Q84263196 .
  SERVICE wikibase:label { bd:serviceParam wikibase:language ""[AUTO_LANGUAGE],en"". }
}
ORDER BY ?stateLabel",True,0.0,
339,complex,Find paintings with 'portrait' in their name that do not depict anything.,"SELECT DISTINCT ?painting ?paintingLabel WHERE {
  ?painting wdt:P31/wdt:P279* wd:Q3305213 .
  ?painting rdfs:label ?label .
  FILTER(LANG(?label) = ""en"")
  FILTER(CONTAINS(LCASE(?label), ""portrait""))
  FILTER NOT EXISTS { ?painting wdt:P180 ?depicts }
  SERVICE wikibase:label { bd:serviceParam wikibase:language ""[AUTO_LANGUAGE],en"". }
}",True,0.9616,
340,complex,List all countries with an average player weight above 80 kilos in the FIFA World Cup 2022.,"SELECT ?country ?countryLabel (AVG(?weightValue) AS ?averageWeight) WHERE {
  ?player wdt:P31 wd:Q5 ;
          wdt:P106 wd:Q937857 ;
          p:P1344 ?participation ;
          wdt:P2067 ?weightValue ;
          wdt:P27 ?country .
  ?participation ps:P1344 wd:Q284163 ;
                 pq:P642 wd:Q19317 .
  ?country wdt:P31 wd:Q6256 .
  SERVICE wikibase:label { bd:serviceParam wikibase:language ""[AUTO_LANGUAGE],en"". }
}
GROUP BY ?country ?countryLabel
HAVING (AVG(?weightValue) > 80)
ORDER BY DESC(?averageWeight)",True,0.0,
341,complex,Find items in the UK with coordinates near 1 degree 50 west longitude.,"SELECT DISTINCT ?item ?itemLabel ?coord WHERE {
  ?item wdt:P17 wd:Q145 ;
        wdt:P625 ?coord .
  FILTER(ABS(xsd:decimal(STRAFTER(STR(?coord), ""Point("")) + 1.833333) < 0.1)
  SERVICE wikibase:label { bd:serviceParam wikibase:language ""[AUTO_LANGUAGE],en"". }
}",True,1.0,
342,complex,What languages are used in Wikidata lexemes?,"SELECT DISTINCT ?language ?languageLabel WHERE {
  ?lexeme dct:language ?language .
  SERVICE wikibase:label { bd:serviceParam wikibase:language ""[AUTO_LANGUAGE],en"". }
}
ORDER BY ?languageLabel",False,0.0,
343,complex,List the awards with the highest percentage of female recipients.,"SELECT ?award ?awardLabel ?femaleCount ?totalCount ?percentage WHERE {
  {
    SELECT ?award (COUNT(DISTINCT ?female) AS ?femaleCount) (COUNT(DISTINCT ?recipient) AS ?totalCount)
           ((100.0 * COUNT(DISTINCT ?female)) / COUNT(DISTINCT ?recipient) AS ?percentage)
    WHERE {
      ?recipient wdt:P166 ?award ;
                 wdt:P21 ?gender .
      FILTER(?gender IN (wd:Q6581072, wd:Q1052281))
      BIND(IF(?gender = wd:Q6581072, ?recipient, UNDEF) AS ?female)
    }
    GROUP BY ?award
    HAVING(COUNT(DISTINCT ?recipient) > 0)
  }
  SERVICE wikibase:label { bd:serviceParam wikibase:language ""[AUTO_LANGUAGE],en"". }
}
ORDER BY DESC(?percentage) DESC(?femaleCount) DESC(?totalCount) ?awardLabel",False,0.0,
344,complex,List the names of fictional characters created by French authors.,"SELECT DISTINCT ?character ?characterLabel ?author ?authorLabel WHERE {
  ?character wdt:P31 wd:Q95074 ;
             wdt:P170 ?author .
  ?author wdt:P27 wd:Q142 .
  SERVICE wikibase:label { bd:serviceParam wikibase:language ""[AUTO_LANGUAGE],en,fr,de,it,es"". }
}",True,0.0029,
345,complex,List names similar to Filaret.,"SELECT DISTINCT ?item ?itemLabel WHERE {
  ?item rdfs:label ?label .
  FILTER(LANG(?label) = ""en"") .
  FILTER(CONTAINS(LCASE(?label), ""filaret"")) .
  SERVICE wikibase:label { bd:serviceParam wikibase:language ""[AUTO_LANGUAGE],en"". }
}",False,0.0,
346,complex,List the most cited Danish authors.,"SELECT DISTINCT ?author ?authorLabel ?citations WHERE {
  ?author wdt:P31 wd:Q5 ;
          wdt:P27 wd:Q35 ;
          wdt:P106 wd:Q36180 ;
          p:P2860 ?citationStatement .
  BIND(COUNT(?citationStatement) AS ?citations)
  SERVICE wikibase:label { bd:serviceParam wikibase:language ""[AUTO_LANGUAGE],en"". }
}
GROUP BY ?author ?authorLabel
ORDER BY DESC(?citations)",False,0.0,
347,complex,List all World Snooker Champions along with their total number of wins.,"SELECT ?player ?playerLabel (COUNT(?championship) AS ?totalWins) WHERE {
  ?championship wdt:P31 wd:Q2707846 ;
                wdt:P1346 ?player .
  SERVICE wikibase:label { bd:serviceParam wikibase:language ""[AUTO_LANGUAGE],en"". }
}
GROUP BY ?player ?playerLabel
ORDER BY DESC(?totalWins) ?playerLabel",True,0.0,
348,complex,List all economists along with their birthplaces and years.,"SELECT DISTINCT ?person ?personLabel ?birthplace ?birthplaceLabel ?year WHERE {
  ?person wdt:P106 wd:Q188094 ;
          wdt:P31 wd:Q5 ;
          wdt:P19 ?birthplace ;
          wdt:P569 ?birthdate .
  BIND(YEAR(?birthdate) AS ?year)
  SERVICE wikibase:label { bd:serviceParam wikibase:language ""[AUTO_LANGUAGE],en"". }
}
ORDER BY ?year ?personLabel",False,0.0,
349,complex,List all artworks falsely attributed to Johannes Vermeer.,"SELECT DISTINCT ?artwork ?artworkLabel WHERE {
  ?artwork wdt:P31/wdt:P279* wd:Q838948 ;
           wdt:P1419 wd:Q41264 .
  SERVICE wikibase:label { bd:serviceParam wikibase:language ""[AUTO_LANGUAGE],en"". }
}",True,1.0,
350,complex,List all fictional spaceship captains from the Star Trek universe.,"SELECT DISTINCT ?person ?personLabel WHERE {
  ?person wdt:P31 wd:Q95074 ;
          wdt:P106 wd:Q4357877 ;
          wdt:P1441 wd:Q44567 .
  SERVICE wikibase:label { bd:serviceParam wikibase:language ""[AUTO_LANGUAGE],en"". }
}",True,0.0,
351,complex,List the people buried at Pere Lachaise Cemetery along with their birthplace and date of birth.,"SELECT DISTINCT ?person ?personLabel ?birthplace ?birthplaceLabel ?dateOfBirth WHERE {
  ?person wdt:P119 wd:Q311 ;
          wdt:P31 wd:Q5 ;
          wdt:P19 ?birthplace ;
          wdt:P569 ?dateOfBirth .
  SERVICE wikibase:label { bd:serviceParam wikibase:language ""[AUTO_LANGUAGE],en"". }
}
ORDER BY ?personLabel",True,0.4729,
352,complex,List all Swedish forms without examples.,"SELECT DISTINCT ?form ?formLabel WHERE {
  ?form wdt:P31 wd:Q54275340 ;
        wdt:P407 wd:Q9027 .
  FILTER NOT EXISTS { ?form p:P5831 ?exampleStatement . }
  SERVICE wikibase:label { bd:serviceParam wikibase:language ""[AUTO_LANGUAGE],en"". }
}",True,0.0,
353,complex,What are the subclasses of malware?,"SELECT DISTINCT ?subclass ?subclassLabel WHERE {
  ?subclass wdt:P279 wd:Q14001 .
  SERVICE wikibase:label { bd:serviceParam wikibase:language ""[AUTO_LANGUAGE],en"". }
}",True,0.1821,
354,complex,What percentage of Nobel Prize winners are women?,"SELECT (COUNT(DISTINCT ?woman) AS ?womenWinners) (COUNT(DISTINCT ?winner) AS ?totalWinners) ((100.0 * COUNT(DISTINCT ?woman)) / COUNT(DISTINCT ?winner) AS ?percentageWomen) WHERE {
  ?winner wdt:P166 ?nobelAward ;
          wdt:P31 wd:Q5 .
  ?nobelAward wdt:P31 wd:Q7191 .
  OPTIONAL {
    ?winner wdt:P21 wd:Q6581072 .
    BIND(?winner AS ?woman)
  }
}",True,0.0,
355,complex,List all Wikipedia articles about controversies with the most language versions.,"SELECT ?article ?articleLabel ?languages WHERE {
  ?article wdt:P31 wd:Q13418847 ;
           wikibase:sitelinks ?languages .
  SERVICE wikibase:label { bd:serviceParam wikibase:language ""[AUTO_LANGUAGE],en"". }
}
ORDER BY DESC(?languages)",True,0.0101,
356,complex,List all science fiction movies and series featuring an actor born in Liverpool.,"SELECT DISTINCT ?work ?workLabel ?workTypeLabel ?actor ?actorLabel WHERE {
  VALUES ?workType { wd:Q11424 wd:Q5398426 }
  ?work wdt:P31 ?workType ;
        wdt:P136 wd:Q24925 ;
        wdt:P161 ?actor .
  ?actor wdt:P31 wd:Q5 ;
         wdt:P19 wd:Q24826 .
  SERVICE wikibase:label { bd:serviceParam wikibase:language ""[AUTO_LANGUAGE],en"". }
}",True,0.0,
357,complex,List all government agencies operating in Scotland.,"SELECT DISTINCT ?agency ?agencyLabel WHERE {
  ?agency wdt:P31/wdt:P279* wd:Q327333 ;
          wdt:P17 wd:Q145 ;
          wdt:P131* wd:Q22 .
  SERVICE wikibase:label { bd:serviceParam wikibase:language ""[AUTO_LANGUAGE],en"". }
}",False,0.0,
358,complex,List all manuscript collections with their official websites.,"SELECT DISTINCT ?collection ?collectionLabel ?website WHERE {
  ?collection wdt:P31 wd:Q2603641;
              wdt:P856 ?website.
  SERVICE wikibase:label { bd:serviceParam wikibase:language ""[AUTO_LANGUAGE],en"". }
}",True,1.0,
359,complex,List all infectious diseases with their minimum and maximum incubation periods in humans.,"SELECT DISTINCT ?disease ?diseaseLabel ?minIncubation ?maxIncubation WHERE {
  ?disease wdt:P31/wdt:P279* wd:Q18123741 .
  ?disease p:P3488 ?incubationStatement .
  ?incubationStatement ps:P3488 ?incubationValue .
  ?incubationStatement pq:P642 wd:Q5 .
  OPTIONAL { ?incubationStatement pq:P2310 ?minIncubation . }
  OPTIONAL { ?incubationStatement pq:P2311 ?maxIncubation . }
  SERVICE wikibase:label { bd:serviceParam wikibase:language ""[AUTO_LANGUAGE],en"". }
}
ORDER BY ?diseaseLabel",True,1.0,
360,complex,Find the railway stations between Dibrugarh and Scottish Highlands with the fewest stops.,"SELECT ?station ?stationLabel WHERE {
  {
    SELECT ?route (MIN(?stops) AS ?minStops) WHERE {
      ?route wdt:P31/wdt:P279* wd:Q728937 ;
             wdt:P527 ?station1, ?station2 .
      ?station1 rdfs:label ""Dibrugarh""@en .
      ?station2 rdfs:label ""Scottish Highlands""@en .
      OPTIONAL { ?route wdt:P197 ?stops . }
    }
    GROUP BY ?route
  }
  ?route wdt:P527 ?station .
  SERVICE wikibase:label { bd:serviceParam wikibase:language ""[AUTO_LANGUAGE],en"". }
}",False,0.0,
361,complex,Show me a map of people buried in Pere Lachaise Cemetery organized by their place of birth.,"SELECT DISTINCT ?person ?personLabel ?birthPlace ?birthPlaceLabel ?coord WHERE {
  ?person wdt:P119 wd:Q311 ;
          wdt:P19 ?birthPlace .
  ?birthPlace wdt:P625 ?coord .
  SERVICE wikibase:label { bd:serviceParam wikibase:language ""[AUTO_LANGUAGE],en"". }
}",True,0.3765,
362,complex,List plant genera named after female botanists.,"SELECT DISTINCT ?genus ?genusLabel ?person ?personLabel WHERE {
  ?genus wdt:P31 wd:Q16521;
         wdt:P138 ?person.
  ?person wdt:P31 wd:Q5;
          wdt:P106 wd:Q2374149;
          wdt:P21 wd:Q6581072.
  SERVICE wikibase:label { bd:serviceParam wikibase:language ""[AUTO_LANGUAGE],en"". }
}",True,0.4581,
363,complex,List the languages with the most examples in Wikidata's lexicographical data.,"SELECT ?language ?languageLabel (COUNT(?lexeme) AS ?examplesCount) WHERE {
  ?lexeme dct:language ?language .
  SERVICE wikibase:label { bd:serviceParam wikibase:language ""[AUTO_LANGUAGE],en"". }
}
GROUP BY ?language ?languageLabel
ORDER BY DESC(?examplesCount)",False,0.0,
364,complex,List the top scorers in the 2018 FIFA World Cup.,"SELECT DISTINCT ?player ?playerLabel ?goals WHERE {
  ?player p:P1344 ?participation .
  ?participation ps:P1344 wd:Q170645 ;
                 pq:P1352 ?goals .
  SERVICE wikibase:label { bd:serviceParam wikibase:language ""[AUTO_LANGUAGE],en"". }
}
ORDER BY DESC(?goals) ?playerLabel",True,0.0,
365,complex,Show the workplaces of Philip de László on a map.,"SELECT DISTINCT ?place ?placeLabel ?coord WHERE {
  wd:Q718917 wdt:P937 ?place .
  ?place wdt:P625 ?coord .
  SERVICE wikibase:label { bd:serviceParam wikibase:language ""[AUTO_LANGUAGE],en"". }
}",True,0.0,
366,complex,List the universities attended by creators of popular programming languages.,"SELECT DISTINCT ?creator ?creatorLabel ?language ?languageLabel ?university ?universityLabel WHERE {
  ?language wdt:P31 wd:Q9143 ;
            wdt:P170 ?creator .
  ?creator wdt:P69 ?university .
  SERVICE wikibase:label { bd:serviceParam wikibase:language ""[AUTO_LANGUAGE],en"". }
}
ORDER BY ?creatorLabel ?languageLabel ?universityLabel",True,0.1598,
367,complex,List the female Oxford University alumni who are not from the United Kingdom.,"SELECT DISTINCT ?person ?personLabel WHERE {
  ?person wdt:P31 wd:Q5 ;
          wdt:P21 wd:Q6581072 ;
          wdt:P69 wd:Q34433 ;
          wdt:P27 ?country .
  FILTER(?country != wd:Q145)
  SERVICE wikibase:label { bd:serviceParam wikibase:language ""[AUTO_LANGUAGE],en"". }
}",True,0.1312,
368,complex,"List people born in Czechia who died in Germany, grouped by decade of birth.","SELECT ?decade (COUNT(DISTINCT ?person) AS ?count) WHERE {
  ?person wdt:P31 wd:Q5 ;
          wdt:P19 ?birthPlace ;
          wdt:P20 ?deathPlace ;
          wdt:P569 ?birthDate .

  ?birthPlace wdt:P17 wd:Q213 .
  ?deathPlace wdt:P17 wd:Q183 .

  BIND((YEAR(?birthDate) - (YEAR(?birthDate) % 10)) AS ?decade)
}
GROUP BY ?decade
ORDER BY ?decade",False,0.0,
369,complex,List the names of English monarchs and their causes of death.,"SELECT DISTINCT ?person ?personLabel ?cause ?causeLabel WHERE {
  ?person wdt:P31 wd:Q5 ;
          wdt:P27 wd:Q21 ;
          wdt:P39 wd:Q18810062 ;
          wdt:P509 ?cause .
  SERVICE wikibase:label { bd:serviceParam wikibase:language ""[AUTO_LANGUAGE],en"". }
}
ORDER BY ?personLabel",True,0.0,
370,complex,What are the most common subjects depicted in both the Cleveland Museum of Art and Ashmolean Museum collections?,"SELECT ?subject ?subjectLabel (COUNT(DISTINCT ?artwork) AS ?count) WHERE {
  VALUES ?collection { wd:Q657415 wd:Q636400 }
  ?artwork wdt:P195 ?collection ;
           wdt:P180 ?subject .
  SERVICE wikibase:label { bd:serviceParam wikibase:language ""[AUTO_LANGUAGE],en"". }
}
GROUP BY ?subject ?subjectLabel
ORDER BY DESC(?count)",True,0.0,
371,complex,List the number of music albums by language in descending order.,"SELECT ?language ?languageLabel (COUNT(?album) AS ?numberOfAlbums) WHERE {
  ?album wdt:P31 wd:Q482994 ;
         wdt:P407 ?language .
  SERVICE wikibase:label { bd:serviceParam wikibase:language ""[AUTO_LANGUAGE],en"". }
}
GROUP BY ?language ?languageLabel
ORDER BY DESC(?numberOfAlbums)",False,0.0,
372,complex,List the capitals of two countries that are not bordering and are less than 200 km apart.,"SELECT DISTINCT ?capital1 ?capital1Label ?country1 ?country1Label ?capital2 ?capital2Label ?country2 ?country2Label ?distance WHERE {
  ?country1 wdt:P31 wd:Q3624078 ;
            wdt:P36 ?capital1 .
  ?country2 wdt:P31 wd:Q3624078 ;
            wdt:P36 ?capital2 .
  FILTER(?country1 != ?country2)
  FILTER(STR(?country1) < STR(?country2))
  FILTER NOT EXISTS { ?country1 wdt:P47 ?country2 }
  FILTER NOT EXISTS { ?country2 wdt:P47 ?country1 }
  ?capital1 wdt:P625 ?coord1 .
  ?capital2 wdt:P625 ?coord2 .
  BIND(geof:distance(?coord1, ?coord2) AS ?distance)
  FILTER(?distance < 200)
  SERVICE wikibase:label { bd:serviceParam wikibase:language ""[AUTO_LANGUAGE],en"". }
}
ORDER BY ?distance",True,0.3043,
373,complex,What are the artworks in the Khalili Collections that have images?,"SELECT DISTINCT ?artwork ?artworkLabel ?image WHERE {
  ?artwork wdt:P195 wd:Q6408136 ;
           wdt:P18 ?image .
  SERVICE wikibase:label { bd:serviceParam wikibase:language ""[AUTO_LANGUAGE],en"". }
}",True,0.0,
374,complex,List all individuals with multiple social media accounts that differ only in capitalization.,"SELECT DISTINCT ?person ?personLabel ?account1 ?account2 WHERE {
  VALUES ?prop {
    wdt:P2002  # X username
    wdt:P2003  # Instagram username
    wdt:P2013  # Facebook username
    wdt:P2397  # YouTube handle
    wdt:P3185  # VK ID
    wdt:P3836  # Pinterest username
    wdt:P4264  # LinkedIn personal profile ID
    wdt:P6634  # LinkedIn company or organization profile ID
    wdt:P7085  # TikTok username
  }
  ?person ?prop ?account1, ?account2 .
  FILTER(?account1 != ?account2)
  FILTER(LCASE(STR(?account1)) = LCASE(STR(?account2)))
  FILTER(STR(?account1) < STR(?account2))
  SERVICE wikibase:label { bd:serviceParam wikibase:language ""[AUTO_LANGUAGE],en"". }
}
ORDER BY ?personLabel ?account1 ?account2",False,0.0,
375,complex,What are the first letters of free software names?,"SELECT DISTINCT ?software ?softwareLabel ?firstLetter WHERE {
  ?software wdt:P31 wd:Q341;
            rdfs:label ?softwareLabel.
  FILTER(LANG(?softwareLabel) = ""en"")
  BIND(SUBSTR(?softwareLabel, 1, 1) AS ?firstLetter)
  SERVICE wikibase:label { bd:serviceParam wikibase:language ""[AUTO_LANGUAGE],en"". }
}",True,0.0,
376,complex,List the countries with their number of demonstrations.,"SELECT ?country ?countryLabel (COUNT(?demonstration) AS ?numberOfDemonstrations) WHERE {
  ?demonstration wdt:P31 wd:Q175331;
                 wdt:P17 ?country .
  SERVICE wikibase:label { bd:serviceParam wikibase:language ""[AUTO_LANGUAGE],en"". }
}
GROUP BY ?country ?countryLabel
ORDER BY DESC(?numberOfDemonstrations)",True,0.851,
377,complex,What museums are near Cesis?,"SELECT DISTINCT ?museum ?museumLabel ?location ?locationLabel WHERE {
  wd:Q81131 wdt:P2067 ?cesisCoord .
  ?museum wdt:P31/wdt:P279* wd:Q33506 ;
          wdt:P131 ?location ;
          wdt:P625 ?museumCoord .
  SERVICE wikibase:around {
    ?museum wdt:P625 ?museumCoord .
    bd:serviceParam wikibase:center ?cesisCoord .
    bd:serviceParam wikibase:radius ""25"" .
    bd:serviceParam wikibase:distance ?distance .
  }
  SERVICE wikibase:label { bd:serviceParam wikibase:language ""[AUTO_LANGUAGE],en"" . }
}
ORDER BY ?distance",True,0.0,
378,complex,List all Nobel Prize categories by gender of the winners.,"SELECT DISTINCT ?category ?categoryLabel ?gender ?genderLabel WHERE {
  ?winner wdt:P166 ?category ;
          wdt:P21 ?gender .
  ?category wdt:P31 wd:Q7191 .
  SERVICE wikibase:label { bd:serviceParam wikibase:language ""[AUTO_LANGUAGE],en"". }
}
ORDER BY ?categoryLabel ?genderLabel",True,0.0741,
379,complex,List artists who died in concentration camps during World War II.,"SELECT DISTINCT ?artist ?artistLabel ?deathPlace ?deathPlaceLabel ?deathDate WHERE {
  ?artist wdt:P31 wd:Q5 ;
          wdt:P106 ?occupation ;
          wdt:P20 ?deathPlace ;
          wdt:P570 ?deathDate .
  ?occupation wdt:P279* wd:Q483501 .
  ?deathPlace wdt:P31/wdt:P279* wd:Q213805 .
  FILTER(?deathDate >= ""1939-09-01T00:00:00Z""^^xsd:dateTime && ?deathDate <= ""1945-09-02T23:59:59Z""^^xsd:dateTime)
  SERVICE wikibase:label { bd:serviceParam wikibase:language ""[AUTO_LANGUAGE],en"". }
}",True,0.0,
380,complex,"List databases with a SPARQL endpoint, ranked by the number of IDs known to Wikidata.","SELECT ?database ?databaseLabel ?count WHERE {
  {
    SELECT ?database (COUNT(?property) AS ?count) WHERE {
      ?property wikibase:propertyType ?datatype ;
                wdt:P1629 ?database .
      FILTER(?datatype = wikibase:ExternalId)
    }
    GROUP BY ?database
  }
  ?database wdt:P5305 ?endpoint .
  SERVICE wikibase:label { bd:serviceParam wikibase:language ""[AUTO_LANGUAGE],en"". }
}
ORDER BY DESC(?count) ?databaseLabel",True,0.0,
381,complex,How many French words are linked to a single dictionary?,"SELECT (COUNT(DISTINCT ?word) AS ?count) WHERE {
  ?word wdt:P31 wd:Q1084 ;
        wdt:P407 wd:Q150 ;
        wdt:P1952 ?dictionary .
}",True,0.0476,
382,complex,List all open-source research software categorized by field.,"SELECT DISTINCT ?software ?softwareLabel ?field ?fieldLabel WHERE {
  ?software wdt:P31/wdt:P279* wd:Q7397;
            wdt:P275 wd:Q334661;
            wdt:P101 ?field.
  SERVICE wikibase:label { bd:serviceParam wikibase:language ""[AUTO_LANGUAGE],en"". }
}
ORDER BY ?fieldLabel ?softwareLabel",False,0.0,
383,complex,"List people who died in 2018, ranked by the number of Wikipedia pages they are mentioned on.","SELECT ?person ?personLabel ?deathDate ?articleCount WHERE {
  ?person wdt:P31 wd:Q5 ;
          wdt:P570 ?deathDate .
  FILTER(YEAR(?deathDate) = 2018)

  {
    SELECT ?person (COUNT(DISTINCT ?article) AS ?articleCount) WHERE {
      ?article schema:about ?person ;
               schema:isPartOf ?wiki .
      FILTER(CONTAINS(STR(?wiki), ""wikipedia.org""))
    }
    GROUP BY ?person
  }

  SERVICE wikibase:label { bd:serviceParam wikibase:language ""[AUTO_LANGUAGE],en"". }
}
ORDER BY DESC(?articleCount) ?personLabel",False,0.0,
384,complex,List all individuals born in Wales who have held the position of head of government.,"SELECT DISTINCT ?person ?personLabel ?birthPlace ?birthPlaceLabel WHERE {
  ?person wdt:P31 wd:Q5 ;
          wdt:P19 ?birthPlace ;
          p:P39 ?statement .
  ?statement ps:P39 ?position .
  ?position wdt:P279* wd:Q2285706 .
  ?birthPlace wdt:P131* wd:Q25 .
  SERVICE wikibase:label { bd:serviceParam wikibase:language ""[AUTO_LANGUAGE],en"". }
}",False,0.0,
385,complex,What are the properties that connect a church to its patron saint?,"SELECT DISTINCT ?property ?propertyLabel WHERE {
  ?church wdt:P31/wdt:P279* wd:Q16970 .
  ?saint wdt:P31 wd:Q5 .
  {
    ?church ?p ?saint .
  }
  UNION
  {
    ?saint ?p ?church .
  }
  ?property wikibase:directClaim ?p .
  SERVICE wikibase:label { bd:serviceParam wikibase:language ""[AUTO_LANGUAGE],en"". }
}",False,0.0,
386,complex,What are the longest rivers in France that do not have a department named after them?,"SELECT ?river ?riverLabel ?length WHERE {
  ?river wdt:P31/wdt:P279* wd:Q4022 ;
         wdt:P17 wd:Q142 ;
         wdt:P2043 ?length .
  FILTER NOT EXISTS {
    ?department wdt:P31 wd:Q6465 ;
                rdfs:label ?depLabel .
    FILTER(LANG(?depLabel) = ""fr"")
    FILTER(CONTAINS(LCASE(?depLabel), LCASE(?riverLabel)))
  }
  SERVICE wikibase:label { bd:serviceParam wikibase:language ""fr,en"". }
}
ORDER BY DESC(?length)",True,0.0034,
387,complex,List all biological pathways with their corresponding protein structures in the PDB database.,"SELECT DISTINCT ?pathway ?pathwayLabel ?pdb WHERE {
  ?pathway wdt:P2410 ?pdb .
  SERVICE wikibase:label { bd:serviceParam wikibase:language ""[AUTO_LANGUAGE],en"". }
}",True,0.0,
388,complex,List the properties used in instances of public libraries along with their frequency.,"SELECT ?property ?propertyLabel (COUNT(*) AS ?frequency) WHERE {
  ?library wdt:P31 wd:Q7075 .
  ?library ?p ?value .
  ?property wikibase:directClaim ?p .
  SERVICE wikibase:label { bd:serviceParam wikibase:language ""[AUTO_LANGUAGE],en"". }
}
GROUP BY ?property ?propertyLabel
ORDER BY DESC(?frequency)",False,0.0,
389,complex,What scenes are depicted in Mediterranean Scenes drawings?,"SELECT DISTINCT ?drawing ?drawingLabel ?depicted ?depictedLabel WHERE {
  ?drawing wdt:P31 wd:Q3305213 ;
           rdfs:label ""Mediterranean Scenes""@en ;
           wdt:P180 ?depicted .
  SERVICE wikibase:label { bd:serviceParam wikibase:language ""[AUTO_LANGUAGE],en"". }
}",True,0.0,
390,complex,List all stages of the Tour de France.,"SELECT DISTINCT ?stage ?stageLabel WHERE {
  ?stage wdt:P361 wd:Q33891 .
  SERVICE wikibase:label { bd:serviceParam wikibase:language ""[AUTO_LANGUAGE],en"". }
}",True,1.0,
391,complex,List the most populous first-level country subdivisions without a legislative body.,"SELECT ?subdivision ?subdivisionLabel ?country ?countryLabel ?population WHERE {
  {
    SELECT ?country (MAX(?pop) AS ?maxPopulation) WHERE {
      ?subdivision wdt:P31/wdt:P279* wd:Q10864048 ;
                   wdt:P17 ?country ;
                   wdt:P1082 ?pop .
      FILTER NOT EXISTS { ?subdivision wdt:P194 ?legislativeBody . }
    }
    GROUP BY ?country
  }
  ?subdivision wdt:P31/wdt:P279* wd:Q10864048 ;
               wdt:P17 ?country ;
               wdt:P1082 ?population .
  FILTER(?population = ?maxPopulation)
  FILTER NOT EXISTS { ?subdivision wdt:P194 ?legislativeBody . }
  SERVICE wikibase:label { bd:serviceParam wikibase:language ""[AUTO_LANGUAGE],en"". }
}
ORDER BY DESC(?population) ?countryLabel",True,0.1087,
392,complex,List the types of properties with their frequency and an example property for each type.,"SELECT ?type ?typeLabel (COUNT(?property) AS ?frequency) (SAMPLE(?property) AS ?exampleProperty) (SAMPLE(?propertyLabel) AS ?examplePropertyLabel) WHERE {
  ?property wikibase:propertyType ?type .
  SERVICE wikibase:label { bd:serviceParam wikibase:language ""[AUTO_LANGUAGE],en"". }
}
GROUP BY ?type ?typeLabel
ORDER BY DESC(?frequency)",False,0.0,
393,complex,List song titles that are also female given names.,"SELECT DISTINCT ?song ?songLabel WHERE {
  ?song wdt:P31/wdt:P279* wd:Q7366 .
  ?song rdfs:label ?title .
  FILTER(LANG(?title) = ""en"")
  ?givenName wdt:P31/wdt:P279* wd:Q202444 ;
             rdfs:label ?title .
  FILTER(LANG(?title) = ""en"")
  SERVICE wikibase:label { bd:serviceParam wikibase:language ""en,fr,de,it,es"". }
}",False,0.0,
394,complex,List all external identifiers from Wikidata.,"SELECT DISTINCT ?property ?propertyLabel ?formatterURL WHERE {
  ?property wikibase:propertyType wikibase:ExternalId .
  OPTIONAL { ?property wdt:P1630 ?formatterURL . }
  SERVICE wikibase:label { bd:serviceParam wikibase:language ""[AUTO_LANGUAGE],en"". }
}
ORDER BY ?propertyLabel",False,0.0,
395,complex,List mathematicians born in years that are prime numbers.,"SELECT DISTINCT ?person ?personLabel ?birthDate ?birthYear WHERE {
  ?person wdt:P31 wd:Q5 ;
          wdt:P106 wd:Q170790 ;
          wdt:P569 ?birthDate .
  BIND(YEAR(?birthDate) AS ?birthYear)
  FILTER(
    ?birthYear > 1 &&
    NOT EXISTS {
      VALUES ?d { 2 3 5 7 11 13 17 19 23 29 31 37 41 43 }
      FILTER(?d < ?birthYear && ?birthYear / ?d = xsd:integer(?birthYear / ?d))
    }
  )
  SERVICE wikibase:label { bd:serviceParam wikibase:language ""[AUTO_LANGUAGE],en"". }
}
ORDER BY ?birthYear ?personLabel",False,0.0,
396,complex,"Show me the relationships between Elsa Lanchester, Charles Laughton, and other notable individuals.","SELECT DISTINCT ?person ?personLabel ?relation ?relationLabel WHERE {
  VALUES ?seed { wd:Q231988 wd:Q313656 }
  VALUES ?prop {
    wdt:P26
    wdt:P22
    wdt:P25
    wdt:P40
    wdt:P3373
    wdt:P451
  }
  ?seed ?prop ?person .
  BIND(?prop AS ?relation)
  ?person wdt:P31 wd:Q5 .
  FILTER(?person NOT IN (wd:Q231988, wd:Q313656))
  SERVICE wikibase:label { bd:serviceParam wikibase:language ""[AUTO_LANGUAGE],en"". }
} ORDER BY ?relationLabel ?personLabel",True,0.0,
397,complex,Find PubMed references related to renal cell carcinoma variants.,"SELECT DISTINCT ?variant ?variantLabel ?pubmed WHERE {
  ?variant wdt:P31/wdt:P279* wd:Q1965308;
           wdt:P698 ?pubmed.
  SERVICE wikibase:label { bd:serviceParam wikibase:language ""[AUTO_LANGUAGE],en"". }
}",True,1.0,
398,complex,What are the official songs of each U.S. state?,"SELECT DISTINCT ?state ?stateLabel ?song ?songLabel WHERE {
  ?state wdt:P31 wd:Q35657.
  ?state p:P85 ?statement.
  ?statement ps:P85 ?song.
  FILTER EXISTS { ?statement pq:P1001 ?state. }
  SERVICE wikibase:label { bd:serviceParam wikibase:language ""[AUTO_LANGUAGE],en"". }
}
ORDER BY ?stateLabel ?songLabel",True,0.0,
399,complex,What are the most common last names among humans?,"SELECT ?surname ?surnameLabel (COUNT(?person) AS ?count) WHERE {
  ?person wdt:P31 wd:Q5 ;
          wdt:P734 ?surname .
  SERVICE wikibase:label { bd:serviceParam wikibase:language ""[AUTO_LANGUAGE],en"". }
}
GROUP BY ?surname ?surnameLabel
ORDER BY DESC(?count)",False,0.0,
400,complex,"List all Basque people with known birthplaces on Wikipedia, grouped by the century they died in.","SELECT ?century ?person ?personLabel ?birthplace ?birthplaceLabel WHERE {
  ?person wdt:P31 wd:Q5 ;
          wdt:P27 wd:Q29 ;
          wdt:P570 ?deathDate ;
          wdt:P19 ?birthplace .
  ?article schema:about ?person ;
           schema:isPartOf <https://en.wikipedia.org/> .
  BIND(CONCAT(
    STR(1 + FLOOR((YEAR(?deathDate) - 1) / 100)),
    ""th century""
  ) AS ?century)
  SERVICE wikibase:label { bd:serviceParam wikibase:language ""[AUTO_LANGUAGE],en"". }
}
ORDER BY ?century ?personLabel",False,0.0,
401,complex,What are the top companies by revenue in USD?,"SELECT ?company ?companyLabel ?revenue WHERE {
  ?company wdt:P31/wdt:P279* wd:Q4830453 ;
           p:P2139 ?revenueStatement .
  ?revenueStatement ps:P2139 ?revenue ;
                    psv:P2139 ?revenueValue .
  ?revenueValue wikibase:quantityUnit wd:Q4917 .
  SERVICE wikibase:label { bd:serviceParam wikibase:language ""[AUTO_LANGUAGE],en"". }
}
ORDER BY DESC(?revenue)",True,0.0016,
402,complex,What are the most gender-imbalanced occupations in the US?,"SELECT ?occupation ?occupationLabel ?femaleCount ?maleCount ?totalCount ?femaleShare ?maleShare WHERE {
  {
    SELECT ?occupation
           (SUM(?f) AS ?femaleCount)
           (SUM(?m) AS ?maleCount)
           ((SUM(?f) + SUM(?m)) AS ?totalCount)
           (SUM(?f) / (SUM(?f) + SUM(?m)) AS ?femaleShare)
           (SUM(?m) / (SUM(?f) + SUM(?m)) AS ?maleShare)
    WHERE {
      ?item p:P1087 ?statement .
      ?statement ps:P1087 ?count ;
                 pq:P585 ?date ;
                 pq:P17 wd:Q30 ;
                 pq:P21 ?gender ;
                 pq:P1013 ?occupation .
      FILTER(?gender IN (wd:Q6581072, wd:Q6581097))
      BIND(IF(?gender = wd:Q6581072, ?count, 0) AS ?f)
      BIND(IF(?gender = wd:Q6581097, ?count, 0) AS ?m)
    }
    GROUP BY ?occupation
    HAVING((SUM(?f) + SUM(?m)) > 1000)
    ORDER BY ASC(IF((SUM(?f) / (SUM(?f) + SUM(?m))) < (SUM(?m) / (SUM(?f) + SUM(?m))),
                    (SUM(?f) / (SUM(?f) + SUM(?m))),
                    (SUM(?m) / (SUM(?f) + SUM(?m)))))
    LIMIT 50
  }
  {
    SELECT ?occupation
           (SUM(?f2) AS ?femaleCount)
           (SUM(?m2) AS ?maleCount)
           ((SUM(?f2) + SUM(?m2)) AS ?totalCount)
           (SUM(?f2) / (SUM(?f2) + SUM(?m2)) AS ?femaleShare)
           (SUM(?m2) / (SUM(?f2) + SUM(?m2)) AS ?maleShare)
    WHERE {
      ?item2 p:P1087 ?statement2 .
      ?statement2 ps:P1087 ?count2 ;
                  pq:P585 ?date2 ;
                  pq:P17 wd:Q30 ;
                  pq:P21 ?gender2 ;
                  pq:P1013 ?occupation .
      FILTER(?gender2 IN (wd:Q6581072, wd:Q6581097))
      BIND(IF(?gender2 = wd:Q6581072, ?count2, 0) AS ?f2)
      BIND(IF(?gender2 = wd:Q6581097, ?count2, 0) AS ?m2)
    }
    GROUP BY ?occupation
  }
  SERVICE wikibase:label { bd:serviceParam wikibase:language ""[AUTO_LANGUAGE],en"". }
}
ORDER BY ASC(IF(?femaleShare < ?maleShare, ?femaleShare, ?maleShare))",True,1.0,
403,complex,"List all artworks from the Musée Saint-Raymond in Toulouse, France.","SELECT DISTINCT ?artwork ?artworkLabel ?image WHERE {
  ?artwork wdt:P31/wdt:P279* wd:Q838948 ;
           wdt:P276 wd:Q693961 .
  OPTIONAL { ?artwork wdt:P18 ?image . }
  SERVICE wikibase:label { bd:serviceParam wikibase:language ""[AUTO_LANGUAGE],en,fr"" . }
}",True,1.0,
404,complex,What is the count of Twitter IDs versus Facebook IDs for non-human entities?,"SELECT (COUNT(DISTINCT ?twitterEntity) AS ?twitterCount) (COUNT(DISTINCT ?facebookEntity) AS ?facebookCount) WHERE {
  {
    SELECT DISTINCT ?twitterEntity WHERE {
      ?twitterEntity wdt:P2002 ?twitterID .
      FILTER NOT EXISTS { ?twitterEntity wdt:P31 wd:Q5 . }
    }
  }
  {
    SELECT DISTINCT ?facebookEntity WHERE {
      ?facebookEntity wdt:P2013 ?facebookID .
      FILTER NOT EXISTS { ?facebookEntity wdt:P31 wd:Q5 . }
    }
  }
}",False,0.0,
405,complex,Show me a map of people buried at Norra Begravningsplatsen cemetery.,"SELECT DISTINCT ?person ?personLabel ?coord ?image WHERE {
  ?person wdt:P119 wd:Q10502397 ;
          wdt:P31 wd:Q5 .
  OPTIONAL { ?person wdt:P625 ?coord . }
  OPTIONAL { ?person wdt:P18 ?image . }
  SERVICE wikibase:label { bd:serviceParam wikibase:language ""[AUTO_LANGUAGE],en"". }
}",True,0.0,
406,complex,"Show me a map of sports teams, categorized by sport.","SELECT DISTINCT ?team ?teamLabel ?sport ?sportLabel ?coord WHERE {
  ?team wdt:P31/wdt:P279* wd:Q12973014 ;
        wdt:P641 ?sport ;
        wdt:P625 ?coord .
  SERVICE wikibase:label { bd:serviceParam wikibase:language ""[AUTO_LANGUAGE],en"". }
}",True,0.0039,
407,complex,List all the Chairs of the US Federal Reserve along with their tenure.,"SELECT DISTINCT ?person ?personLabel ?start ?end WHERE {
  ?person p:P39 ?statement .
  ?statement ps:P39 wd:Q1055090 .
  OPTIONAL { ?statement pq:P580 ?start . }
  OPTIONAL { ?statement pq:P582 ?end . }
  SERVICE wikibase:label { bd:serviceParam wikibase:language ""[AUTO_LANGUAGE],en"". }
}
ORDER BY ?start",True,0.0,
408,complex,List the numbers from 0 to 20 in alphabetical order.,"SELECT ?number ?numberLabel WHERE {
  VALUES ?number {
    wd:Q203 wd:Q228 wd:Q23479 wd:Q201 wd:Q202 wd:Q185538
    wd:Q186022 wd:Q23390 wd:Q278487 wd:Q33929 wd:Q204
    wd:Q205 wd:Q206 wd:Q207 wd:Q208 wd:Q209 wd:Q210
    wd:Q211 wd:Q212 wd:Q213 wd:Q214
  }
  SERVICE wikibase:label { bd:serviceParam wikibase:language ""en"". }
}
ORDER BY LCASE(?numberLabel)",True,0.0,
409,complex,List cities situated near multiple rivers.,"SELECT DISTINCT ?city ?cityLabel WHERE {
  ?city wdt:P31/wdt:P279* wd:Q515 .
  {
    SELECT ?city (COUNT(DISTINCT ?river) AS ?riverCount) WHERE {
      ?city wdt:P206 ?river .
      ?river wdt:P31/wdt:P279* wd:Q4022 .
    }
    GROUP BY ?city
    HAVING(?riverCount > 1)
  }
  SERVICE wikibase:label { bd:serviceParam wikibase:language ""[AUTO_LANGUAGE],en"". }
}",True,0.0,
410,complex,List all GLAM institutions in Wales along with their coordinates and types.,"SELECT DISTINCT ?institution ?institutionLabel ?coord ?type ?typeLabel WHERE {
  ?institution wdt:P31 ?type ;
               wdt:P131* wd:Q25 ;
               wdt:P625 ?coord .
  VALUES ?type {
    wd:Q33506
    wd:Q166118
    wd:Q7075
    wd:Q57660343
    wd:Q23413
    wd:Q732577
  }
  SERVICE wikibase:label { bd:serviceParam wikibase:language ""[AUTO_LANGUAGE],en"". }
}",True,0.1146,
411,complex,List people who have received military honors from two different countries.,"SELECT DISTINCT ?person ?personLabel WHERE {
  ?person wdt:P31 wd:Q5 .
  ?person p:P1411 ?awardStmt1, ?awardStmt2 .
  ?awardStmt1 ps:P1411 ?award1 .
  ?awardStmt2 ps:P1411 ?award2 .
  FILTER(?awardStmt1 != ?awardStmt2)
  ?award1 wdt:P17 ?country1 .
  ?award2 wdt:P17 ?country2 .
  FILTER(?country1 != ?country2)
  SERVICE wikibase:label { bd:serviceParam wikibase:language ""[AUTO_LANGUAGE],en"". }
}",False,0.0,
412,complex,What occupations were most common among accused witches in Scotland?,"SELECT ?occupation ?occupationLabel (COUNT(DISTINCT ?person) AS ?count) WHERE {
  ?person wdt:P106 ?occupation ;
          wdt:P31 wd:Q5 ;
          wdt:P27 wd:Q22 .
  {
    ?person wdt:P106 wd:Q4229736 .
  }
  UNION
  {
    ?person wdt:P31 wd:Q4229736 .
  }
  SERVICE wikibase:label { bd:serviceParam wikibase:language ""[AUTO_LANGUAGE],en"". }
}
GROUP BY ?occupation ?occupationLabel
ORDER BY DESC(?count)",True,0.0,
413,complex,List all economists with a Project Gutenberg ID and their corresponding birth and death years.,"SELECT DISTINCT ?person ?personLabel ?gutenbergID ?birthYear ?deathYear WHERE {
  ?person wdt:P31 wd:Q5 ;
          wdt:P106 wd:Q188094 ;
          wdt:P2034 ?gutenbergID ;
          wdt:P569 ?birthDate .
  OPTIONAL { ?person wdt:P570 ?deathDate . }
  BIND(YEAR(?birthDate) AS ?birthYear)
  BIND(YEAR(?deathDate) AS ?deathYear)
  SERVICE wikibase:label { bd:serviceParam wikibase:language ""[AUTO_LANGUAGE],en"". }
}
ORDER BY ?personLabel",True,0.0,
414,complex,List all the stations in Amsterdam Metro along with their coordinates.,"SELECT DISTINCT ?station ?stationLabel ?coordinates WHERE {
  ?station wdt:P31/wdt:P279* wd:Q928830 ;
           wdt:P131 wd:Q727 ;
           wdt:P625 ?coordinates .
  SERVICE wikibase:label { bd:serviceParam wikibase:language ""[AUTO_LANGUAGE],en"". }
}",True,0.0,
415,complex,List all the materials used in paintings along with their labels.,"SELECT DISTINCT ?material ?materialLabel WHERE {
  ?painting wdt:P31/wdt:P279* wd:Q3305213 ;
            wdt:P186 ?material .
  SERVICE wikibase:label { bd:serviceParam wikibase:language ""[AUTO_LANGUAGE],en"". }
}",False,0.0,
416,complex,What lakes are near Berlin?,"SELECT DISTINCT ?lake ?lakeLabel WHERE {
  wd:Q64 wdt:P206 ?lake .
  SERVICE wikibase:label { bd:serviceParam wikibase:language ""[AUTO_LANGUAGE],en"". }
}",True,0.0,
417,complex,List all Wikidata properties in numerical order.,"SELECT ?property ?propertyLabel WHERE {
  ?property wikibase:propertyType ?type .
  SERVICE wikibase:label { bd:serviceParam wikibase:language ""[AUTO_LANGUAGE],en"". }
}
ORDER BY xsd:integer(STRAFTER(STR(?property), ""http://www.wikidata.org/entity/P""))",True,0.669,
418,complex,Find all National Trust properties in the UK without an official website on Wikidata.,"SELECT DISTINCT ?property ?propertyLabel WHERE {
  ?property wdt:P31/wdt:P279* wd:Q41176 ;
            wdt:P127 wd:Q623342 ;
            wdt:P17 wd:Q145 .
  FILTER NOT EXISTS { ?property wdt:P856 ?website . }
  SERVICE wikibase:label { bd:serviceParam wikibase:language ""[AUTO_LANGUAGE],en"". }
}",True,1.0,
419,complex,"Find cathedrals in Paris, France and show their images.","SELECT DISTINCT ?cathedral ?cathedralLabel ?image WHERE {
  ?cathedral wdt:P31/wdt:P279* wd:Q2977 ;
             wdt:P131* wd:Q90 .
  OPTIONAL { ?cathedral wdt:P18 ?image . }
  SERVICE wikibase:label { bd:serviceParam wikibase:language ""[AUTO_LANGUAGE],en"" . }
}",False,0.0,
420,complex,List the names of programming languages along with their creation years and images of their inventors.,"SELECT DISTINCT ?language ?languageLabel ?year ?inventorImage WHERE {
  ?language wdt:P31/wdt:P279* wd:Q9143 .
  OPTIONAL { ?language wdt:P571 ?creationDate . }
  BIND(YEAR(?creationDate) AS ?year)
  OPTIONAL {
    ?language wdt:P61 ?inventor .
    ?inventor wdt:P18 ?inventorImage .
  }
  SERVICE wikibase:label { bd:serviceParam wikibase:language ""[AUTO_LANGUAGE],en"". }
}
ORDER BY ?languageLabel",True,0.0049,
421,complex,"What are the professions of people whose works are kept in the Musee de Bretagne, categorized by gender?","SELECT DISTINCT ?person ?personLabel ?profession ?professionLabel ?gender ?genderLabel WHERE {
  ?work wdt:P195 wd:Q1954607 ;
        wdt:P170 ?person .
  ?person wdt:P106 ?profession ;
          wdt:P21 ?gender .
  SERVICE wikibase:label { bd:serviceParam wikibase:language ""[AUTO_LANGUAGE],en"". }
}
ORDER BY ?genderLabel ?personLabel ?professionLabel",True,0.0,
422,complex,What is the average height of male figure skaters in each discipline?,"SELECT ?discipline ?disciplineLabel (AVG(?height) AS ?averageHeight) WHERE {
  ?person wdt:P31 wd:Q5 ;
          wdt:P21 wd:Q6581097 ;
          wdt:P106 wd:Q40995 ;
          wdt:P2048 ?height ;
          wdt:P413 ?discipline .
  SERVICE wikibase:label { bd:serviceParam wikibase:language ""[AUTO_LANGUAGE],en"". }
}
GROUP BY ?discipline ?disciplineLabel
ORDER BY ?disciplineLabel",True,0.0,
423,complex,What materials are used to make the items in the Ashmolean Museum collection?,"SELECT DISTINCT ?item ?itemLabel ?material ?materialLabel WHERE {
  ?item wdt:P195 wd:Q636400 ;
        wdt:P186 ?material .
  SERVICE wikibase:label { bd:serviceParam wikibase:language ""[AUTO_LANGUAGE],en"". }
}",True,0.0153,
424,complex,List the occupations of authors who have written scholarly articles.,"SELECT DISTINCT ?author ?authorLabel ?occupation ?occupationLabel WHERE {
  ?article wdt:P31 wd:Q13442814 ;
           wdt:P50 ?author .
  ?author wdt:P106 ?occupation .
  SERVICE wikibase:label { bd:serviceParam wikibase:language ""[AUTO_LANGUAGE],en"". }
}
ORDER BY ?authorLabel ?occupationLabel",True,1.0,
425,complex,Show me a map of Indian cities with their sister cities.,"SELECT DISTINCT ?city ?cityLabel ?coord ?sisterCity ?sisterCityLabel WHERE {
  ?city wdt:P31/wdt:P279* wd:Q515 ;
        wdt:P17 wd:Q668 ;
        wdt:P190 ?sisterCity ;
        wdt:P625 ?coord .
  SERVICE wikibase:label { bd:serviceParam wikibase:language ""[AUTO_LANGUAGE],en"". }
}",True,0.2196,
426,complex,List the number of punk bands from each region in Indonesia.,"SELECT ?region ?regionLabel (COUNT(DISTINCT ?band) AS ?numberOfPunkBands) WHERE {
  ?band wdt:P31/wdt:P279* wd:Q215380 ;
        wdt:P495 wd:Q252 ;
        wdt:P136 wd:Q121507 ;
        wdt:P740 ?region .
  ?region wdt:P131* wd:Q252 .
  SERVICE wikibase:label { bd:serviceParam wikibase:language ""[AUTO_LANGUAGE],en"". }
}
GROUP BY ?region ?regionLabel
ORDER BY DESC(?numberOfPunkBands) ?regionLabel",True,0.0,
427,complex,List all museums in Barcelona along with their coordinates.,"SELECT DISTINCT ?museum ?museumLabel ?coord WHERE {
  ?museum wdt:P31/wdt:P279* wd:Q33506 ;
          wdt:P131 wd:Q1492 ;
          wdt:P625 ?coord .
  SERVICE wikibase:label { bd:serviceParam wikibase:language ""[AUTO_LANGUAGE],en"" . }
}",True,0.2534,
428,complex,"List all ancient Greek pottery items stored in Museum St-Raymond, France.","SELECT DISTINCT ?item ?itemLabel ?image WHERE {
  ?item wdt:P31/wdt:P279* wd:Q36790 ;
        wdt:P195 wd:Q3330182 .
  OPTIONAL { ?item wdt:P18 ?image . }
  SERVICE wikibase:label { bd:serviceParam wikibase:language ""[AUTO_LANGUAGE],en,fr"". }
}",True,0.0,
429,complex,List people who share their birthday with the day their mother passed away.,"SELECT DISTINCT ?person ?personLabel ?birthDate ?mother ?motherLabel ?motherDeathDate WHERE {
  ?person wdt:P31 wd:Q5 ;
          wdt:P569 ?birthDate ;
          wdt:P25 ?mother .
  ?mother wdt:P570 ?motherDeathDate .
  FILTER(
    MONTH(?birthDate) = MONTH(?motherDeathDate) &&
    DAY(?birthDate) = DAY(?motherDeathDate)
  )
  SERVICE wikibase:label { bd:serviceParam wikibase:language ""[AUTO_LANGUAGE],en"". }
}",True,0.0,
430,complex,List all people employed by Coventry University without a UID.,"SELECT DISTINCT ?person ?personLabel WHERE {
  ?person wdt:P31 wd:Q5 ;
          wdt:P108 wd:Q1128661 .
  FILTER NOT EXISTS { ?person wdt:P4101 ?uid . }
  SERVICE wikibase:label { bd:serviceParam wikibase:language ""[AUTO_LANGUAGE],en"". }
}",True,0.0,
431,complex,List people who have received economics awards but are not classified as economists.,"SELECT DISTINCT ?person ?personLabel ?award ?awardLabel WHERE {
  ?person wdt:P166 ?award ;
          wdt:P31 wd:Q5 .
  ?award wdt:P31/wdt:P279* wd:Q8134 .
  FILTER NOT EXISTS { ?person wdt:P106/wdt:P279* wd:Q188094 }
  SERVICE wikibase:label { bd:serviceParam wikibase:language ""[AUTO_LANGUAGE],en"". }
}",True,0.0,
432,complex,"List cities with a population of over 1 million where no person in Wikidata was born, lived or died.","SELECT DISTINCT ?city ?cityLabel ?population WHERE {
  ?city wdt:P31/wdt:P279* wd:Q515 ;
        wdt:P1082 ?population .
  FILTER(?population > 1000000)

  FILTER NOT EXISTS { ?person wdt:P19 ?city . }
  FILTER NOT EXISTS { ?person wdt:P551 ?city . }
  FILTER NOT EXISTS { ?person wdt:P20 ?city . }

  SERVICE wikibase:label { bd:serviceParam wikibase:language ""[AUTO_LANGUAGE],en"". }
}
ORDER BY DESC(?population)",True,0.0,
433,complex,How many lakes in the UK have a 'UK Lakes Portal ID'?,"SELECT (COUNT(DISTINCT ?lake) AS ?count) WHERE {
  ?lake wdt:P31/wdt:P279* wd:Q23397 ;
        wdt:P131* wd:Q145 ;
        wdt:P7408 ?ukLakesPortalID .
}",False,0.0,
434,complex,List all individuals who are both parents and children of the same person.,"SELECT DISTINCT ?person ?personLabel ?samePerson ?samePersonLabel WHERE {
  ?person wdt:P40 ?samePerson .
  ?person wdt:P22|wdt:P25 ?samePerson .
  SERVICE wikibase:label { bd:serviceParam wikibase:language ""[AUTO_LANGUAGE],en"". }
}",True,0.9779,
435,complex,List all countries whose capital city names can be formed using only the letters of the country's name.,"SELECT DISTINCT ?country ?countryLabel ?capital ?capitalLabel WHERE {
  ?country wdt:P31 wd:Q3624078 ;
           wdt:P36 ?capital .
  SERVICE wikibase:label { bd:serviceParam wikibase:language ""[AUTO_LANGUAGE],en"". }
  FILTER(LANG(?countryLabel) = ""en"")
  FILTER(LANG(?capitalLabel) = ""en"")
  BIND(LCASE(REPLACE(?countryLabel, ""[^A-Za-z]"", """")) AS ?cname)
  BIND(LCASE(REPLACE(?capitalLabel, ""[^A-Za-z]"", """")) AS ?capname)
  FILTER(STRLEN(?capname) > 0)
  FILTER(
    STRLEN(REPLACE(?capname, ""[^a]"", """")) <= STRLEN(?cname) - STRLEN(REPLACE(?cname, ""a"", """")) &&
    STRLEN(REPLACE(?capname, ""[^b]"", """")) <= STRLEN(?cname) - STRLEN(REPLACE(?cname, ""b"", """")) &&
    STRLEN(REPLACE(?capname, ""[^c]"", """")) <= STRLEN(?cname) - STRLEN(REPLACE(?cname, ""c"", """")) &&
    STRLEN(REPLACE(?capname, ""[^d]"", """")) <= STRLEN(?cname) - STRLEN(REPLACE(?cname, ""d"", """")) &&
    STRLEN(REPLACE(?capname, ""[^e]"", """")) <= STRLEN(?cname) - STRLEN(REPLACE(?cname, ""e"", """")) &&
    STRLEN(REPLACE(?capname, ""[^f]"", """")) <= STRLEN(?cname) - STRLEN(REPLACE(?cname, ""f"", """")) &&
    STRLEN(REPLACE(?capname, ""[^g]"", """")) <= STRLEN(?cname) - STRLEN(REPLACE(?cname, ""g"", """")) &&
    STRLEN(REPLACE(?capname, ""[^h]"", """")) <= STRLEN(?cname) - STRLEN(REPLACE(?cname, ""h"", """")) &&
    STRLEN(REPLACE(?capname, ""[^i]"", """")) <= STRLEN(?cname) - STRLEN(REPLACE(?cname, ""i"", """")) &&
    STRLEN(REPLACE(?capname, ""[^j]"", """")) <= STRLEN(?cname) - STRLEN(REPLACE(?cname, ""j"", """")) &&
    STRLEN(REPLACE(?capname, ""[^k]"", """")) <= STRLEN(?cname) - STRLEN(REPLACE(?cname, ""k"", """")) &&
    STRLEN(REPLACE(?capname, ""[^l]"", """")) <= STRLEN(?cname) - STRLEN(REPLACE(?cname, ""l"", """")) &&
    STRLEN(REPLACE(?capname, ""[^m]"", """")) <= STRLEN(?cname) - STRLEN(REPLACE(?cname, ""m"", """")) &&
    STRLEN(REPLACE(?capname, ""[^n]"", """")) <= STRLEN(?cname) - STRLEN(REPLACE(?cname, ""n"", """")) &&
    STRLEN(REPLACE(?capname, ""[^o]"", """")) <= STRLEN(?cname) - STRLEN(REPLACE(?cname, ""o"", """")) &&
    STRLEN(REPLACE(?capname, ""[^p]"", """")) <= STRLEN(?cname) - STRLEN(REPLACE(?cname, ""p"", """")) &&
    STRLEN(REPLACE(?capname, ""[^q]"", """")) <= STRLEN(?cname) - STRLEN(REPLACE(?cname, ""q"", """")) &&
    STRLEN(REPLACE(?capname, ""[^r]"", """")) <= STRLEN(?cname) - STRLEN(REPLACE(?cname, ""r"", """")) &&
    STRLEN(REPLACE(?capname, ""[^s]"", """")) <= STRLEN(?cname) - STRLEN(REPLACE(?cname, ""s"", """")) &&
    STRLEN(REPLACE(?capname, ""[^t]"", """")) <= STRLEN(?cname) - STRLEN(REPLACE(?cname, ""t"", """")) &&
    STRLEN(REPLACE(?capname, ""[^u]"", """")) <= STRLEN(?cname) - STRLEN(REPLACE(?cname, ""u"", """")) &&
    STRLEN(REPLACE(?capname, ""[^v]"", """")) <= STRLEN(?cname) - STRLEN(REPLACE(?cname, ""v"", """")) &&
    STRLEN(REPLACE(?capname, ""[^w]"", """")) <= STRLEN(?cname) - STRLEN(REPLACE(?cname, ""w"", """")) &&
    STRLEN(REPLACE(?capname, ""[^x]"", """")) <= STRLEN(?cname) - STR",False,0.0,
436,complex,List all African countries with their official languages and English names.,"SELECT DISTINCT ?country ?countryLabel ?officialLanguage ?officialLanguageLabel ?englishName WHERE {
  ?country wdt:P31 wd:Q3624078 ;
           wdt:P30 wd:Q15 ;
           wdt:P37 ?officialLanguage .
  OPTIONAL { ?country rdfs:label ?englishName FILTER(LANG(?englishName) = ""en"") }
  SERVICE wikibase:label { bd:serviceParam wikibase:language ""en"". }
}
ORDER BY ?countryLabel ?officialLanguageLabel",True,0.4879,
437,complex,List all female actresses under 70 years old who are descendants of the first king of Navarre.,"SELECT DISTINCT ?person ?personLabel ?birthDate ?image WHERE {
  ?firstKing wdt:P31 wd:Q5;
             wdt:P39 wd:Q1028181.
  FILTER NOT EXISTS { ?firstKing wdt:P40 ?parentOfFirstKing. }

  ?person wdt:P31 wd:Q5;
          wdt:P21 wd:Q6581072;
          wdt:P106 wd:Q33999;
          wdt:P569 ?birthDate;
          wdt:P22|wdt:P25+ ?firstKing.

  FILTER(?birthDate > NOW() - ""P70Y""^^xsd:duration)

  OPTIONAL { ?person wdt:P18 ?image. }

  SERVICE wikibase:label { bd:serviceParam wikibase:language ""[AUTO_LANGUAGE],en"". }
}",True,1.0,
438,complex,List all saints' feast days by month and day.,"SELECT DISTINCT ?saint ?saintLabel ?feastDay WHERE {
  ?saint wdt:P31 wd:Q5 ;
         wdt:P106 wd:Q43115 ;
         wdt:P841 ?feastDay .
  SERVICE wikibase:label { bd:serviceParam wikibase:language ""[AUTO_LANGUAGE],en"". }
}
ORDER BY MONTH(?feastDay) DAY(?feastDay) ?saintLabel",True,1.0,
439,complex,Find a list of diplomatic missions operated by the United Kingdom.,"SELECT DISTINCT ?mission ?missionLabel WHERE {
  ?mission wdt:P31 wd:Q2363543 ;
           wdt:P137 wd:Q145 .
  SERVICE wikibase:label { bd:serviceParam wikibase:language ""[AUTO_LANGUAGE],en"". }
}",True,0.0,
440,complex,List the most famous people in the world.,"SELECT ?person ?personLabel ?articleCount ?image WHERE {
  {
    SELECT ?person (COUNT(DISTINCT ?article) AS ?articleCount) WHERE {
      ?article schema:about ?person ;
               schema:isPartOf ?wiki .
      ?person wdt:P31 wd:Q5 .
      FILTER(REGEX(STR(?wiki), ""^https://[a-z-]+\\.wikipedia\\.org/$""))
    }
    GROUP BY ?person
    ORDER BY DESC(?articleCount)
    LIMIT 100
  }
  OPTIONAL { ?person wdt:P18 ?image . }
  SERVICE wikibase:label { bd:serviceParam wikibase:language ""[AUTO_LANGUAGE],en"". }
}
ORDER BY DESC(?articleCount)",False,0.0,
441,complex,List all SARS-CoV-2 proteins with their corresponding research output counts.,"SELECT DISTINCT ?protein ?proteinLabel ?count WHERE {
  ?protein wdt:P31 wd:Q8054 ;
           wdt:P703 wd:Q82069695 ;
           wdt:P1352 ?count .
  SERVICE wikibase:label { bd:serviceParam wikibase:language ""[AUTO_LANGUAGE],en"". }
}
ORDER BY ?proteinLabel",True,0.0,
442,complex,What are the scheduled sections of the Antonine Wall in Scotland?,"SELECT DISTINCT ?section ?sectionLabel WHERE {
  ?section wdt:P31 wd:Q811683;
           wdt:P1435 wd:Q23712;
           wdt:P131 wd:Q22.
  SERVICE wikibase:label { bd:serviceParam wikibase:language ""[AUTO_LANGUAGE],en"". }
}",True,0.0,
443,complex,"Show me a map of Scotland with markers for people accused of witchcraft, including their occupations.","SELECT DISTINCT ?person ?personLabel ?coord ?occupationLabel WHERE {
  ?person wdt:P31 wd:Q5 ;
          wdt:P921 wd:Q2363831 ;
          wdt:P27 wd:Q22 ;
          wdt:P625 ?coord .
  OPTIONAL { ?person wdt:P106 ?occupation . }
  SERVICE wikibase:label { bd:serviceParam wikibase:language ""en, fr, de, it, es"". }
}",True,0.0,
444,complex,List languages with less than 10 lexemes without statements or senses.,"SELECT ?language ?languageLabel (COUNT(DISTINCT ?lexeme) AS ?lexemeCount) WHERE {
  ?lexeme dct:language ?language .
  FILTER NOT EXISTS { ?lexeme ?p ?statement . FILTER(?p != rdf:type) }
  FILTER NOT EXISTS { ?lexeme ontolex:sense ?sense }
  FILTER NOT EXISTS { ?lexeme ontolex:lexicalForm ?form }
}
GROUP BY ?language ?languageLabel
HAVING (COUNT(DISTINCT ?lexeme) < 10)
SERVICE wikibase:label { bd:serviceParam wikibase:language ""[AUTO_LANGUAGE],en"". }",False,0.0,
445,complex,List all institutions that have contributed to every #vBIB conference.,"SELECT DISTINCT ?institution ?institutionLabel WHERE {
  {
    SELECT ?institution (COUNT(DISTINCT ?conference) AS ?instCount) WHERE {
      ?conference wdt:P31 wd:Q2020153 ;
                  rdfs:label ?confLabel .
      FILTER(LANG(?confLabel) = ""en"")
      FILTER(CONTAINS(LCASE(?confLabel), ""#vbib""))
      
      ?conference (wdt:P664|wdt:P859|wdt:P710|wdt:P463) ?institution .
    }
    GROUP BY ?institution
  }
  {
    SELECT (COUNT(DISTINCT ?conference) AS ?totalCount) WHERE {
      ?conference wdt:P31 wd:Q2020153 ;
                  rdfs:label ?confLabel .
      FILTER(LANG(?confLabel) = ""en"")
      FILTER(CONTAINS(LCASE(?confLabel), ""#vbib""))
    }
  }
  FILTER(?instCount = ?totalCount)
  SERVICE wikibase:label { bd:serviceParam wikibase:language ""[AUTO_LANGUAGE],en"". }
} ORDER BY ?institutionLabel",True,0.0,
446,complex,Find all small monuments in Borovnice municipality with links to their Commons categories.,"SELECT DISTINCT ?monument ?monumentLabel ?commonsCategory WHERE {
  ?monument wdt:P31 wd:Q2319498;
            wdt:P131 wd:Q894885.
  OPTIONAL { ?monument wdt:P373 ?commonsCategory. }
  SERVICE wikibase:label { bd:serviceParam wikibase:language ""[AUTO_LANGUAGE],en"". }
}",True,0.0,
447,complex,List all Italian ministers who served in multiple cabinets since 1990.,"SELECT DISTINCT ?minister ?ministerLabel ?cabinet ?cabinetLabel WHERE {
  ?minister p:P39 ?statement .
  ?statement ps:P39 ?position ;
             pq:P2937 ?cabinet .
  ?position wdt:P279* wd:Q83307 .
  ?minister wdt:P27 wd:Q38 .

  ?cabinet wdt:P31 wd:Q640506 ;
           wdt:P571 ?startDate .
  FILTER(?startDate >= ""1990-01-01T00:00:00Z""^^xsd:dateTime)

  {
    SELECT ?minister WHERE {
      ?minister p:P39 ?st1, ?st2 .
      ?st1 ps:P39 ?pos1 ; pq:P2937 ?cab1 .
      ?st2 ps:P39 ?pos2 ; pq:P2937 ?cab2 .
      ?pos1 wdt:P279* wd:Q83307 .
      ?pos2 wdt:P279* wd:Q83307 .
      ?minister wdt:P27 wd:Q38 .
      ?cab1 wdt:P31 wd:Q640506 ; wdt:P571 ?d1 .
      ?cab2 wdt:P31 wd:Q640506 ; wdt:P571 ?d2 .
      FILTER(?d1 >= ""1990-01-01T00:00:00Z""^^xsd:dateTime)
      FILTER(?d2 >= ""1990-01-01T00:00:00Z""^^xsd:dateTime)
      FILTER(?cab1 != ?cab2)
    }
  }

  SERVICE wikibase:label { bd:serviceParam wikibase:language ""[AUTO_LANGUAGE],en,it"". }
}
ORDER BY ?ministerLabel ?cabinetLabel",True,1.0,
448,complex,What museums are near the Museum of Modern Art?,"SELECT DISTINCT ?museum ?museumLabel ?location WHERE {
  wd:Q188740 wdt:P625 ?momaLocation .
  ?museum wdt:P31/wdt:P279* wd:Q33506 ;
          wdt:P625 ?location .
  FILTER(?museum != wd:Q188740)
  SERVICE wikibase:around {
    ?museum wdt:P625 ?location .
    bd:serviceParam wikibase:center ?momaLocation .
    bd:serviceParam wikibase:radius ""5"" .
    bd:serviceParam wikibase:distance ?distance .
  }
  SERVICE wikibase:label { bd:serviceParam wikibase:language ""[AUTO_LANGUAGE],en"". }
}
ORDER BY ?distance",False,0.0,
449,complex,List the siblings who have received the Israel Prize.,"SELECT DISTINCT ?person ?personLabel ?sibling ?siblingLabel WHERE {
  ?person wdt:P31 wd:Q5 ;
          wdt:P3373 ?sibling ;
          wdt:P166 wd:Q76668 .
  ?sibling wdt:P166 wd:Q76668 .
  FILTER(?person != ?sibling)
  SERVICE wikibase:label { bd:serviceParam wikibase:language ""[AUTO_LANGUAGE],en"". }
}
ORDER BY ?personLabel ?siblingLabel",True,0.0,
450,complex,List the names of female activists from Latin America born between 1900 and 1999.,"SELECT DISTINCT ?person ?personLabel WHERE {
  ?person wdt:P31 wd:Q5 ;
          wdt:P21 wd:Q6581072 ;
          wdt:P106 wd:Q15253558 ;
          wdt:P569 ?birthDate ;
          wdt:P27 ?country .
  ?country wdt:P361 wd:Q18 .
  FILTER(?birthDate >= ""1900-01-01T00:00:00Z""^^xsd:dateTime &&
         ?birthDate < ""2000-01-01T00:00:00Z""^^xsd:dateTime)
  SERVICE wikibase:label { bd:serviceParam wikibase:language ""[AUTO_LANGUAGE],en"". }
}",True,1.0,
451,complex,List the Twitter usernames of scientists working at Dutch universities.,"SELECT DISTINCT ?scientist ?scientistLabel ?twitter WHERE {
  ?scientist wdt:P31 wd:Q5 ;
             wdt:P106 wd:Q901 ;
             wdt:P108 ?employer ;
             wdt:P2002 ?twitter .
  ?employer wdt:P31/wdt:P279* wd:Q875538 .
  ?employer wdt:P17 wd:Q55 .
  SERVICE wikibase:label { bd:serviceParam wikibase:language ""[AUTO_LANGUAGE],en"". }
}",True,0.0,
452,complex,Find French occupation-related words with their grammatical gender.,"SELECT DISTINCT ?word ?wordLabel ?gender ?genderLabel WHERE {
  ?word wdt:P31 wd:Q1084 ;
        wdt:P407 wd:Q150 ;
        wdt:P5185 ?occupation ;
        wdt:P5185 ?gender .
  VALUES ?occupation {
    wd:Q12737077
    wd:Q28640
    wd:Q15253558
    wd:Q3406658
    wd:Q177220
    wd:Q2066131
    wd:Q188094
  }
  VALUES ?gender {
    wd:Q499327
    wd:Q1775415
    wd:Q54020116
  }
  SERVICE wikibase:label { bd:serviceParam wikibase:language ""en,fr"". }
}",True,0.0,
453,complex,"Find Swedish words with examples that show both a form and a sense, along with their sources.","SELECT DISTINCT ?word ?wordLabel ?form ?sense ?source WHERE {
  ?word wdt:P31 wd:Q1084 .
  ?example p:P5831 ?exampleStatement .
  ?exampleStatement ps:P5831 ?word ;
                    pq:P6072 ?form ;
                    pq:P6073 ?sense ;
                    prov:wasDerivedFrom/pr:P248 ?source .
  FILTER(LANG(?wordLabel) = ""sv"")
  SERVICE wikibase:label { bd:serviceParam wikibase:language ""sv,en"". }
}",True,0.0,
454,complex,List all composers along with their most frequently used tonalities.,"SELECT DISTINCT ?composer ?composerLabel ?tonality ?tonalityLabel WHERE {
  ?composer wdt:P106 wd:Q36834 .
  ?composer wdt:P826 ?tonality .
  SERVICE wikibase:label { bd:serviceParam wikibase:language ""[AUTO_LANGUAGE],en"". }
}",True,1.0,
455,complex,"List all humans who died on August 25, 2001, according to the English Wikipedia.","SELECT DISTINCT ?person ?personLabel WHERE {
  ?article schema:about ?person ;
           schema:isPartOf <https://en.wikipedia.org/> .
  ?person wdt:P31 wd:Q5 ;
          wdt:P570 ?date .
  FILTER(?date >= ""2001-08-25T00:00:00Z""^^xsd:dateTime && ?date < ""2001-08-26T00:00:00Z""^^xsd:dateTime)
  SERVICE wikibase:label { bd:serviceParam wikibase:language ""en"". }
}",True,0.507,
456,complex,What are the historical monuments in Loire-Atlantique?,"SELECT DISTINCT ?monument ?monumentLabel ?image WHERE {
  ?monument wdt:P31 wd:Q916333;
            wdt:P131* wd:Q12130.
  OPTIONAL { ?monument wdt:P18 ?image. }
  SERVICE wikibase:label { bd:serviceParam wikibase:language ""en,fr"". }
}",True,1.0,
457,complex,List famous painters who died before 1800.,"SELECT DISTINCT ?person ?personLabel ?deathDate ?image WHERE {
  ?person wdt:P106 wd:Q1028181 ;
          wdt:P31 wd:Q5 ;
          wdt:P570 ?deathDate .
  FILTER(?deathDate < ""1800-01-01T00:00:00Z""^^xsd:dateTime)
  OPTIONAL { ?person wdt:P18 ?image . }
  SERVICE wikibase:label { bd:serviceParam wikibase:language ""en, fr, de, it, es"". }
}
ORDER BY ?deathDate",True,0.7114,
458,complex,List all railway stations in the Netherlands with their connections.,"SELECT DISTINCT ?station ?stationLabel ?connection ?connectionLabel WHERE {
  ?station wdt:P31/wdt:P279* wd:Q55488 ;
           wdt:P17 wd:Q55 ;
           wdt:P197 ?connection .
  SERVICE wikibase:label { bd:serviceParam wikibase:language ""[AUTO_LANGUAGE],en"". }
}
ORDER BY ?stationLabel ?connectionLabel",True,0.1732,
459,complex,Find the original creator of items with 'house cat' as an instance.,"SELECT DISTINCT ?item ?itemLabel ?creator ?creatorLabel WHERE {
  ?item wdt:P31 wd:Q146 .
  ?item wdt:P170 ?creator .
  SERVICE wikibase:label { bd:serviceParam wikibase:language ""[AUTO_LANGUAGE],en"". }
}",True,0.001,
460,complex,Show me a map of railway stations in Wales.,"SELECT DISTINCT ?station ?stationLabel ?coord WHERE {
  ?station wdt:P31/wdt:P279* wd:Q55488 ;
           wdt:P17 wd:Q145 ;
           wdt:P131* wd:Q25 ;
           wdt:P625 ?coord .
  SERVICE wikibase:label { bd:serviceParam wikibase:language ""[AUTO_LANGUAGE],en"". }
}",False,0.0,
461,complex,Find the publication dates for specific games.,"SELECT ?game ?gameLabel ?publicationDate WHERE {
  VALUES ?game {
    wd:Q7889
    wd:Q7825
    wd:Q19675
    wd:Q170525
    wd:Q217493
  }
  ?game wdt:P577 ?publicationDate .
  SERVICE wikibase:label { bd:serviceParam wikibase:language ""[AUTO_LANGUAGE],en"". }
}
ORDER BY ?gameLabel ?publicationDate",True,0.0,
462,complex,What are some popular items with more than 20 site links?,"SELECT ?item ?itemLabel ?sitelinks WHERE {
  ?item wikibase:sitelinks ?sitelinks .
  FILTER(?sitelinks > 20)
  SERVICE wikibase:label { bd:serviceParam wikibase:language ""[AUTO_LANGUAGE],en"". }
}
ORDER BY DESC(?sitelinks)
LIMIT 100",False,0.0,
463,complex,List all natural numbers from 1 to 2000.,"SELECT ?number WHERE {
  VALUES ?number {
    1 2 3 4 5 6 7 8 9 10
    11 12 13 14 15 16 17 18 19 20
    21 22 23 24 25 26 27 28 29 30
    31 32 33 34 35 36 37 38 39 40
    41 42 43 44 45 46 47 48 49 50
    51 52 53 54 55 56 57 58 59 60
    61 62 63 64 65 66 67 68 69 70
    71 72 73 74 75 76 77 78 79 80
    81 82 83 84 85 86 87 88 89 90
    91 92 93 94 95 96 97 98 99 100
    101 102 103 104 105 106 107 108 109 110
    111 112 113 114 115 116 117 118 119 120
    121 122 123 124 125 126 127 128 129 130
    131 132 133 134 135 136 137 138 139 140
    141 142 143 144 145 146 147 148 149 150
    151 152 153 154 155 156 157 158 159 160
    161 162 163 164 165 166 167 168 169 170
    171 172 173 174 175 176 177 178 179 180
    181 182 183 184 185 186 187 188 189 190
    191 192 193 194 195 196 197 198 199 200
    201 202 203 204 205 206 207 208 209 210
    211 212 213 214 215 216 217 218 219 220
    221 222 223 224 225 226 227 228 229 230
    231 232 233 234 235 236 237 238 239 240
    241 242 243 244 245 246 247 248 249 250
    251 252 253 254 255 256 257 258 259 260
    261 262 263 264 265 266 267 268 269 270
    271 272 273 274 275 276 277 278 279 280
    281 282 283 284 285 286 287 288 289 290
    291 292 293 294 295 296 297 298 299 300
    301 302 303 304 305 306 307 308 309 310
    311 312 313 314 315 316 317 318 319 320
    321 322 323 324 325 326 327 328 329 330
    331 332 333 334 335 336 337 338 339 340
    341 342 343 344 345 346 347 348 349 350
    351 352 353 354 355 356 357 358 359 360
    361 362 363 364 365 366 367 368 369 370
    371 372 373 374 375 376 377 378 379 380
    381 382 383 384 385 386 387 388 389 390
    391 392 393 394 395 396 397 398 399 400
    401 402 403 404 405 406 407 408 409 410
    411 412 413 414 415 416 417 418 419 420
    421 422 423 424 425 426 427 428 429 430
    431 432 433 434 435 436 437 438 439 440
    441 442 443 444 445 446 447 448 449 450
    451 452 453 454 455 456 457 458 459 460",False,0.0,
464,complex,List all the departments in France.,"SELECT DISTINCT ?department ?departmentLabel WHERE {
  ?department wdt:P31 wd:Q6465 ;
              wdt:P17 wd:Q142 .
  SERVICE wikibase:label { bd:serviceParam wikibase:language ""[AUTO_LANGUAGE],en,fr"" . }
}
ORDER BY ?departmentLabel",True,0.4179,
465,complex,List twins who were born in different places.,"SELECT DISTINCT ?person ?personLabel ?twin ?twinLabel ?birthPlace ?birthPlaceLabel ?twinBirthPlace ?twinBirthPlaceLabel WHERE {
  ?person wdt:P31 wd:Q5 ;
          wdt:P3373 ?twin ;
          wdt:P19 ?birthPlace .
  ?twin wdt:P31 wd:Q5 ;
        wdt:P19 ?twinBirthPlace .
  FILTER(?person != ?twin)
  FILTER(?birthPlace != ?twinBirthPlace)
  FILTER(STR(?person) < STR(?twin))
  SERVICE wikibase:label { bd:serviceParam wikibase:language ""[AUTO_LANGUAGE],en"". }
}",False,0.0,
466,complex,List the common descendants of George Washington and George W. Bush.,"SELECT DISTINCT ?descendant ?descendantLabel WHERE {
  ?descendant wdt:P40+ wd:Q23 .
  ?descendant wdt:P40+ wd:Q207 .
  SERVICE wikibase:label { bd:serviceParam wikibase:language ""[AUTO_LANGUAGE],en"". }
}",False,0.0,
467,complex,List all places with an elevation of less than 10 meters above sea level.,"SELECT DISTINCT ?place ?placeLabel ?elevation WHERE {
  ?place wdt:P31/wdt:P279* wd:Q17334923 ;
         wdt:P2044 ?elevation .
  FILTER(?elevation < 10)
  SERVICE wikibase:label { bd:serviceParam wikibase:language ""[AUTO_LANGUAGE],en"". }
}
ORDER BY ?elevation",False,0.0,
468,complex,What are the nearby places that have been written about?,"SELECT DISTINCT ?place ?placeLabel WHERE {
  ?place wdt:P31/wdt:P279* wd:Q17334923 .
  SERVICE wikibase:label { bd:serviceParam wikibase:language ""[AUTO_LANGUAGE],en"". }
}",False,0.0,
469,complex,List the ages of US presidents when they started their term.,"SELECT DISTINCT ?president ?presidentLabel ?startDate ?birthDate ?ageAtStart WHERE {
  ?president wdt:P31 wd:Q5 ;
             wdt:P39 wd:Q11696 ;
             p:P39 ?statement ;
             wdt:P569 ?birthDate .
  ?statement ps:P39 wd:Q11696 ;
             pq:P580 ?startDate .
  ?president wdt:P27 wd:Q30 .
  BIND(YEAR(?startDate) - YEAR(?birthDate) - IF((MONTH(?startDate) < MONTH(?birthDate)) || ((MONTH(?startDate) = MONTH(?birthDate)) && (DAY(?startDate) < DAY(?birthDate))), 1, 0) AS ?ageAtStart)
  SERVICE wikibase:label { bd:serviceParam wikibase:language ""[AUTO_LANGUAGE],en"". }
}
ORDER BY ?startDate",True,0.5443,
470,complex,List all the awards and nominations received by Rafael Nadal.,"SELECT DISTINCT ?award ?awardLabel WHERE {
  wd:Q11570 (p:P1411|p:P166) ?statement .
  ?statement ps:P1411|ps:P166 ?award .
  SERVICE wikibase:label { bd:serviceParam wikibase:language ""[AUTO_LANGUAGE],en"". }
}",True,0.0,
471,complex,List the ages of musicians at the time of their death.,"SELECT DISTINCT ?person ?personLabel ?birthDate ?deathDate ?ageAtDeath WHERE {
  ?person wdt:P31 wd:Q5 ;
          wdt:P106 ?occupation ;
          wdt:P569 ?birthDate ;
          wdt:P570 ?deathDate .
  ?occupation wdt:P279* wd:Q639669 .
  BIND(YEAR(?deathDate) - YEAR(?birthDate) - IF((MONTH(?deathDate) < MONTH(?birthDate)) || ((MONTH(?deathDate) = MONTH(?birthDate)) && (DAY(?deathDate) < DAY(?birthDate))), 1, 0) AS ?ageAtDeath)
  SERVICE wikibase:label { bd:serviceParam wikibase:language ""[AUTO_LANGUAGE],en"". }
}
ORDER BY ?personLabel",False,0.0,
472,complex,"List detention centers in Uruguay, Argentina, and Chile that were used for torture.","SELECT DISTINCT ?center ?centerLabel ?country ?countryLabel WHERE {
  VALUES ?country { wd:Q77 wd:Q414 wd:Q298 }
  ?center wdt:P31/wdt:P279* wd:Q185181 ;
          wdt:P17 ?country ;
          wdt:P366 wd:Q175331 .
  SERVICE wikibase:label { bd:serviceParam wikibase:language ""[AUTO_LANGUAGE],en,es"". }
}",True,0.0,
473,complex,List countries named after a specific person.,"SELECT DISTINCT ?country ?countryLabel ?person ?personLabel WHERE {
  ?country wdt:P31 wd:Q6256 ;
           wdt:P138 ?person .
  ?person wdt:P31 wd:Q5 .
  SERVICE wikibase:label { bd:serviceParam wikibase:language ""[AUTO_LANGUAGE],en"". }
}",True,0.5862,
474,complex,List all the winners of the Erich Fried Prize along with their images.,"SELECT DISTINCT ?winner ?winnerLabel ?image WHERE {
  ?winner p:P166 ?awardStatement .
  ?awardStatement ps:P166 wd:Q1363996 .
  OPTIONAL { ?winner wdt:P18 ?image . }
  SERVICE wikibase:label { bd:serviceParam wikibase:language ""[AUTO_LANGUAGE],en"". }
}",True,0.0,
475,complex,List all historical Chinese states with their corresponding artifacts and collections.,"SELECT DISTINCT ?state ?stateLabel ?artifact ?artifactLabel ?collection ?collectionLabel WHERE {
  ?state wdt:P31/wdt:P279* wd:Q3024240 .
  ?artifact wdt:P1071 ?state .
  OPTIONAL { ?artifact wdt:P195 ?collection . }
  SERVICE wikibase:label { bd:serviceParam wikibase:language ""[AUTO_LANGUAGE],en"". }
}",True,0.0,
476,complex,List all European countries whose ISO 2-letter code contains a letter not present in their native language name.,"SELECT DISTINCT ?country ?countryLabel ?iso2 ?nativeName WHERE {
  ?country wdt:P31 wd:Q3624078 ;
           wdt:P297 ?iso2 ;
           wdt:P1705 ?nativeName ;
           wdt:P30 wd:Q46 .
  FILTER(LANG(?nativeName) = """")
  FILTER(
    !CONTAINS(LCASE(?nativeName), LCASE(SUBSTR(?iso2,1,1))) ||
    !CONTAINS(LCASE(?nativeName), LCASE(SUBSTR(?iso2,2,1)))
  )
  SERVICE wikibase:label { bd:serviceParam wikibase:language ""[AUTO_LANGUAGE],en"". }
}",True,0.0,
477,complex,List all current US Supreme Court justices along with their date of birth.,"SELECT DISTINCT ?justice ?justiceLabel ?dateOfBirth WHERE {
  ?justice p:P39 ?statement .
  ?statement ps:P39 wd:Q16506 .
  FILTER NOT EXISTS { ?statement pq:P582 ?endTime . }
  ?justice wdt:P569 ?dateOfBirth .
  SERVICE wikibase:label { bd:serviceParam wikibase:language ""[AUTO_LANGUAGE],en"". }
}
ORDER BY ?dateOfBirth",True,0.0,
478,complex,What are the most common first names among people born in Auvergne?,"SELECT ?firstName ?firstNameLabel (COUNT(?person) AS ?count) WHERE {
  ?person wdt:P31 wd:Q5 ;
          wdt:P19 ?place ;
          wdt:P735 ?firstName .
  ?place wdt:P131* wd:Q183382 .
  SERVICE wikibase:label { bd:serviceParam wikibase:language ""[AUTO_LANGUAGE],en"". }
}
GROUP BY ?firstName ?firstNameLabel
ORDER BY DESC(?count)",True,0.0,
479,complex,What materials were used in the most paintings?,"SELECT ?material ?materialLabel (COUNT(DISTINCT ?painting) AS ?paintingCount) WHERE {
  ?painting wdt:P31 wd:Q3305213 ;
            wdt:P186 ?material .
  SERVICE wikibase:label { bd:serviceParam wikibase:language ""[AUTO_LANGUAGE],en"". }
}
GROUP BY ?material ?materialLabel
ORDER BY DESC(?paintingCount)",False,0.0,
480,complex,"What are the names of stars, galaxies, star clusters and nebulae inspired by?","SELECT DISTINCT ?object ?objectLabel ?inspiration ?inspirationLabel WHERE {
  VALUES ?class { wd:Q523 wd:Q318 wd:Q204107 wd:Q6999 }
  ?object wdt:P31/wdt:P279* ?class ;
          wdt:P941 ?inspiration .
  SERVICE wikibase:label { bd:serviceParam wikibase:language ""[AUTO_LANGUAGE],en"". }
}",True,0.0,
481,complex,What properties are most commonly qualified?,"SELECT ?property ?propertyLabel (COUNT(?statement) AS ?qualifiedCount) WHERE {
  ?item ?p ?statement .
  ?property wikibase:claim ?p .
  ?statement ?pq ?qualifierValue .
  FILTER(STRSTARTS(STR(?pq), STR(pq:)))
  SERVICE wikibase:label { bd:serviceParam wikibase:language ""[AUTO_LANGUAGE],en"". }
}
GROUP BY ?property ?propertyLabel
ORDER BY DESC(?qualifiedCount)",False,0.0,
482,complex,What are the most common election days in different countries?,"SELECT ?country ?countryLabel ?day ?dayLabel (COUNT(?election) AS ?electionCount) WHERE {
  ?election wdt:P31/wdt:P279* wd:Q40231 ;
            wdt:P17 ?country ;
            wdt:P585 ?date .
  BIND(WEEKDAY(?date) AS ?weekdayNum)
  VALUES (?weekdayNum ?day) {
    (0 wd:Q131723) 
    (1 wd:Q131722) 
    (2 wd:Q131724) 
    (3 wd:Q131725) 
    (4 wd:Q131726) 
    (5 wd:Q131727) 
    (6 wd:Q131728)
  }
  {
    SELECT ?country (MAX(?count) AS ?maxCount) WHERE {
      {
        SELECT ?country ?weekdayNum (COUNT(?election) AS ?count) WHERE {
          ?election wdt:P31/wdt:P279* wd:Q40231 ;
                    wdt:P17 ?country ;
                    wdt:P585 ?date .
          BIND(WEEKDAY(?date) AS ?weekdayNum)
        }
        GROUP BY ?country ?weekdayNum
      }
    }
    GROUP BY ?country
  }
  {
    SELECT ?country ?weekdayNum (COUNT(?election) AS ?electionCount) WHERE {
      ?election wdt:P31/wdt:P279* wd:Q40231 ;
                wdt:P17 ?country ;
                wdt:P585 ?date .
      BIND(WEEKDAY(?date) AS ?weekdayNum)
    }
    GROUP BY ?country ?weekdayNum
  }
  FILTER(?electionCount = ?maxCount)
  FILTER(?weekdayNum = WEEKDAY(?date))
  SERVICE wikibase:label { bd:serviceParam wikibase:language ""[AUTO_LANGUAGE],en"". }
}
GROUP BY ?country ?countryLabel ?day ?dayLabel ?electionCount
ORDER BY DESC(?electionCount) ?countryLabel",False,0.0,
483,complex,List all pairs of churches in the UK that are almost adjacent to each other.,"SELECT DISTINCT ?church1 ?church1Label ?church2 ?church2Label WHERE {
  VALUES ?country { wd:Q145 }
  ?church1 wdt:P31/wdt:P279* wd:Q16970 ;
           wdt:P17 ?country ;
           wdt:P47 ?church2 .
  ?church2 wdt:P31/wdt:P279* wd:Q16970 ;
           wdt:P17 ?country .
  FILTER(?church1 != ?church2)
  FILTER(STR(?church1) < STR(?church2))
  SERVICE wikibase:label { bd:serviceParam wikibase:language ""[AUTO_LANGUAGE],en"". }
}",True,0.0,
484,complex,What are the most common Roman praenomina?,"SELECT ?praenomen ?praenomenLabel (COUNT(?person) AS ?count) WHERE {
  ?person wdt:P735 ?praenomen.
  ?praenomen wdt:P31/wdt:P279* wd:Q12308941.
  SERVICE wikibase:label { bd:serviceParam wikibase:language ""[AUTO_LANGUAGE],en"". }
}
GROUP BY ?praenomen ?praenomenLabel
ORDER BY DESC(?count)",False,0.0,
485,complex,Find the artist born between 1880 and 1944 with a given name starting with 'D' and family name starting with 'K'.,"SELECT DISTINCT ?artist ?artistLabel ?birthDate ?givenNameLabel ?familyNameLabel WHERE {
  ?artist wdt:P31 wd:Q5 ;
          wdt:P106 wd:Q1028181 ;
          wdt:P569 ?birthDate ;
          wdt:P735 ?givenName ;
          wdt:P734 ?familyName .
  FILTER(?birthDate >= ""1880-01-01T00:00:00Z""^^xsd:dateTime && ?birthDate <= ""1944-12-31T23:59:59Z""^^xsd:dateTime)
  ?givenName rdfs:label ?givenNameLabel .
  FILTER(LANG(?givenNameLabel) = ""en"")
  FILTER(STRSTARTS(?givenNameLabel, ""D""))
  ?familyName rdfs:label ?familyNameLabel .
  FILTER(LANG(?familyNameLabel) = ""en"")
  FILTER(STRSTARTS(?familyNameLabel, ""K""))
  SERVICE wikibase:label { bd:serviceParam wikibase:language ""en, fr, de, it, es"". }
}",False,0.0,
486,complex,List all landlocked countries that share a border with a coastal country.,"SELECT DISTINCT ?country ?countryLabel ?neighbor ?neighborLabel WHERE {
  ?country wdt:P31 wd:Q3624078 ;
           wdt:P206 ?sea ;
           wdt:P47 ?neighbor .
  ?neighbor wdt:P31 wd:Q6256 .
  FILTER NOT EXISTS { ?country wdt:P31 wd:Q6256 . }
  SERVICE wikibase:label { bd:serviceParam wikibase:language ""[AUTO_LANGUAGE],en"". }
}",True,0.0267,
487,complex,Show me words that describe people from a certain place on the map.,"SELECT DISTINCT ?word ?wordLabel ?place ?placeLabel ?coordinate WHERE {
  ?word wdt:P31 wd:Q1084 ;
        wdt:P17 ?place .
  ?place wdt:P625 ?coordinate .
  SERVICE wikibase:label { bd:serviceParam wikibase:language ""[AUTO_LANGUAGE],en"". }
}",True,0.0017,
488,complex,List the top drama schools by student population.,"SELECT ?school ?schoolLabel ?students WHERE {
  ?school wdt:P31/wdt:P279* wd:Q2385804;
          wdt:P2196 ?students.
  SERVICE wikibase:label { bd:serviceParam wikibase:language ""[AUTO_LANGUAGE],en"". }
}
ORDER BY DESC(?students)",False,0.0,
489,complex,List the members of scholarly societies who died before 1800.,"SELECT DISTINCT ?person ?personLabel ?deathDate WHERE {
  ?person wdt:P31 wd:Q5 ;
          wdt:P463 ?society ;
          wdt:P570 ?deathDate .
  FILTER(?deathDate < ""1800-01-01T00:00:00Z""^^xsd:dateTime)
  ?society wdt:P31/wdt:P279* wd:Q955824 .
  SERVICE wikibase:label { bd:serviceParam wikibase:language ""[AUTO_LANGUAGE],en"". }
}
ORDER BY ?deathDate",True,0.0356,
490,complex,Find cemeteries in France that are close to churches.,"SELECT DISTINCT ?cemetery ?cemeteryLabel ?church ?churchLabel ?location WHERE {
  ?cemetery wdt:P31/wdt:P279* wd:Q39614 ;
            wdt:P17 wd:Q142 ;
            wdt:P625 ?location .
  ?church wdt:P31/wdt:P279* wd:Q16970 ;
          wdt:P17 wd:Q142 ;
          wdt:P625 ?churchLocation .
  SERVICE wikibase:around {
    ?cemetery wdt:P625 ?location .
    bd:serviceParam wikibase:center ?churchLocation .
    bd:serviceParam wikibase:radius ""1"" .
    bd:serviceParam wikibase:distance ?distance .
  }
  SERVICE wikibase:label { bd:serviceParam wikibase:language ""[AUTO_LANGUAGE],en"" }
}
ORDER BY ?cemeteryLabel ?churchLabel",False,0.0,
491,complex,What are the screenwriting credits of Donald P. Bellisario?,"SELECT DISTINCT ?work ?workLabel WHERE {
  ?work wdt:P58 wd:Q529730 .
  SERVICE wikibase:label { bd:serviceParam wikibase:language ""[AUTO_LANGUAGE],en"". }
}",True,0.0,
492,complex,List all Twitter handles of current UK Members of Parliament.,"SELECT DISTINCT ?mp ?mpLabel ?twitter WHERE {
  ?mp p:P39 ?statement .
  ?statement ps:P39 wd:Q16707842 .
  FILTER(NOT EXISTS { ?statement pq:P582 ?endTime })
  ?mp wdt:P2002 ?twitter .
  SERVICE wikibase:label { bd:serviceParam wikibase:language ""[AUTO_LANGUAGE],en"". }
}",True,0.0,
493,complex,List all Tour de France stage winners by nationality from 1903 to 2022.,"SELECT DISTINCT ?winner ?winnerLabel ?nationality ?nationalityLabel ?year WHERE {
  ?winner p:P1346 ?statement .
  ?statement ps:P1346 wd:Q166039 ;
             pq:P585 ?date ;
             pq:P393 ?stage .
  FILTER(YEAR(?date) >= 1903 && YEAR(?date) <= 2022)
  BIND(YEAR(?date) AS ?year)
  ?winner wdt:P27 ?nationality .
  SERVICE wikibase:label { bd:serviceParam wikibase:language ""[AUTO_LANGUAGE],en"". }
}
ORDER BY ?year ?nationalityLabel ?winnerLabel",True,1.0,
494,complex,List US companies founded by people or their parents born outside the US.,"SELECT DISTINCT ?company ?companyLabel ?founder ?founderLabel ?founderBirthPlace ?founderBirthPlaceLabel ?parent ?parentLabel ?parentBirthPlace ?parentBirthPlaceLabel WHERE {
  ?company wdt:P31/wdt:P279* wd:Q783794 ;
           wdt:P495 wd:Q30 ;
           wdt:P112 ?founder .

  {
    ?founder wdt:P19 ?founderBirthPlace .
    FILTER(?founderBirthPlace != wd:Q30)
  }
  UNION
  {
    ?founder (wdt:P22|wdt:P25) ?parent .
    ?parent wdt:P19 ?parentBirthPlace .
    FILTER(?parentBirthPlace != wd:Q30)
  }

  SERVICE wikibase:label { bd:serviceParam wikibase:language ""[AUTO_LANGUAGE],en"". }
}",True,0.0078,
495,complex,List all railway incidents with their locations and number of injured people.,"SELECT DISTINCT ?incident ?incidentLabel ?location ?locationLabel ?injured WHERE {
  ?incident wdt:P31/wdt:P279* wd:Q4220920 ;
            wdt:P276 ?location ;
            wdt:P1339 ?injured .
  SERVICE wikibase:label { bd:serviceParam wikibase:language ""[AUTO_LANGUAGE],en"". }
}",True,0.0,
496,complex,List all winners of the Theatre World Award with their pictures and a timeline.,"SELECT DISTINCT ?person ?personLabel ?image ?awardDate WHERE {
  ?person wdt:P31 wd:Q5 ;
          p:P166 ?awardStatement .
  ?awardStatement ps:P166 wd:Q7771806 .
  OPTIONAL { ?awardStatement pq:P585 ?awardDate . }
  OPTIONAL { ?person wdt:P18 ?image . }
  SERVICE wikibase:label { bd:serviceParam wikibase:language ""[AUTO_LANGUAGE],en"". }
}
ORDER BY ?awardDate ?personLabel",True,0.0,
497,complex,What are the most common last names among humans?,"SELECT ?lastName ?lastNameLabel (COUNT(?person) AS ?count) WHERE {
  ?person wdt:P31 wd:Q5 ;
          wdt:P734 ?lastName .
  SERVICE wikibase:label { bd:serviceParam wikibase:language ""[AUTO_LANGUAGE],en"". }
}
GROUP BY ?lastName ?lastNameLabel
ORDER BY DESC(?count)
LIMIT 100",False,0.0,
498,complex,What are the key events in Robert Louis Stevenson's life?,"SELECT DISTINCT ?event ?eventLabel ?date ?place ?placeLabel ?image WHERE {
  {
    BIND(wd:Q167928 AS ?person)
    ?event (wdt:P31/wdt:P279*) wd:Q1190554 ;
           wdt:P710 ?person ;
           wdt:P585 ?date .
    OPTIONAL { ?event wdt:P276 ?place . }
    OPTIONAL { ?event wdt:P18 ?image . }
  }
  UNION
  {
    BIND(wd:Q167928 AS ?person)
    ?person p:P793 ?statement .
    ?statement ps:P793 ?event .
    OPTIONAL { ?statement pq:P585 ?date . }
    OPTIONAL { ?statement pq:P276 ?place . }
    OPTIONAL { ?event wdt:P18 ?image . }
  }
  SERVICE wikibase:label { bd:serviceParam wikibase:language ""[AUTO_LANGUAGE],en"". }
}
ORDER BY ?date",False,0.0,
499,complex,List all artworks with titles that have a rhyming pattern.,"SELECT DISTINCT ?artwork ?artworkLabel WHERE {
  ?artwork wdt:P31/wdt:P279* wd:Q838948 .
  FILTER(REGEX(LCASE(STR(?artworkLabel)), ""\\b(\\w+)\\b.*\\b\\1\\b""))
  SERVICE wikibase:label { bd:serviceParam wikibase:language ""[AUTO_LANGUAGE],en"". }
}",True,1.0,
500,complex,List the names of film composers who have worked on more than 100 films.,"SELECT ?composer ?composerLabel (COUNT(DISTINCT ?film) AS ?filmCount) WHERE {
  ?film wdt:P31 wd:Q11424 ;
        wdt:P86 ?composer .
  ?composer wdt:P106 wd:Q36834 .
  SERVICE wikibase:label { bd:serviceParam wikibase:language ""[AUTO_LANGUAGE],en"". }
}
GROUP BY ?composer ?composerLabel
HAVING (COUNT(DISTINCT ?film) > 100)
ORDER BY DESC(?filmCount)",False,0.0,
501,complex,List the UK Parliament members with mythical ancestors.,"SELECT DISTINCT ?person ?personLabel ?ancestor ?ancestorLabel WHERE {
  ?person wdt:P39 ?position ;
          wdt:P1038 ?ancestor .
  ?position wdt:P279* wd:Q16707842 .
  ?ancestor wdt:P31/wdt:P279* wd:Q4271324 .
  SERVICE wikibase:label { bd:serviceParam wikibase:language ""[AUTO_LANGUAGE],en"". }
}",True,1.0,
502,complex,List the properties used to link preprints and articles.,"SELECT DISTINCT ?property ?propertyLabel WHERE {
  VALUES ?target { wd:Q580922 wd:Q13442814 }
  ?property a wikibase:Property ;
            wikibase:directClaim ?directClaim .
  ?item ?directClaim ?target .
  SERVICE wikibase:label { bd:serviceParam wikibase:language ""[AUTO_LANGUAGE],en"". }
}",True,0.0,
503,complex,List the top educational institutions attended by US senators.,"SELECT ?institution ?institutionLabel (COUNT(DISTINCT ?senator) AS ?senatorCount) WHERE {
  ?senator wdt:P39 wd:Q4416090 ;
           wdt:P27 wd:Q30 ;
           wdt:P69 ?institution .
  SERVICE wikibase:label { bd:serviceParam wikibase:language ""[AUTO_LANGUAGE],en"". }
}
GROUP BY ?institution ?institutionLabel
ORDER BY DESC(?senatorCount)",True,0.6942,
504,complex,List all authors of academic papers connected to Paul Erdos.,"SELECT DISTINCT ?author ?authorLabel WHERE {
  {
    ?paper wdt:P50 wd:Q173746 ;
           wdt:P50 ?author .
    FILTER(?author != wd:Q173746)
  }
  UNION
  {
    wd:Q173746 wdt:P50 ?paper .
    ?paper wdt:P50 ?author .
    FILTER(?author != wd:Q173746)
  }
  SERVICE wikibase:label { bd:serviceParam wikibase:language ""[AUTO_LANGUAGE],en"". }
}",True,0.0,
505,complex,List female dancers and choreographers with an English Wikipedia article but not a French one.,"SELECT DISTINCT ?person ?personLabel WHERE {
  ?person wdt:P31 wd:Q5 ;
          wdt:P21 wd:Q6581072 ;
          wdt:P106 ?occupation .
  VALUES ?occupation { wd:Q5716684 wd:Q2490358 }
  
  ?articleEn schema:about ?person ;
             schema:isPartOf <https://en.wikipedia.org/> .
  FILTER NOT EXISTS {
    ?articleFr schema:about ?person ;
               schema:isPartOf <https://fr.wikipedia.org/> .
  }
  
  SERVICE wikibase:label { bd:serviceParam wikibase:language ""en"". }
}",True,0.224,
506,complex,List the universities attended by UK ambassadors.,"SELECT DISTINCT ?person ?personLabel ?university ?universityLabel WHERE {
  ?person wdt:P39 wd:Q28665111;
          wdt:P69 ?university.
  SERVICE wikibase:label { bd:serviceParam wikibase:language ""[AUTO_LANGUAGE],en"". }
}",True,0.0,
507,complex,List all lighthouses in South America along with their coordinates.,"SELECT DISTINCT ?lighthouse ?lighthouseLabel ?coord WHERE {
  ?lighthouse wdt:P31/wdt:P279* wd:Q39715 ;
              wdt:P625 ?coord ;
              wdt:P17 ?country .
  ?country wdt:P30 wd:Q18 .
  SERVICE wikibase:label { bd:serviceParam wikibase:language ""[AUTO_LANGUAGE],en"". }
}",False,0.0,
508,complex,List languages with overlapping lexemes.,"SELECT DISTINCT ?language ?languageLabel WHERE {
  ?lexeme wdt:P31 wd:Q5185279 ;
          dct:language ?language ;
          wikibase:lemma ?lemma .
  ?otherLexeme wdt:P31 wd:Q5185279 ;
               dct:language ?otherLanguage ;
               wikibase:lemma ?lemma .
  FILTER(?lexeme != ?otherLexeme)
  FILTER(?language != ?otherLanguage)
  SERVICE wikibase:label { bd:serviceParam wikibase:language ""[AUTO_LANGUAGE],en"". }
}
ORDER BY ?languageLabel",True,0.0,
509,complex,List the main subjects of each episode in The West Wing TV series.,"SELECT DISTINCT ?episode ?episodeLabel ?subject ?subjectLabel WHERE {
  ?episode wdt:P31 wd:Q21191270 ;
           wdt:P179 wd:Q84947 ;
           wdt:P921 ?subject .
  SERVICE wikibase:label { bd:serviceParam wikibase:language ""[AUTO_LANGUAGE],en"". }
}
ORDER BY ?episodeLabel ?subjectLabel",True,0.0,
510,complex,"List all people with their birth and death years, along with their places of birth and death.","SELECT DISTINCT ?person ?personLabel ?birthDate ?deathDate ?birthPlace ?birthPlaceLabel ?deathPlace ?deathPlaceLabel WHERE {
  ?person wdt:P31 wd:Q5 ;
          wdt:P569 ?birthDate ;
          wdt:P570 ?deathDate ;
          wdt:P19 ?birthPlace ;
          wdt:P20 ?deathPlace .
  SERVICE wikibase:label { bd:serviceParam wikibase:language ""[AUTO_LANGUAGE],en"". }
}
ORDER BY ?personLabel",False,0.0,
511,complex,Show me a map of French municipalities with homonymous names connected by lines based on their distance.,"SELECT ?place1 ?place1Label ?coord1 ?place2 ?place2Label ?coord2 ?distance WHERE {
  {
    SELECT ?name (COUNT(?place) AS ?count) WHERE {
      ?place wdt:P31/wdt:P279* wd:Q484170 ;
             wdt:P17 wd:Q142 ;
             rdfs:label ?name .
      FILTER(LANG(?name) = ""fr"")
    }
    GROUP BY ?name
    HAVING(?count > 1)
  }
  ?place1 wdt:P31/wdt:P279* wd:Q484170 ;
          wdt:P17 wd:Q142 ;
          rdfs:label ?name ;
          wdt:P625 ?coord1 .
  FILTER(LANG(?name) = ""fr"")
  ?place2 wdt:P31/wdt:P279* wd:Q484170 ;
          wdt:P17 wd:Q142 ;
          rdfs:label ?name ;
          wdt:P625 ?coord2 .
  FILTER(LANG(?name) = ""fr"")
  FILTER(?place1 != ?place2)
  FILTER(STR(?place1) < STR(?place2))
  BIND(geof:distance(?coord1, ?coord2) AS ?distance)
  SERVICE wikibase:label { bd:serviceParam wikibase:language ""fr,en"". }
}
ORDER BY ?place1Label ?distance",False,0.0,
512,complex,Show me a map of places with their standard English and Welsh spellings.,"SELECT DISTINCT ?place ?placeLabel ?enName ?cyName ?coord WHERE {
  ?place wdt:P31/wdt:P279* wd:Q2221906 ;
         rdfs:label ?enName, ?cyName ;
         wdt:P625 ?coord .
  FILTER(LANG(?enName) = ""en"")
  FILTER(LANG(?cyName) = ""cy"")
  SERVICE wikibase:label { bd:serviceParam wikibase:language ""en,cy,[AUTO_LANGUAGE]"". }
}",False,0.0,
513,complex,What are the most common properties used in maps?,"SELECT ?property ?propertyLabel (COUNT(?item) AS ?count) WHERE {
  ?item ?p ?value .
  ?property wikibase:directClaim ?p .
  ?property wdt:P31 wd:Q18616576 .
  OPTIONAL { ?item wdt:P31 ?type . }
  SERVICE wikibase:label { bd:serviceParam wikibase:language ""[AUTO_LANGUAGE],en"". }
}
GROUP BY ?property ?propertyLabel
ORDER BY DESC(?count)",False,0.0,
514,complex,Find museums within a 20-kilometer radius from your current location.,"SELECT ?museum ?museumLabel ?location ?distance WHERE {
  SERVICE wikibase:around {
    ?museum wdt:P625 ?location .
    bd:serviceParam wikibase:center ""Point(0 0)""^^geo:wktLiteral .
    bd:serviceParam wikibase:radius ""20"" .
    bd:serviceParam wikibase:distance ?distance .
  }
  ?museum wdt:P31/wdt:P279* wd:Q33506 .
  SERVICE wikibase:label { bd:serviceParam wikibase:language ""[AUTO_LANGUAGE],en"". }
}
ORDER BY ?distance",True,1.0,
515,complex,Find people from Uppsala University with missing images in Wikidata.,"SELECT DISTINCT ?person ?personLabel WHERE {
  ?person wdt:P31 wd:Q5 ;
          wdt:P108 wd:Q37165 .
  FILTER(NOT EXISTS { ?person wdt:P18 ?image })
  SERVICE wikibase:label { bd:serviceParam wikibase:language ""[AUTO_LANGUAGE],en"". }
}",True,1.0,
516,complex,What places are near the coordinates 48.87 latitude and 2.29 longitude?,"SELECT ?place ?placeLabel ?location WHERE {
  SERVICE wikibase:around {
    ?place wdt:P625 ?location .
    bd:serviceParam wikibase:center ""Point(2.29 48.87)""^^geo:wktLiteral .
    bd:serviceParam wikibase:radius ""10"" .
    bd:serviceParam wikibase:distance ?distance .
  }
  SERVICE wikibase:label { bd:serviceParam wikibase:language ""[AUTO_LANGUAGE],en"". }
}
ORDER BY ?distance",False,0.0,
517,complex,What languages are spoken in France?,"SELECT DISTINCT ?language ?languageLabel WHERE {
  wd:Q142 wdt:P37 ?language .
  SERVICE wikibase:label { bd:serviceParam wikibase:language ""[AUTO_LANGUAGE],en"". }
}",True,0.1,
518,complex,Find hillforts with design plans in the UK and show their locations on a map.,"SELECT DISTINCT ?hillfort ?hillfortLabel ?location ?image WHERE {
  ?hillfort wdt:P31/wdt:P279* wd:Q1016596 ;
            wdt:P17 wd:Q145 ;
            wdt:P625 ?location ;
            wdt:P2871 ?plan .
  OPTIONAL { ?hillfort wdt:P18 ?image . }
  SERVICE wikibase:label { bd:serviceParam wikibase:language ""[AUTO_LANGUAGE],en"". }
}",True,0.0,
519,complex,List countries with the most citizens whose first name starts with X or Q.,"SELECT ?country ?countryLabel (COUNT(DISTINCT ?person) AS ?citizenCount) WHERE {
  ?person wdt:P31 wd:Q5 ;
          wdt:P27 ?country ;
          wdt:P735 ?givenName .
  ?givenName rdfs:label ?nameLabel .
  FILTER(LANG(?nameLabel) = ""en"")
  FILTER(REGEX(?nameLabel, ""^(X|Q)"", ""i""))
  SERVICE wikibase:label { bd:serviceParam wikibase:language ""[AUTO_LANGUAGE],en"". }
}
GROUP BY ?country ?countryLabel
ORDER BY DESC(?citizenCount)",False,0.0,
520,complex,List all women born in the United Kingdom.,"SELECT DISTINCT ?person ?personLabel ?birthPlace ?birthPlaceLabel ?birthDate WHERE {
  ?person wdt:P31 wd:Q5 ;
          wdt:P21 wd:Q6581072 ;
          wdt:P19 ?birthPlace .
  ?birthPlace wdt:P17 wd:Q145 .
  OPTIONAL { ?person wdt:P569 ?birthDate . }
  SERVICE wikibase:label { bd:serviceParam wikibase:language ""[AUTO_LANGUAGE],en"". }
}",True,0.0,
521,complex,"Show me a map of medical facilities in Murshidabad district, India, with different colors for each type.","SELECT DISTINCT ?facility ?facilityLabel ?location ?type ?typeLabel WHERE {
  ?facility wdt:P31 ?type ;
            wdt:P131* wd:Q1952 ;
            wdt:P625 ?location .
  VALUES ?type {
    wd:Q16917
    wd:Q1059324
    wd:Q875538
    wd:Q4287745
    wd:Q2590631
    wd:Q40357
    wd:Q64578911
  }
  SERVICE wikibase:label { bd:serviceParam wikibase:language ""[AUTO_LANGUAGE],en"". }
}",True,0.0,
522,complex,List the graves of famous people in Pere Lachaise Cemetery who died between 1800 and 1849.,"SELECT DISTINCT ?person ?personLabel ?grave ?graveLabel ?deathDate ?image WHERE {
  ?person wdt:P31 wd:Q5 ;
          wdt:P119 wd:Q311 ;
          wdt:P570 ?deathDate .
  FILTER(?deathDate >= ""1800-01-01T00:00:00Z""^^xsd:dateTime && ?deathDate < ""1850-01-01T00:00:00Z""^^xsd:dateTime)
  OPTIONAL { ?person wdt:P1442 ?grave . }
  OPTIONAL { ?person wdt:P18 ?image . }
  SERVICE wikibase:label { bd:serviceParam wikibase:language ""[AUTO_LANGUAGE],en"". }
}
ORDER BY ?deathDate",True,0.066,
523,complex,List all Italian politicians between 50 and 80 years old who have held ministerial positions.,"SELECT DISTINCT ?person ?personLabel ?birthDate ?age WHERE {
  ?person wdt:P31 wd:Q5 ;
          wdt:P27 wd:Q38 ;
          wdt:P106 wd:Q82955 ;
          wdt:P569 ?birthDate ;
          p:P39 ?statement .
  ?statement ps:P39 ?position .
  ?position wdt:P279* wd:Q83307 .

  BIND(YEAR(NOW()) - YEAR(?birthDate) - IF((MONTH(NOW()) < MONTH(?birthDate)) || ((MONTH(NOW()) = MONTH(?birthDate)) && (DAY(NOW()) < DAY(?birthDate))), 1, 0) AS ?age)

  FILTER(?age >= 50 && ?age <= 80)

  SERVICE wikibase:label { bd:serviceParam wikibase:language ""[AUTO_LANGUAGE],en"". }
}
ORDER BY ?personLabel",True,0.2578,
524,complex,List all U.S. Presidents in chronological order.,"SELECT DISTINCT ?president ?presidentLabel ?start WHERE {
  ?president p:P39 ?statement .
  ?statement ps:P39 wd:Q11696 ;
             pq:P580 ?start .
  ?president wdt:P31 wd:Q5 .
  SERVICE wikibase:label { bd:serviceParam wikibase:language ""[AUTO_LANGUAGE],en"". }
}
ORDER BY ?start",True,0.2387,
525,complex,Show me the images related to Jean Fusoris and his astrolabe.,"SELECT DISTINCT ?item ?itemLabel ?image WHERE {
  VALUES ?item { wd:Q3178394 wd:Q61851785 }
  OPTIONAL { ?item wdt:P18 ?image . }
  SERVICE wikibase:label { bd:serviceParam wikibase:language ""[AUTO_LANGUAGE],en"". }
}",True,0.0,
526,complex,List the number of men and women who have received art prizes.,"SELECT ?gender ?genderLabel (COUNT(DISTINCT ?person) AS ?count) WHERE {
  ?person wdt:P21 ?gender ;
          wdt:P166 ?award .
  ?award wdt:P31/wdt:P279* wd:Q11448906 .
  FILTER(?gender IN (wd:Q6581097, wd:Q6581072))
  SERVICE wikibase:label { bd:serviceParam wikibase:language ""[AUTO_LANGUAGE],en"". }
}
GROUP BY ?gender ?genderLabel
ORDER BY ?genderLabel",False,0.0,
527,complex,Show me a map of Wales with the percentage of Welsh speakers in each region.,"SELECT DISTINCT ?region ?regionLabel ?coord ?percent WHERE {
  ?region wdt:P31/wdt:P279* wd:Q82794 ;
          wdt:P625 ?coord ;
          p:P1098 ?popStatement .
  ?popStatement ps:P1098 ?population ;
                pq:P518 wd:Q9256 ;
                pq:P585 ?date .
  ?region p:P1198 ?speakerStatement .
  ?speakerStatement ps:P1198 ?percent ;
                    pq:P585 ?date .
  FILTER(?percent >= 0)
  SERVICE wikibase:label { bd:serviceParam wikibase:language ""[AUTO_LANGUAGE],en"". }
}
ORDER BY ?regionLabel",True,0.0,
528,complex,List languages by their geographical usage.,"SELECT DISTINCT ?language ?languageLabel ?region ?regionLabel WHERE {
  ?language wdt:P31 wd:Q34770;
            wdt:P17 ?region.
  SERVICE wikibase:label { bd:serviceParam wikibase:language ""[AUTO_LANGUAGE],en"". }
}
ORDER BY ?languageLabel ?regionLabel",True,0.0107,
529,complex,List all street names in Berlin that have multiple occurrences.,"SELECT ?streetName (COUNT(?street) AS ?occurrences) WHERE {
  ?street wdt:P31/wdt:P279* wd:Q79007 ;
          wdt:P17 wd:Q183 ;
          wdt:P131* wd:Q64 ;
          rdfs:label ?streetName .
  FILTER(LANG(?streetName) = ""de"")
}
GROUP BY ?streetName
HAVING (COUNT(?street) > 1)
ORDER BY DESC(?occurrences) ?streetName",False,0.0,
530,complex,List all famous people born in January of a leap year.,"SELECT DISTINCT ?person ?personLabel ?birthDate ?image WHERE {
  ?person wdt:P31 wd:Q5 ;
          wdt:P569 ?birthDate .
  FILTER(MONTH(?birthDate) = 1)
  FILTER(
    ((YEAR(?birthDate) % 4 = 0) && (YEAR(?birthDate) % 100 != 0)) ||
    (YEAR(?birthDate) % 400 = 0)
  )
  OPTIONAL { ?person wdt:P18 ?image . }
  SERVICE wikibase:label { bd:serviceParam wikibase:language ""[AUTO_LANGUAGE],en"". }
}
ORDER BY ?birthDate",False,0.0,
531,complex,List authors affiliated with Coventry University who need items.,"SELECT DISTINCT ?author ?authorLabel WHERE {
  ?author wdt:P106 wd:Q482980 ;
          wdt:P1416 wd:Q1142924 ;
          wdt:P31 wd:Q5 .
  FILTER NOT EXISTS { ?author wdt:P31 wd:Q5; wdt:P21 ?gender. }
  SERVICE wikibase:label { bd:serviceParam wikibase:language ""[AUTO_LANGUAGE],en"". }
}",True,0.0,
532,complex,List the Danish monarchs along with their places and dates of death.,"SELECT DISTINCT ?monarch ?monarchLabel ?placeOfDeath ?placeOfDeathLabel ?dateOfDeath WHERE {
  ?monarch wdt:P31 wd:Q5 ;
           wdt:P39 wd:Q2085731 ;
           wdt:P570 ?dateOfDeath ;
           wdt:P20 ?placeOfDeath .
  SERVICE wikibase:label { bd:serviceParam wikibase:language ""[AUTO_LANGUAGE],en"". }
}
ORDER BY ?dateOfDeath",True,0.0,
533,complex,What is the most specific taxonomic group that includes both Alocasia cuprea and Codiaeum variegatum?,"SELECT ?taxon ?taxonLabel WHERE {
  VALUES ?species { wd:Q15525185 wd:Q1735170 }
  ?species wdt:P171* ?taxon .
  FILTER NOT EXISTS {
    VALUES ?species2 { wd:Q15525185 wd:Q1735170 }
    FILTER(?species2 != ?species)
    ?species2 wdt:P171* ?taxon .
  }
  FILTER NOT EXISTS {
    ?species wdt:P171* ?moreSpecific .
    ?moreSpecific wdt:P171+ ?taxon .
    FILTER NOT EXISTS {
      VALUES ?species3 { wd:Q15525185 wd:Q1735170 }
      ?species3 wdt:P171* ?moreSpecific .
    }
  }
  SERVICE wikibase:label { bd:serviceParam wikibase:language ""[AUTO_LANGUAGE],en"". }
} LIMIT 1",False,0.0,
534,complex,Find the Wikipathways pathway with ID WP28 and list its parts.,"SELECT ?pathway ?pathwayLabel ?part ?partLabel WHERE {
  ?pathway wdt:P2410 ""WP28"" .
  OPTIONAL { ?pathway wdt:P527 ?part . }
  SERVICE wikibase:label { bd:serviceParam wikibase:language ""[AUTO_LANGUAGE],en"". }
}",True,0.0,
535,complex,List Rabindranath Tagore's poems written each month.,"SELECT DISTINCT ?poem ?poemLabel ?date ?month WHERE {
  ?poem wdt:P50 wd:Q7245 ;
        wdt:P31/wdt:P279* wd:Q5185279 ;
        wdt:P577 ?date .
  BIND(MONTH(?date) AS ?month)
  SERVICE wikibase:label { bd:serviceParam wikibase:language ""[AUTO_LANGUAGE],en"". }
}
ORDER BY ?month ?date ?poemLabel",True,1.0,
536,complex,Show me a map of restaurants in Switzerland that have received Michelin stars.,"SELECT DISTINCT ?restaurant ?restaurantLabel ?coord WHERE {
  ?restaurant wdt:P31/wdt:P279* wd:Q11707 ;
              wdt:P131* wd:Q39 ;
              wdt:P166 wd:Q1000184 ;
              wdt:P625 ?coord .
  SERVICE wikibase:label { bd:serviceParam wikibase:language ""[AUTO_LANGUAGE],en"". }
}",True,0.0,
537,complex,List the birthplaces of famous economists.,"SELECT DISTINCT ?person ?personLabel ?birthplace ?birthplaceLabel WHERE {
  ?person wdt:P106 wd:Q188094 ;
          wdt:P31 wd:Q5 ;
          wdt:P19 ?birthplace .
  SERVICE wikibase:label { bd:serviceParam wikibase:language ""[AUTO_LANGUAGE],en"". }
}",True,0.0,
538,complex,List famous individuals who passed away between 1969 and 1970.,"SELECT DISTINCT ?person ?personLabel ?deathDate ?image WHERE {
  ?person wdt:P31 wd:Q5 ;
          wdt:P570 ?deathDate .
  FILTER(?deathDate >= ""1969-01-01T00:00:00Z""^^xsd:dateTime && ?deathDate < ""1971-01-01T00:00:00Z""^^xsd:dateTime)
  OPTIONAL { ?person wdt:P18 ?image . }
  SERVICE wikibase:label { bd:serviceParam wikibase:language ""[AUTO_LANGUAGE],en"". }
}
ORDER BY ?deathDate",False,0.0,
539,complex,List the longest-serving heads of government in France.,"SELECT ?person ?personLabel ?start ?end ?duration WHERE {
  {
    SELECT ?person ?start ?end ((?endOrNow - ?start) AS ?duration) WHERE {
      ?person p:P6 ?statement .
      ?statement ps:P6 ?office ;
                 pq:P17 wd:Q142 ;
                 pq:P580 ?start .
      FILTER(?office = wd:Q14211)
      OPTIONAL { ?statement pq:P582 ?end . }
      BIND(COALESCE(?end, NOW()) AS ?endOrNow)
    }
    ORDER BY DESC(?duration)
    LIMIT 10
  }
  SERVICE wikibase:label { bd:serviceParam wikibase:language ""[AUTO_LANGUAGE],en"". }
}
ORDER BY DESC(?duration)",True,0.0,
540,complex,Show me the tramway routes in France on a map.,"SELECT DISTINCT ?route ?routeLabel ?coord WHERE {
  ?route wdt:P31/wdt:P279* wd:Q728937 ;
         wdt:P17 wd:Q142 ;
         wdt:P625 ?coord .
  SERVICE wikibase:label { bd:serviceParam wikibase:language ""[AUTO_LANGUAGE],en"". }
}",True,0.0,
541,complex,What are the most popular chess openings based on their site links?,"SELECT ?opening ?openingLabel ?sitelinks WHERE {
  ?opening wdt:P31/wdt:P279* wd:Q8476;
           wikibase:sitelinks ?sitelinks.
  SERVICE wikibase:label { bd:serviceParam wikibase:language ""[AUTO_LANGUAGE],en"". }
}
ORDER BY DESC(?sitelinks)",True,0.0,
542,complex,List the most famous paintings from each country.,"SELECT DISTINCT ?country ?countryLabel ?painting ?paintingLabel ?image WHERE {
  ?painting wdt:P31 wd:Q3305213 ;
            wdt:P495 ?country .
  OPTIONAL { ?painting wdt:P18 ?image . }
  SERVICE wikibase:label { bd:serviceParam wikibase:language ""[AUTO_LANGUAGE],en"". }
}
ORDER BY ?countryLabel ?paintingLabel",False,0.0,
543,complex,List South African women who have Wikipedia pages but not Wikiquote pages.,"SELECT DISTINCT ?person ?personLabel WHERE {
  ?person wdt:P31 wd:Q5 ;
          wdt:P21 wd:Q6581072 ;
          wdt:P27 wd:Q258 ;
          schema:about ?article ;
          schema:isPartOf <https://en.wikipedia.org/> .
  FILTER NOT EXISTS {
    ?quoteArticle schema:about ?person ;
                  schema:isPartOf <https://en.wikiquote.org/> .
  }
  SERVICE wikibase:label { bd:serviceParam wikibase:language ""[AUTO_LANGUAGE],en"". }
}",True,0.0,
544,complex,Find public spaces with table tennis tables near my current location.,"SELECT DISTINCT ?place ?placeLabel ?location ?distance WHERE {
  SERVICE wikibase:around {
    ?place wdt:P625 ?location .
    bd:serviceParam wikibase:center ""Point(<LONGITUDE> <LATITUDE>)""^^geo:wktLiteral .
    bd:serviceParam wikibase:radius ""10"" .
    bd:serviceParam wikibase:distance ?distance .
  }
  ?place wdt:P31/wdt:P279* wd:Q1496967 ;
         wdt:P527 ?facility .
  ?facility wdt:P31/wdt:P279* wd:Q1869059 .
  SERVICE wikibase:label { bd:serviceParam wikibase:language ""[AUTO_LANGUAGE],en"". }
}
ORDER BY ?distance",False,0.0,
545,complex,Find movies with video links on YouTube.,"SELECT DISTINCT ?movie ?movieLabel ?youtube WHERE {
  ?movie wdt:P31 wd:Q11424 ;
         wdt:P1651 ?youtube .
  FILTER(CONTAINS(LCASE(STR(?youtube)), ""youtube""))
  SERVICE wikibase:label { bd:serviceParam wikibase:language ""[AUTO_LANGUAGE],en"". }
}",True,0.0,
546,complex,What are the top 100 most translated concepts in the Lexeme namespace?,"SELECT ?lexeme ?lexemeLabel (COUNT(DISTINCT ?translation) AS ?translationCount) WHERE {
  ?lexeme wikibase:lexicalCategory ?category .
  ?sense ontolex:sense ?translation .
  ?translation wdt:P5972 ?lexeme .
  SERVICE wikibase:label { bd:serviceParam wikibase:language ""[AUTO_LANGUAGE],en"". }
}
GROUP BY ?lexeme ?lexemeLabel
ORDER BY DESC(?translationCount)
LIMIT 100",True,0.0,
547,complex,List the moons of planets in our solar system and their namesakes.,"SELECT DISTINCT ?moon ?moonLabel ?planet ?planetLabel ?namesake ?namesakeLabel WHERE {
  ?moon wdt:P31 wd:Q2537 ;
        wdt:P398 ?planet .
  ?planet wdt:P31 wd:Q634 .
  OPTIONAL { ?moon wdt:P138 ?namesake . }
  SERVICE wikibase:label { bd:serviceParam wikibase:language ""[AUTO_LANGUAGE],en"". }
}
ORDER BY ?planetLabel ?moonLabel",True,0.0,
548,complex,List monuments named after a person without any other connection.,"SELECT DISTINCT ?monument ?monumentLabel ?person ?personLabel WHERE {
  ?monument wdt:P31/wdt:P279* wd:Q4989906 ;
            wdt:P138 ?person .
  ?person wdt:P31 wd:Q5 .
  FILTER NOT EXISTS { ?monument ?p ?person . FILTER(?p != wdt:P138) }
  FILTER NOT EXISTS { ?person ?p2 ?monument }
  SERVICE wikibase:label { bd:serviceParam wikibase:language ""[AUTO_LANGUAGE],en"". }
}",False,0.0,
549,complex,What languages are spoken in the Netherlands?,"SELECT DISTINCT ?language ?languageLabel WHERE {
  wd:Q55 wdt:P37 ?language .
  SERVICE wikibase:label { bd:serviceParam wikibase:language ""[AUTO_LANGUAGE],en"". }
}",True,0.0,
550,complex,List all parties that had members elected in the February 1974 UK general election.,"SELECT DISTINCT ?party ?partyLabel WHERE {
  ?election wdt:P31 wd:Q40231 ;
            rdfs:label ""February 1974 United Kingdom general election""@en .
  ?member p:P39 ?statement .
  ?statement ps:P39 wd:Q16707842 ;
             pq:P2715 ?election .
  ?member wdt:P102 ?party .
  SERVICE wikibase:label { bd:serviceParam wikibase:language ""[AUTO_LANGUAGE],en"". }
}
ORDER BY ?partyLabel",True,0.0,
551,complex,What is the latest Twitter follower count for different programming languages?,"SELECT DISTINCT ?language ?languageLabel ?followers WHERE {
  ?language wdt:P31 wd:Q9143;
            p:P8687 ?statement.
  ?statement ps:P8687 ?followers.
  FILTER NOT EXISTS { ?statement pq:P585 ?date1 . ?statement2 ps:P8687 ?followers2; pq:P585 ?date2 . FILTER(?date2 > ?date1) }
  SERVICE wikibase:label { bd:serviceParam wikibase:language ""[AUTO_LANGUAGE],en"". }
}
ORDER BY DESC(?followers)",False,0.0,
552,complex,List all languages with their corresponding unique language codes used in lemmas.,"SELECT DISTINCT ?language ?languageLabel ?code WHERE {
  ?language wdt:P31 wd:Q34770 ;
            wdt:P218 ?code .
  SERVICE wikibase:label { bd:serviceParam wikibase:language ""[AUTO_LANGUAGE],en"". }
}
ORDER BY ?languageLabel",True,0.0284,
553,complex,What types of items are exhibited at the Ashmolean Museum?,"SELECT DISTINCT ?type ?typeLabel WHERE {
  ?item wdt:P195 wd:Q636400 .
  ?item wdt:P31 ?type .
  SERVICE wikibase:label { bd:serviceParam wikibase:language ""[AUTO_LANGUAGE],en"". }
}
ORDER BY ?typeLabel",True,0.4688,
554,complex,Show me a chart of astrolabes' diameters over time.,"SELECT ?astrolabe ?astrolabeLabel ?date ?diameter WHERE {
  ?astrolabe wdt:P31/wdt:P279* wd:Q4165197 ;
             wdt:P2043 ?diameter .
  OPTIONAL { ?astrolabe wdt:P571 ?date . }
  SERVICE wikibase:label { bd:serviceParam wikibase:language ""[AUTO_LANGUAGE],en"". }
}
ORDER BY ?date",True,0.0,
555,complex,How many alphabets use a specific letter?,"SELECT ?letter ?letterLabel (COUNT(DISTINCT ?alphabet) AS ?alphabetCount) WHERE {
  ?alphabet wdt:P282 ?letter .
  SERVICE wikibase:label { bd:serviceParam wikibase:language ""[AUTO_LANGUAGE],en"". }
}
GROUP BY ?letter ?letterLabel
ORDER BY DESC(?alphabetCount)",False,0.0,
556,complex,List the modern-day descendants of the Achaemenid dynasty.,"SELECT DISTINCT ?person ?personLabel ?birth ?death ?image WHERE {
  ?person wdt:P31 wd:Q5 ;
          wdt:P53 wd:Q239440 .
  OPTIONAL { ?person wdt:P569 ?birth . }
  OPTIONAL { ?person wdt:P570 ?death . }
  OPTIONAL { ?person wdt:P18 ?image . }
  SERVICE wikibase:label { bd:serviceParam wikibase:language ""[AUTO_LANGUAGE],en"". }
}",True,0.0,
557,complex,What are the most common first names of current French members of Parliament?,"SELECT ?firstName ?firstNameLabel (COUNT(DISTINCT ?person) AS ?count) WHERE {
  ?person wdt:P31 wd:Q5 ;
          wdt:P39 wd:Q3044918 ;
          wdt:P27 wd:Q142 ;
          wdt:P735 ?firstName .
  FILTER NOT EXISTS { ?person p:P39 ?statement .
                      ?statement ps:P39 wd:Q3044918 ;
                                 pq:P582 ?endDate . }
  SERVICE wikibase:label { bd:serviceParam wikibase:language ""[AUTO_LANGUAGE],en,fr"". }
}
GROUP BY ?firstName ?firstNameLabel
ORDER BY DESC(?count)",False,0.0,
558,complex,"List all works written by Voltaire, including their publication dates.","SELECT ?work ?workLabel ?publicationDate WHERE {
  ?work wdt:P50 wd:Q43416 .
  OPTIONAL { ?work wdt:P577 ?publicationDate . }
  SERVICE wikibase:label { bd:serviceParam wikibase:language ""[AUTO_LANGUAGE],en"". }
}
ORDER BY ?publicationDate ?workLabel",True,0.0,
559,complex,What are the key dates in Honoré de Balzac's life?,"SELECT DISTINCT ?date ?eventLabel WHERE {
  VALUES ?person { wd:Q9711 }
  {
    ?person wdt:P569 ?date .
    BIND(""date of birth""@en AS ?eventLabel)
  }
  UNION
  {
    ?person wdt:P570 ?date .
    BIND(""date of death""@en AS ?eventLabel)
  }
  UNION
  {
    ?person wdt:P119 ?placeOfBurial .
    ?person p:P119 ?burialStatement .
    ?burialStatement ps:P119 ?placeOfBurial ;
                     pq:P585 ?date .
    BIND(""burial date""@en AS ?eventLabel)
  }
}
ORDER BY ?date",True,0.0513,
560,complex,What are the properties associated with file formats?,"SELECT DISTINCT ?property ?propertyLabel WHERE {
  ?format wdt:P31 wd:Q235557;
          ?p ?value .
  ?property wikibase:directClaim ?p .
  SERVICE wikibase:label { bd:serviceParam wikibase:language ""[AUTO_LANGUAGE],en"". }
}
ORDER BY ?propertyLabel",False,0.0,
561,complex,List the top 10 Wikipedia language editions with the most articles about films.,"SELECT ?languageEdition ?languageEditionLabel (COUNT(?article) AS ?articleCount) WHERE {
  ?article schema:about ?film ;
           schema:isPartOf ?languageEdition .
  ?film wdt:P31 wd:Q11424 .
  FILTER(CONTAINS(STR(?languageEdition), "".wikipedia.org""))
  SERVICE wikibase:label { bd:serviceParam wikibase:language ""[AUTO_LANGUAGE],en"". }
}
GROUP BY ?languageEdition ?languageEditionLabel
ORDER BY DESC(?articleCount)
LIMIT 10",False,0.0,
562,complex,What topics on English Wikipedia link to the University of Virginia?,"SELECT DISTINCT ?topic ?topicLabel WHERE {
  ?article schema:about ?topic ;
           schema:isPartOf <https://en.wikipedia.org/> ;
           schema:about ?topic ;
           schema:mentions wd:Q137832 .
  SERVICE wikibase:label { bd:serviceParam wikibase:language ""[AUTO_LANGUAGE],en"". }
}",True,0.0,
563,complex,"List all German cities with a population of more than 50,000.","SELECT DISTINCT ?city ?cityLabel ?population WHERE {
  ?city wdt:P31/wdt:P279* wd:Q515 ;
        wdt:P17 wd:Q183 ;
        wdt:P1082 ?population .
  FILTER(?population > 50000)
  SERVICE wikibase:label { bd:serviceParam wikibase:language ""[AUTO_LANGUAGE],en"". }
}
ORDER BY DESC(?population)",True,0.4833,
564,complex,"List countries with their ISO codes, flag features, and fertility rates.","SELECT DISTINCT ?country ?countryLabel ?isoCode ?flag ?fertilityRate WHERE {
  ?country wdt:P31 wd:Q6256 .
  OPTIONAL { ?country wdt:P297 ?isoCode . }
  OPTIONAL { ?country wdt:P41 ?flag . }
  OPTIONAL { ?country wdt:P4841 ?fertilityRate . }
  SERVICE wikibase:label { bd:serviceParam wikibase:language ""[AUTO_LANGUAGE],en"". }
}
ORDER BY ?countryLabel",True,0.0,
565,complex,List the types of literary works with their counts.,"SELECT ?type ?typeLabel (COUNT(?work) AS ?count) WHERE {
  ?work wdt:P31 ?type .
  ?type wdt:P279* wd:Q7725634 .
  SERVICE wikibase:label { bd:serviceParam wikibase:language ""[AUTO_LANGUAGE],en"". }
}
GROUP BY ?type ?typeLabel
ORDER BY DESC(?count)",False,0.0,
566,complex,List the places of birth for Nobel Prize winners grouped by decade.,"SELECT ?decade ?placeOfBirth ?placeOfBirthLabel (COUNT(DISTINCT ?person) AS ?winnerCount) WHERE {
  ?person wdt:P31 wd:Q5 ;
          wdt:P166 ?nobelPrize ;
          wdt:P569 ?birthDate ;
          wdt:P19 ?placeOfBirth .
  ?nobelPrize wdt:P31 wd:Q7191 .
  BIND(YEAR(?birthDate) AS ?year)
  BIND(CONCAT(STR(FLOOR(?year / 10) * 10), ""s"") AS ?decade)
  SERVICE wikibase:label { bd:serviceParam wikibase:language ""[AUTO_LANGUAGE],en"". }
}
GROUP BY ?decade ?placeOfBirth ?placeOfBirthLabel
ORDER BY ?decade DESC(?winnerCount)",True,0.0,
